method_id,method,dataset_id,pair_key,PSNR,SSIM_Gaussian11,LPIPS,DISTS,input_sha256,gt_sha256,output_sha256,checkpoint_sha256,source_status,evidence_status
M01,DCP,D04,1,10.836189247489607,0.6469894974872389,0.2967168390750885,0.14163708686828613,3C0D534654C7A4365A783B3C11FF6659728B8A26A0F7E3F47ECAC37018CEF9A5,2EDBB4125D4247BEE1342B2C65FA0B5D03FAB855BD24B00CFAA7A3A74F1076C7,B6CC313D26E0367899E1465663180D6AEA5F46ED096017B75FF0B63F7EFBD5E6,,PASS,DCP_UNIT_CORRECTED_SUPPLEMENT_NOT_STRICT_FINAL
M01,DCP,D04,2,13.42926496389202,0.7579554158919478,0.26838546991348267,0.1105501651763916,83ACE0385ABAAEB78FF8646BA8C0431B42C1F1E9824382A8B29E86CED190C10C,B051CF55CA912DB2DEFDD68017A476C8F9DAF25E3981B2E4F855DAF6025DE403,BB7B9FEA371F0782623C9AB27FD1EB8EC3CD25E92092B5B39D38DC3BC1E4AAE3,,PASS,DCP_UNIT_CORRECTED_SUPPLEMENT_NOT_STRICT_FINAL
M01,DCP,D04,3,13.398192416716665,0.6040302700016738,0.34732210636138916,0.25662410259246826,7EF116779779E7182354FA2428EDEFDFDBEF1CF7E767FFDB4ABCEBE5A26048EE,B6F7D05A209EDD9D0793F97EA607B9C6EE002C6C4B280B615F08C7D1CBB8E367,E89CDC88EEBF32B4CBDB2A7F6260F7391FA8807CAAD8988339B47E84B1F44314,,PASS,DCP_UNIT_CORRECTED_SUPPLEMENT_NOT_STRICT_FINAL
M01,DCP,D04,4,14.236290474485012,0.6262306080578385,0.41871824860572815,0.2578061819076538,CC7A0ACD6AB58D7E211B155F5F31948B25CBFD1164F9AB19AEF5B3696A134446,D504F0C3AF6CD202E5FE35A7345B0CDC80502BE8E14214D8BE98644E3088B385,BB86658C2E09974A92A4CC7F7248D56DF2D9C2C5701C1CF74D042144A41084D4,,PASS,DCP_UNIT_CORRECTED_SUPPLEMENT_NOT_STRICT_FINAL
M01,DCP,D04,5,11.781067624557068,0.5695133343322224,0.28886812925338745,0.1408320665359497,69D75429BD63BDEAD8FC8391B02E51F23668508335060122D005C8A3911B0A81,69A65B307D4138E1B5F96FD220D9F1B31590AC6D5E290C8795988D4BC715EF97,E4187E93855ECF42397E2D8E195009C856A3AF12B4D3E00D96DA7CE7D14C57F8,,PASS,DCP_UNIT_CORRECTED_SUPPLEMENT_NOT_STRICT_FINAL
M01,DCP,D04,6,11.92869694739042,0.5004840791566895,0.45274174213409424,0.2227320671081543,369A9A7C7774DDC377084A7574F799872C847F35343EFAEBBB03BE17D2290BF7,7E091171C393BB46508BB725BFD30B1BF6FCD51A1A8FA591CE3DAD1233794C61,F4210E5FF10B08055426988B01AB1A6E4D0922457D2809D5B764897987F15B9E,,PASS,DCP_UNIT_CORRECTED_SUPPLEMENT_NOT_STRICT_FINAL
M01,DCP,D04,7,11.43213303844599,0.6478255074068874,0.43660587072372437,0.20388931035995483,21185097E3161D618C0AB213C8755B6502C750A759B5ECB3EFB9F51CF9E978B4,F8C284D1AF8EEADD80B4940577AA7B3A3AD9BB3E189B5B6BBF293E9595204C30,5D0E453F3AAD5A975F462DC9AD2A0F263A85BA3E26D22C4A35D8206DC4939C7B,,PASS,DCP_UNIT_CORRECTED_SUPPLEMENT_NOT_STRICT_FINAL
M01,DCP,D04,8,9.89823040741054,0.6259601850945389,0.35789909958839417,0.18014657497406006,05A6B22C5C127DE881D22D83B43BD43F91A574C38BADE064ACEA9DB34EB44E99,B5E686FC6B20002BF82549EEC3FFF547E8AC27923DED754F062856C325333A8E,EDCBB89CA4B27F98FAA9396FB28FADF634C1D0ED5A29642B4541FCD0D96E850B,,PASS,DCP_UNIT_CORRECTED_SUPPLEMENT_NOT_STRICT_FINAL
M01,DCP,D04,9,13.1912539034432,0.6902647721349782,0.23408856987953186,0.10722196102142334,718DE8A6C7D21A51C15C11097E571B3E4F0930279C690822FE98D0D95993A651,C4B2609121116B2C8C654C5E5E80D25BD588EC9CBFCD04B9013B57B8145EBFAB,9A6AC3A096FA3372E13CA7BD0A919A1F43EEB5DA7B4DA58B2488DA702F6590CC,,PASS,DCP_UNIT_CORRECTED_SUPPLEMENT_NOT_STRICT_FINAL
M01,DCP,D04,10,11.140815839688393,0.6149668695370827,0.32354414463043213,0.1692923903465271,34D9A2C5323D2FC655B846B6EF110D8A823A4F60CB617990ADE76D9DFBA418D8,5CA247E0447645686F13A31E3FE129CCE1E3A4BD8CDF731993132DC2594D58D7,ED227577210088AFF0EBDF34A34BC075450057CFBD940E21C10D0DD4DD0D7E8D,,PASS,DCP_UNIT_CORRECTED_SUPPLEMENT_NOT_STRICT_FINAL
M01,DCP,D04,11,16.644497872721814,0.7847344830211855,0.20338323712348938,0.11000943183898926,5F54EB6EF0E843EB589BD7597C5990F010AFD78D6F850B0C831A380AD4897B5E,B7569C5C5A38F7B57AEE79603DCBE4C5FEF3AAABBDE31B67D12DA65C66963B9D,1664288D3D0719AC1457DFE12245532A06847A8D3A1DAE5417CDB9229D3C81FE,,PASS,DCP_UNIT_CORRECTED_SUPPLEMENT_NOT_STRICT_FINAL
M01,DCP,D04,12,13.624806325407025,0.6914766690973457,0.31372660398483276,0.14514541625976562,6CF81158987FED6BB4BFDC4DBECEDE31245E6A33DD1D67BE95824F24578B5D7F,3BFF920AF4640D93B95BC805614BD7BD38924B30CCCA62C797F7BD79F4A973B7,8D4A156F09D54012BCA174A21880058B6FD54F4818CF9E11BE3A2FDF5349F765,,PASS,DCP_UNIT_CORRECTED_SUPPLEMENT_NOT_STRICT_FINAL
M01,DCP,D04,13,13.246493999690902,0.6078172103917915,0.23892471194267273,0.1243370771408081,24BDBCC4C024B4FAAED275344A0C60794C306F405620AE5F2EA0C9E9C48DBD33,BAA97DD4006D01E1761AA8B55545E698B899CF088F087E09E3B4897555272817,3257965F67B5E63171363A7449EE089E3D92B05AF09232D102E460BEA545B31C,,PASS,DCP_UNIT_CORRECTED_SUPPLEMENT_NOT_STRICT_FINAL
M01,DCP,D04,14,11.660784620247831,0.773421839490304,0.29278072714805603,0.11292159557342529,66D2E2061C54CD5F5173CE90A57D302124E8943EFA217DF6B82DB6C67020B38E,162C9550C57E3E348277D3CB4567347B06FAEC07FB6BA6E03DB37F77C0F83FDE,FCC99D390AC31A719F5584090CFB0B35C8761218C3C8D63A332AF34673C8634D,,PASS,DCP_UNIT_CORRECTED_SUPPLEMENT_NOT_STRICT_FINAL
M01,DCP,D04,15,11.887965612940377,0.7005503324076047,0.2859114706516266,0.11102330684661865,0A660F46D64370E6A21D9D553AD5F98EB82B6D7DF6E006F9A016F9AFFCAC60EE,1DD2B182975351D661F1E303F63F755F08A1EA7DF43F5FF173D62E149042563A,042555C28D5E890F3AABB3BE0EE50149C464B1D9EB9FC57E235E92E3437F96A2,,PASS,DCP_UNIT_CORRECTED_SUPPLEMENT_NOT_STRICT_FINAL
M01,DCP,D04,16,13.553110733105765,0.7230810757371601,0.21960049867630005,0.10170102119445801,958326DCEE63E40F1DF57EEBE91A219DCF762E1B7FC4DB195C8235CC300EC7E0,DF75E8E547D61499452679F92FC17B26447D47C7888CA7F2FA83B150ECBB4A10,DAC14A1465CA8230D2880F48895DB7BC8BEFEF9767E171EBFB929F717D2CD7FE,,PASS,DCP_UNIT_CORRECTED_SUPPLEMENT_NOT_STRICT_FINAL
M01,DCP,D04,17,10.675392670894626,0.5628421989799263,0.3744555115699768,0.2060331106185913,E56C54F6F4211814D4A4700E2C51E3C911668E99A51C28C0F3C20BABB7E82A2A,B5CDDB706C2DCFAFC53DCED1FA7F704B77173B02F9890D8F2E1FD75FFEF2C254,3C08912252DE6961B95D505CF02A10B6A05DB44696B271E8E1BA399261CFCEE5,,PASS,DCP_UNIT_CORRECTED_SUPPLEMENT_NOT_STRICT_FINAL
M01,DCP,D04,18,16.213087693268058,0.707808739975202,0.37647321820259094,0.18844449520111084,43FC7E8F922DA9A7B2A02F0745081828713B87528BFD99FA88DCFE2C369152C1,675F029BCE112FB122C527350EF0C2381F0D7E66272A214D2995C564317E5DC9,39629BD6FFC71845E954BD366A96183AD9FC07F16137ED263CAA8432B9257EF2,,PASS,DCP_UNIT_CORRECTED_SUPPLEMENT_NOT_STRICT_FINAL
M01,DCP,D04,19,9.696321600485668,0.6126261519097671,0.45165398716926575,0.21000617742538452,3E65DADC65D687C514E78D0EF8207075BFC577F07581E878BED238D76C392DBF,5408A4C8607E8C201D9EBFBE41184DEF6270FC5766DDFA6F07202044A2CBEAFB,9F8D7C4B1BB63671C0D5CC7378730E8145A2C82C3DADF703394A1E477F752A65,,PASS,DCP_UNIT_CORRECTED_SUPPLEMENT_NOT_STRICT_FINAL
M01,DCP,D04,20,10.840915276373773,0.5909343072242845,0.28133466839790344,0.1246824860572815,8BBF8198B78B76A647AD3A7CD0E73CDC213CA3E395FEEC095A1F96BDEBE98741,AB2DCA787F588E801409AB469BB4A59FE4288AD426AF4806DF8223B9629C366D,C44B232B555E54D8E50618731F20BB3E5688245301C5A6ED70294722CFEF8980,,PASS,DCP_UNIT_CORRECTED_SUPPLEMENT_NOT_STRICT_FINAL
M01,DCP,D04,21,13.050328520458276,0.6669414870100224,0.3152734935283661,0.12891554832458496,36A476105357D29E915CB02FCC4733514C1420DBEF320EBC971BBEABAAE905D0,1AB05A60150CCF7587104B3924BAC1DB81A9B6F870475AD6069FB33F08F41A2A,C8C61D51521311156A706F7D98293F62D84B2242FAC89AC3BE19338240C913E8,,PASS,DCP_UNIT_CORRECTED_SUPPLEMENT_NOT_STRICT_FINAL
M01,DCP,D04,22,12.34789606957934,0.6639789789559474,0.2104640156030655,0.11115336418151855,6A582E7EFCF08A71219226CB73B73A27C003D99301784D5378EF2A6D14101973,47F4AB2C93B9C83088E2DB40A410900DAC738B1503DB25D0423FA33B4FE83225,EBFD4CC8B3BB8CADC9547BEFE81416519A5B2C5A858FCCC5312F4993FCDF95C3,,PASS,DCP_UNIT_CORRECTED_SUPPLEMENT_NOT_STRICT_FINAL
M01,DCP,D04,23,11.55956980764868,0.6198769941209279,0.4324253499507904,0.2098679542541504,CCB31930CB34AB7FF04304C7AAFFFB7C7341559008015754666CF2D3D4D578CA,434B68AA01184DA16DD93DB83CD9473F9BDDAA7236E46F29707A26D62E77D034,A53FDE9A94BDE88CF50714BE6B1BA398816193101793685E63D2003D4FBEC0C2,,PASS,DCP_UNIT_CORRECTED_SUPPLEMENT_NOT_STRICT_FINAL
M01,DCP,D04,24,10.99899410545985,0.5750082399360753,0.3859260380268097,0.22717642784118652,7396208903EEF483C8C5234A53114F0BB96B6766840771C2009F2EE47C08D0E5,2F94F1D924C537644814F82C9F78DD2901ADEE578F21C87DA409FD5879B1F3FC,C029B3C7A6A312CE0986591F38C7B81CAF89DF0655BDDDAC2C99D382F4DC3A3C,,PASS,DCP_UNIT_CORRECTED_SUPPLEMENT_NOT_STRICT_FINAL
M01,DCP,D04,25,9.060568100520621,0.36296061788612005,0.4922322928905487,0.23855900764465332,7F7E3B1EB104CBBC246EC8788E300A27F5DF60D0F267FFE992A9D0AFC198CF8C,923C0F0EDEC357692FEA84FE1E2BAAE77FD890F2D8294098694D83C5D7BF2F5B,4F052ACD45922E6AB3F4552844B1E62CB608424C1DF7FA65FF93460EBBEAEE63,,PASS,DCP_UNIT_CORRECTED_SUPPLEMENT_NOT_STRICT_FINAL
M01,DCP,D04,31,12.782112450817657,0.7220774375574548,0.29358765482902527,0.09682029485702515,C0FD0023EAC765BD9E77E4699C65E6F52F06382C395EA7A8A7DCB02EFFC8466F,CE7E848FDD9B9A8E53CEE8A80540A02E19017CB82656E4DBD934C84AB8192C79,2EBC9EEB5AF3BB2125C9270F76E8A657C9733CB9424FEBB1849F88757B6E5EC5,,PASS,DCP_UNIT_CORRECTED_SUPPLEMENT_NOT_STRICT_FINAL
M01,DCP,D04,32,12.185622478275508,0.6084400725402882,0.37942370772361755,0.213850736618042,C95071845DE2EC5A78E782C6611DA84AA42187C31A792D0B8909F51451B602D8,A5E6C4C1E13B6ED7E0E743E0045B52988EBE8835D4220C7BF5D0FA98E2411DF7,154048972C1C64C817EA16242DDF0A1A639F1776D59636FA7202A0EFE51484A2,,PASS,DCP_UNIT_CORRECTED_SUPPLEMENT_NOT_STRICT_FINAL
M01,DCP,D04,33,10.015415163869177,0.5992050942975489,0.3608050048351288,0.16983038187026978,3B555B91195CFD0222CA505B5ED0A372019BBBCFC9063D4D062F88750FAA72D8,47F2C549DAFF442A3F77ADAD6C7C3F05A85E250AE22754117BB873CC2CA13DEC,0A4E15A2FE922C393709930EE20DC8A5FDA05B2EC0D234AD5580A83FC4B7B939,,PASS,DCP_UNIT_CORRECTED_SUPPLEMENT_NOT_STRICT_FINAL
M01,DCP,D04,34,12.756515434279352,0.6956853123421644,0.2520679235458374,0.14952492713928223,49905E56427BFF302B4BFC724C35952837F0FB9423C91A44A15A04062AF871CD,45D9B0C3BAD9B62EC6033EE3933AE05A29CF7CCC1C8A3E5104650132044FBBF4,A5F19EAEAECA93BB63A7664F03E33AD344C425D0A6995FED661D8741EE358C36,,PASS,DCP_UNIT_CORRECTED_SUPPLEMENT_NOT_STRICT_FINAL
M01,DCP,D04,35,11.376471188939739,0.5946172227529402,0.46704280376434326,0.26603060960769653,7AE0BE8849F040A52755C6CCD03C1E7C04611CCED8AE2D2FFA6040116E3B1913,AA6632D2E7508666959D0D0D0B9F3E8FAEC29043C23CE2EC7D4A650A4B1083A3,D4D928D5F4F511E6E0B8E0B098EE9AF477B2062FB5CAE1C2670C82EBEB6C4AE7,,PASS,DCP_UNIT_CORRECTED_SUPPLEMENT_NOT_STRICT_FINAL
M01,DCP,D05,1,12.284864198291945,0.6352262137731883,0.35564643144607544,0.17746871709823608,5617E822CEAA1E52407BCF8D0E1835EED14A86F589EC7BC01495E8864BDC7B88,53DCBFDC4EBD977C01654DABFE04CC2246570B1541BDAC6E9699BA15C17ECD88,7EBA9E52AFDD4F34C7F00DD2692C9687053BC95F68E68D62882C9C69957EEF69,,PASS,DCP_UNIT_CORRECTED_SUPPLEMENT_NOT_STRICT_FINAL
M01,DCP,D05,2,12.748786649283074,0.6980308120149408,0.32143962383270264,0.13795047998428345,048C2C0A7B3BCA9C974BF8CE047C73288DE209B9E8B13CC84DA00E1E7062FB40,5C667FCCE9A1ECCA7DEAED221128B2C73F7B105C4DFAA7BFE7EE5BC909057F5F,D17890A2A25597AA7B39A81AB560F1D9BF0EE27525E2252D9C990E9AD4ED300D,,PASS,DCP_UNIT_CORRECTED_SUPPLEMENT_NOT_STRICT_FINAL
M01,DCP,D05,3,18.50667950762218,0.7766023880771226,0.20712286233901978,0.1610863208770752,3FD16E4347F28400F4A0AFC544C7BF1D7F476733565D2CD3BB02F72F1B9E7DA1,0EA8C6409C916E0336E1CFA98B31C63D7D0A28127A46E0FEFDFA25691CB91B76,A74CE7A7BACA133B24E9461A52655E7E10178398CACC430CA8ECFBCB36A89A5E,,PASS,DCP_UNIT_CORRECTED_SUPPLEMENT_NOT_STRICT_FINAL
M01,DCP,D05,4,12.864659845885063,0.5295810595865236,0.43447449803352356,0.182478666305542,A2DB1328B3F4F6F760C551ABAB19099465B7C3082F629E9BC04E893B9C8A0605,70FA3CA85DA8C2153E084C303AE5110635C6D9D3D8A2FA10593B90D029C6F570,C84CEBE10E22984DC0E8FAD197C64F97EF3A27C90519FDC2687E3B4F35391477,,PASS,DCP_UNIT_CORRECTED_SUPPLEMENT_NOT_STRICT_FINAL
M01,DCP,D05,5,19.054604397259805,0.6564596529764932,0.37545645236968994,0.24120283126831055,F521C0A2A6A0A8D3BD9041F050C167E97F6FB8B3590F958BD86467A5FC1357AB,F0F01C9A961FF272D7AB18E571CE9FC78F35FB33B29493649138458DDC2DAF3A,B0F61CBB04CAED760B00CFD0CFAC53DB0D1967298800649C918D99A22F58E40B,,PASS,DCP_UNIT_CORRECTED_SUPPLEMENT_NOT_STRICT_FINAL
M01,DCP,D05,6,19.932485025103713,0.7168382627048246,0.29266947507858276,0.18972742557525635,F0C64D7A3ACC73E13829DDD822E8D2544329D707DF31FD3C150D1191AB772271,284F692ABE83C7D7F26F5075BF7A7D3302F954305DD8B06C2D41294F790661CB,2793CD8236BD43D60ECBA9F9752B9A12E2EC8F6E21E93C5D5C13F182857FD161,,PASS,DCP_UNIT_CORRECTED_SUPPLEMENT_NOT_STRICT_FINAL
M01,DCP,D05,7,20.732986406222622,0.8501730166880948,0.1981949657201767,0.15065431594848633,64E571161C50D7A886CC22F7D31E6CBF038CE4CDEA3B5F9EFA23F65BFDE3B86D,3576D3A3C1EF68992D1E5EBE696CF03FD821C1ABF70A5DBFAB9EA687D9F67F6F,03BF56AD5E00FD8D2F8494884805730E69C0F9C444B5B5F6E978035924B98A1B,,PASS,DCP_UNIT_CORRECTED_SUPPLEMENT_NOT_STRICT_FINAL
M01,DCP,D05,8,16.36485784645451,0.5882731334577559,0.4367827773094177,0.2285747528076172,6434DAA4F8C01279D6B92DAD6831E8AAFEC6CD3F23666D0715D72287DE8B77D3,A7EF48823C56AFA9F2CF44DEF8787391E89F3D84641BD1B920C60D90B717FDE4,6AF8B8CC01B421C1EB79E1C9EA26F3E8D2CFEDAD5DE6D877569A96DE08F00301,,PASS,DCP_UNIT_CORRECTED_SUPPLEMENT_NOT_STRICT_FINAL
M01,DCP,D05,9,15.833914854806663,0.5723736440936922,0.4465485215187073,0.33319681882858276,19AD82CF7EB8055796A0E7948F51430EE9B57BA6F03890D1D418CDD8905245AB,F2F9EE2966C2BA1676947AC453F226689E435A398A31A9D87C601B23F6D33785,79128328FDAD4C050A05BFF7DCB571D5EFDD4682779501E6B7CD0F1A141F9096,,PASS,DCP_UNIT_CORRECTED_SUPPLEMENT_NOT_STRICT_FINAL
M01,DCP,D05,10,14.781042900421355,0.7246699106318898,0.36079686880111694,0.21668469905853271,A34C1732598E8B49083335EE8E030A0116FF11942E8E6D678CE3634E543A361F,F5BB3CDD8067CBC211ED4897EB8008B353205AECFE648D732F33C569E8BEFE33,8A834540BC6CFDE226F33E5420B91278F6F77C84562DC6325AF8ABC5E9C03515,,PASS,DCP_UNIT_CORRECTED_SUPPLEMENT_NOT_STRICT_FINAL
M01,DCP,D05,11,13.997631097667735,0.6053500107288011,0.3876953721046448,0.2680414915084839,7B1A936B06A0B8463FEB093F131E640E40624749382F524DB69E9BBE52B37173,B07169B798FF75F9CFD2AA2DB20325DF8825562D800728E1B8E4555CD4C80C7A,6DB354B94D152F3240039A567BC2C5BBB9E5A1617E53A24F519AE8AEBA18D9BD,,PASS,DCP_UNIT_CORRECTED_SUPPLEMENT_NOT_STRICT_FINAL
M01,DCP,D05,12,15.025238732681537,0.7518381721131949,0.3107394874095917,0.1554865837097168,4222656C62CC3E571F6B1E4C5B4C71B2E21517BBBD9CA3AA381B56332B267EDD,806555EDB0833D98300224F41559E43535B567775FC013E802AC7640CBE05BC7,C8583023235680A4526F78E9815CBB0F848C51F51D40E83311452DC0BC5353F2,,PASS,DCP_UNIT_CORRECTED_SUPPLEMENT_NOT_STRICT_FINAL
M01,DCP,D05,13,15.060398310388297,0.6740555330222421,0.45401158928871155,0.26687753200531006,977ABD49F66B81417E9174BCBCE868608C31751C9FC4BFA866EF34FD802DCE40,15503F04C2CB5B2DCB5113AE8AA8D8AA89E802BEAD6B6DA16D5F324AD80777AC,F2ED7FD7BC67603811FB56A11B0A248CC4E200FEC325479936BC8A212BFA7768,,PASS,DCP_UNIT_CORRECTED_SUPPLEMENT_NOT_STRICT_FINAL
M01,DCP,D05,14,13.852145420409393,0.7245070059713022,0.32258060574531555,0.2001270055770874,246FC0415F51A607CECAFBD82622B91C70329BB2FE6320F137D15944F41BAB6B,A5CB1D302D65F4DF8AF4D46EEF441F7275E76895C28C3529C7AD2126F6599C95,634779C2F5E75D3B7F0541EB0370F83567900DE57E02ACBA41AEE3AB159DAC74,,PASS,DCP_UNIT_CORRECTED_SUPPLEMENT_NOT_STRICT_FINAL
M01,DCP,D05,15,15.270948647298502,0.6471192332442058,0.3664212226867676,0.23043376207351685,AA650654D043422CA7CA33540D52712645D9DE0A1C11EE3550443ACEB01304D2,2399AF2F70BB47D7AAE26101C974F7C99C910619F31ED199FA4F84A94BF2E8A0,A6B3713AE4C566BC0E711FD10E4AD7E73042C5FF41B278EF3D9D8C7AF6C58F2E,,PASS,DCP_UNIT_CORRECTED_SUPPLEMENT_NOT_STRICT_FINAL
M01,DCP,D05,16,12.981891452267211,0.5419073317975308,0.5766170024871826,0.39433079957962036,A34D3094453208AFDBA0E80FF00D0B8723227CF6B8AE8965EC23104E99FCA9DF,F56B229B99E57C2F8617F6652238124FD8C0186E77BEF491F2121C541529E1EC,B5DB35A1DCBF9BE949EC3D22FCE09607B5C1A647AA1F19D5E11739CE063A395E,,PASS,DCP_UNIT_CORRECTED_SUPPLEMENT_NOT_STRICT_FINAL
M01,DCP,D05,17,11.59617515929626,0.531251161476486,0.5281235575675964,0.2899095416069031,7F2CC1E4D3CF76F5F4A8E2AF50B82457D6773ECBCF451C9A17DEA6DA9FA65838,95FB456377FF9E1A41A33A46FA19AD8CEC61F3AC3DCC66117350C328AE5DD15D,4D8059CA24857ADD8ADD41D1677E0102F102AAC1C76B66D45CFB7016DF36EE2F,,PASS,DCP_UNIT_CORRECTED_SUPPLEMENT_NOT_STRICT_FINAL
M01,DCP,D05,18,21.142697521336284,0.7646740635160775,0.28308171033859253,0.15792900323867798,E50EB742F07CAE64CEE4A4DE3628928D6335F4F5B0A541D64D2A9B555FE57078,2E1D305A4C94E175FD80E3E5167BE6BC7D8130D913F3DADFCF77E75152124584,A9DF0BD61B85FF15E7EBA32B4BAAE1B961B3CC440BA234EA747DEE49CCCC04C3,,PASS,DCP_UNIT_CORRECTED_SUPPLEMENT_NOT_STRICT_FINAL
M01,DCP,D05,19,18.16645611312476,0.8189763214844374,0.21115171909332275,0.11019241809844971,6C5CAC2066ECAFC48120FEBDAF0B2FD62E554D960EC79821579BE7B0B93C886B,C4F0695123F82C180D583489F57C8D065DF7EAA148F4ACBE9E38AFDBC0FF034C,F0E71743C330BC99370A78D72131A6B26D905C1EAA59C364C9DCA9382BDFF0A7,,PASS,DCP_UNIT_CORRECTED_SUPPLEMENT_NOT_STRICT_FINAL
M01,DCP,D05,20,15.32311118456567,0.6098921533200455,0.4279901385307312,0.231065034866333,BC66561B39C77894D5DA42F1760D11A1C255FA2E6D9CECBF1C60C2EBEA9A5B1E,0F243A6FF42B176D7FD505B0F9369023BF724498CE555D16BF5C96E8728C6AEE,3C5BBA84B62C32E8A294508A0B0BD17892FA5DDE16F190231CCEC8FDF653D725,,PASS,DCP_UNIT_CORRECTED_SUPPLEMENT_NOT_STRICT_FINAL
M01,DCP,D05,21,15.432583589149795,0.6541642317167303,0.4287666082382202,0.23809510469436646,069F11F974157E01D0C205B3BB74787838DCB6C9F572675EF8BE52973749CF88,259240824FF511C499487549ACBBB54D4B22A0EF45F6A31288656DED08467352,6E5E133122D04D4C4650D2810DFF91B993CDEC64C7C51AC52267B051D44B0542,,PASS,DCP_UNIT_CORRECTED_SUPPLEMENT_NOT_STRICT_FINAL
M01,DCP,D05,22,17.536574074610744,0.7937905929903725,0.12047536671161652,0.05879610776901245,027F98CC74B5071544C780C4BF27BE6C33F02E6BB80F7B32E19B49280AA57647,15B7A7B47BB42977437541F8497F69D14985F3C88E72775FDAC4CFF963529E26,1015A6B2D9BA20CBC4670A9CC22266721FF3266B0EBF7E702AAE89B6DCDB604E,,PASS,DCP_UNIT_CORRECTED_SUPPLEMENT_NOT_STRICT_FINAL
M01,DCP,D05,23,19.19516336534846,0.879716619345746,0.1275670975446701,0.07424122095108032,AD2E2E1D351ADC63E72C962050AD1C5E4649585F5E843EB5B0E4BE18A4EB25CB,2BE0C3921A195D62219DDF3DEFE8D85BC03C0E5C811B4C79E89B5595DF6B9C88,8DF20781BD6F55DB5A44232D3C417DBCDBEF5B337D1EB0F6DDA055CA0912CB3F,,PASS,DCP_UNIT_CORRECTED_SUPPLEMENT_NOT_STRICT_FINAL
M01,DCP,D05,24,17.49469340037674,0.7462707915080333,0.29266077280044556,0.16523045301437378,FFB1C16B59AABCE6B64480A23E2E805760C05B8F229D6209FC97EB459A71333A,23939243C8F40539CAB9B3FEB8CD6A7CC003511C759FDB133CE06BB44F5BAD21,66C1D2F52B4F68A8276DD305F1A2947802151652C1DFF81C1DBDF0439B97C56D,,PASS,DCP_UNIT_CORRECTED_SUPPLEMENT_NOT_STRICT_FINAL
M01,DCP,D05,25,16.74039584216007,0.6562846320135574,0.42133963108062744,0.3145340085029602,7AADDD9526587BCF8EF52FF204DF7A8F7FCBAFBD07129F8135AEB43FF219EAA3,18A3324C132B01DAEDE2926101B3438A0EC51F25A9668B517A50353B9EE533BB,4E7BC76C570F540EDC40DB14E0BF0D6F37B73DF21CE0FD30E3C7DB2D0B2A155C,,PASS,DCP_UNIT_CORRECTED_SUPPLEMENT_NOT_STRICT_FINAL
M01,DCP,D05,26,11.735339356370023,0.546757449282278,0.44225209951400757,0.2809470295906067,C08AF8D3B58809F658DD29ED6462DF1B3000142F9F0EDDE8126E18E26CE36A7A,11B17173970FB5039C2339518355CCB4EF4604735792D2DE8A87695AAD27C5CF,8744EBDE7CDB89631B7222DC087ECE7801AD4B407B1F8B855BF14C8201D5C551,,PASS,DCP_UNIT_CORRECTED_SUPPLEMENT_NOT_STRICT_FINAL
M01,DCP,D05,27,14.262909370627565,0.6303432515456281,0.3605927526950836,0.17642056941986084,935155512B2D2C193E1E068BB4119B09DED1E575C02785EE73DB4B4568732545,BCC47F54E74F8215F4E023D7356919B108FC232A9B466228D1608F10C29D8749,E1BE2B503D94C097CD7A877EBC13BE2F4B5AE5DB8B65B62202A0592304872A3B,,PASS,DCP_UNIT_CORRECTED_SUPPLEMENT_NOT_STRICT_FINAL
M01,DCP,D05,28,15.854143533810648,0.6587594633225442,0.40420979261398315,0.29947102069854736,3F50871D11D92AF7B087677B261E27599FCFEC8F87B5C2676BFB8A161A72741B,25CED5C3A0869E998FB089305E6DB04B964A6DF09211177B7146F2D8EE75019C,AD4591320E72EDCB37426150E498C082FC1A1227C09CA587A7515DB97D61200F,,PASS,DCP_UNIT_CORRECTED_SUPPLEMENT_NOT_STRICT_FINAL
M01,DCP,D05,29,14.8776019112563,0.5621297694303017,0.5259860754013062,0.3374530076980591,81EC091E78B674E82712EAE54F17CE3989A013C3165C42E7E4351164EBC3A1B8,3A02340286A32C2221E2047C6A1B982701F4680E050FAB2D6B2195D167518373,1376187A3CA30A8306DA1A7B57A2708B134F6F49344258705371405340C9D9F8,,PASS,DCP_UNIT_CORRECTED_SUPPLEMENT_NOT_STRICT_FINAL
M01,DCP,D05,30,14.88519003209273,0.7140505126306412,0.23911328613758087,0.1806468367576599,14E10933E531932CAA59CFF583C77F6477A386864ABE63586A9EB798A79FFBC1,2C939BAF94BBD4ADD2421C272D192D45EF8261498DDAE27082ABF608944275D1,AC00E0395709852AAB10F309750EB270B0D6530BA1EEF6EA5071C7D5E30FAB1E,,PASS,DCP_UNIT_CORRECTED_SUPPLEMENT_NOT_STRICT_FINAL
M01,DCP,D05,31,16.609043427218438,0.7811726851760036,0.23416906595230103,0.1411803960800171,4EB5F6115066B5B44F89B71158CA65ECA5606E07B7EE76D18F9DB017DF02017E,93B5BDDB161F5AC8635C560711F86E9D50007B821AC42AD66EBCFF47A7ABC847,764CE5DCA130696AC191EAB5F4554A40674AA5C2B3477BF1A0088758F30B446F,,PASS,DCP_UNIT_CORRECTED_SUPPLEMENT_NOT_STRICT_FINAL
M01,DCP,D05,32,13.663582137180342,0.7283996120509059,0.2504720091819763,0.1710585355758667,3A0AF12C5C9A38E04AD9E40F558C7EF82299C20A09EB055373A75EF5AF1BC091,2DC61724CB89511613BDE3E46281E159DFBD81A52948E5FD75839D70EA3D5770,42F76D8CC164048ADAC42280754E991BCAB4B648EA38A4AC1E2CDC3071859141,,PASS,DCP_UNIT_CORRECTED_SUPPLEMENT_NOT_STRICT_FINAL
M01,DCP,D05,33,16.268588411848135,0.7809355816005015,0.24714478850364685,0.17951250076293945,F9A149793D9210C8B1D19D2030C8106B0D8CAD20C2D5C00F5DCF7D7205E2BE3C,F3D6CA89C17499CF57A027570E3D5138A9C3A7ACDCF5C1C05846829D3C8396DD,FB401359EF7DAB86FADE3828C9067C708451598927C9F73E3FE7647120E30469,,PASS,DCP_UNIT_CORRECTED_SUPPLEMENT_NOT_STRICT_FINAL
M01,DCP,D05,34,17.964068761460872,0.7830564885406229,0.20264890789985657,0.10064411163330078,3E232BF58CAFD8FE975659C3F23A303E0369F8077CFEB0EA029806D14B42E1A6,A9F0E2350D12597C0152B1F9980A5B9C04110998A7CE9C7BAE1848BF76327726,8DC66009833A173E2BEA9689B410772BBF120C92E71F9DFAD2619573CC1FD11C,,PASS,DCP_UNIT_CORRECTED_SUPPLEMENT_NOT_STRICT_FINAL
M01,DCP,D05,35,18.585417499256778,0.8772832139808499,0.23522315919399261,0.15613985061645508,4C40A00796111F3D0635D323AA05935B18A9E06E1957092F716CD9DB97505EF4,5BBE34BCAAD603A755F20863D53AC35DF8ACC78DA7ED12696113D088AD97A3E7,A0F8BDDCEF18E920E1C274C34FA527D527242E2E194375960190F6F332B66956,,PASS,DCP_UNIT_CORRECTED_SUPPLEMENT_NOT_STRICT_FINAL
M01,DCP,D05,36,19.337291621404475,0.7781384388324826,0.25444522500038147,0.15109360218048096,72AC49F3AF6F23430C86734FE016FA596D8DAC5634E2536D4B90A23486FB9CBA,ADDE3C96E7C2EA4DB5A80D36EB25AE68014581FBF29C19ABB45E7451D209F37E,FF8DFD8DC1EBA0D1AC76A9AA1D9FD944FC5FCC0AB6E296B1AF20C3836D82E621,,PASS,DCP_UNIT_CORRECTED_SUPPLEMENT_NOT_STRICT_FINAL
M01,DCP,D05,37,16.948241572718878,0.7176291508763263,0.28866055607795715,0.19739270210266113,A06B19F2ADC72BC1DBEFDE55003F9E242F07638B7EADE116AFF1F7E1A59B615E,E9AF481F2A1E0ADDC74030F128BDC11E062BFAD1F343A4F1E5320D034F1E2B75,E2F35F121781069F87CADE9051E31DD9C4DEA4B365CA944F4A3FDDD6227320F7,,PASS,DCP_UNIT_CORRECTED_SUPPLEMENT_NOT_STRICT_FINAL
M01,DCP,D05,38,15.563304314614406,0.7461543917920518,0.3682158589363098,0.20778632164001465,EDC53095283E1B2282CF0FEDA9F362CA7FFAB4A83410E12A271910824FF6E8BC,016A1A7EDF273F874151ED98B065B6FCA3017CE6B95FDCDECAAD56D0EA29722A,375E7FD236DD48CB7BF1D982E9F9CDAC6A8B04239E68E0C407577233B3D77CA4,,PASS,DCP_UNIT_CORRECTED_SUPPLEMENT_NOT_STRICT_FINAL
M01,DCP,D05,39,13.853084658067145,0.6302704808876246,0.40842634439468384,0.2531678080558777,43FD00FA723E0672D4D94C57F199D45C562EEBC216C8761B6D4D72F35C295C04,D706B271E3C8AAAD4FE78FE8A767559DEED87E60E5DC9D2D4A658A24C72A45D6,DDF422A19E83BF77DFAB441EE118BA158217DDEF13D21DD92EC537E0310A63B4,,PASS,DCP_UNIT_CORRECTED_SUPPLEMENT_NOT_STRICT_FINAL
M01,DCP,D05,40,14.960999001022914,0.7081783650034087,0.30348482728004456,0.179485023021698,C793D6DACD5C674335DFCEF325448614442663A1E1A41041782741B484E54AF8,8CA115FF13D678E9184FB1C278BDF92F86524BDC7BCFD420808F76CB0CD4E965,E18B0E4725E6CE058EE3F776C36BD6FA646296378785410C06CDD396565D58D2,,PASS,DCP_UNIT_CORRECTED_SUPPLEMENT_NOT_STRICT_FINAL
M01,DCP,D05,41,13.336856580024454,0.7135951652056836,0.29591843485832214,0.16379010677337646,26548992D267C16A04787BFBB4CC18DBF1F9D4A9C9C32AD6DF9E8272F9BA5779,0F1C00F69C4DB273F46256558A67C5EFF9C558C4D7F538B02BB9A7DEF52615C9,C6BE6B68635E67E782360493C3671D6C81A1A4FBB4BC7D5F0CD9B28C8603D311,,PASS,DCP_UNIT_CORRECTED_SUPPLEMENT_NOT_STRICT_FINAL
M01,DCP,D05,42,18.642142466376715,0.6866028888810819,0.30083608627319336,0.19319099187850952,88055862A2A7D024A0B87A2D896143C5810303ECE53AA3ED01608ECAE9437C7F,CEC706EB619E86F00AABEFE0A57151AA402010FB282F3393535A535E27378736,1336D6FD7CAD55ACEDD98C9093EA9B291997159C291C900AD50E1C7CFE139954,,PASS,DCP_UNIT_CORRECTED_SUPPLEMENT_NOT_STRICT_FINAL
M01,DCP,D05,43,16.70578657945858,0.8057772311789412,0.21848216652870178,0.14322566986083984,AA762707340C64BF3375CFB66E8ECDAC5657540024BD837242352D994E6E974D,ACC6AD03B3CF01552BD1D8ECC1CDDA971B039FE9AF79B2732A8B3BF6F62C6E49,806CA326F3A125EBEB88F48AC2C1113896A60314735D2D43FBD075AB87E6A971,,PASS,DCP_UNIT_CORRECTED_SUPPLEMENT_NOT_STRICT_FINAL
M01,DCP,D05,44,13.423301785259696,0.6969139713513713,0.2957499027252197,0.17180359363555908,C9C9AD279E573FA522A7D1C5DC015133AFDA31A3A692C9855818F9FB7754E0E1,6F55F38E564BB18AB0B91ADB42953D417A03DE44382B1E4AAF9367F17F869223,E5865CA69778408DD7AEB9D6B8CF3FCCFB932AA426A4B58CFADACD712CF045F6,,PASS,DCP_UNIT_CORRECTED_SUPPLEMENT_NOT_STRICT_FINAL
M01,DCP,D05,45,15.855189364292599,0.6244914340684794,0.41001659631729126,0.2893078923225403,71F257B3B2CFA7945536825D9F1296024F8F9FA150AEE2D73CCEDE854E6A2EC7,2C139A4592AD739977A27D4DD7AB459FA20139838CFA7796BD15AD5792D543E1,EBEB2660DFFD8C2AE96078F653440288B2FF55FB732AE7CD6261B1B6949B73E2,,PASS,DCP_UNIT_CORRECTED_SUPPLEMENT_NOT_STRICT_FINAL
M01,DCP,D06,1,14.53896420425194,0.4867502022212345,0.7763607501983643,0.4158264398574829,28D483EE2ECAE7E22E4DAB43E74216587FF6604AD354609815567F0716FE3713,9ED841651FF20BF8F8636345BA3366395A5317A51C4FBEE6720445349B695377,1B18EF088F925C3484BDD74F8D3C55200D8C7F1E4DF26C626B7C724612AAF6A5,,PASS,DCP_UNIT_CORRECTED_SUPPLEMENT_NOT_STRICT_FINAL
M01,DCP,D06,2,14.489874501854201,0.4013359249082771,0.7789719104766846,0.419985294342041,134860C6C2DA0FCE9A97C8BB53E91039FF661CE28A074FE3B3279816ABC66BFF,6AC611763B08EE9DCE1A5E21507CEB665BC266FADA97AC5E6FCD76D7067EC883,0A4D9385D84102914E052460F8220314F072A58B5E19F0584FA1E571650566B8,,PASS,DCP_UNIT_CORRECTED_SUPPLEMENT_NOT_STRICT_FINAL
M01,DCP,D06,3,12.94666210704764,0.26790913965259366,0.9237752556800842,0.535227358341217,006F27ABC8E126705555A4285ACD79D314915C77150940E2399ED60F417312FD,5AC49F9CBC4EF1A76ED1E612212C2943CBD487689C04C5E39D9606C85164D22E,CEF5FB2A5F5A86735E745979ED8CF31512CFA1E474F90D20AF8861226E85DF72,,PASS,DCP_UNIT_CORRECTED_SUPPLEMENT_NOT_STRICT_FINAL
M01,DCP,D06,4,13.592894084646034,0.2923266177386796,0.72871333360672,0.48904913663864136,55BD84BE636D6A8BA343BDC6C0DE0584D6889357CB3D34735FF0F78E940AD09F,E082DCCE315F5C0ADBC2EBF1452878836DDA1C622F5A306D2E9E0786999C7D4C,8E8315A784CF92C2C9DBE709D7D5F454B1F06336750CCC453AD1840FF95558A9,,PASS,DCP_UNIT_CORRECTED_SUPPLEMENT_NOT_STRICT_FINAL
M01,DCP,D06,5,12.992073485465454,0.45524942379444927,0.7975451946258545,0.4702514410018921,24EACCED76A470F04D9276F248AAB0C3CFF3C058246792F742E2E3CB7A6380CC,B5400CD64D590E3A6194C4B9A2E56393D5D35B5D117B8F6BCC3928822465D9B6,1FF9A0AF960F238B08BD49F9474F70BB94C3FA0BA08618E7831888F3EE3250D5,,PASS,DCP_UNIT_CORRECTED_SUPPLEMENT_NOT_STRICT_FINAL
M01,DCP,D06,6,12.538117429153694,0.46148618351188775,0.7495608329772949,0.43760621547698975,9341A15AA8360794632AED0F593CE4E6541F798AA5B8628F6DCF6D6D0D249BC3,E000DA4B0BF9E38CE6B0618757ACD57D1CEBF5E34EFD182D0EFE3B982A379795,F0908CC8437C9E85B5796FCEE78DCF67486DCA268CAA27C8E60A961966AA9908,,PASS,DCP_UNIT_CORRECTED_SUPPLEMENT_NOT_STRICT_FINAL
M01,DCP,D06,7,14.74319830419123,0.4366533047962995,0.6531766653060913,0.42195266485214233,2132E15598A04E4CB042242D3E5DDE1F0FCD5514C57B8725D4C397DB118AB11B,CE62D9856BC056878547F02D8F4544720EC5990C800826BD34717BBF74A319CF,2C13C744AF7293192CB7E69A57192E07CBA410F6A4E520ED4529CA95857B491E,,PASS,DCP_UNIT_CORRECTED_SUPPLEMENT_NOT_STRICT_FINAL
M01,DCP,D06,8,11.09221756849075,0.21540331277678762,0.8937230706214905,0.5498234033584595,D899B7D6739C06AE2AB1ACB81682AAD5EC7C1374E6381E67C8DF1761BDA7BF7F,CAE7E7C1EDF709DBEF8A0885A2B5389CE2A5FF9D2D1ABA7E8491576D982DF5DC,D3262396F4F49423EB4512ED8DAB5F54553B185D1E5F8F2BFEFDCB1F03EF7088,,PASS,DCP_UNIT_CORRECTED_SUPPLEMENT_NOT_STRICT_FINAL
M01,DCP,D06,9,16.568872682078023,0.48062403269097964,0.7039015889167786,0.4664316773414612,EEF4D07864BD7DB244F0A806FCF200ED0288C07FAB8BF3843F6AF1B33B360C58,2B39C36701D4876E7B3AE9400FF1D86AB632239038EB17A2FC3C7A771BC29B54,4A063A3664FF9F7736FDCB095109F6FD6E56B3F7317CAFB7389C451489BF6A2F,,PASS,DCP_UNIT_CORRECTED_SUPPLEMENT_NOT_STRICT_FINAL
M01,DCP,D06,10,11.741223662982406,0.37030552840250874,0.7856346368789673,0.48952776193618774,EDB9FF85491DE7ACFCF706623ECCC9863C787C3E426763FB1A2CFE0AC143D633,C679364383BAC2EECA0DC6B66F1992840DDC505BD73D093DE5C9C67FA05CC990,5AFCCCD5E8C4A64F04374F05280FDCB20F213F6777A4D073C0195DF64078EEB3,,PASS,DCP_UNIT_CORRECTED_SUPPLEMENT_NOT_STRICT_FINAL
M01,DCP,D06,11,11.297495907394342,0.3425480410250421,0.8347284197807312,0.4976879954338074,36EC563EB560C4735F19351A76A78C09DDE6F9F87549195DD271F447C3684FA3,989839A9FE1DB898EB1E44FD4592EBB962351E077E81409BB6D03C7D8999356E,1AE8BCA2D0E21E376D6142460916EBB71DABB2BE488044DB44CC1E0865F2332D,,PASS,DCP_UNIT_CORRECTED_SUPPLEMENT_NOT_STRICT_FINAL
M01,DCP,D06,12,13.922310324294951,0.48079232699218116,0.6888721585273743,0.4721635580062866,C5CA312E60B3650041DFF8DD81C5E9B8BA928535379674BD79773319B65E98DF,8FE85AC8A887DBE584B5B70E4BA908B05569C5E2A6D72C45C88393E109D653E0,A3DE9533FFEE0D9F0EE2A07E7411DD0C6673C78BCB4D2FC88A6ECBF4B9F9E281,,PASS,DCP_UNIT_CORRECTED_SUPPLEMENT_NOT_STRICT_FINAL
M01,DCP,D06,13,13.336474592541528,0.4318603166888905,0.7611739039421082,0.5067144632339478,3E3CCF370C0E5A20CA86428C3DDDE8EA1990A195A06BEA69FCEDDAAAFA9E5696,546B915EEA0AEB7AB290BB7B6BBFB7E6B67BBB54E56C0937231556ABFAA32ECB,DAA38FDD4C14F4A74B548FF57EB6E642EA8F8E961B603622BE7720063071F352,,PASS,DCP_UNIT_CORRECTED_SUPPLEMENT_NOT_STRICT_FINAL
M01,DCP,D06,14,12.606287401729864,0.4362316643754817,0.8355856537818909,0.47759437561035156,CCEE2CDAEFA0A93958EE30031D4B2A39C661737EA1EA983C420674127715AC0E,8932E017C3B59DA3B9202C8133D3CD0D267D05A7C2839875FDAEDB5142998EC7,11B56343CB64291208D3C1DB9D7DC29D5C11D2603CEF9356C879CBB92596A636,,PASS,DCP_UNIT_CORRECTED_SUPPLEMENT_NOT_STRICT_FINAL
M01,DCP,D06,15,11.016510602970609,0.452937596605663,0.7526639699935913,0.4531519412994385,C2B22D2DC3EF07C16936BACE37FD89533DBDA0D65701E97AAF93DB066AEA6056,ED66F848BC19AAF95EA3F836429497324674EFC70C5B201A91A369D2120885C5,A842209642FA2C116F434FF313B368869E4A0DF00C29B4629F9E472D28B119E0,,PASS,DCP_UNIT_CORRECTED_SUPPLEMENT_NOT_STRICT_FINAL
M01,DCP,D06,16,13.063501886182214,0.2723061542792222,0.9057900905609131,0.5753726959228516,B7D9F5C033B21B3AAC02AD0ACD53F54D232EEB24C4D10E44902419C1BBC400A6,DBF7FFCBC8657C2BCC9E8E47A7EE8DE7B4644223C8DC023B0B3C2BFE6A20C67B,FE187DFC209D5F465BC5A7A16DB417221B7613E877731FB12486CF7AAF73FFBF,,PASS,DCP_UNIT_CORRECTED_SUPPLEMENT_NOT_STRICT_FINAL
M01,DCP,D06,17,9.962617046149276,0.2299945006196458,0.8220489025115967,0.5947048664093018,A0F274D8B271C6193552014BAC75F1CC9A6DB1514E67AFE154C755B61AF77ADB,EF795846A7696089899739E9F674AA4B3EA88776EAC373D1B9177846BDAE2BC2,9C40C0CB4CBD21029B50CF6F5A671E94C91D053EDF123C46F602F9B3EA851888,,PASS,DCP_UNIT_CORRECTED_SUPPLEMENT_NOT_STRICT_FINAL
M01,DCP,D06,18,12.563471863408084,0.4112219834041912,0.7536742687225342,0.454542875289917,24E0011E35384905DD680E0D8A4A285D818AF3286B5945F2E3D6FEDDAD0E1AAD,624642F5D30C4D807E4156062BE8D38273DFE0C7993B2230A80F3179880B33A5,83F07FF15ED5FBE367DF93C8265977D8492432F37544BA9A7063E6DFB058E210,,PASS,DCP_UNIT_CORRECTED_SUPPLEMENT_NOT_STRICT_FINAL
M01,DCP,D06,19,14.103347170862868,0.42562715804104534,0.7260560989379883,0.4896978735923767,CC351CFCB3246A286EE2AF5245E6253940AF25530C52F9E98267FF9395E412F5,E90FA9E3F510FD18128F9E46253183CD998FCE49F6F9373D03A33B3D39D14BA0,A0326F398176DB51DF349F1CCB3671B2F8DEEDB65C7AAF1B36E704A9718BB419,,PASS,DCP_UNIT_CORRECTED_SUPPLEMENT_NOT_STRICT_FINAL
M01,DCP,D06,20,14.113659812545876,0.44516047128015823,0.652435839176178,0.4162217974662781,987C1D848366DD1B84A7141B5AC2F5452DB7047896FC2A41C121AC259EFF3773,40D87A8EBEAC674460D9CD72E74F9B026716F858F604E6EB1DBB2478208C716D,F1275475B4E3378D1E328E90360ED25F49EB3BFE89F5184D20705FBCE6131E95,,PASS,DCP_UNIT_CORRECTED_SUPPLEMENT_NOT_STRICT_FINAL
M01,DCP,D06,21,12.637922150170521,0.3843941080768787,0.7431402206420898,0.4532397389411926,6307ED17DBEA16BFF63743D58A5371C35781CA68446AA87B7A05D0E838E1CC8A,5C8BC9FFBC8201C16E9BCE5D90A5F161A9C8DA8468748E2FABF80AAB4FCDB643,C1FEC8B183F00D823EC5433610F6093E9311EC36E308A405645320A9BD69AFF6,,PASS,DCP_UNIT_CORRECTED_SUPPLEMENT_NOT_STRICT_FINAL
M01,DCP,D06,22,15.151751445245711,0.40073191741741593,0.7264100313186646,0.5252112150192261,658DAB1A00B41191DA6A17878F89EBF1C6EE4B679E76B985B7F5A6178124CB2D,60B2E368C115B017373BB3925BD64F0FFC7489196EFA4F7F2D51B1110EEBBCF6,14963BD6AB019084449A81E1502661D3F1BD014EDBE69369AB331A4B893790F0,,PASS,DCP_UNIT_CORRECTED_SUPPLEMENT_NOT_STRICT_FINAL
M01,DCP,D06,23,13.297194320005046,0.28814076235420855,0.8720546364784241,0.5282080769538879,2DF3BD74DFE3A4D18ECF6833B7D7FCEAE1FEDAE4039223E1E86DB754951FB8A7,4FB429EA54743E65809DEDD34FE869410472A853F1343D8C0827CC34ED7A4C77,F26F61296390C2798D7862AC3DB70D1E3447688B7844AC6C57E641AE7D40D914,,PASS,DCP_UNIT_CORRECTED_SUPPLEMENT_NOT_STRICT_FINAL
M01,DCP,D06,24,15.633947115891146,0.37136241924051766,0.8159497976303101,0.4993216395378113,63725360B9BB3B219193A540E9F457AEC2DDFAFA55B5286BA72EA9295CDE274E,52F5674DE315B42A7874D987100F209DF1337734CFF5E8C92FB9ECD104156BF6,4BB633D965AC3FCD3230C31A974E52ABFEF0C2DE85ABCF37E8070E806C05E035,,PASS,DCP_UNIT_CORRECTED_SUPPLEMENT_NOT_STRICT_FINAL
M01,DCP,D06,25,13.601619207862807,0.41486592514368376,0.753828227519989,0.4502388834953308,0F2A2FBC80EBBDAD0A61F2FC86EABB120D31DBC05E7C58168098E0C6AACA4720,0BA15C9EBD7688A8A22A10AD657BD31E27ECE3F24B3E8778F0BA5D00AE09BC25,55D44349EE0956674CA2559C3998F432687D4FF147A858F6F8DDCE1DA38D05B1,,PASS,DCP_UNIT_CORRECTED_SUPPLEMENT_NOT_STRICT_FINAL
M01,DCP,D06,26,12.697439862262062,0.38047859385140415,0.8276283740997314,0.49396616220474243,CC1C5D476941198784445EE48CF4A0618B350C1DDF195451C8AFD45306EE7592,06AD8C9C2F0C009268BB287F2C4FBF0119DC85F1831B4FC286DAEF45FD4805C6,85A2FBD3B9BFACCD88CABAEBEC8C2BFC167FC55D707C95D6E3F9089225DA0E15,,PASS,DCP_UNIT_CORRECTED_SUPPLEMENT_NOT_STRICT_FINAL
M01,DCP,D06,27,14.232528767123467,0.34251529611067855,0.7716597318649292,0.4848939776420593,74B1A368A32180329F912850A4B622FF7CCAF0BFAFBB49931319D018C95CF861,4B8D83C4CDF79AEA0AECE2B70A36F852D458F3963A74AE4256179C946622609D,820AE21DAC012B0C3B7F3B539AC4C0AAECC6C92996E67066BC2CB4B6F1DA6D92,,PASS,DCP_UNIT_CORRECTED_SUPPLEMENT_NOT_STRICT_FINAL
M01,DCP,D06,28,8.754403372652714,0.4536493710399309,0.5985118746757507,0.38649624586105347,86CB8BFB9D9B93E243E70A7B06750BB4D600F9824ED1C5413481279F6A3EFEAA,D946AF2A3985F8AABC9657C944591DD577D2D5A34CFBBC2247B328651226AA9B,B84882CDE6E11E9EDF06F608038C0C9F06B41969688FB152BFAE84E72A9D149F,,PASS,DCP_UNIT_CORRECTED_SUPPLEMENT_NOT_STRICT_FINAL
M01,DCP,D06,29,11.576717542069176,0.39098016408730496,0.7077942490577698,0.4662509560585022,2E217089D7DBD0D87A7278BDE3316CC67BB5AA909F0B2C79D37ACAC25D9ACB43,B2A6F36C1346016D992A3AE0F5320976D04A6980828B9BD4626EB5DDCA8BF39F,E3B104697DEAE83ECF44E9092D33B6B521F30EE24143BB3B3546DDCDFDE10DEE,,PASS,DCP_UNIT_CORRECTED_SUPPLEMENT_NOT_STRICT_FINAL
M01,DCP,D06,30,12.949954703269677,0.4152551002382694,0.6862179040908813,0.4366280436515808,F805D7B18D0450840510982C28BB488F49971E13370FEC14BFCCD5D90FA3D55C,1EE74FB57012F24B04F04E826AECE6D29063371B122630F228671E9C662481D8,7478DA6C646401D634B18A4CEA9FB1F2B950B88959EA5A44EF326E620FDFAC9F,,PASS,DCP_UNIT_CORRECTED_SUPPLEMENT_NOT_STRICT_FINAL
M01,DCP,D06,31,13.308157044083233,0.4522986280843244,0.7082309126853943,0.45856720209121704,5B4752F6B9AB26B81E82D0F5050D45216E4224B58A5C1BFBA3B1450087522335,23E6DD267CD37701626769B780C7ACF0B1DB9DE5CF948BCE59A254A49DF093E8,C193A6CDDA2778FB5732F2C3978D4B005D70DE4ECD5EB14A3C475630D0535C49,,PASS,DCP_UNIT_CORRECTED_SUPPLEMENT_NOT_STRICT_FINAL
M01,DCP,D06,32,11.261047734237323,0.6144071234197519,0.6164003014564514,0.31667619943618774,BD6B4F664DBDD67FD65C626D6305C2D749E8BA501BB0B13922AAD0374DE4B68F,EAFCCC0689F0593E9129F67BC528E9505050795EFF27F133FAFA5BA77869174B,C021774D5A84EC4C60150A55545FB05C3B01344A932DA9257609E581B59F4C3C,,PASS,DCP_UNIT_CORRECTED_SUPPLEMENT_NOT_STRICT_FINAL
M01,DCP,D06,33,10.689810652110657,0.4549303719758299,0.5810926556587219,0.3548527956008911,351A2056999C9EE643F737E055CC2507C510C7FCF88B602D2EC7B20D12C71330,A0CAF6E489C3E91AC5CE02B14EF77A8F1CA15FA3CACC14E5ABADBD8F56946518,773A3065520224C01751620059AF543D124B076C18552862F64797EE8A7D9011,,PASS,DCP_UNIT_CORRECTED_SUPPLEMENT_NOT_STRICT_FINAL
M01,DCP,D06,34,9.22726503769773,0.4946179620596933,0.8161138296127319,0.5061472654342651,9684809E3D2CEBB9498D368DB76487755B47C918B8AEDA34592F0760827B62E3,3D36540A6E5742D0E0B3A8406747E3DA1C8FD083C4C487266A1CA8F9B55E1104,F13D1217F94D2F2353C33AD901248D879D331AEBBD3BE4DEB0E418343C458FD7,,PASS,DCP_UNIT_CORRECTED_SUPPLEMENT_NOT_STRICT_FINAL
M01,DCP,D06,35,10.779976861662588,0.5060896828430406,0.7735808491706848,0.4543178677558899,42B393C16A0124EBCC5221226C70D3898641E63EE485166FECDFE91DB3D9BE93,5385E420F7F42485979C8E65AC957AE6D7245831CCA02585CA39BD658E562F55,C542A002F4A516973BBBC7C8A48AA980EAA050DF9C492F233EAF61869B243D30,,PASS,DCP_UNIT_CORRECTED_SUPPLEMENT_NOT_STRICT_FINAL
M01,DCP,D06,36,10.4255496585231,0.5427856596914322,0.5372788906097412,0.28803765773773193,6F8DE0ABEF45000A285E3CC6C5210B5BFD2FD1CA972A46D6E1F89B20AF7945DF,AA92DE50B482FEFA542AA9AE0E1084CAD9D988260A3BADB4DEFDFC660A9625CA,1DCF7399BF7928C768B817A013737D8680CA93ABB363FE89693F4E51DCC6255F,,PASS,DCP_UNIT_CORRECTED_SUPPLEMENT_NOT_STRICT_FINAL
M01,DCP,D06,37,11.79564468367973,0.557543115631511,0.42926013469696045,0.2346055507659912,E71A9F85D51AF0EA561A9C767B8AE577993B9E08CE0863B6E2B7647501248B14,5C2F4FD63FFE544C64B50E0063B95A445A3BDB6D2B83B06BDA91E19EE861F693,267D349A0E0C3DDFA37CADEADD908709BA1BB1E88AD82526A0599B1D83EFF0B6,,PASS,DCP_UNIT_CORRECTED_SUPPLEMENT_NOT_STRICT_FINAL
M01,DCP,D06,38,11.907676731990906,0.49318352421416267,0.6862673163414001,0.3787902593612671,AC0E55355FDDCAFA32F131ABD0136E2E3B1AB61B93C0E3A4A13824B63772C476,1D7EB8668E769DD6516FC6F4BDB8EDB78C53CD4A5F4173B345D8B03BDE46590A,2314109615D5D3EDA52EFDDE8F2782C7F433FA4232BA645A422FDC990D42DEA2,,PASS,DCP_UNIT_CORRECTED_SUPPLEMENT_NOT_STRICT_FINAL
M01,DCP,D06,39,9.282165441388479,0.4416037268368906,0.7409636378288269,0.4765585660934448,0D7318F2DA6F596C1867D45AC81CC429EE8B07450F624958D647E820DF6DA61A,2C3C12556AC6868897D75E2E94829F1A650F9665C1375A81601A8850A242ABCA,6E544A5CCC2CEFF5D0C948C79E7C8DABA33BFCD4C7E11563820CDA9AEDBADE0D,,PASS,DCP_UNIT_CORRECTED_SUPPLEMENT_NOT_STRICT_FINAL
M01,DCP,D06,40,11.466819845988997,0.4809327005049366,0.6253899335861206,0.38265514373779297,9340B5F5CD8234A0CBDC2603AD7BA8F01363A80B950414FC357BDF53643F7A50,EE5106C7E5154B941E5198B85C66284A62C8757C87E2E57DEA76A89E886DEE73,9323F94B590C596C403CF8DF4B863CC4DAE41B0F5EF6F4D1DE5D62E915222E05,,PASS,DCP_UNIT_CORRECTED_SUPPLEMENT_NOT_STRICT_FINAL
M01,DCP,D06,41,14.628150190853017,0.601316580147223,0.6383837461471558,0.3457096815109253,414B2CDDE8D201E650CA35FB5F5B5049152549BEF8310307D7FDFAAEB87A933E,58CEAC6ACC041584C7E9B0870F6A9168BA86141CD679ADA25F31DB7B62EC7E7F,44D16A96F939783D029DE28B89204E0AAAD014B0E83AA407498167526E3A393E,,PASS,DCP_UNIT_CORRECTED_SUPPLEMENT_NOT_STRICT_FINAL
M01,DCP,D06,42,10.294218972907153,0.37591505703066724,0.7776302099227905,0.48393720388412476,756A2778DC7A36C3D2CE980C5704D3FF28DD9A134F2A5FD8EFA8ED98B5289EE7,C2ED2578BC9F78C25FB211535C4A2971A8C3B431F614D0C9F8780B7CB0790D97,7EED49DF16C037D85616A29A8A9D25B0F4C6615B9ACAC41685104B692260AAF5,,PASS,DCP_UNIT_CORRECTED_SUPPLEMENT_NOT_STRICT_FINAL
M01,DCP,D06,43,12.34266496684545,0.40919829415776315,0.7975518703460693,0.5087780952453613,3581C893E71E6CA49BDFCB723B81435EC50078B6E1CF70AF13057AFFCB79FADA,75EE61876685FF3EA4386CEF532CAB226869419C2C5E735A266EC81F73870EE8,A48BBE4F0B29BDD2BEACE191D1D93C769A8F63FC34EFF7ACB728EDA7168E831B,,PASS,DCP_UNIT_CORRECTED_SUPPLEMENT_NOT_STRICT_FINAL
M01,DCP,D06,44,8.639359255471739,0.5454332424398547,0.713882327079773,0.4115719795227051,54849343586BEFADCB455A636AC8A1B4587675EF2ADD444B3A0C88540336967F,4677B2919C21BB427B463704AA14F6E43A31D75CA9F6A386CC93C4BA057976B4,506224CF9457FC5645D8D1C31D497CE6E6D37C7C9C1BA0EC55B002FBD38E294F,,PASS,DCP_UNIT_CORRECTED_SUPPLEMENT_NOT_STRICT_FINAL
M01,DCP,D06,45,15.179172339304206,0.5943858911440288,0.608384907245636,0.3369733691215515,F00E9E30C19105E15A58BB72D8121F667B8A672CAB354083AF93B83E4E6223B2,289DBAAFB99744D36CE926A0E7295347F4CC7EC9046AD3BF6FDAFC350FE13077,4823B673A9F333AE618D449CB2819DE9785BD0D044851DAD7FA3F354A19BEECC,,PASS,DCP_UNIT_CORRECTED_SUPPLEMENT_NOT_STRICT_FINAL
M01,DCP,D06,46,11.125871006619946,0.20388379983803895,0.8659709095954895,0.54558265209198,70C79F4BC69068506F9CE17C15310ECD5F39017A27A72073804342CFC9B0A303,FE99499E05AAA1585150392C3E7CCFC905FC688437457FDFF610DACD025C19DB,5BF896201D13F322E72D23CF7AFDBC15C7E362742056C0C64B82F8B4398684C6,,PASS,DCP_UNIT_CORRECTED_SUPPLEMENT_NOT_STRICT_FINAL
M01,DCP,D06,47,13.957201063785815,0.5637327523577425,0.5418006181716919,0.37230348587036133,BC315CA9E20F6A05B04FA37FDDAB7AACD6BE60AC81C7FD41BB287BD60DAD088C,1CECE3856BF4DFCF4B9C80666D48D912AAE091B90B181F2171A1BDD84994F7F7,EDE87C670DEE60EAB9C3894332782AB9FA8CC710225EC61FB0D086F9AF32C2D0,,PASS,DCP_UNIT_CORRECTED_SUPPLEMENT_NOT_STRICT_FINAL
M01,DCP,D06,48,14.064714631297772,0.43822384237078965,0.7115808725357056,0.4019918441772461,F571B7AB63B6D6D821DF667AEF1E29805528226E8EEB5CFA9303DF48DF39DCB5,92F152AF6E8FB82985768D781E682CE5D784A44972923AA132A1C13AAA01DE88,65747EBC065CF72E7BB528B1A7646095CDB010E4C23D1C504851D808EDC4F011,,PASS,DCP_UNIT_CORRECTED_SUPPLEMENT_NOT_STRICT_FINAL
M01,DCP,D06,49,10.112217462999535,0.316978467741127,0.8492450714111328,0.5554587841033936,1115F4A9A191EADBDC45F0F44D4FB0BE368722CFC3A35281BDECC4D38F6C1D7D,3A6934BB503339653653D396FA5108DBB8E1494BEA220B6E6A21718B192AB6C5,10DD67EEB6FA289B14C1CEE3566E4FA1DFAA85212984AB0C10F0862D2EBE4540,,PASS,DCP_UNIT_CORRECTED_SUPPLEMENT_NOT_STRICT_FINAL
M01,DCP,D06,50,10.792664358648718,0.39894011404039537,0.7870453596115112,0.5601164102554321,1546122878AD4593E7C1539732427F1EA58D883AD866598610358528D1990CAA,3E75FD29C9B51438209E9418AE82107BF256B9F9A3598518679C898FD1392E4E,3237D127CE9DA6B6B0B86341A92ECE717A9B5013288F91AB877D5A9D58198EEA,,PASS,DCP_UNIT_CORRECTED_SUPPLEMENT_NOT_STRICT_FINAL
M01,DCP,D06,51,13.950439340614322,0.34504201084308456,0.8732105493545532,0.4809418320655823,8B58351977C32009FDA9AE77E7B0A48B78F0760415BA62708DE1F062CAE1A3BC,78F7185C2B2575EC6608A760D9FFF23B2C51B9EB6AED7731D27A0F15EE813305,FED5A80D7C9959D2A97028A1F68E5F9D3ABEBCCF14B463FDF4A06D8657C3C046,,PASS,DCP_UNIT_CORRECTED_SUPPLEMENT_NOT_STRICT_FINAL
M01,DCP,D06,52,11.175348621745531,0.26343891288324256,0.9018245935440063,0.5662809610366821,E270DC3AE20CB709A9C369A58051984B64CC625BF58F4B16B6A23A0C68C84F77,E3A41F09926449C7149D31717FB0D952C2646CFEA459A225ECA94F3827E1366A,4177F7611D91812A2526F5547B4E11AEEED55875BBA35FD819B02FC4B6B0F43A,,PASS,DCP_UNIT_CORRECTED_SUPPLEMENT_NOT_STRICT_FINAL
M01,DCP,D06,53,13.027556514755613,0.5504034791337986,0.5950649976730347,0.35553234815597534,32D8328FAE01F5B48EC165032C30E7DEA8108B963CC050F39241C2AD0A461CD1,7240309CAFC4252BDF6C2A6939836185D61DCC6D4BC30AE43149D28298D1A85D,A44CD8288391DDCC55C210C1A7E5E34A3836E5FE77F1E6BC051845BE1F3DAB78,,PASS,DCP_UNIT_CORRECTED_SUPPLEMENT_NOT_STRICT_FINAL
M01,DCP,D06,54,7.664836133202108,0.4295278336806497,0.7326456904411316,0.5001869201660156,2789C6F938DAD041AD72E0FE3AB1265D3B0A38C6927952A3F1D4C5EF1EA35993,ED019DFB21462F398F1438F86C9B485CC35EA554AA1E136B62BF915309FDC04D,38466AADF5F0B60BD6238CAFD69A069D137E9D01C10A1855F3647BDCCA7A38C4,,PASS,DCP_UNIT_CORRECTED_SUPPLEMENT_NOT_STRICT_FINAL
M01,DCP,D06,55,13.379562161457955,0.5958553025434178,0.7970248460769653,0.43128663301467896,EAE3612C4E4F36D7F813D764CFA6F8F6BAC2A0C07C4F63664511A3906D9B3F15,DAA30DD018EBF3DD71AA19291AA9A98761FECE772CF96491C05C756E6664AF2D,025D641E4C124C31D654442FB705BB0D6CCCD04C160D16D98317034A5B9298D0,,PASS,DCP_UNIT_CORRECTED_SUPPLEMENT_NOT_STRICT_FINAL
M01,DCP,D07,1,16.156779479331156,0.6477588922194085,0.4258265495300293,0.2184569239616394,2F4AC211C76670F483FB4C23D99B792EFC535D60D2F88FCE905E47474AA29927,70DDEA3297F6FCB7E7E5E3142C38719BE0AD8F87AB385A057012AACB5113C68F,ECE91CE9FA6517B4C4D236CDCB5510F59281230025FC0A17FF77E63A51F13C6A,,PASS,DCP_UNIT_CORRECTED_SUPPLEMENT_NOT_STRICT_FINAL
M01,DCP,D07,2,16.401804084562805,0.6057929698563375,0.34565412998199463,0.13494426012039185,DBF9E753F94175E37390DB89FCFF1E0ABE7FAC13C9474DCEE19B03613683021E,CC029A27986DD6463BCD49386723FFE36FE308C9EE5C6463698E4F3F01480998,A72DEDB322997053FAE022B5A83E795D4BC603DB34D3DD8D3E2553EF4969F484,,PASS,DCP_UNIT_CORRECTED_SUPPLEMENT_NOT_STRICT_FINAL
M01,DCP,D07,3,11.833386081536354,0.5256914377628289,0.5337511897087097,0.32214999198913574,29E32163B37122631BA38311ECF7959DCBBB846FC5709EC1B6D62D17542929F2,76AD76C262F7364714F6B29D836B59238B650B1E5B1E0BD486156CEAB03DC154,16815A514145E7935E27265CF5C97AA60C84CB1D233D2B1C6B7ACE83F2E8BDA8,,PASS,DCP_UNIT_CORRECTED_SUPPLEMENT_NOT_STRICT_FINAL
M01,DCP,D07,4,9.537231612829927,0.46901282628778,0.5340486168861389,0.2961019277572632,808D29FF6D04386D2358AF34F8AADACE4F1FFFE9D54D0626F5DAB18D5EDDCCE5,9387284B38B410CD4C0F89F74527FB1DAEBB683FE6ABC6C62BB59191CE5FD145,DCE2FAB70EB167A702F3F00325F0813E03B2F38390767EAF7E6EC6C5861C4672,,PASS,DCP_UNIT_CORRECTED_SUPPLEMENT_NOT_STRICT_FINAL
M01,DCP,D07,5,13.207254343937043,0.4395608613468068,0.5874758958816528,0.3074071407318115,7695569A21B066AF399419312F4A06DFEB7EB38A07804B5E41A9FBE4240F3556,4412819E0C0E25B295B131ADC01167CA0D21F1931210DC431914AC0D6A353334,8E243B500CBB6C90275E8DAF081AA073943FEEEA1B26DE0443C38434E02BAD0D,,PASS,DCP_UNIT_CORRECTED_SUPPLEMENT_NOT_STRICT_FINAL
M01,DCP,D07,6,11.35854249346609,0.5258691016036916,0.44238972663879395,0.221940279006958,8228520490DA79602D9D4BB21E8BA2334B661A2C119BB4FE6E7C1A903B5BDC80,036D40BD93BD9677A93B0E0A7512980CCC633142FA9768706C5535D2774C9340,0D80B8B4B585D4D7FB5932B33CEE938E28B33FC6CD08F59C2A9EA94D6D5C141D,,PASS,DCP_UNIT_CORRECTED_SUPPLEMENT_NOT_STRICT_FINAL
M01,DCP,D07,7,9.625265870260142,0.4250801232513401,0.6010252237319946,0.329251229763031,2D97788E461D52BBAB88A44475C4A5E1875D739E8F4654048F7CD03C5C088431,282F2AFF116AF5DF945814499F5817895B9999F66B8E2AE1CFAF2EBADA3C19EE,70F3116ADA08D76396BCF88DC33340F77C1EC978E0812E78EB8BAD8876C79FC3,,PASS,DCP_UNIT_CORRECTED_SUPPLEMENT_NOT_STRICT_FINAL
M01,DCP,D07,8,11.7611381405803,0.6434739947291098,0.21430803835391998,0.14796453714370728,C77D35C100AA7B6515B397B780BCE1C4BF88A6CB2B13F6EFFEDCA2025C864A12,E6445594B2275DF4CDE50999ACCA8E938F3C1D1C18621F09933EE7CCE15C6113,9667A1C2D2BAA5A48320FDCCC2648DD7E0A14ACCD53641AA19DBE21903D9597C,,PASS,DCP_UNIT_CORRECTED_SUPPLEMENT_NOT_STRICT_FINAL
M01,DCP,D07,9,8.724199585163968,0.42884813230391833,0.5631638169288635,0.30927765369415283,AFE1125E5AE8C757F8F9F75624A7AD28CA5727748FFFC89F88C3A119D38073E4,FDB65CE15ABC481D61FCF6728B1482FE58576403FD03AB5AEF5099079C3AB3C6,B14EE016897FA9CCACDFBD294F92DE9B7AB56AA002244FBE2CA49E32ED116E60,,PASS,DCP_UNIT_CORRECTED_SUPPLEMENT_NOT_STRICT_FINAL
M01,DCP,D07,10,13.119711571544496,0.5959649773958452,0.3790344297885895,0.21078336238861084,08E9E0A333FDF0CD6AD1651F612CEADFFB47DBC621289AAD7912C0D275D835CA,2AC9F28AFB08A5F2EB1BAB222544E28C62FF0331216508B7B2B361D03C409C77,0AB2359B50834F53CC887BC43EF1B6C9A8ED51E807240E07290680A3193481C0,,PASS,DCP_UNIT_CORRECTED_SUPPLEMENT_NOT_STRICT_FINAL
M01,DCP,D07,11,12.419487329039214,0.4709052667435108,0.5841357707977295,0.31953227519989014,CD879322E71DC73881BA394DA129D051C80BC96FB38F62C716C52DA5DD9843CC,DF0AD43890D1D228B6FAEF5336D6128A715E2A350525F7260E6D4C5A900F7DE0,C801D60F4F37044297432729FF590BCD228E0807A19606B567F91DDDEA2BFB7C,,PASS,DCP_UNIT_CORRECTED_SUPPLEMENT_NOT_STRICT_FINAL
M01,DCP,D07,12,13.62045682393542,0.5970187590696256,0.4177408814430237,0.22732466459274292,DF826917978479CB544754875EFB5312388DFFBDEE9AC4AAF4FD19C6BC175BEB,2B9894D7AEC2FFFC8804E4E790E71D455831FA23423831D87875ECF37FB6987B,0661D4FFEB7632916995402E468C63BF228A8DD1E807CCCB361AF52DB28B995B,,PASS,DCP_UNIT_CORRECTED_SUPPLEMENT_NOT_STRICT_FINAL
M01,DCP,D07,13,12.16109300908117,0.5710938156170052,0.38123825192451477,0.24578958749771118,C5DF23FE4916054042285B1A900B08F4E6933F06962AA6E774B546B1F79A4F1F,3AB5EFEF688E8DF19B1C8A2DC1BD23316ED2EE75EEFEB5B0375166AEDBBD415A,DB812CB03E0DF7D3DAEA7085A262E50063933DC58D6AF84E6A56E8566BB7E059,,PASS,DCP_UNIT_CORRECTED_SUPPLEMENT_NOT_STRICT_FINAL
M01,DCP,D07,14,11.743880974255632,0.5482484646867017,0.40931737422943115,0.1848258376121521,E0BEE00FC3DBD4BB8A2E943525DA05D00D8DD20489AA818171BD3A73BC19143C,A2D892354F97C06A62BDDAC58EC75C94986103486D6CE395707672298D9F573D,6C1967A11F517A632F07C9DE373A68E608A3E878A8755D3AB3E7F47E3D551A54,,PASS,DCP_UNIT_CORRECTED_SUPPLEMENT_NOT_STRICT_FINAL
M01,DCP,D07,15,15.818810331559973,0.6343631493298704,0.28613850474357605,0.1199033260345459,47DC42CC419222ABCC877682642262D615A25954AEE89468F0375D2BE1B25A68,B87B8A8BB2F5B0B370F4D55436305ED02919618BF1FA77369662EA28710AFC2E,142AD32CB41E46BC7DB58BC52665FFD4D7D451DBB7A24B9FE33F97D82C9DA098,,PASS,DCP_UNIT_CORRECTED_SUPPLEMENT_NOT_STRICT_FINAL
M01,DCP,D07,16,11.119958935659666,0.6269765878824558,0.33352333307266235,0.13026338815689087,C6E8CF1214F28475A4DD452F21FF6D0873BB8FEB329AC4F16EFE18497621949E,609B9113CEDC5E3E08ADC4E4510F0260024DEE7547DE4589E9F455469281BD05,1F1B6EEF757C001B5F9535AE9B28C835DB3CDCEAB006FDD447BA0030FFC16343,,PASS,DCP_UNIT_CORRECTED_SUPPLEMENT_NOT_STRICT_FINAL
M01,DCP,D07,17,12.982401439458275,0.5672400551343314,0.46643805503845215,0.27255284786224365,6065AB75F4C64FA2B7819F1BB665539086625B585B5121B19A66200F8FBDC963,5950E9BE89EF46EBD6321CA3979B7EFB1908B99D763926192B0F96AACF1066F3,C8773B39E8B86B085EA4E98789FB1C0D3376E0A4C9C5008B4E8D550E0CC3A880,,PASS,DCP_UNIT_CORRECTED_SUPPLEMENT_NOT_STRICT_FINAL
M01,DCP,D07,18,12.454270962534462,0.5429524784157087,0.4025877118110657,0.21383988857269287,3D22552FC2EB9BE5EA517190DB592B213CA093943A559A7BA520C55CF3FF618A,B24E1E07B2985C4406F26FD22F730432A6F062584C6A83B4C81D6593439C7074,85014BFB2C58056E65E223D61492F91294DB817CA85B9F6113761BD47E7501E8,,PASS,DCP_UNIT_CORRECTED_SUPPLEMENT_NOT_STRICT_FINAL
M01,DCP,D07,19,13.366403951020265,0.48158368020052494,0.4559757113456726,0.23753327131271362,7AD7060FAA048C6B435C3F96D294C762BECF6F08D30F9FDD41DA3E1CDA189C7D,4EB4973F803989966ED94BA8909BD94592B9892E6646B6162FE44099AA5AE7F4,C01BEA6A50E38AA332016F449C201C0CA93BB1E04B27A1091801E3F0B128489A,,PASS,DCP_UNIT_CORRECTED_SUPPLEMENT_NOT_STRICT_FINAL
M01,DCP,D07,20,11.200929336908796,0.36675965626909485,0.6585626602172852,0.348785400390625,836386F0CC7777CA7086DAF7E26FC3EAEF4BDB082CCEA9D0286DC323A35015EE,63DA7322D9B38BBE8BB48667D06081E3C3934893315DB595912BE563FE5B4A94,925F56893AFEE34E5988127CBD1F23EAFC62BA11DC04754F00534F2CE352DFB2,,PASS,DCP_UNIT_CORRECTED_SUPPLEMENT_NOT_STRICT_FINAL
M01,DCP,D07,21,12.473944153835042,0.5236485421672242,0.4577416777610779,0.21524053812026978,36B844AE012712DBC47DAACDA04A81883BE7D259F7D12A2893940AE0A9E685FB,8F6BC70A448EE17D017112E6BD6E1C91713D123406F6FBC3051B91A515D26235,4AA5A7F97792965EAFB37718EE9415518A12DD7B7C0C4A9EC622A4487F9999B0,,PASS,DCP_UNIT_CORRECTED_SUPPLEMENT_NOT_STRICT_FINAL
M01,DCP,D07,22,11.408414174944674,0.3839230429294384,0.6389930844306946,0.38662105798721313,16D49FAD720777E427295C31DB5C5E4B8B0803FBDC16489839235468F4F046C7,353441646EC6FA48421EA2C5E9E05C357445B166BBD98A389597D4C9CC35D2E4,7E2DDD6EFC2C4D870013038EFD7B29AE843ACE4CCE8984E360143819D95D731F,,PASS,DCP_UNIT_CORRECTED_SUPPLEMENT_NOT_STRICT_FINAL
M01,DCP,D07,23,13.418325148879653,0.6910792272614827,0.27025675773620605,0.13180136680603027,28798CCFE92DAFFFC5ABA451C556C51D1136DCDF9D121FF3398B59F0537C9489,D7C4A37B02CA65482B3B118B5C7947C172E065243600C69CEFB0174305B5CCC0,619E1B5041C16C7CD65374B0A724F4698A3F5FB0EF5838CC5BB69534B15CF007,,PASS,DCP_UNIT_CORRECTED_SUPPLEMENT_NOT_STRICT_FINAL
M01,DCP,D07,24,15.229384850226172,0.634272684886605,0.3682441711425781,0.1539139747619629,4D9BA936BF2641A98737F01492B7A28497A815FC184FA76435659A955AE42F69,50546ECAB5ACFBD886119A284E96ECBBC93F6E73B3975C556622E320233B1F5D,FFE67BD4332312E84462692B75C6AD32DE16F8FEB7335246DA3476E9434437C6,,PASS,DCP_UNIT_CORRECTED_SUPPLEMENT_NOT_STRICT_FINAL
M01,DCP,D07,25,14.168735451488931,0.5930347195604181,0.4745710492134094,0.2626199722290039,0A2F75698628581F29066D462AF1D989A6FD1A59717E196ECCFA4A44FB4D56F8,9301726D8A40EE4C50B58846E24E12A0A35A877A8F17A236A5B0DD3DD71BCEA9,D49DB53910D4C42BDB441DA8CD0A2A092C11F22C860DCB54B32A205058B3103A,,PASS,DCP_UNIT_CORRECTED_SUPPLEMENT_NOT_STRICT_FINAL
M01,DCP,D07,26,11.550062337868678,0.4588669562587013,0.5926298499107361,0.2963697910308838,276BEB466013030724769518F4FD0A6E15D815926F48583878C8076757F2C583,38206ED528109618D498071A4A50D26D80E2B00F7BD8243E56ACCC12D964216F,FDAAF376784C8A4BAF5F2F83BFE2DD7133F0966792576CCFD4E20A1661365F97,,PASS,DCP_UNIT_CORRECTED_SUPPLEMENT_NOT_STRICT_FINAL
M01,DCP,D07,27,12.394745335568134,0.47398619458831037,0.4958254098892212,0.29759854078292847,518E1B7213E350E8E195C5096C1CAED00808607DAAC253615B72BA443EDE4FBE,1D6A7ABDD4679CF924EA3E980ED410ED01C9F78C965FDC51668117B8A457A63F,AF7DBCEA5D40C927EF412D1417EA513A17680A37A2D75D34B013D57C217F70C9,,PASS,DCP_UNIT_CORRECTED_SUPPLEMENT_NOT_STRICT_FINAL
M01,DCP,D07,28,7.980619203826146,0.35726482500816137,0.5342690944671631,0.2809561491012573,9DF77BBF1FFFE2759CA8C270FBF4F0D5174E5E36A5E14414D2C854874B26D0F6,4B81F25AACBDC6F63448BCDAAF39F393EFB34F16CBCEFEB2870F8D027718F852,1D7F13840FAC2894CFFA657BBB0D1F2A51EE834DC79CC5D160839D24CB405CBC,,PASS,DCP_UNIT_CORRECTED_SUPPLEMENT_NOT_STRICT_FINAL
M01,DCP,D07,29,10.588989442217741,0.35325461978392164,0.5242919921875,0.41066646575927734,203AFE68E56155636E21647CC997FC236BD0BF6C44A8F12BD325DA6B7E89A673,74AAADE504E46014B29AD28EB27BB5ED8D46D83BD7B9C229B3F6E3BC1EAA8176,AA612E4DA4F859C202002FE45267AF06C82EACBC73E89760C365DDCBD1519B9C,,PASS,DCP_UNIT_CORRECTED_SUPPLEMENT_NOT_STRICT_FINAL
M01,DCP,D07,30,8.778737694284423,0.40547554945314146,0.5497983694076538,0.3077625036239624,60580134EF6404C81DE70DEEDC69F09D5D57DF48E553EE30408122F9DFC3D8A2,EEA6210CEE42147E41CEF0485060596DEC20D7815E1EBAF22526B00DE0D56BE2,00DC18D1FBA07E057D855D985A5F0DC47DC264254E907A165E691A5CB9060FE6,,PASS,DCP_UNIT_CORRECTED_SUPPLEMENT_NOT_STRICT_FINAL
M01,DCP,D07,31,11.13348185951251,0.4506568336322648,0.3648226261138916,0.24258875846862793,69E44A874A0857D29438461534818DBA226DDF909FC3D1F08E913F7C2AB1D7E2,2E390F7E2161DC0142F4E4213A34E33DB5B189F38E6E155978F492C110905C18,F75D1D0661DC9993ACDC6B1F68A41686A957E2315EF78DAC025FA0D3A0AB671A,,PASS,DCP_UNIT_CORRECTED_SUPPLEMENT_NOT_STRICT_FINAL
M01,DCP,D07,32,14.072025387192861,0.6272799804443155,0.4166143536567688,0.2538679242134094,785A8522D94594A5C3C96DD313D91152E4F302AB89D79B4F60E50D19F3C0A5DC,BF820C55B092C9B475A93B12097314C4EF7739C8ADAA423687FFA29FD1892CA7,FDD3A96AC7F453BC33B50862EE957D53FCCD42B87B49386C243D04DC0414F0C3,,PASS,DCP_UNIT_CORRECTED_SUPPLEMENT_NOT_STRICT_FINAL
M01,DCP,D07,33,12.43615972995964,0.3082729972751365,0.6307369470596313,0.42426544427871704,28FD01B20F1A8356E628EB9D28DCD947EED1D2B306E297103AEBCC5F88CD91BF,2F9270F190B25D17B714CC31996610236CA1BAF3FEE80DADE6F0877DDD1A48AF,9EACCD180EB1301CCF000F0CF55DC448638DFE3A36F16D7CFACE286D3ECBA739,,PASS,DCP_UNIT_CORRECTED_SUPPLEMENT_NOT_STRICT_FINAL
M01,DCP,D07,34,14.599599481485479,0.5254570132555566,0.4237011671066284,0.3060171604156494,FCF8ED69DE46A6E886F1600F8948140D776B73085E4866C75616774146580865,E22F3265C8232C5DBD4148A02EC2B2CB3BC481448EFA777318694E10C5E89213,1D7BCA4D36876E7955D065A389702526E66C681009DD33FCE0F87D926C63CA9B,,PASS,DCP_UNIT_CORRECTED_SUPPLEMENT_NOT_STRICT_FINAL
M01,DCP,D07,35,13.800486992015966,0.5701519481796186,0.37642979621887207,0.21344596147537231,495F36A7350B3E1C12238E1869EE47D0183311EB5AA9863617FD08611A8B71D8,3041F0511BA5CB03C5A1DA424D7C196C2BEC7FDFB73911F5A484D14441217A30,32184418A810A9A04BCEC94CD2715E1540D4FF4CBB060FDDB6C8BC250BADDA49,,PASS,DCP_UNIT_CORRECTED_SUPPLEMENT_NOT_STRICT_FINAL
M01,DCP,D07,36,11.232686708164035,0.48779014726250364,0.48024582862854004,0.2857291102409363,DDC8377A47258EFBDE852FCD939462785827A0167C60CBCF2D5E1388EE93AFF7,DDDB9A267B83683FF4C57BBB891C541CCBD03F36D283CD226BB110934B40EF2E,BEE28B6FE88D9C200E7E04BFC050336CAE9429FE04C02BA394522F430397AAEA,,PASS,DCP_UNIT_CORRECTED_SUPPLEMENT_NOT_STRICT_FINAL
M01,DCP,D07,37,11.749824387223207,0.6390788227633607,0.32952821254730225,0.21478307247161865,BD1340B4AFD561C8663A29EB5A58FD79AA0401E00745CD7C67677FE7CB2ED66D,08DDAA7E314A757BF36ACBBF5E362E590F975073794A60B073EA712A7E195824,E6CF12ED6A4510810966B08FEC21E6B0C80FF694E66FFB3DAF4D0FE10A446F6B,,PASS,DCP_UNIT_CORRECTED_SUPPLEMENT_NOT_STRICT_FINAL
M01,DCP,D07,38,14.043215844036423,0.5600243057842863,0.4649188220500946,0.29352444410324097,55D7DFB7916278DABEA6FF7342C68C6B5CFB49EED2550379B234B2B1E91BC55A,DF5C03B04D078FF0117E4BC6C80A3639B3893FDEFE5D44EB057F9828194ED071,BE470C99BA752561D2DFD63ABA7A68815E8EC0679D9D60E7BF038B1BABC2A018,,PASS,DCP_UNIT_CORRECTED_SUPPLEMENT_NOT_STRICT_FINAL
M01,DCP,D07,39,10.222003651114289,0.3344124772535135,0.6676945686340332,0.36361539363861084,AC903D81C1866E88888171F76B15B4294FBAB89460F9BC823BE67B83F48A304B,AAF4009568AC96ADD356C940833D0DB1CD92D68E5E22F7171C998D044025CA67,75003CAC002E2F9726E2DF8A78D657AE90FE82F88BAF9FDE01C43D72535CD33C,,PASS,DCP_UNIT_CORRECTED_SUPPLEMENT_NOT_STRICT_FINAL
M01,DCP,D07,40,9.846776293590208,0.5274191262635162,0.4583408832550049,0.25980377197265625,7C2CDA7D34C8ECA64BF9BD048926A1AA3BC891D2B5121322D8676DFEF983AA4E,F84040D4A7208B1382EEDF84A3519460B560BA376A49929E4C17843A13AA03E7,066308045A1F49038EE4D1A7CB638A2B595991A82C70085323C48F543486A12F,,PASS,DCP_UNIT_CORRECTED_SUPPLEMENT_NOT_STRICT_FINAL
M01,DCP,D07,41,12.178781038939823,0.5235622906596907,0.5271779894828796,0.2988125681877136,276CD8550FB2A5D93B8FC9B3AA70F03F4F2DB0994E5AE3956F102D113F0C0653,1B746A2E1FEA7EF34A182FC03C48FF5598197754AF767165E364E8E7E736F1F3,3AFD55327D24C114AD2EEF89F2BD165D27141CEF8C8135CA296A35C1B91B2D54,,PASS,DCP_UNIT_CORRECTED_SUPPLEMENT_NOT_STRICT_FINAL
M01,DCP,D07,42,14.353886897434407,0.5799778647714686,0.44250017404556274,0.2747865915298462,96D0D46DB26CE8069CC040C544B03466B78BDE82990EEF47BCE5268DC85786D8,1FA6871B81CE5A13EF3C9CB4AD41578E1DED901976EE7FD81B193E6B159E6E34,720BC2F2F313BF3E91997944AB7A1EF2993F512CBF07B2826B0AD0123FAB2EDF,,PASS,DCP_UNIT_CORRECTED_SUPPLEMENT_NOT_STRICT_FINAL
M01,DCP,D07,43,9.427943647186268,0.44202019931812764,0.44220706820487976,0.2724367380142212,92E86C4F14A09D2FF33D03600292979095602F12C890019FC284131E29ABA6AD,760B8C97FDC44758E1D0D966D9C9C2BC6080AE2B37F6A240413AE929F96DF260,500180E111911A8FDF1DBD964D4A82423A34B72001235CB314BD3264D404E225,,PASS,DCP_UNIT_CORRECTED_SUPPLEMENT_NOT_STRICT_FINAL
M01,DCP,D07,44,8.48068432264545,0.47397350222344453,0.5142826437950134,0.256478488445282,6FAB41B0239CB4EECFAE696EF12C66667CFB23E69797CA5D5001301179ACF265,EE03F159BFF1E0B5CF0FA9792C26DA85D951A46BE2996DD4EE5E38CCDBD11063,D5E09A3042F8EC14200FE24052D8327629B0DA0B2842A2CE6D4FC922DAA0FF20,,PASS,DCP_UNIT_CORRECTED_SUPPLEMENT_NOT_STRICT_FINAL
M01,DCP,D07,45,12.912701046912707,0.5353438092658647,0.46337443590164185,0.28334689140319824,25E657687F02DEFF18C74AF29EE167F04C7F360C8F6AE40CD005E2F6B93B22F8,40B2C27DAA91346E8DAE0634F58B1908F4C9947BC5A4AC1B292060021AD63F48,BFED8A67EC6200A531CF37D63E81DAE46AF1032850831DD84A5B3DA09D093DBA,,PASS,DCP_UNIT_CORRECTED_SUPPLEMENT_NOT_STRICT_FINAL
M01,DCP,D07,46,10.125742781288716,0.4572035295010847,0.568140983581543,0.3171495199203491,BF25D291BC088BDBB4589980E3A456B95580947393BBC4361B86B2A856275469,DAFDD0CCA03EDC3FDDECC00BE107C7BEF6CF7324B8CBFEE47BDB1A1C62BDA2B9,BF6E263D582848F689B8BEE7CF117105DDD345D48CBE3362BADBEE7FB342B8B6,,PASS,DCP_UNIT_CORRECTED_SUPPLEMENT_NOT_STRICT_FINAL
M01,DCP,D07,47,12.998061482528938,0.5024844280915314,0.5547172427177429,0.32501548528671265,DF0FA40FD6104B249E475516FB131D1EEB075B4686516E27E2913C05B3A85EE6,D8A0D21C5F0F0D012F2131175A37811616DD6D606A28A25093213DB79404A585,D272E78B227061F419C5CEA7CE6A6BD3D01D3B0C22310A2D05670395F0803111,,PASS,DCP_UNIT_CORRECTED_SUPPLEMENT_NOT_STRICT_FINAL
M01,DCP,D07,48,11.46075547312973,0.34289481819800205,0.5140082240104675,0.3112283945083618,3B301E07DE8F14832F593EBE8491B039EE7C9D289CF991F9788A0DB7B20095E8,6B74FC289D89DE2B69A6ECCB274AEBB570FBCF4802BDEAAAE711C8AA74F1214D,F7DD0E5A4FBC8C4EEB6EA5F6A48F21A2F2D22056D5A19B1FC07C9C2925771AE6,,PASS,DCP_UNIT_CORRECTED_SUPPLEMENT_NOT_STRICT_FINAL
M01,DCP,D07,49,14.09880470548301,0.6152939435484707,0.3890669345855713,0.22063255310058594,C42F9377AA6CA30FC45067B98D33ABD11EAC3FB614BEABE92473F4DC6E6D81C1,75E7F67309BD2A83D503756C0BACAD4F3DDC7D5C571644F16F8A310E3E05D152,0858D6CEBAA61799EB50379893671DCAD46C52C482AE4DCE1C3E1C3ACE645745,,PASS,DCP_UNIT_CORRECTED_SUPPLEMENT_NOT_STRICT_FINAL
M01,DCP,D07,50,12.887711283078547,0.4628337474256637,0.4557214379310608,0.2796030640602112,6EE7CFAB524B06C8FB85816E4904C25426693FD1DAE0624D52EE106FFE336D84,078C6B1C923459F568D242F12819DC727F4C83744D353DD439CF3D217F790E2B,4D3D06294AC35DC978B8674A5BB118E44EDCA377B0788D40E64DFAAA38C08AB3,,PASS,DCP_UNIT_CORRECTED_SUPPLEMENT_NOT_STRICT_FINAL
M01,DCP,D07,51,15.647988473829171,0.5268078110828275,0.5059397220611572,0.3347800374031067,DC66B010FA0B129995CD5BC405EB0DBEB4F0AB69EA9DE677527C274EFF456074,F1272787458CB07FEE6D5FBF60372A17135EFFE21624E0F5399AF5417DD7F33F,6C933353803F49CADCDF6371DF9C494C0E9D1A6DB055AFAE74467D220E05D486,,PASS,DCP_UNIT_CORRECTED_SUPPLEMENT_NOT_STRICT_FINAL
M01,DCP,D07,52,13.857224792365177,0.531406643748999,0.4763985872268677,0.234879732131958,0B357FE8678B05CF3108C1B9C3F17369BE95E1296EA6D0BBBC2CF32511D6D1F1,E0293C9563B13300E5CCFBC3AA9B1A08C37F790AFAD174C032E7931B6047AE41,D545AAF3C10ADCEE21BFE44844F804F13DFF04FAE8628DF399CE4482DCD87D69,,PASS,DCP_UNIT_CORRECTED_SUPPLEMENT_NOT_STRICT_FINAL
M01,DCP,D07,53,12.002265609499636,0.488891782972096,0.5250078439712524,0.2553432583808899,B45310A5C6D3B5B8A41FF1C91FF949016FC4A30599E76F5F3B691FE25928EEAB,6E0248CBF1F21BAB1A1DC4A8C461B8F4E8A46801364735D08B51A61B6CD24F7F,B2D0F04CCBC6F10EBC38D700D32BA661EAF928611F730CABA38857DB67EA4BBB,,PASS,DCP_UNIT_CORRECTED_SUPPLEMENT_NOT_STRICT_FINAL
M01,DCP,D07,54,12.380614902083849,0.5044056278174553,0.4440188407897949,0.2496170997619629,CA3DE5F9ECAE90CD1F2279FBA3522E283E1C16F8B85FEFA8C041705203C33AB6,834DAEF81393AFC39AC73411D5F59542911D7F9DC23B19C999E3A4F2EC8BF28B,BC787F551D815981BB47D994179362D2D8E5A5E87114024948DC8C0A1C09D8FF,,PASS,DCP_UNIT_CORRECTED_SUPPLEMENT_NOT_STRICT_FINAL
M01,DCP,D07,55,12.649247607684263,0.47144042381569057,0.4216509759426117,0.21837353706359863,0ACA5791D2F797CDAE61691DC15A70A4070BE4303E25B976F1CA530779D0ACFC,5AB38AD0A643FEC9C67CB841646B0CEE2EBC0946A50C80F5EF9C721297BCD023,1B2261BD584CBB35C16CC7CBA1E0743CA7074AFEE493BCF5FF2347FCE4F138E7,,PASS,DCP_UNIT_CORRECTED_SUPPLEMENT_NOT_STRICT_FINAL
M02,CAP,D04,1,12.287860474505411,0.6854734140039662,0.27225369215011597,0.16005009412765503,3C0D534654C7A4365A783B3C11FF6659728B8A26A0F7E3F47ECAC37018CEF9A5,2EDBB4125D4247BEE1342B2C65FA0B5D03FAB855BD24B00CFAA7A3A74F1076C7,B36C4017ACC0CA94F88FC484CA28C3DAB72B5C4A5BF0239B223F3E5E42E1CAE0,,PASS,HASH_VERIFIED_SUPPLEMENT_NOT_STRICT_FINAL
M02,CAP,D04,2,17.64392183494459,0.8260908607733398,0.2281147837638855,0.1272088885307312,83ACE0385ABAAEB78FF8646BA8C0431B42C1F1E9824382A8B29E86CED190C10C,B051CF55CA912DB2DEFDD68017A476C8F9DAF25E3981B2E4F855DAF6025DE403,1297B0433F74242EF0D0AC2F79F367AAA5925DFB747D5FCE31B150EE2D5504BF,,PASS,HASH_VERIFIED_SUPPLEMENT_NOT_STRICT_FINAL
M02,CAP,D04,3,16.1792300387646,0.618687320290365,0.35047563910484314,0.2813471555709839,7EF116779779E7182354FA2428EDEFDFDBEF1CF7E767FFDB4ABCEBE5A26048EE,B6F7D05A209EDD9D0793F97EA607B9C6EE002C6C4B280B615F08C7D1CBB8E367,4D5C378DC88AE7482D4F66033A46A9B5319FD6F3E46B0A03EE04482CEC829777,,PASS,HASH_VERIFIED_SUPPLEMENT_NOT_STRICT_FINAL
M02,CAP,D04,4,13.792943295854451,0.6246520416534573,0.40092480182647705,0.29044073820114136,CC7A0ACD6AB58D7E211B155F5F31948B25CBFD1164F9AB19AEF5B3696A134446,D504F0C3AF6CD202E5FE35A7345B0CDC80502BE8E14214D8BE98644E3088B385,A1FC412CB951B7482F47BCBF58A1409BB4963732F92AD7E6BB502AB73D144EE9,,PASS,HASH_VERIFIED_SUPPLEMENT_NOT_STRICT_FINAL
M02,CAP,D04,5,13.944475929403861,0.71110232264137,0.24618756771087646,0.14228463172912598,69D75429BD63BDEAD8FC8391B02E51F23668508335060122D005C8A3911B0A81,69A65B307D4138E1B5F96FD220D9F1B31590AC6D5E290C8795988D4BC715EF97,89ABFA23157986151D4EFABEAEE094F37C17E554FAA9992C56B5BCEEED60EE54,,PASS,HASH_VERIFIED_SUPPLEMENT_NOT_STRICT_FINAL
M02,CAP,D04,6,13.77070894022496,0.6056628887170866,0.44442859292030334,0.24708127975463867,369A9A7C7774DDC377084A7574F799872C847F35343EFAEBBB03BE17D2290BF7,7E091171C393BB46508BB725BFD30B1BF6FCD51A1A8FA591CE3DAD1233794C61,38729AF0F3B679EB41CDCAEBFEBABDD7B454E3F213DFCBBFF8995B79A151B885,,PASS,HASH_VERIFIED_SUPPLEMENT_NOT_STRICT_FINAL
M02,CAP,D04,7,16.97711197806281,0.7538089931450247,0.3451911211013794,0.22327983379364014,21185097E3161D618C0AB213C8755B6502C750A759B5ECB3EFB9F51CF9E978B4,F8C284D1AF8EEADD80B4940577AA7B3A3AD9BB3E189B5B6BBF293E9595204C30,7271EA431B77F7A0374BB4093C73594DC440DC4E5C27DB4E3F9A29BDFADB7B15,,PASS,HASH_VERIFIED_SUPPLEMENT_NOT_STRICT_FINAL
M02,CAP,D04,8,13.815846861925094,0.7508868313847792,0.30115294456481934,0.18136143684387207,05A6B22C5C127DE881D22D83B43BD43F91A574C38BADE064ACEA9DB34EB44E99,B5E686FC6B20002BF82549EEC3FFF547E8AC27923DED754F062856C325333A8E,955CB74AD1AA58E54F1BF303F5F9D00667CC0D40361087EFD8405E04DC04F8BE,,PASS,HASH_VERIFIED_SUPPLEMENT_NOT_STRICT_FINAL
M02,CAP,D04,9,13.656319386570079,0.6399671025540757,0.2555830478668213,0.11936664581298828,718DE8A6C7D21A51C15C11097E571B3E4F0930279C690822FE98D0D95993A651,C4B2609121116B2C8C654C5E5E80D25BD588EC9CBFCD04B9013B57B8145EBFAB,5B59C2DB78387368B364288F215523773B0DC784B9E4E31F255911C202B6F879,,PASS,HASH_VERIFIED_SUPPLEMENT_NOT_STRICT_FINAL
M02,CAP,D04,10,12.787026896722924,0.6912744301515651,0.2663237750530243,0.17534512281417847,34D9A2C5323D2FC655B846B6EF110D8A823A4F60CB617990ADE76D9DFBA418D8,5CA247E0447645686F13A31E3FE129CCE1E3A4BD8CDF731993132DC2594D58D7,3748B60FC6535BA4A1BE0B819B195854C7188D35E362BFE8662440F4A2E4F272,,PASS,HASH_VERIFIED_SUPPLEMENT_NOT_STRICT_FINAL
M02,CAP,D04,11,17.11470313641265,0.703626046284379,0.2405189573764801,0.1299724578857422,5F54EB6EF0E843EB589BD7597C5990F010AFD78D6F850B0C831A380AD4897B5E,B7569C5C5A38F7B57AEE79603DCBE4C5FEF3AAABBDE31B67D12DA65C66963B9D,3101A11877E2FD579F3136C8A5325AE0325F53362DB83817FC5B7CB4561BCE87,,PASS,HASH_VERIFIED_SUPPLEMENT_NOT_STRICT_FINAL
M02,CAP,D04,12,19.279221258363513,0.800363898333044,0.2778661549091339,0.19664442539215088,6CF81158987FED6BB4BFDC4DBECEDE31245E6A33DD1D67BE95824F24578B5D7F,3BFF920AF4640D93B95BC805614BD7BD38924B30CCCA62C797F7BD79F4A973B7,BF7EDD2089CA6BFF823DAA18805F6E4EACBF3C57062D6CFB4F4B1F1D0354D23B,,PASS,HASH_VERIFIED_SUPPLEMENT_NOT_STRICT_FINAL
M02,CAP,D04,13,15.79718339781068,0.660998913856293,0.2177978754043579,0.13532757759094238,24BDBCC4C024B4FAAED275344A0C60794C306F405620AE5F2EA0C9E9C48DBD33,BAA97DD4006D01E1761AA8B55545E698B899CF088F087E09E3B4897555272817,F29CEB55FE3B2708A128FEED9B5E4E7CC6009E0E1FB252B7D876DEA3564C825D,,PASS,HASH_VERIFIED_SUPPLEMENT_NOT_STRICT_FINAL
M02,CAP,D04,14,16.696537832433872,0.7765247352584174,0.23635970056056976,0.1311490535736084,66D2E2061C54CD5F5173CE90A57D302124E8943EFA217DF6B82DB6C67020B38E,162C9550C57E3E348277D3CB4567347B06FAEC07FB6BA6E03DB37F77C0F83FDE,5F44F17F88F635D87FAA062A6B3211F2ED905F6F9EA24C8C164C814E8F0CB86F,,PASS,HASH_VERIFIED_SUPPLEMENT_NOT_STRICT_FINAL
M02,CAP,D04,15,16.850235804916124,0.8324182504379877,0.17649754881858826,0.10496246814727783,0A660F46D64370E6A21D9D553AD5F98EB82B6D7DF6E006F9A016F9AFFCAC60EE,1DD2B182975351D661F1E303F63F755F08A1EA7DF43F5FF173D62E149042563A,2D7475A39184A050278739CA1F81F034385C27C40D3CD39BC168744BC45FF262,,PASS,HASH_VERIFIED_SUPPLEMENT_NOT_STRICT_FINAL
M02,CAP,D04,16,15.043391717613153,0.7004461181226688,0.21801455318927765,0.11650526523590088,958326DCEE63E40F1DF57EEBE91A219DCF762E1B7FC4DB195C8235CC300EC7E0,DF75E8E547D61499452679F92FC17B26447D47C7888CA7F2FA83B150ECBB4A10,8F347F5AB62D05DB770CCBE5E9E0B46AC48F5FD8707E74620B2E349116EEA538,,PASS,HASH_VERIFIED_SUPPLEMENT_NOT_STRICT_FINAL
M02,CAP,D04,17,13.935729280569053,0.5853760473618165,0.40091150999069214,0.21949481964111328,E56C54F6F4211814D4A4700E2C51E3C911668E99A51C28C0F3C20BABB7E82A2A,B5CDDB706C2DCFAFC53DCED1FA7F704B77173B02F9890D8F2E1FD75FFEF2C254,7B00F2E3F8D531F1377A003C29574C3B18F0AB3689A2147A50A92C85AB810D65,,PASS,HASH_VERIFIED_SUPPLEMENT_NOT_STRICT_FINAL
M02,CAP,D04,18,17.03417000444713,0.7049002534424433,0.3982994258403778,0.21909773349761963,43FC7E8F922DA9A7B2A02F0745081828713B87528BFD99FA88DCFE2C369152C1,675F029BCE112FB122C527350EF0C2381F0D7E66272A214D2995C564317E5DC9,9E3DC3A5E4EA6054059E9F3A9A78D9639807F957FD7A3DB07B97C5A37D9157A3,,PASS,HASH_VERIFIED_SUPPLEMENT_NOT_STRICT_FINAL
M02,CAP,D04,19,12.843726104002755,0.6967223195960036,0.3538745939731598,0.23832732439041138,3E65DADC65D687C514E78D0EF8207075BFC577F07581E878BED238D76C392DBF,5408A4C8607E8C201D9EBFBE41184DEF6270FC5766DDFA6F07202044A2CBEAFB,9E16B24FCC6481FC6127CA807BCA1CAE8155626D7EE0DC902131B49D4F22DD63,,PASS,HASH_VERIFIED_SUPPLEMENT_NOT_STRICT_FINAL
M02,CAP,D04,20,14.013962879380683,0.7799617866556922,0.20482510328292847,0.09823155403137207,8BBF8198B78B76A647AD3A7CD0E73CDC213CA3E395FEEC095A1F96BDEBE98741,AB2DCA787F588E801409AB469BB4A59FE4288AD426AF4806DF8223B9629C366D,B3AE6A7FC460E4AE0A2D0208BD72FF68B03CEE6256278F40C7B14F4DC992E087,,PASS,HASH_VERIFIED_SUPPLEMENT_NOT_STRICT_FINAL
M02,CAP,D04,21,17.84911278844121,0.8076108258585553,0.20362769067287445,0.11792880296707153,36A476105357D29E915CB02FCC4733514C1420DBEF320EBC971BBEABAAE905D0,1AB05A60150CCF7587104B3924BAC1DB81A9B6F870475AD6069FB33F08F41A2A,C05A27D6AD41C4B79E1698977E5104860E0BD87061068E94AB244B2047A50656,,PASS,HASH_VERIFIED_SUPPLEMENT_NOT_STRICT_FINAL
M02,CAP,D04,22,11.583644475729884,0.4040609270237662,0.3568309545516968,0.17963135242462158,6A582E7EFCF08A71219226CB73B73A27C003D99301784D5378EF2A6D14101973,47F4AB2C93B9C83088E2DB40A410900DAC738B1503DB25D0423FA33B4FE83225,F22FA923099C2FE828D6688A6949DD14E97B8F2AB6BA687686F7AE08C545C524,,PASS,HASH_VERIFIED_SUPPLEMENT_NOT_STRICT_FINAL
M02,CAP,D04,23,14.930465553723103,0.7590493657186812,0.3897421360015869,0.29770511388778687,CCB31930CB34AB7FF04304C7AAFFFB7C7341559008015754666CF2D3D4D578CA,434B68AA01184DA16DD93DB83CD9473F9BDDAA7236E46F29707A26D62E77D034,310B0D31D3E2782B4CC7EAFDCE9F1FDDA28B3E15AB795023ACFFCDCF317596E8,,PASS,HASH_VERIFIED_SUPPLEMENT_NOT_STRICT_FINAL
M02,CAP,D04,24,14.630548496577273,0.7435430820626273,0.3160337209701538,0.23635977506637573,7396208903EEF483C8C5234A53114F0BB96B6766840771C2009F2EE47C08D0E5,2F94F1D924C537644814F82C9F78DD2901ADEE578F21C87DA409FD5879B1F3FC,8823573B53EC0B913A72D4C000036C8DDB2883711E67BF1D0FB7F2A1399F980A,,PASS,HASH_VERIFIED_SUPPLEMENT_NOT_STRICT_FINAL
M02,CAP,D04,25,8.861492223991059,0.2370428352109403,0.5920255184173584,0.3596927523612976,7F7E3B1EB104CBBC246EC8788E300A27F5DF60D0F267FFE992A9D0AFC198CF8C,923C0F0EDEC357692FEA84FE1E2BAAE77FD890F2D8294098694D83C5D7BF2F5B,D4C3CFF0A9C5D0C4B12CFFB5FE3B4811790E8754A578506949E4619EE846768B,,PASS,HASH_VERIFIED_SUPPLEMENT_NOT_STRICT_FINAL
M02,CAP,D04,31,18.58518759460916,0.8227244239257417,0.17770081758499146,0.08646523952484131,C0FD0023EAC765BD9E77E4699C65E6F52F06382C395EA7A8A7DCB02EFFC8466F,CE7E848FDD9B9A8E53CEE8A80540A02E19017CB82656E4DBD934C84AB8192C79,81AA3099C5AB5F8CDFD75F212B03F925FBF5039D6B018565CCF990101ADC477A,,PASS,HASH_VERIFIED_SUPPLEMENT_NOT_STRICT_FINAL
M02,CAP,D04,32,13.710075309223356,0.6263807711753105,0.33816829323768616,0.22818922996520996,C95071845DE2EC5A78E782C6611DA84AA42187C31A792D0B8909F51451B602D8,A5E6C4C1E13B6ED7E0E743E0045B52988EBE8835D4220C7BF5D0FA98E2411DF7,A700DDDA68BF1174DB58E7A4C3CC30200EEE7E5C533A9EA752AEDA61DED47FBF,,PASS,HASH_VERIFIED_SUPPLEMENT_NOT_STRICT_FINAL
M02,CAP,D04,33,12.976810282181257,0.7214020701754422,0.3013159930706024,0.1754143238067627,3B555B91195CFD0222CA505B5ED0A372019BBBCFC9063D4D062F88750FAA72D8,47F2C549DAFF442A3F77ADAD6C7C3F05A85E250AE22754117BB873CC2CA13DEC,E4548967BEFBEF7363B56AEA3ABE6CDA609490D9D0B32B8AEE1D9AE23BC4BC65,,PASS,HASH_VERIFIED_SUPPLEMENT_NOT_STRICT_FINAL
M02,CAP,D04,34,16.19997563126127,0.7957930672307368,0.2147257775068283,0.16762089729309082,49905E56427BFF302B4BFC724C35952837F0FB9423C91A44A15A04062AF871CD,45D9B0C3BAD9B62EC6033EE3933AE05A29CF7CCC1C8A3E5104650132044FBBF4,6FBA19FE0C4AD603381887059DD872237B8A2E3C004957BE4793E34044F6B94C,,PASS,HASH_VERIFIED_SUPPLEMENT_NOT_STRICT_FINAL
M02,CAP,D04,35,13.767697250154454,0.680138364204531,0.38062384724617004,0.29901760816574097,7AE0BE8849F040A52755C6CCD03C1E7C04611CCED8AE2D2FFA6040116E3B1913,AA6632D2E7508666959D0D0D0B9F3E8FAEC29043C23CE2EC7D4A650A4B1083A3,35F4EE79D49CD99828EC5C4628556ABC4C9CBD2184242BED3A4BE6FA2AB69EA8,,PASS,HASH_VERIFIED_SUPPLEMENT_NOT_STRICT_FINAL
M02,CAP,D05,1,10.966544026508753,0.3975551468920184,0.5121427178382874,0.2701721787452698,5617E822CEAA1E52407BCF8D0E1835EED14A86F589EC7BC01495E8864BDC7B88,53DCBFDC4EBD977C01654DABFE04CC2246570B1541BDAC6E9699BA15C17ECD88,5600B88C66E84DB72C55D7B02CFBC467ED501B25A4C477DA9D507EE2DCEA36EA,,PASS,HASH_VERIFIED_SUPPLEMENT_NOT_STRICT_FINAL
M02,CAP,D05,2,14.60930427711978,0.5490567211116423,0.40200257301330566,0.1740436553955078,048C2C0A7B3BCA9C974BF8CE047C73288DE209B9E8B13CC84DA00E1E7062FB40,5C667FCCE9A1ECCA7DEAED221128B2C73F7B105C4DFAA7BFE7EE5BC909057F5F,E7D0A81A0A0B6673A023B1741C4457562F428771BAE008D4E1B63D7EABA799C5,,PASS,HASH_VERIFIED_SUPPLEMENT_NOT_STRICT_FINAL
M02,CAP,D05,3,20.183271708726245,0.7735147155384428,0.2832907736301422,0.21524351835250854,3FD16E4347F28400F4A0AFC544C7BF1D7F476733565D2CD3BB02F72F1B9E7DA1,0EA8C6409C916E0336E1CFA98B31C63D7D0A28127A46E0FEFDFA25691CB91B76,9B8B7DFC21A4E99C395C2C0A6406DB162C4B89901A3F3C7A84AC1DCFF14D83C3,,PASS,HASH_VERIFIED_SUPPLEMENT_NOT_STRICT_FINAL
M02,CAP,D05,4,17.44624481613841,0.7183837506677495,0.3039519488811493,0.15743625164031982,A2DB1328B3F4F6F760C551ABAB19099465B7C3082F629E9BC04E893B9C8A0605,70FA3CA85DA8C2153E084C303AE5110635C6D9D3D8A2FA10593B90D029C6F570,2B1AF6610F19ED4AA504342192CEC10E93F625F51C17E41346DE78FF34941370,,PASS,HASH_VERIFIED_SUPPLEMENT_NOT_STRICT_FINAL
M02,CAP,D05,5,14.139076432490555,0.46348608048292594,0.5319292545318604,0.3718017339706421,F521C0A2A6A0A8D3BD9041F050C167E97F6FB8B3590F958BD86467A5FC1357AB,F0F01C9A961FF272D7AB18E571CE9FC78F35FB33B29493649138458DDC2DAF3A,7BC6282316854603149A152F5DC408F3894971176547BEA39E155D5E05E14014,,PASS,HASH_VERIFIED_SUPPLEMENT_NOT_STRICT_FINAL
M02,CAP,D05,6,16.438299817530165,0.5925525887006505,0.41467583179473877,0.2871701717376709,F0C64D7A3ACC73E13829DDD822E8D2544329D707DF31FD3C150D1191AB772271,284F692ABE83C7D7F26F5075BF7A7D3302F954305DD8B06C2D41294F790661CB,4E789477006DDCC33A1391EAD3D35964C2005951DA76BB950C257FEFF560D611,,PASS,HASH_VERIFIED_SUPPLEMENT_NOT_STRICT_FINAL
M02,CAP,D05,7,20.095768831381598,0.8309230849668706,0.2059134691953659,0.15002357959747314,64E571161C50D7A886CC22F7D31E6CBF038CE4CDEA3B5F9EFA23F65BFDE3B86D,3576D3A3C1EF68992D1E5EBE696CF03FD821C1ABF70A5DBFAB9EA687D9F67F6F,9AF11336112F865E0D3D345D22047F21B036A1FACDD12CE4866284AA830E3B27,,PASS,HASH_VERIFIED_SUPPLEMENT_NOT_STRICT_FINAL
M02,CAP,D05,8,13.859124554420664,0.4692181269772089,0.5422062873840332,0.2789406180381775,6434DAA4F8C01279D6B92DAD6831E8AAFEC6CD3F23666D0715D72287DE8B77D3,A7EF48823C56AFA9F2CF44DEF8787391E89F3D84641BD1B920C60D90B717FDE4,5DE9095DA0F09BA7A227D12352B54BD011AB4B1129982AAE869547A4C50FB8EE,,PASS,HASH_VERIFIED_SUPPLEMENT_NOT_STRICT_FINAL
M02,CAP,D05,9,13.496061116585347,0.45026178251287563,0.5751728415489197,0.4288329482078552,19AD82CF7EB8055796A0E7948F51430EE9B57BA6F03890D1D418CDD8905245AB,F2F9EE2966C2BA1676947AC453F226689E435A398A31A9D87C601B23F6D33785,835633BB3E40EB1AEF29A0792E1925B5FA1A05616EB43ECA770327E297B399F0,,PASS,HASH_VERIFIED_SUPPLEMENT_NOT_STRICT_FINAL
M02,CAP,D05,10,14.574836255830304,0.6196712887666179,0.448055624961853,0.23756349086761475,A34C1732598E8B49083335EE8E030A0116FF11942E8E6D678CE3634E543A361F,F5BB3CDD8067CBC211ED4897EB8008B353205AECFE648D732F33C569E8BEFE33,87270D004B8FB7D54AC58383CB62EE2088BC1199CAA16846607A0D20D4AA5178,,PASS,HASH_VERIFIED_SUPPLEMENT_NOT_STRICT_FINAL
M02,CAP,D05,11,12.504318952540807,0.3300254531966024,0.6754118204116821,0.3576514720916748,7B1A936B06A0B8463FEB093F131E640E40624749382F524DB69E9BBE52B37173,B07169B798FF75F9CFD2AA2DB20325DF8825562D800728E1B8E4555CD4C80C7A,6410DD6D99E2591A7E9ADC7B7D10333BB9788CDA46D930F0087AD44ED9A4D8EF,,PASS,HASH_VERIFIED_SUPPLEMENT_NOT_STRICT_FINAL
M02,CAP,D05,12,16.039660216092656,0.719703515819468,0.3552675247192383,0.17855864763259888,4222656C62CC3E571F6B1E4C5B4C71B2E21517BBBD9CA3AA381B56332B267EDD,806555EDB0833D98300224F41559E43535B567775FC013E802AC7640CBE05BC7,FCEF4E09CEF3309D2FC505DC73E5E550D4227C66D5289449A783A3B637DE4D5F,,PASS,HASH_VERIFIED_SUPPLEMENT_NOT_STRICT_FINAL
M02,CAP,D05,13,14.57568861089028,0.6301280464966798,0.4967001676559448,0.2925044298171997,977ABD49F66B81417E9174BCBCE868608C31751C9FC4BFA866EF34FD802DCE40,15503F04C2CB5B2DCB5113AE8AA8D8AA89E802BEAD6B6DA16D5F324AD80777AC,8311A82B330BDC75FBF8DAE66749225F19A8BFC057CAEE2E4AC67A3192E9C3DD,,PASS,HASH_VERIFIED_SUPPLEMENT_NOT_STRICT_FINAL
M02,CAP,D05,14,18.03777168153885,0.782771896070478,0.2527523338794708,0.19628840684890747,246FC0415F51A607CECAFBD82622B91C70329BB2FE6320F137D15944F41BAB6B,A5CB1D302D65F4DF8AF4D46EEF441F7275E76895C28C3529C7AD2126F6599C95,652A0047C7710BF7C08FED8CC8E6F833F2EB84C5436037435084EFD14917596C,,PASS,HASH_VERIFIED_SUPPLEMENT_NOT_STRICT_FINAL
M02,CAP,D05,15,14.16543844063776,0.655889263095339,0.3826064467430115,0.2781931161880493,AA650654D043422CA7CA33540D52712645D9DE0A1C11EE3550443ACEB01304D2,2399AF2F70BB47D7AAE26101C974F7C99C910619F31ED199FA4F84A94BF2E8A0,64D1655B0705943EBC973776CE380D228BF344314F93DCE4B8A1080545AC0612,,PASS,HASH_VERIFIED_SUPPLEMENT_NOT_STRICT_FINAL
M02,CAP,D05,16,12.401082654211017,0.529767268852333,0.5954145193099976,0.4337015151977539,A34D3094453208AFDBA0E80FF00D0B8723227CF6B8AE8965EC23104E99FCA9DF,F56B229B99E57C2F8617F6652238124FD8C0186E77BEF491F2121C541529E1EC,2E5D5CCEB0C321AF0460FDEBC9DDF57D0E9159B068A99C1B37C680234A8D17EE,,PASS,HASH_VERIFIED_SUPPLEMENT_NOT_STRICT_FINAL
M02,CAP,D05,17,11.907477487645961,0.5454268001162811,0.5298315286636353,0.33862411975860596,7F2CC1E4D3CF76F5F4A8E2AF50B82457D6773ECBCF451C9A17DEA6DA9FA65838,95FB456377FF9E1A41A33A46FA19AD8CEC61F3AC3DCC66117350C328AE5DD15D,E75BED70DFAA3B0BE6E893E1B8755A5D236FF203FADE634874D506A1F84850EC,,PASS,HASH_VERIFIED_SUPPLEMENT_NOT_STRICT_FINAL
M02,CAP,D05,18,19.344899410463665,0.6338874970969594,0.40401139855384827,0.20826929807662964,E50EB742F07CAE64CEE4A4DE3628928D6335F4F5B0A541D64D2A9B555FE57078,2E1D305A4C94E175FD80E3E5167BE6BC7D8130D913F3DADFCF77E75152124584,566889E1B51286CC57C21D5C0E25A6E3E5A7AE4245DEBE47EF60F357DCFCEEEE,,PASS,HASH_VERIFIED_SUPPLEMENT_NOT_STRICT_FINAL
M02,CAP,D05,19,15.409642290079207,0.649535770121742,0.30689114332199097,0.16106772422790527,6C5CAC2066ECAFC48120FEBDAF0B2FD62E554D960EC79821579BE7B0B93C886B,C4F0695123F82C180D583489F57C8D065DF7EAA148F4ACBE9E38AFDBC0FF034C,A6137D43385FA8EDA31C46BD7DC93BABDEF0D1FF05ABC8464BD22C1E5AFB7011,,PASS,HASH_VERIFIED_SUPPLEMENT_NOT_STRICT_FINAL
M02,CAP,D05,20,13.975211241505017,0.4904016032679542,0.5000187754631042,0.25945794582366943,BC66561B39C77894D5DA42F1760D11A1C255FA2E6D9CECBF1C60C2EBEA9A5B1E,0F243A6FF42B176D7FD505B0F9369023BF724498CE555D16BF5C96E8728C6AEE,D2002FEFBB31F2530FD651A919603B3C83CFA631EF62D82867C9176BE2A1F6A7,,PASS,HASH_VERIFIED_SUPPLEMENT_NOT_STRICT_FINAL
M02,CAP,D05,21,15.41379651367903,0.6911784963681379,0.41131144762039185,0.2857216000556946,069F11F974157E01D0C205B3BB74787838DCB6C9F572675EF8BE52973749CF88,259240824FF511C499487549ACBBB54D4B22A0EF45F6A31288656DED08467352,A274994364A549ECB0C42B7DC3DFA859C2E602CFCC9CF30D45109AFB202A5EE4,,PASS,HASH_VERIFIED_SUPPLEMENT_NOT_STRICT_FINAL
M02,CAP,D05,22,16.11696460451316,0.700728278318393,0.20723553001880646,0.10235750675201416,027F98CC74B5071544C780C4BF27BE6C33F02E6BB80F7B32E19B49280AA57647,15B7A7B47BB42977437541F8497F69D14985F3C88E72775FDAC4CFF963529E26,D9F2C5A4767E96E6F5FCEDC87A4FCC3022750D1D6CBAD377255D90DEB890E349,,PASS,HASH_VERIFIED_SUPPLEMENT_NOT_STRICT_FINAL
M02,CAP,D05,23,15.410974864081002,0.5517481078711607,0.32006967067718506,0.1403999924659729,AD2E2E1D351ADC63E72C962050AD1C5E4649585F5E843EB5B0E4BE18A4EB25CB,2BE0C3921A195D62219DDF3DEFE8D85BC03C0E5C811B4C79E89B5595DF6B9C88,69BB0847C85B9B623811A0DB425DE3F542CA1B073429C73EF8C7B3CE42C46D04,,PASS,HASH_VERIFIED_SUPPLEMENT_NOT_STRICT_FINAL
M02,CAP,D05,24,16.05052264837503,0.6726086806945833,0.34143006801605225,0.1943429708480835,FFB1C16B59AABCE6B64480A23E2E805760C05B8F229D6209FC97EB459A71333A,23939243C8F40539CAB9B3FEB8CD6A7CC003511C759FDB133CE06BB44F5BAD21,ABDD79541EFB5A8159DB546427E6646B861E282DF79CA98DECD5577A252E6977,,PASS,HASH_VERIFIED_SUPPLEMENT_NOT_STRICT_FINAL
M02,CAP,D05,25,15.354844693400633,0.5695412034911506,0.47858452796936035,0.35928744077682495,7AADDD9526587BCF8EF52FF204DF7A8F7FCBAFBD07129F8135AEB43FF219EAA3,18A3324C132B01DAEDE2926101B3438A0EC51F25A9668B517A50353B9EE533BB,13A64A76D910963BBEEDDF29AF944FF80FACD77CD48EA7E3AA4138437AD66289,,PASS,HASH_VERIFIED_SUPPLEMENT_NOT_STRICT_FINAL
M02,CAP,D05,26,14.389234286164275,0.5369668580057753,0.48364630341529846,0.3433685302734375,C08AF8D3B58809F658DD29ED6462DF1B3000142F9F0EDDE8126E18E26CE36A7A,11B17173970FB5039C2339518355CCB4EF4604735792D2DE8A87695AAD27C5CF,53D2CE6EE74CA58A7F2D91B476CF76CCAFAC20BC063B4CD2B4C0A3FD1D11B0D3,,PASS,HASH_VERIFIED_SUPPLEMENT_NOT_STRICT_FINAL
M02,CAP,D05,27,15.947119329053132,0.632996160611348,0.37353605031967163,0.20005977153778076,935155512B2D2C193E1E068BB4119B09DED1E575C02785EE73DB4B4568732545,BCC47F54E74F8215F4E023D7356919B108FC232A9B466228D1608F10C29D8749,1E8C659425B05E55181AB86C7DAA758ABA6AC013CA16799E4BE2D55BCAF6856C,,PASS,HASH_VERIFIED_SUPPLEMENT_NOT_STRICT_FINAL
M02,CAP,D05,28,13.252762016237254,0.5814230019123526,0.47684594988822937,0.37156426906585693,3F50871D11D92AF7B087677B261E27599FCFEC8F87B5C2676BFB8A161A72741B,25CED5C3A0869E998FB089305E6DB04B964A6DF09211177B7146F2D8EE75019C,467F9C63D56E714565434DB931FE36BF8FB3A4E815BA88A5A7FDFD3C8FF4CC2A,,PASS,HASH_VERIFIED_SUPPLEMENT_NOT_STRICT_FINAL
M02,CAP,D05,29,14.259403675241488,0.5304324081424724,0.5483016967773438,0.39304059743881226,81EC091E78B674E82712EAE54F17CE3989A013C3165C42E7E4351164EBC3A1B8,3A02340286A32C2221E2047C6A1B982701F4680E050FAB2D6B2195D167518373,4EFE243239D0F5E35B708AE3EAA8536D31295E6C1B69C465956B367572153809,,PASS,HASH_VERIFIED_SUPPLEMENT_NOT_STRICT_FINAL
M02,CAP,D05,30,17.886156603043013,0.7131394268818355,0.2625062167644501,0.19150376319885254,14E10933E531932CAA59CFF583C77F6477A386864ABE63586A9EB798A79FFBC1,2C939BAF94BBD4ADD2421C272D192D45EF8261498DDAE27082ABF608944275D1,F0589F9696264F713002604D14BB9FB306F277B818F84C541F33E0746F310430,,PASS,HASH_VERIFIED_SUPPLEMENT_NOT_STRICT_FINAL
M02,CAP,D05,31,17.810659609697407,0.7441716605706669,0.2670436203479767,0.15662014484405518,4EB5F6115066B5B44F89B71158CA65ECA5606E07B7EE76D18F9DB017DF02017E,93B5BDDB161F5AC8635C560711F86E9D50007B821AC42AD66EBCFF47A7ABC847,67892707C8E10530BDE00B4B44FF702084F397FD979F6F2202981FDFE2A69315,,PASS,HASH_VERIFIED_SUPPLEMENT_NOT_STRICT_FINAL
M02,CAP,D05,32,16.474894069276665,0.7506075841802682,0.25896233320236206,0.16431641578674316,3A0AF12C5C9A38E04AD9E40F558C7EF82299C20A09EB055373A75EF5AF1BC091,2DC61724CB89511613BDE3E46281E159DFBD81A52948E5FD75839D70EA3D5770,2D5C4B6AF7405A4B1D063ECBB9C09302A0ED2A095CF78ED6EF3C58F70022E943,,PASS,HASH_VERIFIED_SUPPLEMENT_NOT_STRICT_FINAL
M02,CAP,D05,33,18.751632326530114,0.7916651042996702,0.22104406356811523,0.1921195387840271,F9A149793D9210C8B1D19D2030C8106B0D8CAD20C2D5C00F5DCF7D7205E2BE3C,F3D6CA89C17499CF57A027570E3D5138A9C3A7ACDCF5C1C05846829D3C8396DD,1C790CB93B851BE4A96E2244A75CA2665FC31CE402960C23FAE86D3FA15816B9,,PASS,HASH_VERIFIED_SUPPLEMENT_NOT_STRICT_FINAL
M02,CAP,D05,34,15.532758076022546,0.5978502367179508,0.3675740361213684,0.14245057106018066,3E232BF58CAFD8FE975659C3F23A303E0369F8077CFEB0EA029806D14B42E1A6,A9F0E2350D12597C0152B1F9980A5B9C04110998A7CE9C7BAE1848BF76327726,9F27C5D515C3486D2CE90C761A7B6D87B75CAEA2F3B08B93AA5BB3AD1D65FCA6,,PASS,HASH_VERIFIED_SUPPLEMENT_NOT_STRICT_FINAL
M02,CAP,D05,35,20.19820324526623,0.8412586894817579,0.24219651520252228,0.1552022099494934,4C40A00796111F3D0635D323AA05935B18A9E06E1957092F716CD9DB97505EF4,5BBE34BCAAD603A755F20863D53AC35DF8ACC78DA7ED12696113D088AD97A3E7,3BF62FF29AF04C3E554C38C8F050CF78A015229C270CCE66935990E4B792CA39,,PASS,HASH_VERIFIED_SUPPLEMENT_NOT_STRICT_FINAL
M02,CAP,D05,36,18.361105868436773,0.661876135585449,0.3547540307044983,0.20186477899551392,72AC49F3AF6F23430C86734FE016FA596D8DAC5634E2536D4B90A23486FB9CBA,ADDE3C96E7C2EA4DB5A80D36EB25AE68014581FBF29C19ABB45E7451D209F37E,BD95864DB0CED479003CCF5494BA3AE2148E5AF8DE996BE35E6E7C0234F585BE,,PASS,HASH_VERIFIED_SUPPLEMENT_NOT_STRICT_FINAL
M02,CAP,D05,37,16.618476346547666,0.5810824882232013,0.4153520464897156,0.24325668811798096,A06B19F2ADC72BC1DBEFDE55003F9E242F07638B7EADE116AFF1F7E1A59B615E,E9AF481F2A1E0ADDC74030F128BDC11E062BFAD1F343A4F1E5320D034F1E2B75,2E137EAC7A208A6673C2815EC068481D4C8B70A34B8FA35F783ECB1423708C87,,PASS,HASH_VERIFIED_SUPPLEMENT_NOT_STRICT_FINAL
M02,CAP,D05,38,15.569449593272143,0.6717196790661816,0.41924232244491577,0.2349681854248047,EDC53095283E1B2282CF0FEDA9F362CA7FFAB4A83410E12A271910824FF6E8BC,016A1A7EDF273F874151ED98B065B6FCA3017CE6B95FDCDECAAD56D0EA29722A,C8D8C8DBB15ED600D1217C5528071F8C708BF684D780A0FC5DB7817CA8D212D8,,PASS,HASH_VERIFIED_SUPPLEMENT_NOT_STRICT_FINAL
M02,CAP,D05,39,15.035135332733029,0.5883160453557764,0.4611435830593109,0.26731300354003906,43FD00FA723E0672D4D94C57F199D45C562EEBC216C8761B6D4D72F35C295C04,D706B271E3C8AAAD4FE78FE8A767559DEED87E60E5DC9D2D4A658A24C72A45D6,284A3B6A9E0F0CCB39732C617A5FA9B38D16600DCD28B60E2088AABFB6E45A27,,PASS,HASH_VERIFIED_SUPPLEMENT_NOT_STRICT_FINAL
M02,CAP,D05,40,18.106628244620385,0.7287801236322603,0.3009122908115387,0.20347988605499268,C793D6DACD5C674335DFCEF325448614442663A1E1A41041782741B484E54AF8,8CA115FF13D678E9184FB1C278BDF92F86524BDC7BCFD420808F76CB0CD4E965,2E104DA5D7F6DA668D6E62B159C8E2BE020C63223B0850122E15DBF5DE740F17,,PASS,HASH_VERIFIED_SUPPLEMENT_NOT_STRICT_FINAL
M02,CAP,D05,41,16.93943061937587,0.7645493155668417,0.26421108841896057,0.15655642747879028,26548992D267C16A04787BFBB4CC18DBF1F9D4A9C9C32AD6DF9E8272F9BA5779,0F1C00F69C4DB273F46256558A67C5EFF9C558C4D7F538B02BB9A7DEF52615C9,C016DFAF65351B4580E873ECAE8F0026318634A76E755B59BCFA1458E7FBFB6D,,PASS,HASH_VERIFIED_SUPPLEMENT_NOT_STRICT_FINAL
M02,CAP,D05,42,16.395983641216095,0.551997684883415,0.399874746799469,0.24936968088150024,88055862A2A7D024A0B87A2D896143C5810303ECE53AA3ED01608ECAE9437C7F,CEC706EB619E86F00AABEFE0A57151AA402010FB282F3393535A535E27378736,6632B9B24F412F4E78406AA5BC2D24AD0E72E9ED0ED3D77A8030E6E5614B1736,,PASS,HASH_VERIFIED_SUPPLEMENT_NOT_STRICT_FINAL
M02,CAP,D05,43,16.096053800299583,0.710915477430489,0.27864518761634827,0.16981637477874756,AA762707340C64BF3375CFB66E8ECDAC5657540024BD837242352D994E6E974D,ACC6AD03B3CF01552BD1D8ECC1CDDA971B039FE9AF79B2732A8B3BF6F62C6E49,C16DED33FC3005DA18AD9AC2A3CE04FDCD750F2D167ED092EE44682898A6C2E4,,PASS,HASH_VERIFIED_SUPPLEMENT_NOT_STRICT_FINAL
M02,CAP,D05,44,15.32953879247714,0.6801646154112726,0.31694450974464417,0.1841527819633484,C9C9AD279E573FA522A7D1C5DC015133AFDA31A3A692C9855818F9FB7754E0E1,6F55F38E564BB18AB0B91ADB42953D417A03DE44382B1E4AAF9367F17F869223,0E3F00C85919B8A1E47BEB91022B8868B0E39227BE40DCD5ED6C9486F9022BF0,,PASS,HASH_VERIFIED_SUPPLEMENT_NOT_STRICT_FINAL
M02,CAP,D05,45,15.840044956721481,0.5719040986684854,0.44211381673812866,0.33280301094055176,71F257B3B2CFA7945536825D9F1296024F8F9FA150AEE2D73CCEDE854E6A2EC7,2C139A4592AD739977A27D4DD7AB459FA20139838CFA7796BD15AD5792D543E1,05E22BE2131806F1254C418277E2483C35E8E4C306C1008D770B48036CE24332,,PASS,HASH_VERIFIED_SUPPLEMENT_NOT_STRICT_FINAL
M02,CAP,D06,1,10.108240594797572,0.3911162096477711,0.7880421280860901,0.4880450367927551,28D483EE2ECAE7E22E4DAB43E74216587FF6604AD354609815567F0716FE3713,9ED841651FF20BF8F8636345BA3366395A5317A51C4FBEE6720445349B695377,533BCE8BC874836B28F28B287C1DB664A179143EE018E28FC6F2C33182F29C49,,PASS,HASH_VERIFIED_SUPPLEMENT_NOT_STRICT_FINAL
M02,CAP,D06,2,13.837178331059814,0.37264776328859517,0.8606523871421814,0.48817217350006104,134860C6C2DA0FCE9A97C8BB53E91039FF661CE28A074FE3B3279816ABC66BFF,6AC611763B08EE9DCE1A5E21507CEB665BC266FADA97AC5E6FCD76D7067EC883,AB3EA0939DA532A6D7866CB862D023413D89B5AF486E6F4DD628E73B02332ADF,,PASS,HASH_VERIFIED_SUPPLEMENT_NOT_STRICT_FINAL
M02,CAP,D06,3,14.203411373085606,0.29856311954733233,0.9324219822883606,0.5712635517120361,006F27ABC8E126705555A4285ACD79D314915C77150940E2399ED60F417312FD,5AC49F9CBC4EF1A76ED1E612212C2943CBD487689C04C5E39D9606C85164D22E,5C71EA0ADAD253CAFF22965282F361BBF48DF189E89D7B3BD4981DBF8AD34FEE,,PASS,HASH_VERIFIED_SUPPLEMENT_NOT_STRICT_FINAL
M02,CAP,D06,4,10.759353749975993,0.21009870868507544,0.7865559458732605,0.5433108806610107,55BD84BE636D6A8BA343BDC6C0DE0584D6889357CB3D34735FF0F78E940AD09F,E082DCCE315F5C0ADBC2EBF1452878836DDA1C622F5A306D2E9E0786999C7D4C,76A528F5D3BA64DA1B679EBEBC403E01AE31334239E4CCDEAAF91030E655BFDF,,PASS,HASH_VERIFIED_SUPPLEMENT_NOT_STRICT_FINAL
M02,CAP,D06,5,10.24861049638345,0.4091581711517967,0.7872024774551392,0.519393801689148,24EACCED76A470F04D9276F248AAB0C3CFF3C058246792F742E2E3CB7A6380CC,B5400CD64D590E3A6194C4B9A2E56393D5D35B5D117B8F6BCC3928822465D9B6,44F3D52A89A2B2B51A02924F39B132AB6C2E8ED191381CFCADCEED0AF3A99593,,PASS,HASH_VERIFIED_SUPPLEMENT_NOT_STRICT_FINAL
M02,CAP,D06,6,10.531461568525085,0.41866540434867844,0.752771258354187,0.4997882843017578,9341A15AA8360794632AED0F593CE4E6541F798AA5B8628F6DCF6D6D0D249BC3,E000DA4B0BF9E38CE6B0618757ACD57D1CEBF5E34EFD182D0EFE3B982A379795,28ACA57937AF61179D2DCD0711EF9FED9EF982F1CFD0D20CCE3B78F6613BB750,,PASS,HASH_VERIFIED_SUPPLEMENT_NOT_STRICT_FINAL
M02,CAP,D06,7,14.075221667174567,0.3797991447647017,0.6631337404251099,0.47866058349609375,2132E15598A04E4CB042242D3E5DDE1F0FCD5514C57B8725D4C397DB118AB11B,CE62D9856BC056878547F02D8F4544720EC5990C800826BD34717BBF74A319CF,8CBF6D40A3318A548374DD47B79EAC05561987C6D60F05FDF5D045F1FA5455BD,,PASS,HASH_VERIFIED_SUPPLEMENT_NOT_STRICT_FINAL
M02,CAP,D06,8,10.40628516664166,0.22159432869032555,0.9349000453948975,0.5708572268486023,D899B7D6739C06AE2AB1ACB81682AAD5EC7C1374E6381E67C8DF1761BDA7BF7F,CAE7E7C1EDF709DBEF8A0885A2B5389CE2A5FF9D2D1ABA7E8491576D982DF5DC,A760F895596EEA8ED1843371314D4D6537A1D48B8E77631285F033E61661F835,,PASS,HASH_VERIFIED_SUPPLEMENT_NOT_STRICT_FINAL
M02,CAP,D06,9,11.412683622574606,0.416131778192564,0.8360899686813354,0.580201268196106,EEF4D07864BD7DB244F0A806FCF200ED0288C07FAB8BF3843F6AF1B33B360C58,2B39C36701D4876E7B3AE9400FF1D86AB632239038EB17A2FC3C7A771BC29B54,522A21E2A7C54209C88A0763DF4804EC7EE232EBF19BD464DF77449D61A0E9B0,,PASS,HASH_VERIFIED_SUPPLEMENT_NOT_STRICT_FINAL
M02,CAP,D06,10,8.237839971314372,0.30996159405098667,0.7964250445365906,0.55302894115448,EDB9FF85491DE7ACFCF706623ECCC9863C787C3E426763FB1A2CFE0AC143D633,C679364383BAC2EECA0DC6B66F1992840DDC505BD73D093DE5C9C67FA05CC990,169BE740979B44D3B3901AB2D6E3BBF253FD6A41808FA6334CB6CEEC65E02BAB,,PASS,HASH_VERIFIED_SUPPLEMENT_NOT_STRICT_FINAL
M02,CAP,D06,11,8.509998554279727,0.321036695159311,0.828662633895874,0.5550906658172607,36EC563EB560C4735F19351A76A78C09DDE6F9F87549195DD271F447C3684FA3,989839A9FE1DB898EB1E44FD4592EBB962351E077E81409BB6D03C7D8999356E,5B770F1CC9E9A85935DFE19CBB44465B952CF8CF10B3B47269E3562FEDB171B3,,PASS,HASH_VERIFIED_SUPPLEMENT_NOT_STRICT_FINAL
M02,CAP,D06,12,15.03347294121944,0.5241136319502457,0.6514005661010742,0.5267758369445801,C5CA312E60B3650041DFF8DD81C5E9B8BA928535379674BD79773319B65E98DF,8FE85AC8A887DBE584B5B70E4BA908B05569C5E2A6D72C45C88393E109D653E0,F7C551504C10AE13017B2E7295796FB16B42D5E510300ABD25E6CD937B8A7F32,,PASS,HASH_VERIFIED_SUPPLEMENT_NOT_STRICT_FINAL
M02,CAP,D06,13,14.105892947289602,0.42319109813060135,0.8580143451690674,0.5829929113388062,3E3CCF370C0E5A20CA86428C3DDDE8EA1990A195A06BEA69FCEDDAAAFA9E5696,546B915EEA0AEB7AB290BB7B6BBFB7E6B67BBB54E56C0937231556ABFAA32ECB,9A96A29943BBD93E6745858ADC5A90D4F086B80B737EA0FBA0FC7C3F3DD75F8E,,PASS,HASH_VERIFIED_SUPPLEMENT_NOT_STRICT_FINAL
M02,CAP,D06,14,10.942115297164083,0.42250992959057493,0.7849641442298889,0.500379741191864,CCEE2CDAEFA0A93958EE30031D4B2A39C661737EA1EA983C420674127715AC0E,8932E017C3B59DA3B9202C8133D3CD0D267D05A7C2839875FDAEDB5142998EC7,B29B77AE20C5B61BB2D123FE951F1CC1208CBBEEE0EF0C1B03D4EC8D6C2869F6,,PASS,HASH_VERIFIED_SUPPLEMENT_NOT_STRICT_FINAL
M02,CAP,D06,15,10.70026547761006,0.4700378025247909,0.7440404295921326,0.5125582218170166,C2B22D2DC3EF07C16936BACE37FD89533DBDA0D65701E97AAF93DB066AEA6056,ED66F848BC19AAF95EA3F836429497324674EFC70C5B201A91A369D2120885C5,662AFE95F42D577B3EF9B37CDCEAB3BA0E78FAD3A17556FDF9D3B1D67948305E,,PASS,HASH_VERIFIED_SUPPLEMENT_NOT_STRICT_FINAL
M02,CAP,D06,16,10.662175068393378,0.25321486726872766,0.901189386844635,0.6005898118019104,B7D9F5C033B21B3AAC02AD0ACD53F54D232EEB24C4D10E44902419C1BBC400A6,DBF7FFCBC8657C2BCC9E8E47A7EE8DE7B4644223C8DC023B0B3C2BFE6A20C67B,2B1A69E0BBED6CE7035E4848B130112E9A721C33FC850E06EB29E0B52C26C88B,,PASS,HASH_VERIFIED_SUPPLEMENT_NOT_STRICT_FINAL
M02,CAP,D06,17,10.932503174898379,0.2383460046641387,0.8135215640068054,0.6338947415351868,A0F274D8B271C6193552014BAC75F1CC9A6DB1514E67AFE154C755B61AF77ADB,EF795846A7696089899739E9F674AA4B3EA88776EAC373D1B9177846BDAE2BC2,51BC3A42E59761805834E3F8247C58889C6F31FE1E422741B91D0D64D12F627D,,PASS,HASH_VERIFIED_SUPPLEMENT_NOT_STRICT_FINAL
M02,CAP,D06,18,13.457048947063983,0.44001454165974846,0.6925458908081055,0.48473966121673584,24E0011E35384905DD680E0D8A4A285D818AF3286B5945F2E3D6FEDDAD0E1AAD,624642F5D30C4D807E4156062BE8D38273DFE0C7993B2230A80F3179880B33A5,47D085EF0CB30EFF1451D79E087CE473A094A32DB3648B8A7C83FDC3F05506F1,,PASS,HASH_VERIFIED_SUPPLEMENT_NOT_STRICT_FINAL
M02,CAP,D06,19,10.825531337311558,0.44526757074020834,0.7429819703102112,0.5598138570785522,CC351CFCB3246A286EE2AF5245E6253940AF25530C52F9E98267FF9395E412F5,E90FA9E3F510FD18128F9E46253183CD998FCE49F6F9373D03A33B3D39D14BA0,D0CA9B2CD1E2E89F959E03F0360421B5F16ECB04675CF0CF6155E36CDFB3D272,,PASS,HASH_VERIFIED_SUPPLEMENT_NOT_STRICT_FINAL
M02,CAP,D06,20,11.039572165896953,0.36063284314042604,0.711410403251648,0.5028238892555237,987C1D848366DD1B84A7141B5AC2F5452DB7047896FC2A41C121AC259EFF3773,40D87A8EBEAC674460D9CD72E74F9B026716F858F604E6EB1DBB2478208C716D,767BF47BEC94C9D5D2BF9CD8BAF6E6BF051E99E20190553232948DB0A38B5EF5,,PASS,HASH_VERIFIED_SUPPLEMENT_NOT_STRICT_FINAL
M02,CAP,D06,21,11.245668339614252,0.42853324103661167,0.7537907361984253,0.5479453802108765,6307ED17DBEA16BFF63743D58A5371C35781CA68446AA87B7A05D0E838E1CC8A,5C8BC9FFBC8201C16E9BCE5D90A5F161A9C8DA8468748E2FABF80AAB4FCDB643,1239552069DB994D8C60508E1F67B2FFF8DB4D5F6285A806A2824F269A6A36E6,,PASS,HASH_VERIFIED_SUPPLEMENT_NOT_STRICT_FINAL
M02,CAP,D06,22,11.352161292530232,0.3333409955656041,0.7856550216674805,0.6215353012084961,658DAB1A00B41191DA6A17878F89EBF1C6EE4B679E76B985B7F5A6178124CB2D,60B2E368C115B017373BB3925BD64F0FFC7489196EFA4F7F2D51B1110EEBBCF6,8384408F562BAA34C802484326D0889CAF941BF3F7F0E8FDC11C0163579E683E,,PASS,HASH_VERIFIED_SUPPLEMENT_NOT_STRICT_FINAL
M02,CAP,D06,23,9.688294341895418,0.35733041176621144,0.8419981598854065,0.6026926636695862,2DF3BD74DFE3A4D18ECF6833B7D7FCEAE1FEDAE4039223E1E86DB754951FB8A7,4FB429EA54743E65809DEDD34FE869410472A853F1343D8C0827CC34ED7A4C77,B203E99E56D9BF5BF7D90CC57FBFB01E45964C8183CC7F346B42DD74E2B49FE2,,PASS,HASH_VERIFIED_SUPPLEMENT_NOT_STRICT_FINAL
M02,CAP,D06,24,10.323440710734106,0.29782885869943887,0.8855403661727905,0.557583749294281,63725360B9BB3B219193A540E9F457AEC2DDFAFA55B5286BA72EA9295CDE274E,52F5674DE315B42A7874D987100F209DF1337734CFF5E8C92FB9ECD104156BF6,6317E255558207C3652F857D206E98C3FF2E12B9646D2A65A03A37A509BC5439,,PASS,HASH_VERIFIED_SUPPLEMENT_NOT_STRICT_FINAL
M02,CAP,D06,25,11.348085020797075,0.4384136464407657,0.7564916610717773,0.5287302732467651,0F2A2FBC80EBBDAD0A61F2FC86EABB120D31DBC05E7C58168098E0C6AACA4720,0BA15C9EBD7688A8A22A10AD657BD31E27ECE3F24B3E8778F0BA5D00AE09BC25,79A84AB0966C91924E64064294A0FF56CC59AC10F7820BCF99061D9621C0F1F5,,PASS,HASH_VERIFIED_SUPPLEMENT_NOT_STRICT_FINAL
M02,CAP,D06,26,12.569796654130911,0.3682137526809508,0.883385181427002,0.5767422914505005,CC1C5D476941198784445EE48CF4A0618B350C1DDF195451C8AFD45306EE7592,06AD8C9C2F0C009268BB287F2C4FBF0119DC85F1831B4FC286DAEF45FD4805C6,087F32FB472097E62724171F6DEDFA7EBF0584A8D98AF31D7CE64447FB734C30,,PASS,HASH_VERIFIED_SUPPLEMENT_NOT_STRICT_FINAL
M02,CAP,D06,27,10.659513713666207,0.3028371221774369,0.802876353263855,0.5310153961181641,74B1A368A32180329F912850A4B622FF7CCAF0BFAFBB49931319D018C95CF861,4B8D83C4CDF79AEA0AECE2B70A36F852D458F3963A74AE4256179C946622609D,D121EDE7CC8D9BE03DF4F33AFD4FD53AD2D0D1AA0C2C46326654AA1D8CE07C19,,PASS,HASH_VERIFIED_SUPPLEMENT_NOT_STRICT_FINAL
M02,CAP,D06,28,10.733342479604085,0.5672478732197649,0.5413489937782288,0.4042450189590454,86CB8BFB9D9B93E243E70A7B06750BB4D600F9824ED1C5413481279F6A3EFEAA,D946AF2A3985F8AABC9657C944591DD577D2D5A34CFBBC2247B328651226AA9B,8CAF8347224196AEEB7472739B7712AA3EF9D0733749AC28BEFC8718BFBB4614,,PASS,HASH_VERIFIED_SUPPLEMENT_NOT_STRICT_FINAL
M02,CAP,D06,29,10.871737590522802,0.4159001849605593,0.7296953797340393,0.5717027187347412,2E217089D7DBD0D87A7278BDE3316CC67BB5AA909F0B2C79D37ACAC25D9ACB43,B2A6F36C1346016D992A3AE0F5320976D04A6980828B9BD4626EB5DDCA8BF39F,58EB1C6ECC5049CD035954B6DDCBEE197EE8490D013BB4547767540B3269B99D,,PASS,HASH_VERIFIED_SUPPLEMENT_NOT_STRICT_FINAL
M02,CAP,D06,30,11.282828505388231,0.4689532560772894,0.698295533657074,0.5120587348937988,F805D7B18D0450840510982C28BB488F49971E13370FEC14BFCCD5D90FA3D55C,1EE74FB57012F24B04F04E826AECE6D29063371B122630F228671E9C662481D8,CC34D3265B98E637769908352CDBED94D553D9E5954EB5700B2E82F5795F24E3,,PASS,HASH_VERIFIED_SUPPLEMENT_NOT_STRICT_FINAL
M02,CAP,D06,31,9.906571457874753,0.4556680024382223,0.7085636854171753,0.5452096462249756,5B4752F6B9AB26B81E82D0F5050D45216E4224B58A5C1BFBA3B1450087522335,23E6DD267CD37701626769B780C7ACF0B1DB9DE5CF948BCE59A254A49DF093E8,F6821FECC8236CBDD4000D005C62A0A1D0E8497FE5E4D7D8ED42034C755174FB,,PASS,HASH_VERIFIED_SUPPLEMENT_NOT_STRICT_FINAL
M02,CAP,D06,32,16.842784982119742,0.7947677295873596,0.46511948108673096,0.3585773706436157,BD6B4F664DBDD67FD65C626D6305C2D749E8BA501BB0B13922AAD0374DE4B68F,EAFCCC0689F0593E9129F67BC528E9505050795EFF27F133FAFA5BA77869174B,02620D6894DA6E6FF8854AED7278934885C4ABA54D9B8332830BD59BCCF91AEB,,PASS,HASH_VERIFIED_SUPPLEMENT_NOT_STRICT_FINAL
M02,CAP,D06,33,14.865008327165949,0.49185706112572625,0.6145960688591003,0.3923470377922058,351A2056999C9EE643F737E055CC2507C510C7FCF88B602D2EC7B20D12C71330,A0CAF6E489C3E91AC5CE02B14EF77A8F1CA15FA3CACC14E5ABADBD8F56946518,8611A887FD5B0068AD563FE66DBACB42F44C80AE92C37FA505BC97CDC6FE27CD,,PASS,HASH_VERIFIED_SUPPLEMENT_NOT_STRICT_FINAL
M02,CAP,D06,34,11.659653958864876,0.5689595649976852,0.7162882089614868,0.5159857273101807,9684809E3D2CEBB9498D368DB76487755B47C918B8AEDA34592F0760827B62E3,3D36540A6E5742D0E0B3A8406747E3DA1C8FD083C4C487266A1CA8F9B55E1104,B674E81D6C61190AF66F0B5C66828F1F7AEF03E41954202E94FCA799055FF3E4,,PASS,HASH_VERIFIED_SUPPLEMENT_NOT_STRICT_FINAL
M02,CAP,D06,35,11.39892633499586,0.5538324978171186,0.7015014886856079,0.5005682706832886,42B393C16A0124EBCC5221226C70D3898641E63EE485166FECDFE91DB3D9BE93,5385E420F7F42485979C8E65AC957AE6D7245831CCA02585CA39BD658E562F55,6273C2AD14516244264DE896375F6732577F6B0DED38787AE52547E3EF6F4857,,PASS,HASH_VERIFIED_SUPPLEMENT_NOT_STRICT_FINAL
M02,CAP,D06,36,13.89545882765166,0.6658516176610517,0.4393158257007599,0.36861753463745117,6F8DE0ABEF45000A285E3CC6C5210B5BFD2FD1CA972A46D6E1F89B20AF7945DF,AA92DE50B482FEFA542AA9AE0E1084CAD9D988260A3BADB4DEFDFC660A9625CA,152203E03013C26C3AEC0C795EFA4A976FDB9E4E3EA20EE6DFF97B8D6D50CDCF,,PASS,HASH_VERIFIED_SUPPLEMENT_NOT_STRICT_FINAL
M02,CAP,D06,37,14.3640319387613,0.6838084474517366,0.44702354073524475,0.2781990170478821,E71A9F85D51AF0EA561A9C767B8AE577993B9E08CE0863B6E2B7647501248B14,5C2F4FD63FFE544C64B50E0063B95A445A3BDB6D2B83B06BDA91E19EE861F693,E017DECC242E08E385A6D7D65AD1724E53F203B056F014875D94E64BFED73F9C,,PASS,HASH_VERIFIED_SUPPLEMENT_NOT_STRICT_FINAL
M02,CAP,D06,38,12.276592633913705,0.5410892472827941,0.6917287111282349,0.45376062393188477,AC0E55355FDDCAFA32F131ABD0136E2E3B1AB61B93C0E3A4A13824B63772C476,1D7EB8668E769DD6516FC6F4BDB8EDB78C53CD4A5F4173B345D8B03BDE46590A,4EA05201C02D04C1C55E79B981ACEC21CC6AF5C563B26A10720C7136EBF5A8A1,,PASS,HASH_VERIFIED_SUPPLEMENT_NOT_STRICT_FINAL
M02,CAP,D06,39,12.389426056868995,0.5998735432783238,0.6414163708686829,0.5536791086196899,0D7318F2DA6F596C1867D45AC81CC429EE8B07450F624958D647E820DF6DA61A,2C3C12556AC6868897D75E2E94829F1A650F9665C1375A81601A8850A242ABCA,1CE2C87E32AF544FCA3A91FC417A5FF4205E0AE535E871B4FDD6B492686BC21B,,PASS,HASH_VERIFIED_SUPPLEMENT_NOT_STRICT_FINAL
M02,CAP,D06,40,10.898822596587898,0.4384015257395522,0.7103285193443298,0.45289868116378784,9340B5F5CD8234A0CBDC2603AD7BA8F01363A80B950414FC357BDF53643F7A50,EE5106C7E5154B941E5198B85C66284A62C8757C87E2E57DEA76A89E886DEE73,7FFC99056C49F3301A63C6D726FD791682036E20A40DB1707DC5DA099115EAAB,,PASS,HASH_VERIFIED_SUPPLEMENT_NOT_STRICT_FINAL
M02,CAP,D06,41,12.253379211266111,0.6077670366921845,0.6289060115814209,0.43697911500930786,414B2CDDE8D201E650CA35FB5F5B5049152549BEF8310307D7FDFAAEB87A933E,58CEAC6ACC041584C7E9B0870F6A9168BA86141CD679ADA25F31DB7B62EC7E7F,1E91FC348670CBC1BECD129FF5CCFB0309CFFFD2D0B3322117F87DB1C6271901,,PASS,HASH_VERIFIED_SUPPLEMENT_NOT_STRICT_FINAL
M02,CAP,D06,42,11.714929307220478,0.47214676752899853,0.7546808123588562,0.5353751182556152,756A2778DC7A36C3D2CE980C5704D3FF28DD9A134F2A5FD8EFA8ED98B5289EE7,C2ED2578BC9F78C25FB211535C4A2971A8C3B431F614D0C9F8780B7CB0790D97,B3FE82D56F4D71EEC15260B46C7CC644F27288412715CC84E0E03DFCB0ED8F4A,,PASS,HASH_VERIFIED_SUPPLEMENT_NOT_STRICT_FINAL
M02,CAP,D06,43,11.301109382990086,0.3724073169062138,0.8385363817214966,0.5355360507965088,3581C893E71E6CA49BDFCB723B81435EC50078B6E1CF70AF13057AFFCB79FADA,75EE61876685FF3EA4386CEF532CAB226869419C2C5E735A266EC81F73870EE8,69E5CFADF019055A9B13B1E9DC5982BC894FFCCEF8B7695925E3D81F6FA92E8D,,PASS,HASH_VERIFIED_SUPPLEMENT_NOT_STRICT_FINAL
M02,CAP,D06,44,11.19753721728603,0.6773571922432929,0.6182036995887756,0.45254844427108765,54849343586BEFADCB455A636AC8A1B4587675EF2ADD444B3A0C88540336967F,4677B2919C21BB427B463704AA14F6E43A31D75CA9F6A386CC93C4BA057976B4,89FC5C506E59E8D6024506178FE38BA96B7D2895044489745DF05149937A46E7,,PASS,HASH_VERIFIED_SUPPLEMENT_NOT_STRICT_FINAL
M02,CAP,D06,45,13.697312187265837,0.6552141219163984,0.5413026213645935,0.420160174369812,F00E9E30C19105E15A58BB72D8121F667B8A672CAB354083AF93B83E4E6223B2,289DBAAFB99744D36CE926A0E7295347F4CC7EC9046AD3BF6FDAFC350FE13077,DCE1097D5EAE8016F9B46B2075E7945BF20AF311AEF54DCF5E1A41247F7C312B,,PASS,HASH_VERIFIED_SUPPLEMENT_NOT_STRICT_FINAL
M02,CAP,D06,46,8.773972697392946,0.19879323935438734,0.9098489880561829,0.5953446626663208,70C79F4BC69068506F9CE17C15310ECD5F39017A27A72073804342CFC9B0A303,FE99499E05AAA1585150392C3E7CCFC905FC688437457FDFF610DACD025C19DB,6DEFFDA441F34E4C46B724D54B6657C8F2FFACF5655512723B47917CCD4C8F7F,,PASS,HASH_VERIFIED_SUPPLEMENT_NOT_STRICT_FINAL
M02,CAP,D06,47,14.702610564054181,0.5835255475936476,0.5534336566925049,0.45049548149108887,BC315CA9E20F6A05B04FA37FDDAB7AACD6BE60AC81C7FD41BB287BD60DAD088C,1CECE3856BF4DFCF4B9C80666D48D912AAE091B90B181F2171A1BDD84994F7F7,CF1094EBBA7AEEFC0A64FDC6E08E2A55841DC025A229CCCBD2DBD0BD550BE384,,PASS,HASH_VERIFIED_SUPPLEMENT_NOT_STRICT_FINAL
M02,CAP,D06,48,12.70878892282669,0.3895005446914443,0.8127911686897278,0.5117000937461853,F571B7AB63B6D6D821DF667AEF1E29805528226E8EEB5CFA9303DF48DF39DCB5,92F152AF6E8FB82985768D781E682CE5D784A44972923AA132A1C13AAA01DE88,9BEAD780B6FEC5A888E18DD8ECE409AAE3DEF8ED0AEA5A7E83FCAC64F9FEBDB0,,PASS,HASH_VERIFIED_SUPPLEMENT_NOT_STRICT_FINAL
M02,CAP,D06,49,10.628420421763494,0.3475399709347195,0.8961822986602783,0.6421725153923035,1115F4A9A191EADBDC45F0F44D4FB0BE368722CFC3A35281BDECC4D38F6C1D7D,3A6934BB503339653653D396FA5108DBB8E1494BEA220B6E6A21718B192AB6C5,9A23A2748518293B0B29294503B1826AFB54823FADCAA8C9034A69119A686253,,PASS,HASH_VERIFIED_SUPPLEMENT_NOT_STRICT_FINAL
M02,CAP,D06,50,13.622344823318102,0.5289582987938265,0.7027766108512878,0.5638736486434937,1546122878AD4593E7C1539732427F1EA58D883AD866598610358528D1990CAA,3E75FD29C9B51438209E9418AE82107BF256B9F9A3598518679C898FD1392E4E,A77DD209F578F31ADCE7F193DA922E35175D9619417D4F9BACFD4DBB5A2209B3,,PASS,HASH_VERIFIED_SUPPLEMENT_NOT_STRICT_FINAL
M02,CAP,D06,51,11.690589733391374,0.39115672081148517,0.8320885300636292,0.5467947125434875,8B58351977C32009FDA9AE77E7B0A48B78F0760415BA62708DE1F062CAE1A3BC,78F7185C2B2575EC6608A760D9FFF23B2C51B9EB6AED7731D27A0F15EE813305,5AE330EF8EEDE48722EC6415CF665A50705B941056FFAD0DA20707AC696D1AA0,,PASS,HASH_VERIFIED_SUPPLEMENT_NOT_STRICT_FINAL
M02,CAP,D06,52,7.60368887212723,0.21519283593807234,0.9221958518028259,0.6241511106491089,E270DC3AE20CB709A9C369A58051984B64CC625BF58F4B16B6A23A0C68C84F77,E3A41F09926449C7149D31717FB0D952C2646CFEA459A225ECA94F3827E1366A,8606C66C336550542728D832880F55DFBC16FB572DBEA6902988FB468D07CB9C,,PASS,HASH_VERIFIED_SUPPLEMENT_NOT_STRICT_FINAL
M02,CAP,D06,53,9.304295867470545,0.4103353805295427,0.687842845916748,0.4697968363761902,32D8328FAE01F5B48EC165032C30E7DEA8108B963CC050F39241C2AD0A461CD1,7240309CAFC4252BDF6C2A6939836185D61DCC6D4BC30AE43149D28298D1A85D,6CE7D714CEFEE09E0398EEFB9FD7C13EA04290207812A2BF6450B268678CB4FF,,PASS,HASH_VERIFIED_SUPPLEMENT_NOT_STRICT_FINAL
M02,CAP,D06,54,11.008802538438792,0.6408240579379164,0.6008383631706238,0.520038366317749,2789C6F938DAD041AD72E0FE3AB1265D3B0A38C6927952A3F1D4C5EF1EA35993,ED019DFB21462F398F1438F86C9B485CC35EA554AA1E136B62BF915309FDC04D,CCDD13189B5DB3F7B3072A1F0CB90C5824C9874933C76FE6B1C6503255556CEF,,PASS,HASH_VERIFIED_SUPPLEMENT_NOT_STRICT_FINAL
M02,CAP,D06,55,11.351315417517805,0.6493584458878457,0.6740671396255493,0.49920153617858887,EAE3612C4E4F36D7F813D764CFA6F8F6BAC2A0C07C4F63664511A3906D9B3F15,DAA30DD018EBF3DD71AA19291AA9A98761FECE772CF96491C05C756E6664AF2D,4C6025B9505A39D8E052398E04BBEF4468336F70AD5EFE7C4799AA6847AEE15C,,PASS,HASH_VERIFIED_SUPPLEMENT_NOT_STRICT_FINAL
M02,CAP,D07,1,14.84101236255791,0.5478355458300612,0.5301723480224609,0.26620060205459595,2F4AC211C76670F483FB4C23D99B792EFC535D60D2F88FCE905E47474AA29927,70DDEA3297F6FCB7E7E5E3142C38719BE0AD8F87AB385A057012AACB5113C68F,8196023B87E18FF9D250A512FA033BD6E4DB98DFADF24F4A29A8DF881680F918,,PASS,HASH_VERIFIED_SUPPLEMENT_NOT_STRICT_FINAL
M02,CAP,D07,2,14.13794081975102,0.34680933339518183,0.5176411271095276,0.24104195833206177,DBF9E753F94175E37390DB89FCFF1E0ABE7FAC13C9474DCEE19B03613683021E,CC029A27986DD6463BCD49386723FFE36FE308C9EE5C6463698E4F3F01480998,C32470A364E3FC8F46B884228A0DB908A4C8163F80DB94C3173008D2852953EE,,PASS,HASH_VERIFIED_SUPPLEMENT_NOT_STRICT_FINAL
M02,CAP,D07,3,10.678309941810856,0.4267751291340109,0.5855320692062378,0.3411319851875305,29E32163B37122631BA38311ECF7959DCBBB846FC5709EC1B6D62D17542929F2,76AD76C262F7364714F6B29D836B59238B650B1E5B1E0BD486156CEAB03DC154,40A68D0FF2F6CC9159646AC6B28C21DC434B2B314CDB1BC83DDAD0DA193E44C5,,PASS,HASH_VERIFIED_SUPPLEMENT_NOT_STRICT_FINAL
M02,CAP,D07,4,10.011380228986674,0.44817523498645057,0.5689968466758728,0.3102828860282898,808D29FF6D04386D2358AF34F8AADACE4F1FFFE9D54D0626F5DAB18D5EDDCCE5,9387284B38B410CD4C0F89F74527FB1DAEBB683FE6ABC6C62BB59191CE5FD145,067FA989FB78CA16BC3B660F274B3C2A0E7CE07143BB181B4DC074317FAC6E27,,PASS,HASH_VERIFIED_SUPPLEMENT_NOT_STRICT_FINAL
M02,CAP,D07,5,12.329625532251992,0.3404973569488332,0.6750319600105286,0.34652310609817505,7695569A21B066AF399419312F4A06DFEB7EB38A07804B5E41A9FBE4240F3556,4412819E0C0E25B295B131ADC01167CA0D21F1931210DC431914AC0D6A353334,94B3AB3B43AA020D8E3247FEBB4B2994D4965DC6DDFAA90DDE9D8C327F42368D,,PASS,HASH_VERIFIED_SUPPLEMENT_NOT_STRICT_FINAL
M02,CAP,D07,6,12.622698987345974,0.5109834701213913,0.5097609758377075,0.2847086191177368,8228520490DA79602D9D4BB21E8BA2334B661A2C119BB4FE6E7C1A903B5BDC80,036D40BD93BD9677A93B0E0A7512980CCC633142FA9768706C5535D2774C9340,71CA400DE9214D6E24ECE1525CE9C6B1D242B4AE961F88A39BADB081B76E4463,,PASS,HASH_VERIFIED_SUPPLEMENT_NOT_STRICT_FINAL
M02,CAP,D07,7,11.396902111947277,0.42021677029988075,0.6247462630271912,0.352730929851532,2D97788E461D52BBAB88A44475C4A5E1875D739E8F4654048F7CD03C5C088431,282F2AFF116AF5DF945814499F5817895B9999F66B8E2AE1CFAF2EBADA3C19EE,9EB5F6F5C63FAA038C89688223C57D38ACD169A00C87B9EEC7EC3A558F283590,,PASS,HASH_VERIFIED_SUPPLEMENT_NOT_STRICT_FINAL
M02,CAP,D07,8,12.966029040130946,0.589095395450986,0.27017199993133545,0.19669675827026367,C77D35C100AA7B6515B397B780BCE1C4BF88A6CB2B13F6EFFEDCA2025C864A12,E6445594B2275DF4CDE50999ACCA8E938F3C1D1C18621F09933EE7CCE15C6113,3C986384A3394BDD789C005B48F3F285DFC42F2B00B3FE9D10CB75822817AB92,,PASS,HASH_VERIFIED_SUPPLEMENT_NOT_STRICT_FINAL
M02,CAP,D07,9,11.912251395601574,0.48165753127469174,0.5743812918663025,0.3544520139694214,AFE1125E5AE8C757F8F9F75624A7AD28CA5727748FFFC89F88C3A119D38073E4,FDB65CE15ABC481D61FCF6728B1482FE58576403FD03AB5AEF5099079C3AB3C6,8DEB4F5F1D44A4A0F6A78A8EB231C969C4C63116BC70D06272463F87AB13FF89,,PASS,HASH_VERIFIED_SUPPLEMENT_NOT_STRICT_FINAL
M02,CAP,D07,10,13.275221744485977,0.5343708001809127,0.453685462474823,0.23825591802597046,08E9E0A333FDF0CD6AD1651F612CEADFFB47DBC621289AAD7912C0D275D835CA,2AC9F28AFB08A5F2EB1BAB222544E28C62FF0331216508B7B2B361D03C409C77,7CBBF330DBDAD974C04C3E950385C875A3FA112820EE3FC4ABB05EF2C87E3C10,,PASS,HASH_VERIFIED_SUPPLEMENT_NOT_STRICT_FINAL
M02,CAP,D07,11,12.500510471060442,0.4228657714154156,0.6349430084228516,0.35346519947052,CD879322E71DC73881BA394DA129D051C80BC96FB38F62C716C52DA5DD9843CC,DF0AD43890D1D228B6FAEF5336D6128A715E2A350525F7260E6D4C5A900F7DE0,67915F88E527AAE786FA539FFB327EB1241B459FC38A737A2AFC8D966FAD4200,,PASS,HASH_VERIFIED_SUPPLEMENT_NOT_STRICT_FINAL
M02,CAP,D07,12,13.208535100622118,0.46619622552857126,0.5382980108261108,0.29146313667297363,DF826917978479CB544754875EFB5312388DFFBDEE9AC4AAF4FD19C6BC175BEB,2B9894D7AEC2FFFC8804E4E790E71D455831FA23423831D87875ECF37FB6987B,445131C55BFE0BE65205A6303800BDD2965D297C5E76E9E741196CCD4FBEE8CB,,PASS,HASH_VERIFIED_SUPPLEMENT_NOT_STRICT_FINAL
M02,CAP,D07,13,11.881056880385664,0.4535062578998281,0.4739900231361389,0.30878913402557373,C5DF23FE4916054042285B1A900B08F4E6933F06962AA6E774B546B1F79A4F1F,3AB5EFEF688E8DF19B1C8A2DC1BD23316ED2EE75EEFEB5B0375166AEDBBD415A,DA98D59218514777E4306219FE9957B6B842F5F5243ED273E4FB935B45E3BF23,,PASS,HASH_VERIFIED_SUPPLEMENT_NOT_STRICT_FINAL
M02,CAP,D07,14,14.151737160680916,0.5848573370877324,0.42216604948043823,0.22002893686294556,E0BEE00FC3DBD4BB8A2E943525DA05D00D8DD20489AA818171BD3A73BC19143C,A2D892354F97C06A62BDDAC58EC75C94986103486D6CE395707672298D9F573D,2BA22E07E8CD0C13D7035CF0C8EA10DD6CA8FACDE95D97020642EF0C26E0B929,,PASS,HASH_VERIFIED_SUPPLEMENT_NOT_STRICT_FINAL
M02,CAP,D07,15,14.628457787096355,0.6010305852404749,0.31770744919776917,0.15113067626953125,47DC42CC419222ABCC877682642262D615A25954AEE89468F0375D2BE1B25A68,B87B8A8BB2F5B0B370F4D55436305ED02919618BF1FA77369662EA28710AFC2E,61B48F0D37738ACD4DCAFE309B31336243EDF0F92BE8061EB7273EE802DAAFA3,,PASS,HASH_VERIFIED_SUPPLEMENT_NOT_STRICT_FINAL
M02,CAP,D07,16,12.967769695437887,0.6143034238320455,0.32866889238357544,0.13792234659194946,C6E8CF1214F28475A4DD452F21FF6D0873BB8FEB329AC4F16EFE18497621949E,609B9113CEDC5E3E08ADC4E4510F0260024DEE7547DE4589E9F455469281BD05,2415CC4F5F178435FA20C84AFE64219E2784A7C054C37FACFC10C089F8188BF2,,PASS,HASH_VERIFIED_SUPPLEMENT_NOT_STRICT_FINAL
M02,CAP,D07,17,13.472452045956164,0.562120891742179,0.4659179449081421,0.31096720695495605,6065AB75F4C64FA2B7819F1BB665539086625B585B5121B19A66200F8FBDC963,5950E9BE89EF46EBD6321CA3979B7EFB1908B99D763926192B0F96AACF1066F3,8A509792FC3E582A626E824B3A30ABA6CCD63FB4548C8B71FCB871871DC6E0A1,,PASS,HASH_VERIFIED_SUPPLEMENT_NOT_STRICT_FINAL
M02,CAP,D07,18,13.871419342525598,0.5344484899227652,0.4382530748844147,0.2322787642478943,3D22552FC2EB9BE5EA517190DB592B213CA093943A559A7BA520C55CF3FF618A,B24E1E07B2985C4406F26FD22F730432A6F062584C6A83B4C81D6593439C7074,5934C9E90D9F5BAACF27F41A06D9DF95C6D0CBFCF358D0057F70D8F60E3A56EC,,PASS,HASH_VERIFIED_SUPPLEMENT_NOT_STRICT_FINAL
M02,CAP,D07,19,12.919599881015628,0.4088509566647092,0.5829697847366333,0.28959357738494873,7AD7060FAA048C6B435C3F96D294C762BECF6F08D30F9FDD41DA3E1CDA189C7D,4EB4973F803989966ED94BA8909BD94592B9892E6646B6162FE44099AA5AE7F4,472EE4A62D5194BAF697C499154E765C9A8A60865699A574035E49C4AC626E8F,,PASS,HASH_VERIFIED_SUPPLEMENT_NOT_STRICT_FINAL
M02,CAP,D07,20,11.958172376637716,0.3584792098102471,0.7092971801757812,0.36830341815948486,836386F0CC7777CA7086DAF7E26FC3EAEF4BDB082CCEA9D0286DC323A35015EE,63DA7322D9B38BBE8BB48667D06081E3C3934893315DB595912BE563FE5B4A94,3AEBFCEC6A815653294446732D8DFE8D7547C9706B2644A7794DF9061A2CFAB8,,PASS,HASH_VERIFIED_SUPPLEMENT_NOT_STRICT_FINAL
M02,CAP,D07,21,10.746026811423748,0.4001491434511519,0.5360080599784851,0.2556357979774475,36B844AE012712DBC47DAACDA04A81883BE7D259F7D12A2893940AE0A9E685FB,8F6BC70A448EE17D017112E6BD6E1C91713D123406F6FBC3051B91A515D26235,D8BC38F513BC9428661922A172394AA927C3A99293FD801A0F842D632EDF4B1A,,PASS,HASH_VERIFIED_SUPPLEMENT_NOT_STRICT_FINAL
M02,CAP,D07,22,12.955763187734597,0.36749956130194333,0.6942524909973145,0.40613555908203125,16D49FAD720777E427295C31DB5C5E4B8B0803FBDC16489839235468F4F046C7,353441646EC6FA48421EA2C5E9E05C357445B166BBD98A389597D4C9CC35D2E4,61070972F3F1F0996BF6A29AC4D029C0698BFE39E5D5ED8D319407D04EDC4FD0,,PASS,HASH_VERIFIED_SUPPLEMENT_NOT_STRICT_FINAL
M02,CAP,D07,23,11.538423253037418,0.43018104056642925,0.4247206449508667,0.2060738205909729,28798CCFE92DAFFFC5ABA451C556C51D1136DCDF9D121FF3398B59F0537C9489,D7C4A37B02CA65482B3B118B5C7947C172E065243600C69CEFB0174305B5CCC0,C241C175E538853F68D390A59CE16D81C54CC498FF5B8A7C35347D9C3C3DE930,,PASS,HASH_VERIFIED_SUPPLEMENT_NOT_STRICT_FINAL
M02,CAP,D07,24,12.427259626739334,0.39372870601891696,0.4535113275051117,0.20162391662597656,4D9BA936BF2641A98737F01492B7A28497A815FC184FA76435659A955AE42F69,50546ECAB5ACFBD886119A284E96ECBBC93F6E73B3975C556622E320233B1F5D,EC659E844F68065AD53CDDBD688D52096010B0E72687CE9D8891A54D074A4FD8,,PASS,HASH_VERIFIED_SUPPLEMENT_NOT_STRICT_FINAL
M02,CAP,D07,25,14.979768447885816,0.6098289640438587,0.48490673303604126,0.28160595893859863,0A2F75698628581F29066D462AF1D989A6FD1A59717E196ECCFA4A44FB4D56F8,9301726D8A40EE4C50B58846E24E12A0A35A877A8F17A236A5B0DD3DD71BCEA9,D97E89D07642B091D93E60A76E38825C1BBCA0CC7A515B2A661C577F79725928,,PASS,HASH_VERIFIED_SUPPLEMENT_NOT_STRICT_FINAL
M02,CAP,D07,26,10.54537340938803,0.38410309610273874,0.6477792263031006,0.33957165479660034,276BEB466013030724769518F4FD0A6E15D815926F48583878C8076757F2C583,38206ED528109618D498071A4A50D26D80E2B00F7BD8243E56ACCC12D964216F,7A309CD098E3527C6719915FCBBC5D1D4D888425353339C802EDF1C2B20C945A,,PASS,HASH_VERIFIED_SUPPLEMENT_NOT_STRICT_FINAL
M02,CAP,D07,27,13.61537725258273,0.4169966198771915,0.5601146221160889,0.33385616540908813,518E1B7213E350E8E195C5096C1CAED00808607DAAC253615B72BA443EDE4FBE,1D6A7ABDD4679CF924EA3E980ED410ED01C9F78C965FDC51668117B8A457A63F,14CD5410281F7F942099D61D60CAE1E4D19F2A39DE4AF388BF0F1C20C4095A7B,,PASS,HASH_VERIFIED_SUPPLEMENT_NOT_STRICT_FINAL
M02,CAP,D07,28,10.472257397397675,0.38039231017094915,0.5917028188705444,0.33699995279312134,9DF77BBF1FFFE2759CA8C270FBF4F0D5174E5E36A5E14414D2C854874B26D0F6,4B81F25AACBDC6F63448BCDAAF39F393EFB34F16CBCEFEB2870F8D027718F852,F6B9F5E23883A7F1814D88E7D17B7460F86BC33C17A24375FFC9A7AD95059DD2,,PASS,HASH_VERIFIED_SUPPLEMENT_NOT_STRICT_FINAL
M02,CAP,D07,29,10.896949613692765,0.2802252076680491,0.6319549083709717,0.42392611503601074,203AFE68E56155636E21647CC997FC236BD0BF6C44A8F12BD325DA6B7E89A673,74AAADE504E46014B29AD28EB27BB5ED8D46D83BD7B9C229B3F6E3BC1EAA8176,8835BF0B3D0DA939BE9B1B48C4D0244353A614A4E4D1E2B236F088644A94BC41,,PASS,HASH_VERIFIED_SUPPLEMENT_NOT_STRICT_FINAL
M02,CAP,D07,30,9.527778291245442,0.40058867731923503,0.57033371925354,0.3594711422920227,60580134EF6404C81DE70DEEDC69F09D5D57DF48E553EE30408122F9DFC3D8A2,EEA6210CEE42147E41CEF0485060596DEC20D7815E1EBAF22526B00DE0D56BE2,172F6E0E0D92F9E3A2FB3E669D01F2206C2C59641B09B15D29AB4FF5967F6CC2,,PASS,HASH_VERIFIED_SUPPLEMENT_NOT_STRICT_FINAL
M02,CAP,D07,31,12.334775642932218,0.3516915189012901,0.47903794050216675,0.27514588832855225,69E44A874A0857D29438461534818DBA226DDF909FC3D1F08E913F7C2AB1D7E2,2E390F7E2161DC0142F4E4213A34E33DB5B189F38E6E155978F492C110905C18,F7F80AAEAF4BD6169053D350294FA472C3FB68538B8052306C3B7234243082A7,,PASS,HASH_VERIFIED_SUPPLEMENT_NOT_STRICT_FINAL
M02,CAP,D07,32,12.864048182758854,0.5410836071033293,0.48102885484695435,0.27814751863479614,785A8522D94594A5C3C96DD313D91152E4F302AB89D79B4F60E50D19F3C0A5DC,BF820C55B092C9B475A93B12097314C4EF7739C8ADAA423687FFA29FD1892CA7,991FEBAEE46780D24ED2505B9EEEEDF20D85F283E1767A49A448A8D424B8D7CC,,PASS,HASH_VERIFIED_SUPPLEMENT_NOT_STRICT_FINAL
M02,CAP,D07,33,13.189935379145904,0.27379596812391543,0.6825472116470337,0.43738996982574463,28FD01B20F1A8356E628EB9D28DCD947EED1D2B306E297103AEBCC5F88CD91BF,2F9270F190B25D17B714CC31996610236CA1BAF3FEE80DADE6F0877DDD1A48AF,6D4E6577583087A9B86175CB76ACBD23B5488F68456BF27ED2B559009C80467F,,PASS,HASH_VERIFIED_SUPPLEMENT_NOT_STRICT_FINAL
M02,CAP,D07,34,14.007722891831023,0.38180136663724024,0.5257056951522827,0.33646249771118164,FCF8ED69DE46A6E886F1600F8948140D776B73085E4866C75616774146580865,E22F3265C8232C5DBD4148A02EC2B2CB3BC481448EFA777318694E10C5E89213,AAEF1C0EBE3961F787620FF937A2692909F7423BC7867472E03202C450E5382B,,PASS,HASH_VERIFIED_SUPPLEMENT_NOT_STRICT_FINAL
M02,CAP,D07,35,13.806534388854985,0.48177200638219014,0.4527035355567932,0.2661041021347046,495F36A7350B3E1C12238E1869EE47D0183311EB5AA9863617FD08611A8B71D8,3041F0511BA5CB03C5A1DA424D7C196C2BEC7FDFB73911F5A484D14441217A30,0F1C8038A9C53E281901FFFAA1B0346F039176965696F4A37BDF8E7F65749E6B,,PASS,HASH_VERIFIED_SUPPLEMENT_NOT_STRICT_FINAL
M02,CAP,D07,36,15.075807477308185,0.5035257591323642,0.49103665351867676,0.31639981269836426,DDC8377A47258EFBDE852FCD939462785827A0167C60CBCF2D5E1388EE93AFF7,DDDB9A267B83683FF4C57BBB891C541CCBD03F36D283CD226BB110934B40EF2E,DAD4BFA089260DD2AEBD5FCD588A40001E0DAB0773959E728226DCF93E643726,,PASS,HASH_VERIFIED_SUPPLEMENT_NOT_STRICT_FINAL
M02,CAP,D07,37,13.545930658442431,0.566252790267682,0.39118775725364685,0.2949037551879883,BD1340B4AFD561C8663A29EB5A58FD79AA0401E00745CD7C67677FE7CB2ED66D,08DDAA7E314A757BF36ACBBF5E362E590F975073794A60B073EA712A7E195824,C270BBAEA73D46014AD451875DF41639078652CE74758BE147749E6A234AFE38,,PASS,HASH_VERIFIED_SUPPLEMENT_NOT_STRICT_FINAL
M02,CAP,D07,38,13.451706425323176,0.5106273820508663,0.5032763481140137,0.30732786655426025,55D7DFB7916278DABEA6FF7342C68C6B5CFB49EED2550379B234B2B1E91BC55A,DF5C03B04D078FF0117E4BC6C80A3639B3893FDEFE5D44EB057F9828194ED071,44A9E3A1E7B45D98A77EF7E6A1DE3362E438B398E5DCA2D432E1E66BB2BBC5FF,,PASS,HASH_VERIFIED_SUPPLEMENT_NOT_STRICT_FINAL
M02,CAP,D07,39,11.37792954530086,0.3212551441889781,0.6816266775131226,0.38457632064819336,AC903D81C1866E88888171F76B15B4294FBAB89460F9BC823BE67B83F48A304B,AAF4009568AC96ADD356C940833D0DB1CD92D68E5E22F7171C998D044025CA67,3A82D80F429195986DA1B026C5AACD82701D1E1647910088144B1E701AA5B5F5,,PASS,HASH_VERIFIED_SUPPLEMENT_NOT_STRICT_FINAL
M02,CAP,D07,40,11.004199650115309,0.540427464714234,0.46427997946739197,0.2771120071411133,7C2CDA7D34C8ECA64BF9BD048926A1AA3BC891D2B5121322D8676DFEF983AA4E,F84040D4A7208B1382EEDF84A3519460B560BA376A49929E4C17843A13AA03E7,B5463505E6A3B43D32387E5C7A03413C3B8AE415D22ABC2923D1A68BA7C8ADD5,,PASS,HASH_VERIFIED_SUPPLEMENT_NOT_STRICT_FINAL
M02,CAP,D07,41,11.656897313105052,0.4005311575519282,0.6278648376464844,0.33453285694122314,276CD8550FB2A5D93B8FC9B3AA70F03F4F2DB0994E5AE3956F102D113F0C0653,1B746A2E1FEA7EF34A182FC03C48FF5598197754AF767165E364E8E7E736F1F3,B51CAD476E8122409EDD3C9CB54B2A07035BC7D5E06F1A7CCCC9CCB7079EA63D,,PASS,HASH_VERIFIED_SUPPLEMENT_NOT_STRICT_FINAL
M02,CAP,D07,42,12.70846981470197,0.40556988133069316,0.590663731098175,0.32700079679489136,96D0D46DB26CE8069CC040C544B03466B78BDE82990EEF47BCE5268DC85786D8,1FA6871B81CE5A13EF3C9CB4AD41578E1DED901976EE7FD81B193E6B159E6E34,9EB23C63A76D60736E3C9B3872C41979617D073ACBE389765F3DFD83DEAE6B27,,PASS,HASH_VERIFIED_SUPPLEMENT_NOT_STRICT_FINAL
M02,CAP,D07,43,11.239136730908655,0.4339458337921078,0.4818597435951233,0.29488056898117065,92E86C4F14A09D2FF33D03600292979095602F12C890019FC284131E29ABA6AD,760B8C97FDC44758E1D0D966D9C9C2BC6080AE2B37F6A240413AE929F96DF260,94085F8CD20012985E6B5877B2FD0CB87DBE4803713A4774FE9830D67B9D85F4,,PASS,HASH_VERIFIED_SUPPLEMENT_NOT_STRICT_FINAL
M02,CAP,D07,44,9.126777481699444,0.4524915259861109,0.5522197484970093,0.3072481155395508,6FAB41B0239CB4EECFAE696EF12C66667CFB23E69797CA5D5001301179ACF265,EE03F159BFF1E0B5CF0FA9792C26DA85D951A46BE2996DD4EE5E38CCDBD11063,E2F87D0AB4417461CB851F490C6A8A250CC6DA2B9A6FA5CDC4BA21B817E0F0D5,,PASS,HASH_VERIFIED_SUPPLEMENT_NOT_STRICT_FINAL
M02,CAP,D07,45,13.337166246177052,0.4990618492089866,0.5162347555160522,0.3072704076766968,25E657687F02DEFF18C74AF29EE167F04C7F360C8F6AE40CD005E2F6B93B22F8,40B2C27DAA91346E8DAE0634F58B1908F4C9947BC5A4AC1B292060021AD63F48,762314E038BA57C7400F7C8D4CE7E6FBF5E78704FB6AF296AD986EF985FAE0F0,,PASS,HASH_VERIFIED_SUPPLEMENT_NOT_STRICT_FINAL
M02,CAP,D07,46,9.615401351203483,0.44053174607215134,0.6102503538131714,0.3669118881225586,BF25D291BC088BDBB4589980E3A456B95580947393BBC4361B86B2A856275469,DAFDD0CCA03EDC3FDDECC00BE107C7BEF6CF7324B8CBFEE47BDB1A1C62BDA2B9,30165878C67D5E1290FEC88F13CC1F4E4DFAE5DA782459300B41DCEAFF655FF9,,PASS,HASH_VERIFIED_SUPPLEMENT_NOT_STRICT_FINAL
M02,CAP,D07,47,9.870670369039896,0.3388693294250236,0.6826950311660767,0.3813796043395996,DF0FA40FD6104B249E475516FB131D1EEB075B4686516E27E2913C05B3A85EE6,D8A0D21C5F0F0D012F2131175A37811616DD6D606A28A25093213DB79404A585,0EA8D3F7DE11F7752250B51996FBE7F53BA01D945965C685EE92925A5BF3FF90,,PASS,HASH_VERIFIED_SUPPLEMENT_NOT_STRICT_FINAL
M02,CAP,D07,48,11.335309536556021,0.31000954721895607,0.6229331493377686,0.3713441491127014,3B301E07DE8F14832F593EBE8491B039EE7C9D289CF991F9788A0DB7B20095E8,6B74FC289D89DE2B69A6ECCB274AEBB570FBCF4802BDEAAAE711C8AA74F1214D,716F2D9E6A28385677ABD9038D33F3CB5B5F97BF7B5659FD296BEB54359F4E59,,PASS,HASH_VERIFIED_SUPPLEMENT_NOT_STRICT_FINAL
M02,CAP,D07,49,13.516349183248348,0.4956477406282929,0.5009729862213135,0.2476593255996704,C42F9377AA6CA30FC45067B98D33ABD11EAC3FB614BEABE92473F4DC6E6D81C1,75E7F67309BD2A83D503756C0BACAD4F3DDC7D5C571644F16F8A310E3E05D152,E65F58146EF02141971248C188F2669E2B1C195682DC9141F700C7096AD2C09D,,PASS,HASH_VERIFIED_SUPPLEMENT_NOT_STRICT_FINAL
M02,CAP,D07,50,12.310231266402326,0.3412726706389755,0.5691859722137451,0.31572407484054565,6EE7CFAB524B06C8FB85816E4904C25426693FD1DAE0624D52EE106FFE336D84,078C6B1C923459F568D242F12819DC727F4C83744D353DD439CF3D217F790E2B,A33048A2200CB5D05DC5511A2C55F9C5A2376DD1B187B9253070273B5EAD52DD,,PASS,HASH_VERIFIED_SUPPLEMENT_NOT_STRICT_FINAL
M02,CAP,D07,51,13.31137256037314,0.4415245555840069,0.5775925517082214,0.40592169761657715,DC66B010FA0B129995CD5BC405EB0DBEB4F0AB69EA9DE677527C274EFF456074,F1272787458CB07FEE6D5FBF60372A17135EFFE21624E0F5399AF5417DD7F33F,575BFCE2D3C0A99390A728F0E60B2EE122DECAEAEE6A7F5292255E3D2BEE5A17,,PASS,HASH_VERIFIED_SUPPLEMENT_NOT_STRICT_FINAL
M02,CAP,D07,52,12.579088389546405,0.3958393149409645,0.5940114855766296,0.2941169738769531,0B357FE8678B05CF3108C1B9C3F17369BE95E1296EA6D0BBBC2CF32511D6D1F1,E0293C9563B13300E5CCFBC3AA9B1A08C37F790AFAD174C032E7931B6047AE41,492FA34DE436A8B54C0D9D848899CB09F08DABDA496562AEE496BEC193A9AC7F,,PASS,HASH_VERIFIED_SUPPLEMENT_NOT_STRICT_FINAL
M02,CAP,D07,53,11.336742836690025,0.45116225207512173,0.5618402361869812,0.28196364641189575,B45310A5C6D3B5B8A41FF1C91FF949016FC4A30599E76F5F3B691FE25928EEAB,6E0248CBF1F21BAB1A1DC4A8C461B8F4E8A46801364735D08B51A61B6CD24F7F,6522C93DB6A95763CB47156E7DEBAF6597C4877EEB88F4012835DE57E57CB804,,PASS,HASH_VERIFIED_SUPPLEMENT_NOT_STRICT_FINAL
M02,CAP,D07,54,12.723819244517324,0.3352715493595588,0.5777339339256287,0.29188966751098633,CA3DE5F9ECAE90CD1F2279FBA3522E283E1C16F8B85FEFA8C041705203C33AB6,834DAEF81393AFC39AC73411D5F59542911D7F9DC23B19C999E3A4F2EC8BF28B,EAD657C66B6362287F95C49BFC607541EC54C604B9C8786B4297248383860CF6,,PASS,HASH_VERIFIED_SUPPLEMENT_NOT_STRICT_FINAL
M02,CAP,D07,55,12.849001632732895,0.37964643796186825,0.5081490278244019,0.25874704122543335,0ACA5791D2F797CDAE61691DC15A70A4070BE4303E25B976F1CA530779D0ACFC,5AB38AD0A643FEC9C67CB841646B0CEE2EBC0946A50C80F5EF9C721297BCD023,06B631D23691353FD8429B154A8ED8C137093E66FAB2D5B7783ACA4DC673B07A,,PASS,HASH_VERIFIED_SUPPLEMENT_NOT_STRICT_FINAL
S12,DehazeNet,D04,1,14.341482091446466,0.7454600742214984,0.2352963387966156,0.14108210802078247,3c0d534654c7a4365a783b3c11ff6659728b8a26a0f7e3f47ecac37018cef9a5,2edbb4125d4247bee1342b2c65fa0b5d03fab855bd24b00cfaa7a3a74f1076c7,98fdd47060080eec5317aa2b50b691c0bc414cda6eae5cb9b138a913da1407d5,,HASH_VERIFIED_SAVED_OUTPUT,RECOMPUTED_DESCRIPTIVE_SAVED_OUTPUT_NOT_RETRAINED
S12,DehazeNet,D04,2,16.785808493365902,0.8364163122768004,0.21538856625556946,0.12700939178466797,83ace0385abaaeb78ff8646ba8c0431b42c1f1e9824382a8b29e86ced190c10c,b051cf55ca912db2defdd68017a476c8f9daf25e3981b2e4f855daf6025de403,5788744b8d94a32b3623b31d848198a989e259e4a5446d0ef2c5a461d5ff1e81,,HASH_VERIFIED_SAVED_OUTPUT,RECOMPUTED_DESCRIPTIVE_SAVED_OUTPUT_NOT_RETRAINED
S12,DehazeNet,D04,3,16.3110232934422,0.6354899994239749,0.33287081122398376,0.2704935073852539,7ef116779779e7182354fa2428edefdfdbef1cf7e767ffdb4abcebe5a26048ee,b6f7d05a209edd9d0793f97ea607b9c6ee002c6c4b280b615f08c7d1cbb8e367,43cbe94e908eaaeb04c20e89c62bef9868c6756219774c4d7db40fd8f1afe98b,,HASH_VERIFIED_SAVED_OUTPUT,RECOMPUTED_DESCRIPTIVE_SAVED_OUTPUT_NOT_RETRAINED
S12,DehazeNet,D04,4,13.129418168039109,0.6302811110286594,0.3950290381908417,0.308351993560791,cc7a0acd6ab58d7e211b155f5f31948b25cbfd1164f9ab19aef5b3696a134446,d504f0c3af6cd202e5fe35a7345b0cdc80502be8e14214d8be98644e3088b385,dcd616732060793755fe5a63a37fc2a7b6b744ff0812183304342d3e06d095f7,,HASH_VERIFIED_SAVED_OUTPUT,RECOMPUTED_DESCRIPTIVE_SAVED_OUTPUT_NOT_RETRAINED
S12,DehazeNet,D04,5,14.66358833217871,0.7445211948231466,0.22159239649772644,0.1172325611114502,69d75429bd63bdead8fc8391b02e51f23668508335060122d005c8a3911b0a81,69a65b307d4138e1b5f96fd220d9f1b31590ac6d5e290c8795988d4bc715ef97,79fe51216128b3b30225dc60fcfaed34edb4d7346af24b3113910f661d667fab,,HASH_VERIFIED_SAVED_OUTPUT,RECOMPUTED_DESCRIPTIVE_SAVED_OUTPUT_NOT_RETRAINED
S12,DehazeNet,D04,6,14.252432904466302,0.6050056958776994,0.395257830619812,0.20965075492858887,369a9a7c7774ddc377084a7574f799872c847f35343efaebbb03be17d2290bf7,7e091171c393bb46508bb725bfd30b1bf6fcd51a1a8fa591ce3dad1233794c61,b5e38d209cd1d1b20ce07fa1907cdb615d27682037505111a99e1c2efe43e043,,HASH_VERIFIED_SAVED_OUTPUT,RECOMPUTED_DESCRIPTIVE_SAVED_OUTPUT_NOT_RETRAINED
S12,DehazeNet,D04,7,14.55404896045338,0.7107123359078877,0.37045565247535706,0.27247798442840576,21185097e3161d618c0ab213c8755b6502c750a759b5ecb3efb9f51cf9e978b4,f8c284d1af8eeadd80b4940577aa7b3a3ad9bb3e189b5b6bbf293e9595204c30,dd0492e03f24488504d2cf31ee2676c91edf60100e50a70353b4fd7bbafdfafa,,HASH_VERIFIED_SAVED_OUTPUT,RECOMPUTED_DESCRIPTIVE_SAVED_OUTPUT_NOT_RETRAINED
S12,DehazeNet,D04,8,14.923002458694883,0.7684597112837045,0.29547131061553955,0.19269734621047974,05a6b22c5c127de881d22d83b43bd43f91a574c38bade064acea9db34eb44e99,b5e686fc6b20002bf82549eec3fff547e8ac27923ded754f062856c325333a8e,1d465058e8de328b7a732553dfb4548dedb03667b01365f4dae0ee0547f04157,,HASH_VERIFIED_SAVED_OUTPUT,RECOMPUTED_DESCRIPTIVE_SAVED_OUTPUT_NOT_RETRAINED
S12,DehazeNet,D04,9,15.84070573090774,0.71899082077503,0.22746649384498596,0.09856021404266357,718de8a6c7d21a51c15c11097e571b3e4f0930279c690822fe98d0d95993a651,c4b2609121116b2c8c654c5e5e80d25bd588ec9cbfcd04b9013b57b8145ebfab,5127acc54611b8dedafea281badaabf01259071214e608972c4f2d886a23c305,,HASH_VERIFIED_SAVED_OUTPUT,RECOMPUTED_DESCRIPTIVE_SAVED_OUTPUT_NOT_RETRAINED
S12,DehazeNet,D04,10,14.465947812268736,0.7655349177356635,0.21780593693256378,0.16141587495803833,34d9a2c5323d2fc655b846b6ef110d8a823a4f60cb617990ade76d9dfba418d8,5ca247e0447645686f13a31e3fe129cce1e3a4bd8cdf731993132dc2594d58d7,9685fffd40f0507acd2416f4a6fb6597f7c2680b0483d288c3d3a40994400d08,,HASH_VERIFIED_SAVED_OUTPUT,RECOMPUTED_DESCRIPTIVE_SAVED_OUTPUT_NOT_RETRAINED
S12,DehazeNet,D04,11,16.821207006022448,0.6402437396368466,0.24752022325992584,0.13694345951080322,5f54eb6ef0e843eb589bd7597c5990f010afd78d6f850b0c831a380ad4897b5e,b7569c5c5a38f7b57aee79603dcbe4c5fef3aaabbde31b67d12da65c66963b9d,ef537857fd225e56d9b107514249f20bde047ede2e22e3aafe4c4a6749ab81ff,,HASH_VERIFIED_SAVED_OUTPUT,RECOMPUTED_DESCRIPTIVE_SAVED_OUTPUT_NOT_RETRAINED
S12,DehazeNet,D04,12,16.847028452183743,0.7990170868150758,0.27257949113845825,0.17892473936080933,6cf81158987fed6bb4bfdc4dbecede31245e6a33dd1d67be95824f24578b5d7f,3bff920af4640d93b95bc805614bd7bd38924b30ccca62c797f7bd79f4a973b7,c02ad73a728d193ba936c4919b91371c470833f4b0cc339730a1725d9fa14c8a,,HASH_VERIFIED_SAVED_OUTPUT,RECOMPUTED_DESCRIPTIVE_SAVED_OUTPUT_NOT_RETRAINED
S12,DehazeNet,D04,13,16.962147870861706,0.6752886618511522,0.19368967413902283,0.1240190863609314,24bdbcc4c024b4faaed275344a0c60794c306f405620ae5f2ea0c9e9c48dbd33,baa97dd4006d01e1761aa8b55545e698b899cf088f087e09e3b4897555272817,819591a3a18ba5a655a434b1e1a114baa5766c0c7498eed905970baccf070cfd,,HASH_VERIFIED_SAVED_OUTPUT,RECOMPUTED_DESCRIPTIVE_SAVED_OUTPUT_NOT_RETRAINED
S12,DehazeNet,D04,14,18.123071444032078,0.7803547459218841,0.19007150828838348,0.10501605272293091,66d2e2061c54cd5f5173ce90a57d302124e8943efa217df6b82db6c67020b38e,162c9550c57e3e348277d3cb4567347b06faec07fb6ba6e03db37f77c0f83fde,72c3ef355c8588ce1b038d657a3bb3c19b60aa55fc07ea74f1b5fa7e0d8d0b6e,,HASH_VERIFIED_SAVED_OUTPUT,RECOMPUTED_DESCRIPTIVE_SAVED_OUTPUT_NOT_RETRAINED
S12,DehazeNet,D04,15,19.931786794861242,0.8815659817147609,0.1418435275554657,0.0947067141532898,0a660f46d64370e6a21d9d553ad5f98eb82b6d7df6e006f9a016f9affcac60ee,1dd2b182975351d661f1e303f63f755f08a1ea7df43f5ff173d62e149042563a,ae53e8c60406aa4a53037ab0e622e3098a928bd95d61ae3b186c3730216ac95c,,HASH_VERIFIED_SAVED_OUTPUT,RECOMPUTED_DESCRIPTIVE_SAVED_OUTPUT_NOT_RETRAINED
S12,DehazeNet,D04,16,18.44943970391695,0.7902724154505701,0.1714751273393631,0.10046213865280151,958326dcee63e40f1df57eebe91a219dcf762e1b7fc4db195c8235cc300ec7e0,df75e8e547d61499452679f92fc17b26447d47c7888ca7f2fa83b150ecbb4a10,f5bc84526650a00d4241552456e2e8c200350d9ac44a4637f0f1700120b67468,,HASH_VERIFIED_SAVED_OUTPUT,RECOMPUTED_DESCRIPTIVE_SAVED_OUTPUT_NOT_RETRAINED
S12,DehazeNet,D04,17,14.9657825004401,0.6139948067699131,0.3978162407875061,0.22862958908081055,e56c54f6f4211814d4a4700e2c51e3c911668e99a51c28c0f3c20babb7e82a2a,b5cddb706c2dcfafc53dced1fa7f704b77173b02f9890d8f2e1fd75ffef2c254,839110ef4bb72d576ab2e9e661fb71682edd69d1475c2d4ab630fb4d6737dccd,,HASH_VERIFIED_SAVED_OUTPUT,RECOMPUTED_DESCRIPTIVE_SAVED_OUTPUT_NOT_RETRAINED
S12,DehazeNet,D04,18,16.40685189857049,0.7051848732334994,0.40744930505752563,0.22983169555664062,43fc7e8f922da9a7b2a02f0745081828713b87528bfd99fa88dcfe2c369152c1,675f029bce112fb122c527350ef0c2381f0d7e66272a214d2995c564317e5dc9,881c6bebe23c904e669a118155bafd33814d274b77b653a3b21024c00950cb1b,,HASH_VERIFIED_SAVED_OUTPUT,RECOMPUTED_DESCRIPTIVE_SAVED_OUTPUT_NOT_RETRAINED
S12,DehazeNet,D04,19,13.411194774822627,0.7039888507346138,0.33710718154907227,0.2526863217353821,3e65dadc65d687c514e78d0ef8207075bfc577f07581e878bed238d76c392dbf,5408a4c8607e8c201d9ebfbe41184def6270fc5766ddfa6f07202044a2cbeafb,3ef06fcf79b1eebe65bcb6569cdffc9d9cfcc5f2745c645e836edb81b1aed99b,,HASH_VERIFIED_SAVED_OUTPUT,RECOMPUTED_DESCRIPTIVE_SAVED_OUTPUT_NOT_RETRAINED
S12,DehazeNet,D04,20,14.183199539937284,0.8082265203984468,0.18539097905158997,0.0924367904663086,8bbf8198b78b76a647ad3a7cd0e73cdc213ca3e395feec095a1f96bdebe98741,ab2dca787f588e801409ab469bb4a59fe4288ad426af4806df8223b9629c366d,bce0e3cac022eebf0ec84b296aac52a798877f0b665dc32b0a3261c2c43baedf,,HASH_VERIFIED_SAVED_OUTPUT,RECOMPUTED_DESCRIPTIVE_SAVED_OUTPUT_NOT_RETRAINED
S12,DehazeNet,D04,21,19.471351511342,0.8552720227516355,0.16307257115840912,0.10836672782897949,36a476105357d29e915cb02fcc4733514c1420dbef320ebc971bbeabaae905d0,1ab05a60150ccf7587104b3924bac1db81a9b6f870475ad6069fb33f08f41a2a,507faf35481a745f903a119be8f80950245ec2fe5cdf1f2374ed9282bc57e7d1,,HASH_VERIFIED_SAVED_OUTPUT,RECOMPUTED_DESCRIPTIVE_SAVED_OUTPUT_NOT_RETRAINED
S12,DehazeNet,D04,22,14.16639929818739,0.5930471052891257,0.21103812754154205,0.11397987604141235,6a582e7efcf08a71219226cb73b73a27c003d99301784d5378ef2a6d14101973,47f4ab2c93b9c83088e2db40a410900dac738b1503db25d0423fa33b4fe83225,a025d28ba30e289fe161e0dd44f49aac6d997e2d1ddbca2e3339811f72b2f037,,HASH_VERIFIED_SAVED_OUTPUT,RECOMPUTED_DESCRIPTIVE_SAVED_OUTPUT_NOT_RETRAINED
S12,DehazeNet,D04,23,12.574240367570702,0.7026564548660367,0.4722490906715393,0.30450356006622314,ccb31930cb34ab7ff04304c7aafffb7c7341559008015754666cf2d3d4d578ca,434b68aa01184da16dd93db83cd9473f9bddaa7236e46f29707a26d62e77d034,4b4e04e534fcc96b8bf10100d02e5ad6eeb41fb038129c47e4e1c2b93c1c0f4a,,HASH_VERIFIED_SAVED_OUTPUT,RECOMPUTED_DESCRIPTIVE_SAVED_OUTPUT_NOT_RETRAINED
S12,DehazeNet,D04,24,16.08119164919461,0.7970349610632836,0.282301664352417,0.2496090531349182,7396208903eef483c8c5234a53114f0bb96b6766840771c2009f2ee47c08d0e5,2f94f1d924c537644814f82c9f78dd2901adee578f21c87da409fd5879b1f3fc,2b5226457b69eb11ce619d564422226b2202d0373e98355e0dd814b7f1361357,,HASH_VERIFIED_SAVED_OUTPUT,RECOMPUTED_DESCRIPTIVE_SAVED_OUTPUT_NOT_RETRAINED
S12,DehazeNet,D04,25,9.61336828687283,0.3352192684638749,0.5157236456871033,0.302931010723114,7f7e3b1eb104cbbc246ec8788e300a27f5df60d0f267ffe992a9d0afc198cf8c,923c0f0edec357692fea84fe1e2baae77fd890f2d8294098694d83c5d7bf2f5b,dd931f44361910f44e2979c0850982ff426563500f77498d37c3812ad59df94d,,HASH_VERIFIED_SAVED_OUTPUT,RECOMPUTED_DESCRIPTIVE_SAVED_OUTPUT_NOT_RETRAINED
S12,DehazeNet,D04,31,19.525593655443146,0.8312306491850538,0.15376316010951996,0.07069516181945801,c0fd0023eac765bd9e77e4699c65e6f52f06382c395ea7a8a7dcb02effc8466f,ce7e848fdd9b9a8e53cee8a80540a02e19017cb82656e4dbd934c84ab8192c79,a01ce4f0bf39a04505fdd32653691f482516a08827bfeed5bd020cf22705c6e6,,HASH_VERIFIED_SAVED_OUTPUT,RECOMPUTED_DESCRIPTIVE_SAVED_OUTPUT_NOT_RETRAINED
S12,DehazeNet,D04,32,13.422215308831824,0.5788475300255412,0.3404695391654968,0.2234116792678833,c95071845de2ec5a78e782c6611da84aa42187c31a792d0b8909f51451b602d8,a5e6c4c1e13b6ed7e0e743e0045b52988ebe8835d4220c7bf5d0fa98e2411df7,d85fecf4ea33e20a05e91bd7c62989f723e41386aa062c0e2583cb8e3b0f9e3f,,HASH_VERIFIED_SAVED_OUTPUT,RECOMPUTED_DESCRIPTIVE_SAVED_OUTPUT_NOT_RETRAINED
S12,DehazeNet,D04,33,13.754737746790873,0.7398057516356555,0.27497580647468567,0.16118597984313965,3b555b91195cfd0222ca505b5ed0a372019bbbcfc9063d4d062f88750faa72d8,47f2c549daff442a3f77adad6c7c3f05a85e250ae22754117bb873cc2ca13dec,d8d9afd77c32c75b614c0ba95bcf383ccf061a20b0f41e0807fa3c20b88733e9,,HASH_VERIFIED_SAVED_OUTPUT,RECOMPUTED_DESCRIPTIVE_SAVED_OUTPUT_NOT_RETRAINED
S12,DehazeNet,D04,34,17.56466427041137,0.8354521321174541,0.18614263832569122,0.15879368782043457,49905e56427bff302b4bfc724c35952837f0fb9423c91a44a15a04062af871cd,45d9b0c3bad9b62ec6033ee3933ae05a29cf7ccc1c8a3e5104650132044fbbf4,46dc97fcd2df45ef435eda02751823688a0ef9b77bc3c86be34580de967e694e,,HASH_VERIFIED_SAVED_OUTPUT,RECOMPUTED_DESCRIPTIVE_SAVED_OUTPUT_NOT_RETRAINED
S12,DehazeNet,D04,35,12.135206851413717,0.6361098455499173,0.4272342324256897,0.3628111481666565,7ae0be8849f040a52755c6ccd03c1e7c04611cced8ae2d2ffa6040116e3b1913,aa6632d2e7508666959d0d0d0b9f3e8faec29043c23ce2ec7d4a650a4b1083a3,61029542403c486a029b5381fdf89b7abfe89b732bd24a0b6d5eac185c9206fc,,HASH_VERIFIED_SAVED_OUTPUT,RECOMPUTED_DESCRIPTIVE_SAVED_OUTPUT_NOT_RETRAINED
S12,DehazeNet,D05,1,13.322054760851078,0.632552375150128,0.37345290184020996,0.18664592504501343,5617e822ceaa1e52407bcf8d0e1835eed14a86f589ec7bc01495e8864bdc7b88,53dcbfdc4ebd977c01654dabfe04cc2246570b1541bdac6e9699ba15c17ecd88,14b475652bfb915b7f875b00f4c59b97c97ab5f8cf244e5ad1c58fdc8807f404,,HASH_VERIFIED_SAVED_OUTPUT,RECOMPUTED_DESCRIPTIVE_SAVED_OUTPUT_NOT_RETRAINED
S12,DehazeNet,D05,2,15.089699236152661,0.6808939134691528,0.2835856080055237,0.12758797407150269,048c2c0a7b3bca9c974bf8ce047c73288de209b9e8b13cc84da00e1e7062fb40,5c667fcce9a1ecca7deaed221128b2c73f7b105c4dfaa7bfe7ee5bc909057f5f,51c0e9665c5d97c0cf10c5541faee2f92a3e6f1c9ce095ec95a92abaa2191f90,,HASH_VERIFIED_SAVED_OUTPUT,RECOMPUTED_DESCRIPTIVE_SAVED_OUTPUT_NOT_RETRAINED
S12,DehazeNet,D05,3,16.29481985280053,0.7533245569782725,0.24355874955654144,0.2288515567779541,3fd16e4347f28400f4a0afc544c7bf1d7f476733565d2cd3bb02f72f1b9e7da1,0ea8c6409c916e0336e1cfa98b31c63d7d0a28127a46e0fefdfa25691cb91b76,9a3bd4eacede66bc70dae231bd8b4687b60d79787039cbc47cf85e8220a77adf,,HASH_VERIFIED_SAVED_OUTPUT,RECOMPUTED_DESCRIPTIVE_SAVED_OUTPUT_NOT_RETRAINED
S12,DehazeNet,D05,4,18.32262125251875,0.7594250899526654,0.2630837559700012,0.13901758193969727,a2db1328b3f4f6f760c551abab19099465b7c3082f629e9bc04e893b9c8a0605,70fa3ca85da8c2153e084c303ae5110635c6d9d3d8a2fa10593b90d029c6f570,49f4360af7e9da4f00d8c0a3d2c85a92de9d0816502bb037605d10fb3c2eebb5,,HASH_VERIFIED_SAVED_OUTPUT,RECOMPUTED_DESCRIPTIVE_SAVED_OUTPUT_NOT_RETRAINED
S12,DehazeNet,D05,5,13.529810535585195,0.4269373480084801,0.5697917938232422,0.405434787273407,f521c0a2a6a0a8d3bd9041f050c167e97f6fb8b3590f958bd86467a5fc1357ab,f0f01c9a961ff272d7ab18e571ce9fc78f35fb33b29493649138458ddc2daf3a,3cab6038cb1d15bba7cc2a198648d372decb23db5ede44742ee5828fc857746b,,HASH_VERIFIED_SAVED_OUTPUT,RECOMPUTED_DESCRIPTIVE_SAVED_OUTPUT_NOT_RETRAINED
S12,DehazeNet,D05,6,13.407798787422887,0.5632695649907661,0.4237380921840668,0.31998735666275024,f0c64d7a3acc73e13829ddd822e8d2544329d707df31fd3c150d1191ab772271,284f692abe83c7d7f26f5075bf7a7d3302f954305dd8b06c2d41294f790661cb,13cd71e2253e38b8533b3703afd7f2ac3b2f75a1fee5f3e2f14c6e173def0244,,HASH_VERIFIED_SAVED_OUTPUT,RECOMPUTED_DESCRIPTIVE_SAVED_OUTPUT_NOT_RETRAINED
S12,DehazeNet,D05,7,19.780762510146722,0.8270582205831238,0.18089646100997925,0.14976924657821655,64e571161c50d7a886cc22f7d31e6cbf038ce4cdea3b5f9efa23f65bfde3b86d,3576d3a3c1ef68992d1e5ebe696cf03fd821c1abf70a5dbfab9ea687d9f67f6f,3c9c2be54de4d6e823d021bc6a3b94c6512c6efc4db9e628e3f5513d140db23c,,HASH_VERIFIED_SAVED_OUTPUT,RECOMPUTED_DESCRIPTIVE_SAVED_OUTPUT_NOT_RETRAINED
S12,DehazeNet,D05,8,12.876466386031613,0.4900614537053552,0.5509615540504456,0.26525115966796875,6434daa4f8c01279d6b92dad6831e8aafec6cd3f23666d0715d72287de8b77d3,a7ef48823c56afa9f2cf44def8787391e89f3d84641bd1b920c60d90b717fde4,92b2ba5e01e8b84c5feb23c08675d37261054e1af90608cc41c5a57eb440b08a,,HASH_VERIFIED_SAVED_OUTPUT,RECOMPUTED_DESCRIPTIVE_SAVED_OUTPUT_NOT_RETRAINED
S12,DehazeNet,D05,9,13.51472175475013,0.4298742294719436,0.6132802367210388,0.460762619972229,19ad82cf7eb8055796a0e7948f51430ee9b57ba6f03890d1d418cdd8905245ab,f2f9ee2966c2ba1676947ac453f226689e435a398a31a9d87c601b23f6d33785,d4b505427c0ffbbf415d3ff95c6f9e1a41f6d8b881128a3798565085e407ccaa,,HASH_VERIFIED_SAVED_OUTPUT,RECOMPUTED_DESCRIPTIVE_SAVED_OUTPUT_NOT_RETRAINED
S12,DehazeNet,D05,10,13.68358136527705,0.6904728771749324,0.37232381105422974,0.23294901847839355,a34c1732598e8b49083335ee8e030a0116ff11942e8e6d678ce3634e543a361f,f5bb3cdd8067cbc211ed4897eb8008b353205aecfe648d732f33c569e8befe33,8b15e1f11580c67cba478c022008f8a6b1db820520c8f7f708e6bc78f560a173,,HASH_VERIFIED_SAVED_OUTPUT,RECOMPUTED_DESCRIPTIVE_SAVED_OUTPUT_NOT_RETRAINED
S12,DehazeNet,D05,11,13.22975017480082,0.5872392974661267,0.4153405427932739,0.29775458574295044,7b1a936b06a0b8463feb093f131e640e40624749382f524db69e9bbe52b37173,b07169b798ff75f9cfd2aa2db20325df8825562d800728e1b8e4555cd4c80c7a,7c69e407395ac1986bd3f03b869922fdf407073957d40b924ab40888dd278330,,HASH_VERIFIED_SAVED_OUTPUT,RECOMPUTED_DESCRIPTIVE_SAVED_OUTPUT_NOT_RETRAINED
S12,DehazeNet,D05,12,14.23062755577738,0.7092025239897247,0.3883385956287384,0.23694682121276855,4222656c62cc3e571f6b1e4c5b4c71b2e21517bbbd9ca3aa381b56332b267edd,806555edb0833d98300224f41559e43535b567775fc013e802ac7640cbe05bc7,ab94354c8b4312d872ac620ea7124f79a48cf472ac8b344a95fa67883a61d26e,,HASH_VERIFIED_SAVED_OUTPUT,RECOMPUTED_DESCRIPTIVE_SAVED_OUTPUT_NOT_RETRAINED
S12,DehazeNet,D05,13,11.960533499054302,0.5502013815283441,0.5238679051399231,0.35861390829086304,977abd49f66b81417e9174bcbce868608c31751c9fc4bfa866ef34fd802dce40,15503f04c2cb5b2dcb5113ae8aa8d8aa89e802bead6b6da16d5f324ad80777ac,036738cffde0a9c923d44db9d53c3d2ecd2c2ce51594af23036472598632f84c,,HASH_VERIFIED_SAVED_OUTPUT,RECOMPUTED_DESCRIPTIVE_SAVED_OUTPUT_NOT_RETRAINED
S12,DehazeNet,D05,14,16.33268499060207,0.742447011498803,0.3055657744407654,0.25546783208847046,246fc0415f51a607cecafbd82622b91c70329bb2fe6320f137d15944f41bab6b,a5cb1d302d65f4df8af4d46eef441f7275e76895c28c3529c7ad2126f6599c95,188db2d3426bc9db861b099d7b70a7724bc7294bf2a335c5535809be45cb9cd8,,HASH_VERIFIED_SAVED_OUTPUT,RECOMPUTED_DESCRIPTIVE_SAVED_OUTPUT_NOT_RETRAINED
S12,DehazeNet,D05,15,12.396706755825095,0.6079289665092326,0.44064033031463623,0.33255988359451294,aa650654d043422ca7ca33540d52712645d9de0a1c11ee3550443aceb01304d2,2399af2f70bb47d7aae26101c974f7c99c910619f31ed199fa4f84a94bf2e8a0,cec808c3179830d220bbf9ef62c509d5b0f1fe9953eee7537db7feb2c2599e12,,HASH_VERIFIED_SAVED_OUTPUT,RECOMPUTED_DESCRIPTIVE_SAVED_OUTPUT_NOT_RETRAINED
S12,DehazeNet,D05,16,11.0701133973206,0.5168603129701191,0.6267077326774597,0.4661813974380493,a34d3094453208afdba0e80ff00d0b8723227cf6b8ae8965ec23104e99fca9df,f56b229b99e57c2f8617f6652238124fd8c0186e77bef491f2121c541529e1ec,1495dd5ebc9e302fada66a3cffc125a78889daa1eae4a13b3be849b807999c49,,HASH_VERIFIED_SAVED_OUTPUT,RECOMPUTED_DESCRIPTIVE_SAVED_OUTPUT_NOT_RETRAINED
S12,DehazeNet,D05,17,10.370563005164044,0.5007251439285537,0.58078533411026,0.3946969509124756,7f2cc1e4d3cf76f5f4a8e2af50b82457d6773ecbcf451c9a17dea6da9fa65838,95fb456377ff9e1a41a33a46fa19ad8cec61f3ac3dcc66117350c328ae5dd15d,c97fa24cffabeaac0ed2a635c9097c4c7df50100f6bc3622dd7e64fa71d727aa,,HASH_VERIFIED_SAVED_OUTPUT,RECOMPUTED_DESCRIPTIVE_SAVED_OUTPUT_NOT_RETRAINED
S12,DehazeNet,D05,18,16.88682487715709,0.6829778683434299,0.3184240758419037,0.1807945966720581,e50eb742f07cae64cee4a4de3628928d6335f4f5b0a541d64d2a9b555fe57078,2e1d305a4c94e175fd80e3e5167be6bc7d8130d913f3dadfcf77e75152124584,6458b7b5d5fb1aac4eaecc873d5a15abcb486ea8f6605a6243d66f41bd3bb907,,HASH_VERIFIED_SAVED_OUTPUT,RECOMPUTED_DESCRIPTIVE_SAVED_OUTPUT_NOT_RETRAINED
S12,DehazeNet,D05,19,15.482206987947594,0.7298948665498513,0.2927398979663849,0.14981526136398315,6c5cac2066ecafc48120febdaf0b2fd62e554d960ec79821579be7b0b93c886b,c4f0695123f82c180d583489f57c8d065df7eaa148f4acbe9e38afdbc0ff034c,36a5f0efd95584fbb24eaefa08721463fcffddb9b15a708cadbc9eeb61c56ef0,,HASH_VERIFIED_SAVED_OUTPUT,RECOMPUTED_DESCRIPTIVE_SAVED_OUTPUT_NOT_RETRAINED
S12,DehazeNet,D05,20,12.345612687506012,0.5024597115981545,0.5138147473335266,0.27703434228897095,bc66561b39c77894d5da42f1760d11a1c255fa2e6d9cecbf1c60c2ebea9a5b1e,0f243a6ff42b176d7fd505b0f9369023bf724498ce555d16bf5c96e8728c6aee,206770c3997f8b823f47908240c894cac4a990d114b43412f79e0005e7ae339a,,HASH_VERIFIED_SAVED_OUTPUT,RECOMPUTED_DESCRIPTIVE_SAVED_OUTPUT_NOT_RETRAINED
S12,DehazeNet,D05,21,13.76423971532523,0.6579876792793374,0.4363938570022583,0.3166273832321167,069f11f974157e01d0c205b3bb74787838dcb6c9f572675ef8be52973749cf88,259240824ff511c499487549acbbb54d4b22a0ef45f6a31288656ded08467352,33d01be570487dd29caadc0317e62524b95457cb78b035a35fbbc0549e2be5d3,,HASH_VERIFIED_SAVED_OUTPUT,RECOMPUTED_DESCRIPTIVE_SAVED_OUTPUT_NOT_RETRAINED
S12,DehazeNet,D05,22,19.37983278908468,0.8362885792219054,0.1086086556315422,0.05159592628479004,027f98cc74b5071544c780c4bf27be6c33f02e6bb80f7b32e19b49280aa57647,15b7a7b47bb42977437541f8497f69d14985f3c88e72775fdac4cff963529e26,e89f49cc1719947b0199a24e0431a2cf2a653dca0172d0d7d1c894d4e6731c31,,HASH_VERIFIED_SAVED_OUTPUT,RECOMPUTED_DESCRIPTIVE_SAVED_OUTPUT_NOT_RETRAINED
S12,DehazeNet,D05,23,20.553243571597086,0.8015393738728415,0.14815308153629303,0.08086377382278442,ad2e2e1d351adc63e72c962050ad1c5e4649585f5e843eb5b0e4be18a4eb25cb,2be0c3921a195d62219ddf3defe8d85bc03c0e5c811b4c79e89b5595df6b9c88,a0c7af59c13e85bc7fe05201f9709204a5412fd05517c1efc727756b99cc7ef3,,HASH_VERIFIED_SAVED_OUTPUT,RECOMPUTED_DESCRIPTIVE_SAVED_OUTPUT_NOT_RETRAINED
S12,DehazeNet,D05,24,15.553290015229901,0.7283856860329987,0.3225443661212921,0.19010961055755615,ffb1c16b59aabce6b64480a23e2e805760c05b8f229d6209fc97eb459a71333a,23939243c8f40539cab9b3feb8cd6a7cc003511c759fdb133ce06bb44f5bad21,767dc98cdd21b6637dd0123922482e55b3e1baa3a0eb1f5e2be0ecb2ab979dd5,,HASH_VERIFIED_SAVED_OUTPUT,RECOMPUTED_DESCRIPTIVE_SAVED_OUTPUT_NOT_RETRAINED
S12,DehazeNet,D05,25,13.085082004202768,0.5194420478783955,0.5243846774101257,0.39817243814468384,7aaddd9526587bcf8ef52ff204df7a8f7fcbafbd07129f8135aeb43ff219eaa3,18a3324c132b01daede2926101b3438a0ec51f25a9668b517a50353b9ee533bb,2a5e6da3fb2005fee9e76083db9f405cc6fc52270196b20867efe73de8c2868d,,HASH_VERIFIED_SAVED_OUTPUT,RECOMPUTED_DESCRIPTIVE_SAVED_OUTPUT_NOT_RETRAINED
S12,DehazeNet,D05,26,13.84667603236785,0.5159628060294865,0.5132676362991333,0.37296903133392334,c08af8d3b58809f658dd29ed6462df1b3000142f9f0edde8126e18e26ce36a7a,11b17173970fb5039c2339518355ccb4ef4604735792d2de8a87695aad27c5cf,a1f9c89527abf771b2890e0645be92d1703618290d5b2fbd1fa730c9e2480cb2,,HASH_VERIFIED_SAVED_OUTPUT,RECOMPUTED_DESCRIPTIVE_SAVED_OUTPUT_NOT_RETRAINED
S12,DehazeNet,D05,27,15.95849876784741,0.639484451944797,0.3618810176849365,0.20967870950698853,935155512b2d2c193e1e068bb4119b09ded1e575c02785ee73db4b4568732545,bcc47f54e74f8215f4e023d7356919b108fc232a9b466228d1608f10c29d8749,57d9d497326af30aa551ab5eb2dc76ffe89929c2c4ba51bace3ae4e7609ecb73,,HASH_VERIFIED_SAVED_OUTPUT,RECOMPUTED_DESCRIPTIVE_SAVED_OUTPUT_NOT_RETRAINED
S12,DehazeNet,D05,28,11.600149798560642,0.5420269983367555,0.5117220878601074,0.40732288360595703,3f50871d11d92af7b087677b261e27599fcfec8f87b5c2676bfb8a161a72741b,25ced5c3a0869e998fb089305e6db04b964a6df09211177b7146f2d8ee75019c,a0f8e203dee6764161c318e12323df024099ec038361f6deff45fca051a7a120,,HASH_VERIFIED_SAVED_OUTPUT,RECOMPUTED_DESCRIPTIVE_SAVED_OUTPUT_NOT_RETRAINED
S12,DehazeNet,D05,29,13.12329172835637,0.5107633457956282,0.5591831207275391,0.41196542978286743,81ec091e78b674e82712eae54f17ce3989a013c3165c42e7e4351164ebc3a1b8,3a02340286a32c2221e2047c6a1b982701f4680e050fab2d6b2195d167518373,c6f33bf82dfa71a32f1d25760efeaacd516ae51f888dd233fd3477279088d823,,HASH_VERIFIED_SAVED_OUTPUT,RECOMPUTED_DESCRIPTIVE_SAVED_OUTPUT_NOT_RETRAINED
S12,DehazeNet,D05,30,19.297849851976817,0.7319948869137468,0.256457656621933,0.20508670806884766,14e10933e531932caa59cff583c77f6477a386864abe63586a9eb798a79ffbc1,2c939baf94bbd4add2421c272d192d45ef8261498ddae27082abf608944275d1,caa369a6d89c066edafc61f57c888b09c1b220d93c9e13cf316c5bfb8ccd2afe,,HASH_VERIFIED_SAVED_OUTPUT,RECOMPUTED_DESCRIPTIVE_SAVED_OUTPUT_NOT_RETRAINED
S12,DehazeNet,D05,31,18.72820668110393,0.7691613040050681,0.2558554410934448,0.1672404408454895,4eb5f6115066b5b44f89b71158ca65eca5606e07b7ee76d18f9db017df02017e,93b5bddb161f5ac8635c560711f86e9d50007b821ac42ad66ebcff47a7abc847,6ab8dc378c0a0abd1f88cbc98adbb623eaf395733456f4776da4c93dcfe71c59,,HASH_VERIFIED_SAVED_OUTPUT,RECOMPUTED_DESCRIPTIVE_SAVED_OUTPUT_NOT_RETRAINED
S12,DehazeNet,D05,32,18.87079957095675,0.801240953638028,0.2181270867586136,0.16455078125,3a0af12c5c9a38e04ad9e40f558c7ef82299c20a09eb055373a75ef5af1bc091,2dc61724cb89511613bde3e46281e159dfbd81a52948e5fd75839d70ea3d5770,971ac75657f64b3c6412ce7117cd6c276e025a4c704714128805dacd6284f237,,HASH_VERIFIED_SAVED_OUTPUT,RECOMPUTED_DESCRIPTIVE_SAVED_OUTPUT_NOT_RETRAINED
S12,DehazeNet,D05,33,18.030721744540454,0.7732584701356805,0.224402517080307,0.20540475845336914,f9a149793d9210c8b1d19d2030c8106b0d8cad20c2d5c00f5dcf7d7205e2be3c,f3d6ca89c17499cf57a027570e3d5138a9c3a7acdcf5c1c05846829d3c8396dd,62503fed05b4918c8f3541bdb22fe11dc3a9efced4d6d2ac4beeb7c20c203e5c,,HASH_VERIFIED_SAVED_OUTPUT,RECOMPUTED_DESCRIPTIVE_SAVED_OUTPUT_NOT_RETRAINED
S12,DehazeNet,D05,34,16.325065470433312,0.6361242260300256,0.27750152349472046,0.12663304805755615,3e232bf58cafd8fe975659c3f23a303e0369f8077cfeb0ea029806d14b42e1a6,a9f0e2350d12597c0152b1f9980a5b9c04110998a7ce9c7bae1848bf76327726,34e9a1843f930b2ac2bf9000e3a408e6400dfff70de923be2e7f528cb6dfdaf4,,HASH_VERIFIED_SAVED_OUTPUT,RECOMPUTED_DESCRIPTIVE_SAVED_OUTPUT_NOT_RETRAINED
S12,DehazeNet,D05,35,18.848956185981503,0.8307679822082249,0.24004890024662018,0.15309107303619385,4c40a00796111f3d0635d323aa05935b18a9e06e1957092f716cd9db97505ef4,5bbe34bcaad603a755f20863d53ac35df8acc78da7ed12696113d088ad97a3e7,eae713b4a98aafcc7f2bc3bcac6de0a89425992952a9c32e979772866d16452d,,HASH_VERIFIED_SAVED_OUTPUT,RECOMPUTED_DESCRIPTIVE_SAVED_OUTPUT_NOT_RETRAINED
S12,DehazeNet,D05,36,17.052988962568314,0.7053151199805173,0.3186444044113159,0.2058081030845642,72ac49f3af6f23430c86734fe016fa596d8dac5634e2536d4b90a23486fb9cba,adde3c96e7c2ea4db5a80d36eb25ae68014581fbf29c19abb45e7451d209f37e,280f1dc7ae95ccbd682831c1a8371cb0d056eddce19e865330ec54afed07ea70,,HASH_VERIFIED_SAVED_OUTPUT,RECOMPUTED_DESCRIPTIVE_SAVED_OUTPUT_NOT_RETRAINED
S12,DehazeNet,D05,37,16.17645248170963,0.6539924869713025,0.35753870010375977,0.2230815887451172,a06b19f2adc72bc1dbefde55003f9e242f07638b7eade116aff1f7e1a59b615e,e9af481f2a1e0addc74030f128bdc11e062bfad1f343a4f1e5320d034f1e2b75,9f6e6d39898405d957be56ae8d0b0174c3560e34ae1ace40f64ded4e53d83c8a,,HASH_VERIFIED_SAVED_OUTPUT,RECOMPUTED_DESCRIPTIVE_SAVED_OUTPUT_NOT_RETRAINED
S12,DehazeNet,D05,38,13.191405906310889,0.6401407749013193,0.4403843879699707,0.2877500653266907,edc53095283e1b2282cf0feda9f362ca7ffab4a83410e12a271910824ff6e8bc,016a1a7edf273f874151ed98b065b6fca3017ce6b95fdcdecaad56d0ea29722a,c68d0284d3fc604b9c9f77f34d0eacbec532e179947d8bb6aeccceedfaa6cb8b,,HASH_VERIFIED_SAVED_OUTPUT,RECOMPUTED_DESCRIPTIVE_SAVED_OUTPUT_NOT_RETRAINED
S12,DehazeNet,D05,39,13.127171049130386,0.5708572499604864,0.44360363483428955,0.31553322076797485,43fd00fa723e0672d4d94c57f199d45c562eebc216c8761b6d4d72f35c295c04,d706b271e3c8aaad4fe78fe8a767559deed87e60e5dc9d2d4a658a24c72a45d6,aa4c476ec4781e18988618475fc2f1f81d28f8cb789cdf7afc6f400100798486,,HASH_VERIFIED_SAVED_OUTPUT,RECOMPUTED_DESCRIPTIVE_SAVED_OUTPUT_NOT_RETRAINED
S12,DehazeNet,D05,40,17.00129298312896,0.7102388753690302,0.30769866704940796,0.23014909029006958,c793d6dacd5c674335dfcef325448614442663a1e1a41041782741b484e54af8,8ca115ff13d678e9184fb1c278bdf92f86524bdc7bcfd420808f76cb0cd4e965,19a350081b7eafbb6dfea6f4a2f052ba32326818539b82ac1031b9e0e638ae50,,HASH_VERIFIED_SAVED_OUTPUT,RECOMPUTED_DESCRIPTIVE_SAVED_OUTPUT_NOT_RETRAINED
S12,DehazeNet,D05,41,20.989831988864506,0.8227691065697141,0.2333097755908966,0.16542816162109375,26548992d267c16a04787bfbb4cc18dbf1f9d4a9c9c32ad6df9e8272f9ba5779,0f1c00f69c4db273f46256558a67c5eff9c558c4d7f538b02bb9a7def52615c9,4a06b506bf6fcc8cc6f39ffb360d8fba06f0b6678c48cb1e34013ff088ca05f1,,HASH_VERIFIED_SAVED_OUTPUT,RECOMPUTED_DESCRIPTIVE_SAVED_OUTPUT_NOT_RETRAINED
S12,DehazeNet,D05,42,16.21249017365119,0.6156503516190849,0.356537401676178,0.23532825708389282,88055862a2a7d024a0b87a2d896143c5810303ece53aa3ed01608ecae9437c7f,cec706eb619e86f00aabefe0a57151aa402010fb282f3393535a535e27378736,e0f9c282a032b88b44ee874126d10f964c1e215243fe238ae4c4411fd77e9ada,,HASH_VERIFIED_SAVED_OUTPUT,RECOMPUTED_DESCRIPTIVE_SAVED_OUTPUT_NOT_RETRAINED
S12,DehazeNet,D05,43,18.23239739059611,0.7865181421698936,0.22619789838790894,0.15871715545654297,aa762707340c64bf3375cfb66e8ecdac5657540024bd837242352d994e6e974d,acc6ad03b3cf01552bd1d8ecc1cdda971b039fe9af79b2732a8b3bf6f62c6e49,a17914199ab7c9e887791d9c4de30f27882b8338d027be8740ecfd66280da323,,HASH_VERIFIED_SAVED_OUTPUT,RECOMPUTED_DESCRIPTIVE_SAVED_OUTPUT_NOT_RETRAINED
S12,DehazeNet,D05,44,17.887274980588415,0.7679857622899378,0.2470734566450119,0.18011224269866943,c9c9ad279e573fa522a7d1c5dc015133afda31a3a692c9855818f9fb7754e0e1,6f55f38e564bb18ab0b91adb42953d417a03de44382b1e4aaf9367f17f869223,ce5d989315faa5b7a3be0b3d698de7622813cce14feed5a937fededf0db7f6db,,HASH_VERIFIED_SAVED_OUTPUT,RECOMPUTED_DESCRIPTIVE_SAVED_OUTPUT_NOT_RETRAINED
S12,DehazeNet,D05,45,13.832590110130136,0.5282584735481636,0.4728321433067322,0.37443411350250244,71f257b3b2cfa7945536825d9f1296024f8f9fa150aee2d73ccede854e6a2ec7,2c139a4592ad739977a27d4dd7ab459fa20139838cfa7796bd15ad5792d543e1,31a7e08b1bcffbc8f164ddde4085eb2ec81ad6fa8227693b26923fd11d414f8a,,HASH_VERIFIED_SAVED_OUTPUT,RECOMPUTED_DESCRIPTIVE_SAVED_OUTPUT_NOT_RETRAINED
S12,DehazeNet,D06,1,8.673862129894307,0.3473000323944557,0.8249269723892212,0.5285090208053589,28d483ee2ecae7e22e4dab43e74216587ff6604ad354609815567f0716fe3713,9ed841651ff20bf8f8636345ba3366395a5317a51c4fbee6720445349b695377,4a5d443822071faf0fd4b94072e2ba0d4b851ab677f2185beed12e6f15bb9130,,HASH_VERIFIED_SAVED_OUTPUT,RECOMPUTED_DESCRIPTIVE_SAVED_OUTPUT_NOT_RETRAINED
S12,DehazeNet,D06,2,13.035130919397325,0.3566067347270581,0.8746320009231567,0.506485104560852,134860c6c2da0fce9a97c8bb53e91039ff661ce28a074fe3b3279816abc66bff,6ac611763b08ee9dce1a5e21507ceb665bc266fada97ac5e6fcd76d7067ec883,22b332786bf62ab2a84c94ea4f8f0cb12f08acb1e1cbbbc310f43f364a5d4d7e,,HASH_VERIFIED_SAVED_OUTPUT,RECOMPUTED_DESCRIPTIVE_SAVED_OUTPUT_NOT_RETRAINED
S12,DehazeNet,D06,3,13.899229883539059,0.2952522649181027,0.9345376491546631,0.5605656504631042,006f27abc8e126705555a4285acd79d314915c77150940e2399ed60f417312fd,5ac49f9cbc4ef1a76ed1e612212c2943cbd487689c04c5e39d9606c85164d22e,5ba62f139257a60fe8b62f9a994d5660e9e2f3a63b14aa105a67b572df4343a1,,HASH_VERIFIED_SAVED_OUTPUT,RECOMPUTED_DESCRIPTIVE_SAVED_OUTPUT_NOT_RETRAINED
S12,DehazeNet,D06,4,9.308897688546939,0.17273347084709312,0.8476095795631409,0.5919256210327148,55bd84be636d6a8ba343bdc6c0de0584d6889357cb3d34735ff0f78e940ad09f,e082dcce315f5c0adbc2ebf1452878836dda1c622f5a306d2e9e0786999c7d4c,8b59e227227d1e6d9a236b32e08cf6e50399a7dc68447964a2004dbe741e5039,,HASH_VERIFIED_SAVED_OUTPUT,RECOMPUTED_DESCRIPTIVE_SAVED_OUTPUT_NOT_RETRAINED
S12,DehazeNet,D06,5,8.412761691052818,0.3519850997029676,0.8077254891395569,0.5700283646583557,24eacced76a470f04d9276f248aab0c3cff3c058246792f742e2e3cb7a6380cc,b5400cd64d590e3a6194c4b9a2e56393d5d35b5d117b8f6bcc3928822465d9b6,9cd561bb4067370c53fb5876e22cbe9ffb8ac9a07947972d4eb7654f5b6832f7,,HASH_VERIFIED_SAVED_OUTPUT,RECOMPUTED_DESCRIPTIVE_SAVED_OUTPUT_NOT_RETRAINED
S12,DehazeNet,D06,6,9.694186540953124,0.3824533685394112,0.7893151044845581,0.5437806248664856,9341a15aa8360794632aed0f593ce4e6541f798aa5b8628f6dcf6d6d0d249bc3,e000da4b0bf9e38ce6b0618757acd57d1cebf5e34efd182d0efe3b982a379795,4d1188d6373f0f1e4851595c75c54d91c042ddedd7a03899627f191bedeaeb62,,HASH_VERIFIED_SAVED_OUTPUT,RECOMPUTED_DESCRIPTIVE_SAVED_OUTPUT_NOT_RETRAINED
S12,DehazeNet,D06,7,12.601421324057123,0.34473700969970894,0.701793372631073,0.5064512491226196,2132e15598a04e4cb042242d3e5dde1f0fcd5514c57b8725d4c397db118ab11b,ce62d9856bc056878547f02d8f4544720ec5990c800826bd34717bbf74a319cf,f842b7b082ed7aeab690bfaec51879332f27409e4cb2a59bb0e3f2a24ec65e2d,,HASH_VERIFIED_SAVED_OUTPUT,RECOMPUTED_DESCRIPTIVE_SAVED_OUTPUT_NOT_RETRAINED
S12,DehazeNet,D06,8,10.358350734777451,0.22751086361646602,0.9285207390785217,0.597274899482727,d899b7d6739c06ae2ab1acb81682aad5ec7c1374e6381e67c8df1761bda7bf7f,cae7e7c1edf709dbef8a0885a2b5389ce2a5ff9d2d1aba7e8491576d982df5dc,4e43253898193ddaec69e5ff7747788dccb7a1afcf00dbbaf5b99dd569198432,,HASH_VERIFIED_SAVED_OUTPUT,RECOMPUTED_DESCRIPTIVE_SAVED_OUTPUT_NOT_RETRAINED
S12,DehazeNet,D06,9,10.462950348292496,0.392051925411143,0.8968339562416077,0.6124527454376221,eef4d07864bd7db244f0a806fcf200ed0288c07fab8bf3843f6af1b33b360c58,2b39c36701d4876e7b3ae9400ff1d86ab632239038eb17a2fc3c7a771bc29b54,55e26183208fbd4eec3e9d0d6d35abcf729ba5eba203e8993b62aba4765dc8a5,,HASH_VERIFIED_SAVED_OUTPUT,RECOMPUTED_DESCRIPTIVE_SAVED_OUTPUT_NOT_RETRAINED
S12,DehazeNet,D06,10,7.238811912705778,0.2720917066183167,0.8329792618751526,0.5980672836303711,edb9ff85491de7acfcf706623eccc9863c787c3e426763fb1a2cfe0ac143d633,c679364383bac2eeca0dc6b66f1992840ddc505bd73d093de5c9c67fa05cc990,91c917d66eadd97062916dc420441b0778cca6a6e4b2ca5822ab37aa39681e8b,,HASH_VERIFIED_SAVED_OUTPUT,RECOMPUTED_DESCRIPTIVE_SAVED_OUTPUT_NOT_RETRAINED
S12,DehazeNet,D06,11,7.897735261485055,0.30833374099225247,0.8206069469451904,0.5756456851959229,36ec563eb560c4735f19351a76a78c09dde6f9f87549195dd271f447c3684fa3,989839a9fe1db898eb1e44fd4592ebb962351e077e81409bb6d03c7d8999356e,2f00084b98f1514c87705ed6abf93a36b7bbdda06c2f1b470a670b52838407b2,,HASH_VERIFIED_SAVED_OUTPUT,RECOMPUTED_DESCRIPTIVE_SAVED_OUTPUT_NOT_RETRAINED
S12,DehazeNet,D06,12,13.708870639141574,0.5067738052569255,0.6782255172729492,0.559280514717102,c5ca312e60b3650041dff8dd81c5e9b8ba928535379674bd79773319b65e98df,8fe85ac8a887dbe584b5b70e4ba908b05569c5e2a6d72c45c88393e109d653e0,6f1a7912a2b5d955d871c56364db2689fd15957a64e26e27ddd4d94b4bd4963e,,HASH_VERIFIED_SAVED_OUTPUT,RECOMPUTED_DESCRIPTIVE_SAVED_OUTPUT_NOT_RETRAINED
S12,DehazeNet,D06,13,13.713813617368205,0.4158675867848108,0.8401567935943604,0.5967426896095276,3e3ccf370c0e5a20ca86428c3ddde8ea1990a195a06bea69fceddaaafa9e5696,546b915eea0aeb7ab290bb7b6bbfb7e6b67bbb54e56c0937231556abfaa32ecb,84119fea894dcb3aac4684ec231d27e39962803bb3808c6c5dc9977450a2f489,,HASH_VERIFIED_SAVED_OUTPUT,RECOMPUTED_DESCRIPTIVE_SAVED_OUTPUT_NOT_RETRAINED
S12,DehazeNet,D06,14,8.381539667995604,0.37313056633789166,0.8029013276100159,0.5595773458480835,ccee2cdaefa0a93958ee30031d4b2a39c661737ea1ea983c420674127715ac0e,8932e017c3b59da3b9202c8133d3cd0d267d05a7c2839875fdaedb5142998ec7,354911557ce54df3a06d3c378942df9b71b7822fb4d20ac06a3e5890e246f1ae,,HASH_VERIFIED_SAVED_OUTPUT,RECOMPUTED_DESCRIPTIVE_SAVED_OUTPUT_NOT_RETRAINED
S12,DehazeNet,D06,15,10.449339219903933,0.4648292674958408,0.7474932670593262,0.5398356914520264,c2b22d2dc3ef07c16936bace37fd89533dbda0d65701e97aaf93db066aea6056,ed66f848bc19aaf95ea3f836429497324674efc70c5b201a91a369d2120885c5,4991baf5bee8aabcd25204033dc11a690e331d49e22dd352d87d25f36ee90b91,,HASH_VERIFIED_SAVED_OUTPUT,RECOMPUTED_DESCRIPTIVE_SAVED_OUTPUT_NOT_RETRAINED
S12,DehazeNet,D06,16,8.897653597650713,0.22868982129431,0.8811275959014893,0.6340320110321045,b7d9f5c033b21b3aac02ad0acd53f54d232eeb24c4d10e44902419c1bbc400a6,dbf7ffcbc8657c2bcc9e8e47a7ee8de7b4644223c8dc023b0b3c2bfe6a20c67b,3f116de7ba633a83367d52094a223de06c58d898e08fa620fbb942dff9b34075,,HASH_VERIFIED_SAVED_OUTPUT,RECOMPUTED_DESCRIPTIVE_SAVED_OUTPUT_NOT_RETRAINED
S12,DehazeNet,D06,17,10.23944431324634,0.22327689725917332,0.8567042946815491,0.6754430532455444,a0f274d8b271c6193552014bac75f1cc9a6db1514e67afe154c755b61af77adb,ef795846a7696089899739e9f674aa4b3ea88776eac373d1b9177846bdae2bc2,d9e1f0aa17ca956bc102d93b38730f66f678d4b42a6dfeb3036d35a865a36ec6,,HASH_VERIFIED_SAVED_OUTPUT,RECOMPUTED_DESCRIPTIVE_SAVED_OUTPUT_NOT_RETRAINED
S12,DehazeNet,D06,18,12.056481274708187,0.4170030368266428,0.7114330530166626,0.5116147994995117,24e0011e35384905dd680e0d8a4a285d818af3286b5945f2e3d6feddad0e1aad,624642f5d30c4d807e4156062be8d38273dfe0c7993b2230a80f3179880b33a5,352caa1b127bccecfbab24522408402c74195e60a413a9298b30e4f7acf1164f,,HASH_VERIFIED_SAVED_OUTPUT,RECOMPUTED_DESCRIPTIVE_SAVED_OUTPUT_NOT_RETRAINED
S12,DehazeNet,D06,19,10.531601862282145,0.4359345799439473,0.7550173401832581,0.5871293544769287,cc351cfcb3246a286ee2af5245e6253940af25530c52f9e98267ff9395e412f5,e90fa9e3f510fd18128f9e46253183cd998fce49f6f9373d03a33b3d39d14ba0,e70259305883da2c2eb7aa7feeb078bc1c71f3c4380c9ad1e911a8dc0040d4f9,,HASH_VERIFIED_SAVED_OUTPUT,RECOMPUTED_DESCRIPTIVE_SAVED_OUTPUT_NOT_RETRAINED
S12,DehazeNet,D06,20,10.421914004468448,0.3373148148249548,0.7312575578689575,0.5287743210792542,987c1d848366dd1b84a7141b5ac2f5452db7047896fc2a41c121ac259eff3773,40d87a8ebeac674460d9cd72e74f9b026716f858f604e6eb1dbb2478208c716d,c46fe9eabf8b391dbda16ba8f284971fe80cad2c45a52daebdbc91b4f04dd01a,,HASH_VERIFIED_SAVED_OUTPUT,RECOMPUTED_DESCRIPTIVE_SAVED_OUTPUT_NOT_RETRAINED
S12,DehazeNet,D06,21,10.615391545164613,0.42096935563455795,0.7634866237640381,0.564470112323761,6307ed17dbea16bff63743d58a5371c35781ca68446aa87b7a05d0e838e1cc8a,5c8bc9ffbc8201c16e9bce5d90a5f161a9c8da8468748e2fabf80aab4fcdb643,c2d73a51c682169957694190edd65ab588c0e6c4bb52e1bca70021ce4fa11a99,,HASH_VERIFIED_SAVED_OUTPUT,RECOMPUTED_DESCRIPTIVE_SAVED_OUTPUT_NOT_RETRAINED
S12,DehazeNet,D06,22,9.913625872387804,0.3011230389099208,0.8261403441429138,0.657072901725769,658dab1a00b41191da6a17878f89ebf1c6ee4b679e76b985b7f5a6178124cb2d,60b2e368c115b017373bb3925bd64f0ffc7489196efa4f7f2d51b1110eebbcf6,a971b2c8daaadb0f6320a98e323b7a08b30392ecc2fd1e88ad1a60417425dc07,,HASH_VERIFIED_SAVED_OUTPUT,RECOMPUTED_DESCRIPTIVE_SAVED_OUTPUT_NOT_RETRAINED
S12,DehazeNet,D06,23,8.985831532611279,0.3539069709012119,0.860132098197937,0.624023973941803,2df3bd74dfe3a4d18ecf6833b7d7fceae1fedae4039223e1e86db754951fb8a7,4fb429ea54743e65809dedd34fe869410472a853f1343d8c0827cc34ed7a4c77,21e9763a16b73eeda03a7d9e94d7344c14399b21d2519b44ac803d4494fc23cd,,HASH_VERIFIED_SAVED_OUTPUT,RECOMPUTED_DESCRIPTIVE_SAVED_OUTPUT_NOT_RETRAINED
S12,DehazeNet,D06,24,8.810478944278028,0.26397014628915744,0.9113679528236389,0.5882084369659424,63725360b9bb3b219193a540e9f457aec2ddfafa55b5286ba72ea9295cde274e,52f5674de315b42a7874d987100f209df1337734cff5e8c92fb9ecd104156bf6,98e0c0a7cd43d38f80fda29f602652b5ca8e369506116f682145ad11af0c223c,,HASH_VERIFIED_SAVED_OUTPUT,RECOMPUTED_DESCRIPTIVE_SAVED_OUTPUT_NOT_RETRAINED
S12,DehazeNet,D06,25,10.401023244706785,0.4238709304423252,0.769191563129425,0.5581656694412231,0f2a2fbc80ebbdad0a61f2fc86eabb120d31dbc05e7c58168098e0c6aaca4720,0ba15c9ebd7688a8a22a10ad657bd31e27ece3f24b3e8778f0ba5d00ae09bc25,06ff3f99e69281f21610679d34230e32d1588e0b5324beb6e2d73d04996064ac,,HASH_VERIFIED_SAVED_OUTPUT,RECOMPUTED_DESCRIPTIVE_SAVED_OUTPUT_NOT_RETRAINED
S12,DehazeNet,D06,26,12.084732588991663,0.36016739310767304,0.8713177442550659,0.5918362736701965,cc1c5d476941198784445ee48cf4a0618b350c1ddf195451c8afd45306ee7592,06ad8c9c2f0c009268bb287f2c4fbf0119dc85f1831b4fc286daef45fd4805c6,261c98e45a1d2a822d5a4f0d349fde745042ba1dbe02403a0a5dfe3b4aa6f5bc,,HASH_VERIFIED_SAVED_OUTPUT,RECOMPUTED_DESCRIPTIVE_SAVED_OUTPUT_NOT_RETRAINED
S12,DehazeNet,D06,27,9.41447047161146,0.27134401629507826,0.8392825126647949,0.5669652223587036,74b1a368a32180329f912850a4b622ff7ccaf0bfafbb49931319d018c95cf861,4b8d83c4cdf79aea0aece2b70a36f852d458f3963a74ae4256179c946622609d,7ee41b75c9c38186fde8b8e57f7332ba6cc2825e21a50939c44384dd90208923,,HASH_VERIFIED_SAVED_OUTPUT,RECOMPUTED_DESCRIPTIVE_SAVED_OUTPUT_NOT_RETRAINED
S12,DehazeNet,D06,28,11.84913656119015,0.6209171303417537,0.5187827944755554,0.411526083946228,86cb8bfb9d9b93e243e70a7b06750bb4d600f9824ed1c5413481279f6a3efeaa,d946af2a3985f8aabc9657c944591dd577d2d5a34cfbbc2247b328651226aa9b,2dcede8bb2021c1165b098abe9acd6d294bb38abc4b17392849186c36d87fb94,,HASH_VERIFIED_SAVED_OUTPUT,RECOMPUTED_DESCRIPTIVE_SAVED_OUTPUT_NOT_RETRAINED
S12,DehazeNet,D06,29,10.83756210576069,0.4142914797012649,0.729883074760437,0.5867117643356323,2e217089d7dbd0d87a7278bde3316cc67bb5aa909f0b2c79d37acac25d9acb43,b2a6f36c1346016d992a3ae0f5320976d04a6980828b9bd4626eb5ddca8bf39f,edaee71232341c98712737a2516ca1bf169acd1439e8fb1f7972a6c31ab37e94,,HASH_VERIFIED_SAVED_OUTPUT,RECOMPUTED_DESCRIPTIVE_SAVED_OUTPUT_NOT_RETRAINED
S12,DehazeNet,D06,30,10.953121118832719,0.46906596490207497,0.7020148634910583,0.522901713848114,f805d7b18d0450840510982c28bb488f49971e13370fec14bfccd5d90fa3d55c,1ee74fb57012f24b04f04e826aece6d29063371b122630f228671e9c662481d8,41f3dd46f6d960cd419be0bc393be5bfb81d9c56a4ab3a66773f7dadf9fa9171,,HASH_VERIFIED_SAVED_OUTPUT,RECOMPUTED_DESCRIPTIVE_SAVED_OUTPUT_NOT_RETRAINED
S12,DehazeNet,D06,31,8.954001297161525,0.4429889601494663,0.740349292755127,0.5801026225090027,5b4752f6b9ab26b81e82d0f5050d45216e4224b58a5c1bfba3b1450087522335,23e6dd267cd37701626769b780c7acf0b1db9de5cf948bce59a254a49df093e8,b6978ba92a3d1fae3b3ff5b1ce5809c81ebfd838a9e4e7221a81cd9fcf9f7553,,HASH_VERIFIED_SAVED_OUTPUT,RECOMPUTED_DESCRIPTIVE_SAVED_OUTPUT_NOT_RETRAINED
S12,DehazeNet,D06,32,16.256573034329488,0.7961295911428948,0.44092974066734314,0.3618634343147278,bd6b4f664dbdd67fd65c626d6305c2d749e8ba501bb0b13922aad0374de4b68f,eafccc0689f0593e9129f67bc528e9505050795eff27f133fafa5ba77869174b,20feb8a8c03fcb93761062c9c35993c16a7bdfad56e76e972149bcb394b14929,,HASH_VERIFIED_SAVED_OUTPUT,RECOMPUTED_DESCRIPTIVE_SAVED_OUTPUT_NOT_RETRAINED
S12,DehazeNet,D06,33,14.442792136607743,0.47755812325603547,0.6408923864364624,0.4091789126396179,351a2056999c9ee643f737e055cc2507c510c7fcf88b602d2ec7b20d12c71330,a0caf6e489c3e91ac5ce02b14ef77a8f1ca15fa3cacc14e5abadbd8f56946518,aaf3f1b35a11bb620e41792de25c534ead929c196ead448f59b98646782969c1,,HASH_VERIFIED_SAVED_OUTPUT,RECOMPUTED_DESCRIPTIVE_SAVED_OUTPUT_NOT_RETRAINED
S12,DehazeNet,D06,34,10.259170392133427,0.5379373154493713,0.7165747284889221,0.5697329044342041,9684809e3d2cebb9498d368db76487755b47c918b8aeda34592f0760827b62e3,3d36540a6e5742d0e0b3a8406747e3da1c8fd083c4c487266a1ca8f9b55e1104,35aba2ef1341a2480ae1615dbcc92d589e7e977757cbe2e0506ec21c61842df1,,HASH_VERIFIED_SAVED_OUTPUT,RECOMPUTED_DESCRIPTIVE_SAVED_OUTPUT_NOT_RETRAINED
S12,DehazeNet,D06,35,10.660401755356688,0.5389689197617412,0.7078558206558228,0.5249484777450562,42b393c16a0124ebcc5221226c70d3898641e63ee485166fecdfe91db3d9be93,5385e420f7f42485979c8e65ac957ae6d7245831cca02585ca39bd658e562f55,005673bee4db981736ce8ac5a3e451f8e71ead29be9e0636a8fae573037571ba,,HASH_VERIFIED_SAVED_OUTPUT,RECOMPUTED_DESCRIPTIVE_SAVED_OUTPUT_NOT_RETRAINED
S12,DehazeNet,D06,36,12.313279999635489,0.633649731281361,0.48150157928466797,0.3790862560272217,6f8de0abef45000a285e3cc6c5210b5bfd2fd1ca972a46d6e1f89b20af7945df,aa92de50b482fefa542aa9ae0e1084cad9d988260a3badb4defdfc660a9625ca,65464c4d3d8f708de2d3806a8df2d3d5d81840937f07a78f5f54449bfbc9fd8a,,HASH_VERIFIED_SAVED_OUTPUT,RECOMPUTED_DESCRIPTIVE_SAVED_OUTPUT_NOT_RETRAINED
S12,DehazeNet,D06,37,14.777354990334196,0.6990238941057226,0.43418216705322266,0.2725030779838562,e71a9f85d51af0ea561a9c767b8ae577993b9e08ce0863b6e2b7647501248b14,5c2f4fd63ffe544c64b50e0063b95a445a3bdb6d2b83b06bda91e19ee861f693,d56d010366c721403b81459546df4a323e65f6fd70f88d0c616bdb95d3ee0e20,,HASH_VERIFIED_SAVED_OUTPUT,RECOMPUTED_DESCRIPTIVE_SAVED_OUTPUT_NOT_RETRAINED
S12,DehazeNet,D06,38,12.70537818664165,0.5374297280187474,0.7247154116630554,0.47866952419281006,ac0e55355fddcafa32f131abd0136e2e3b1ab61b93c0e3a4a13824b63772c476,1d7eb8668e769dd6516fc6f4bdb8edb78c53cd4a5f4173b345d8b03bde46590a,a57c2e5a07e613c40d68f92ac3042baaae27b57ad2d5e716e06f1b350cade343,,HASH_VERIFIED_SAVED_OUTPUT,RECOMPUTED_DESCRIPTIVE_SAVED_OUTPUT_NOT_RETRAINED
S12,DehazeNet,D06,39,12.409995618457263,0.6024362989881448,0.6382713317871094,0.5597257614135742,0d7318f2da6f596c1867d45ac81cc429ee8b07450f624958d647e820df6da61a,2c3c12556ac6868897d75e2e94829f1a650f9665c1375a81601a8850a242abca,d2648789dc801ef36d2c92d19d938241fa609f80e64490a75bc5a5205c638aba,,HASH_VERIFIED_SAVED_OUTPUT,RECOMPUTED_DESCRIPTIVE_SAVED_OUTPUT_NOT_RETRAINED
S12,DehazeNet,D06,40,11.586402173962329,0.45533690033054847,0.7118405103683472,0.44277650117874146,9340b5f5cd8234a0cbdc2603ad7ba8f01363a80b950414fc357bdf53643f7a50,ee5106c7e5154b941e5198b85c66284a62c8757c87e2e57dea76a89e886dee73,9fa76f18a3d1b89b07dae7df70f9f9aed896fd04a93996746ead9fef15375e70,,HASH_VERIFIED_SAVED_OUTPUT,RECOMPUTED_DESCRIPTIVE_SAVED_OUTPUT_NOT_RETRAINED
S12,DehazeNet,D06,41,12.749711451370844,0.6137291949155433,0.6478344798088074,0.44335997104644775,414b2cdde8d201e650ca35fb5f5b5049152549bef8310307d7fdfaaeb87a933e,58ceac6acc041584c7e9b0870f6a9168ba86141cd679ada25f31db7b62ec7e7f,31f946118d1a344af1b4eedb2b569b8a894e6d50a2163fa40e7ae703cd253751,,HASH_VERIFIED_SAVED_OUTPUT,RECOMPUTED_DESCRIPTIVE_SAVED_OUTPUT_NOT_RETRAINED
S12,DehazeNet,D06,42,11.631221054952473,0.4729778873039046,0.7542484402656555,0.5408735275268555,756a2778dc7a36c3d2ce980c5704d3ff28dd9a134f2a5fd8efa8ed98b5289ee7,c2ed2578bc9f78c25fb211535c4a2971a8c3b431f614d0c9f8780b7cb0790d97,bb0219fa3704c78e3d2eb9b4adb0e114f20f0f8a46c6c66a9f4790757ef17314,,HASH_VERIFIED_SAVED_OUTPUT,RECOMPUTED_DESCRIPTIVE_SAVED_OUTPUT_NOT_RETRAINED
S12,DehazeNet,D06,43,11.142935291998757,0.37107497290103963,0.8561745882034302,0.5553269386291504,3581c893e71e6ca49bdfcb723b81435ec50078b6e1cf70af13057affcb79fada,75ee61876685ff3ea4386cef532cab226869419c2c5e735a266ec81f73870ee8,1985547ade979f59e17a18e3f85b102f29f956ab340cc6f699f5e52d33b0faf1,,HASH_VERIFIED_SAVED_OUTPUT,RECOMPUTED_DESCRIPTIVE_SAVED_OUTPUT_NOT_RETRAINED
S12,DehazeNet,D06,44,11.359989920346313,0.6849995363415946,0.6020990610122681,0.4593210220336914,54849343586befadcb455a636ac8a1b4587675ef2add444b3a0c88540336967f,4677b2919c21bb427b463704aa14f6e43a31d75ca9f6a386cc93c4ba057976b4,eb2ebb857f2af6f00521556dee4e691af0e481e6afb7a9a5073bacbccd553e29,,HASH_VERIFIED_SAVED_OUTPUT,RECOMPUTED_DESCRIPTIVE_SAVED_OUTPUT_NOT_RETRAINED
S12,DehazeNet,D06,45,12.924019305458991,0.6459538821329572,0.5666791796684265,0.4394471049308777,f00e9e30c19105e15a58bb72d8121f667b8a672cab354083af93b83e4e6223b2,289dbaafb99744d36ce926a0e7295347f4cc7ec9046ad3bf6fdafc350fe13077,7da6a28f1616a7a0055c7658cca7016ae6d325acf476da390b6135b5c3de86f8,,HASH_VERIFIED_SAVED_OUTPUT,RECOMPUTED_DESCRIPTIVE_SAVED_OUTPUT_NOT_RETRAINED
S12,DehazeNet,D06,46,8.153784630113712,0.19050008941130794,0.9227781891822815,0.6176999807357788,70c79f4bc69068506f9ce17c15310ecd5f39017a27a72073804342cfc9b0a303,fe99499e05aaa1585150392c3e7ccfc905fc688437457fdff610dacd025c19db,4bd64fd43a6389b0165835c06b5d5916741c3adcb091cb89d9902297c7e40413,,HASH_VERIFIED_SAVED_OUTPUT,RECOMPUTED_DESCRIPTIVE_SAVED_OUTPUT_NOT_RETRAINED
S12,DehazeNet,D06,47,12.874556907830375,0.5534357228150787,0.6115580201148987,0.49305689334869385,bc315ca9e20f6a05b04fa37fddab7aacd6be60ac81c7fd41bb287bd60dad088c,1cece3856bf4dfcf4b9c80666d48d912aae091b90b181f2171a1bdd84994f7f7,5adbdf16ca74dddc9dcfd3b2cfd73113139b2e12ea01a0b39ad85b0a0415cbfb,,HASH_VERIFIED_SAVED_OUTPUT,RECOMPUTED_DESCRIPTIVE_SAVED_OUTPUT_NOT_RETRAINED
S12,DehazeNet,D06,48,12.410671473008605,0.38103679080211955,0.81583172082901,0.5234932899475098,f571b7ab63b6d6d821df667aef1e29805528226e8eeb5cfa9303df48df39dcb5,92f152af6e8fb82985768d781e682ce5d784a44972923aa132a1c13aaa01de88,0c06268d172d4cee30fc389b59b99cf265a93ab447e888a11dc8448542ca793c,,HASH_VERIFIED_SAVED_OUTPUT,RECOMPUTED_DESCRIPTIVE_SAVED_OUTPUT_NOT_RETRAINED
S12,DehazeNet,D06,49,10.57757772112871,0.3471997723888382,0.896239697933197,0.6451741456985474,1115f4a9a191eadbdc45f0f44d4fb0be368722cfc3a35281bdecc4d38f6c1d7d,3a6934bb503339653653d396fa5108dbb8e1494bea220b6e6a21718b192ab6c5,285e4379eab4af4891754611dab01de5a8576cc271138a65e1dc36e5b67e2134,,HASH_VERIFIED_SAVED_OUTPUT,RECOMPUTED_DESCRIPTIVE_SAVED_OUTPUT_NOT_RETRAINED
S12,DehazeNet,D06,50,10.995326906641093,0.296787587488248,0.7781383991241455,0.6117279529571533,1546122878ad4593e7c1539732427f1ea58d883ad866598610358528d1990caa,3e75fd29c9b51438209e9418ae82107bf256b9f9a3598518679c898fd1392e4e,cda5f9bca60fa0ee6999cc5fbf43459b43dcb647306a6ad0e92178880ec89c9a,,HASH_VERIFIED_SAVED_OUTPUT,RECOMPUTED_DESCRIPTIVE_SAVED_OUTPUT_NOT_RETRAINED
S12,DehazeNet,D06,51,10.70379986029849,0.38020534903289266,0.8191275000572205,0.5770885944366455,8b58351977c32009fda9ae77e7b0a48b78f0760415ba62708de1f062cae1a3bc,78f7185c2b2575ec6608a760d9fff23b2c51b9eb6aed7731d27a0f15ee813305,a6d2f6826e1c7bc85d41bdf8d59faa379960345e53a4e3ad3bc9a6752919bb1f,,HASH_VERIFIED_SAVED_OUTPUT,RECOMPUTED_DESCRIPTIVE_SAVED_OUTPUT_NOT_RETRAINED
S12,DehazeNet,D06,52,6.843498982058458,0.19771210647567947,0.9237911701202393,0.6481931209564209,e270dc3ae20cb709a9c369a58051984b64cc625bf58f4b16b6a23a0c68c84f77,e3a41f09926449c7149d31717fb0d952c2646cfea459a225eca94f3827e1366a,be052cdb2068c6a583f879d780d4982846f84e38104e00592e39d2e33e4fc964,,HASH_VERIFIED_SAVED_OUTPUT,RECOMPUTED_DESCRIPTIVE_SAVED_OUTPUT_NOT_RETRAINED
S12,DehazeNet,D06,53,7.673715082340831,0.3449057251661543,0.7559754252433777,0.5264278650283813,32d8328fae01f5b48ec165032c30e7dea8108b963cc050f39241c2ad0a461cd1,7240309cafc4252bdf6c2a6939836185d61dcc6d4bc30ae43149d28298d1a85d,46f3f6dab7abe8c26d6e93ac300ad734d0f1863f2bf2ba470798ec67166696ae,,HASH_VERIFIED_SAVED_OUTPUT,RECOMPUTED_DESCRIPTIVE_SAVED_OUTPUT_NOT_RETRAINED
S12,DehazeNet,D06,54,11.261465374340878,0.648943810257704,0.5942320227622986,0.5236693620681763,2789c6f938dad041ad72e0fe3ab1265d3b0a38c6927952a3f1d4c5ef1ea35993,ed019dfb21462f398f1438f86c9b485cc35ea554aa1e136b62bf915309fdc04d,f3813dcb0fa55e4ab8975239fac08f2e4a0698ba72128abb8339bf89bf326e1f,,HASH_VERIFIED_SAVED_OUTPUT,RECOMPUTED_DESCRIPTIVE_SAVED_OUTPUT_NOT_RETRAINED
S12,DehazeNet,D06,55,10.587027800044375,0.6375672658212068,0.650773286819458,0.5191028118133545,eae3612c4e4f36d7f813d764cfa6f8f6bac2a0c07c4f63664511a3906d9b3f15,daa30dd018ebf3dd71aa19291aa9a98761fece772cf96491c05c756e6664af2d,1498b6325dccc897f02dd8b8d834d6f328f2601ae2e73825066dfe2ffa79b699,,HASH_VERIFIED_SAVED_OUTPUT,RECOMPUTED_DESCRIPTIVE_SAVED_OUTPUT_NOT_RETRAINED
S12,DehazeNet,D07,1,12.818317636145748,0.5662991413490598,0.47288811206817627,0.2645302414894104,2f4ac211c76670f483fb4c23d99b792efc535d60d2f88fce905e47474aa29927,70ddea3297f6fcb7e7e5e3142c38719be0ad8f87ab385a057012aacb5113c68f,9362f72466e45a6b0068bf98794eafe1061427d7dfe2a1db64b00599af340595,,HASH_VERIFIED_SAVED_OUTPUT,RECOMPUTED_DESCRIPTIVE_SAVED_OUTPUT_NOT_RETRAINED
S12,DehazeNet,D07,2,15.287594566789846,0.5293052089868753,0.37817859649658203,0.15271252393722534,dbf9e753f94175e37390db89fcff1e0abe7fac13c9474dcee19b03613683021e,cc029a27986dd6463bcd49386723ffe36fe308c9ee5c6463698e4f3f01480998,160a4a3725b7ce8da9a782414905bc1e0180c7f13213ddaab65cca3c5170a221,,HASH_VERIFIED_SAVED_OUTPUT,RECOMPUTED_DESCRIPTIVE_SAVED_OUTPUT_NOT_RETRAINED
S12,DehazeNet,D07,3,9.856787538001338,0.4429314322765329,0.5759056806564331,0.3812570571899414,29e32163b37122631ba38311ecf7959dcbbb846fc5709ec1b6d62d17542929f2,76ad76c262f7364714f6b29d836b59238b650b1e5b1e0bd486156ceab03dc154,2948b259411b6389e57af2896ac33395dada4e05d808eb5b73e26dc7a6a5bfc0,,HASH_VERIFIED_SAVED_OUTPUT,RECOMPUTED_DESCRIPTIVE_SAVED_OUTPUT_NOT_RETRAINED
S12,DehazeNet,D07,4,11.411766111982569,0.4893695979030332,0.5452986359596252,0.34167057275772095,808d29ff6d04386d2358af34f8aadace4f1fffe9d54d0626f5dab18d5eddcce5,9387284b38b410cd4c0f89f74527fb1daebb683fe6abc6c62bb59191ce5fd145,1a2f825d192ae343a03e565989f1ffdf431931ebac7c8dbe847dc9e807b4ca86,,HASH_VERIFIED_SAVED_OUTPUT,RECOMPUTED_DESCRIPTIVE_SAVED_OUTPUT_NOT_RETRAINED
S12,DehazeNet,D07,5,11.072700896056904,0.4161504532098214,0.6194702386856079,0.3337622284889221,7695569a21b066af399419312f4a06dfeb7eb38a07804b5e41a9fbe4240f3556,4412819e0c0e25b295b131adc01167ca0d21f1931210dc431914ac0d6a353334,3f23a62a238052a63890fd215a87a6682df35d6a540c934f1fdfbce05580ec60,,HASH_VERIFIED_SAVED_OUTPUT,RECOMPUTED_DESCRIPTIVE_SAVED_OUTPUT_NOT_RETRAINED
S12,DehazeNet,D07,6,12.658148529309589,0.5125173173078327,0.5244427919387817,0.2957528829574585,8228520490da79602d9d4bb21e8ba2334b661a2c119bb4fe6e7c1a903b5bdc80,036d40bd93bd9677a93b0e0a7512980ccc633142fa9768706c5535d2774c9340,e58715e1b8ad1fad7a27110f295931a92d551f86b5ee8781bfe12593fee3abed,,HASH_VERIFIED_SAVED_OUTPUT,RECOMPUTED_DESCRIPTIVE_SAVED_OUTPUT_NOT_RETRAINED
S12,DehazeNet,D07,7,11.618264092835062,0.4625274784506244,0.5960782170295715,0.3411146402359009,2d97788e461d52bbab88a44475c4a5e1875d739e8f4654048f7cd03c5c088431,282f2aff116af5df945814499f5817895b9999f66b8e2ae1cfaf2ebada3c19ee,7137b3d0509db86100ef6fd51635281d146bc9279f58b270294a899af7d871c8,,HASH_VERIFIED_SAVED_OUTPUT,RECOMPUTED_DESCRIPTIVE_SAVED_OUTPUT_NOT_RETRAINED
S12,DehazeNet,D07,8,14.029749712633278,0.6341260297304994,0.2591596841812134,0.19361478090286255,c77d35c100aa7b6515b397b780bce1c4bf88a6cb2b13f6effedca2025c864a12,e6445594b2275df4cde50999acca8e938f3c1d1c18621f09933ee7cce15c6113,2f5253732d20b4388aef6cd8027e8bdf9f00d49aa6d0d806d7946b0e816a6d77,,HASH_VERIFIED_SAVED_OUTPUT,RECOMPUTED_DESCRIPTIVE_SAVED_OUTPUT_NOT_RETRAINED
S12,DehazeNet,D07,9,12.156154163871856,0.4969086341800646,0.563500165939331,0.35635799169540405,afe1125e5ae8c757f8f9f75624a7ad28ca5727748fffc89f88c3a119d38073e4,fdb65ce15abc481d61fcf6728b1482fe58576403fd03ab5aef5099079c3ab3c6,749a1eeb020fa39bdc01dfc10b54d63fa7686d24ece28da5fafbcdaeac27b378,,HASH_VERIFIED_SAVED_OUTPUT,RECOMPUTED_DESCRIPTIVE_SAVED_OUTPUT_NOT_RETRAINED
S12,DehazeNet,D07,10,12.697421038883336,0.5367136989008424,0.41112297773361206,0.22726911306381226,08e9e0a333fdf0cd6ad1651f612ceadffb47dbc621289aad7912c0d275d835ca,2ac9f28afb08a5f2eb1bab222544e28c62ff0331216508b7b2b361d03c409c77,8038a1c7129472dabf9f046aaaed55e4016a45ea63599bd118c496e50eb319f7,,HASH_VERIFIED_SAVED_OUTPUT,RECOMPUTED_DESCRIPTIVE_SAVED_OUTPUT_NOT_RETRAINED
S12,DehazeNet,D07,11,10.99609214295576,0.38840373862065763,0.6731242537498474,0.3904629349708557,cd879322e71dc73881ba394da129d051c80bc96fb38f62c716c52da5dd9843cc,df0ad43890d1d228b6faef5336d6128a715e2a350525f7260e6d4c5a900f7de0,6c037da15c36240d922b9881ddec36bcfb0e5213d169535219ae0b0768ccc1db,,HASH_VERIFIED_SAVED_OUTPUT,RECOMPUTED_DESCRIPTIVE_SAVED_OUTPUT_NOT_RETRAINED
S12,DehazeNet,D07,12,11.949749618832026,0.4565521442500175,0.5371161699295044,0.315704882144928,df826917978479cb544754875efb5312388dffbdee9ac4aaf4fd19c6bc175beb,2b9894d7aec2fffc8804e4e790e71d455831fa23423831d87875ecf37fb6987b,45a528ea0c2308db23e98b39a00625cd975619ce5d57e69e3c91aba3053cfb03,,HASH_VERIFIED_SAVED_OUTPUT,RECOMPUTED_DESCRIPTIVE_SAVED_OUTPUT_NOT_RETRAINED
S12,DehazeNet,D07,13,12.314953830189136,0.5379299115313058,0.43802785873413086,0.3014753460884094,c5df23fe4916054042285b1a900b08f4e6933f06962aa6e774b546b1f79a4f1f,3ab5efef688e8df19b1c8a2dc1bd23316ed2ee75eefeb5b0375166aedbbd415a,0b6471b169ea8c860455e80bb8ab5ebe9c0aa45351d3a007f044a8bfceeca16c,,HASH_VERIFIED_SAVED_OUTPUT,RECOMPUTED_DESCRIPTIVE_SAVED_OUTPUT_NOT_RETRAINED
S12,DehazeNet,D07,14,15.143414997074222,0.6432349553904274,0.4152525067329407,0.21334338188171387,e0bee00fc3dbd4bb8a2e943525da05d00d8dd20489aa818171bd3a73bc19143c,a2d892354f97c06a62bddac58ec75c94986103486d6ce395707672298d9f573d,fd08b8cc3d9d923e7aec7d8ab95ce6e282302fea03e49d403eac1668d6aabd2e,,HASH_VERIFIED_SAVED_OUTPUT,RECOMPUTED_DESCRIPTIVE_SAVED_OUTPUT_NOT_RETRAINED
S12,DehazeNet,D07,15,13.561662989336014,0.6417758712980749,0.3033953011035919,0.14196258783340454,47dc42cc419222abcc877682642262d615a25954aee89468f0375d2be1b25a68,b87b8a8bb2f5b0b370f4d55436305ed02919618bf1fa77369662ea28710afc2e,76134a49a837a9f7c47ea985b2457350cba77e88d5305f16730a53928cebffdd,,HASH_VERIFIED_SAVED_OUTPUT,RECOMPUTED_DESCRIPTIVE_SAVED_OUTPUT_NOT_RETRAINED
S12,DehazeNet,D07,16,15.48692633905935,0.6820034727822363,0.29943203926086426,0.12546420097351074,c6e8cf1214f28475a4dd452f21ff6d0873bb8feb329ac4f16efe18497621949e,609b9113cedc5e3e08adc4e4510f0260024dee7547de4589e9f455469281bd05,1fc7de522e7cf57c57155b5ba2cb0ab94dccba5e7a61d081828c4b40c3354825,,HASH_VERIFIED_SAVED_OUTPUT,RECOMPUTED_DESCRIPTIVE_SAVED_OUTPUT_NOT_RETRAINED
S12,DehazeNet,D07,17,12.315525624810391,0.5331155616864396,0.49613842368125916,0.35019588470458984,6065ab75f4c64fa2b7819f1bb665539086625b585b5121b19a66200f8fbdc963,5950e9be89ef46ebd6321ca3979b7efb1908b99d763926192b0f96aacf1066f3,b3662ec4f7329012bd2966f330451ffc0eb4cac91054661f26028923ddd56e14,,HASH_VERIFIED_SAVED_OUTPUT,RECOMPUTED_DESCRIPTIVE_SAVED_OUTPUT_NOT_RETRAINED
S12,DehazeNet,D07,18,14.490588670107876,0.5847479418208934,0.4207804799079895,0.2391943335533142,3d22552fc2eb9be5ea517190db592b213ca093943a559a7ba520c55cf3ff618a,b24e1e07b2985c4406f26fd22f730432a6f062584c6a83b4c81d6593439c7074,000a0d248af111f9ec4784c55c182fe83481dd930922690cd5267e82b204b6ac,,HASH_VERIFIED_SAVED_OUTPUT,RECOMPUTED_DESCRIPTIVE_SAVED_OUTPUT_NOT_RETRAINED
S12,DehazeNet,D07,19,13.024822033802865,0.40375897219034584,0.5899435877799988,0.2789611220359802,7ad7060faa048c6b435c3f96d294c762becf6f08d30f9fdd41da3e1cda189c7d,4eb4973f803989966ed94ba8909bd94592b9892e6646b6162fe44099aa5ae7f4,c590114dd04f19842325ea4fc01c56954f7906ca2d4a1a8b30c30d0615cbdda5,,HASH_VERIFIED_SAVED_OUTPUT,RECOMPUTED_DESCRIPTIVE_SAVED_OUTPUT_NOT_RETRAINED
S12,DehazeNet,D07,20,12.029878836270937,0.3817725260460218,0.6891873478889465,0.374933123588562,836386f0cc7777ca7086daf7e26fc3eaef4bdb082ccea9d0286dc323a35015ee,63da7322d9b38bbe8bb48667d06081e3c3934893315db595912be563fe5b4a94,20e3925190a307cca9fbf3fe7ecd14c94475b6a4141cc10220dd90b0a6e743cb,,HASH_VERIFIED_SAVED_OUTPUT,RECOMPUTED_DESCRIPTIVE_SAVED_OUTPUT_NOT_RETRAINED
S12,DehazeNet,D07,21,10.713780167960552,0.4644488491747067,0.4997069537639618,0.23345208168029785,36b844ae012712dbc47daacda04a81883be7d259f7d12a2893940ae0a9e685fb,8f6bc70a448ee17d017112e6bd6e1c91713d123406f6fbc3051b91a515d26235,dbf05deeff4d51a15cb44d2b566fd2d16e31546d27b4c11d2cb56c78f0902c77,,HASH_VERIFIED_SAVED_OUTPUT,RECOMPUTED_DESCRIPTIVE_SAVED_OUTPUT_NOT_RETRAINED
S12,DehazeNet,D07,22,12.97187629144113,0.38140834424260817,0.6692920327186584,0.4155617356300354,16d49fad720777e427295c31db5c5e4b8b0803fbdc16489839235468f4f046c7,353441646ec6fa48421ea2c5e9e05c357445b166bbd98a389597d4c9cc35d2e4,a05bf38791af61271626b2b21accd0eccd5a8823deab24d04f626f72ec73aa26,,HASH_VERIFIED_SAVED_OUTPUT,RECOMPUTED_DESCRIPTIVE_SAVED_OUTPUT_NOT_RETRAINED
S12,DehazeNet,D07,23,12.399635634566312,0.6458223711179537,0.2947380840778351,0.13556021451950073,28798ccfe92dafffc5aba451c556c51d1136dcdf9d121ff3398b59f0537c9489,d7c4a37b02ca65482b3b118b5c7947c172e065243600c69cefb0174305b5ccc0,009dd9581719dc388497c385f324a64740142845166d54f776293c4d04a875a9,,HASH_VERIFIED_SAVED_OUTPUT,RECOMPUTED_DESCRIPTIVE_SAVED_OUTPUT_NOT_RETRAINED
S12,DehazeNet,D07,24,12.312323805437925,0.5113637534035415,0.41593772172927856,0.1801416277885437,4d9ba936bf2641a98737f01492b7a28497a815fc184fa76435659a955ae42f69,50546ecab5acfbd886119a284e96ecbbc93f6e73b3975c556622e320233b1f5d,03481e32528a34455115a0aa77526eb8f57df03d3a84eb6168f2659f23956844,,HASH_VERIFIED_SAVED_OUTPUT,RECOMPUTED_DESCRIPTIVE_SAVED_OUTPUT_NOT_RETRAINED
S12,DehazeNet,D07,25,13.7915320631473,0.5947167670412502,0.4976574778556824,0.3153393864631653,0a2f75698628581f29066d462af1d989a6fd1a59717e196eccfa4a44fb4d56f8,9301726d8a40ee4c50b58846e24e12a0a35a877a8f17a236a5b0dd3dd71bcea9,47cbd76f2e211336828825b5d287c802065fccbba9363cb944148fc4c1587019,,HASH_VERIFIED_SAVED_OUTPUT,RECOMPUTED_DESCRIPTIVE_SAVED_OUTPUT_NOT_RETRAINED
S12,DehazeNet,D07,26,9.655271171328234,0.37431229744673206,0.6682654619216919,0.3709413409233093,276beb466013030724769518f4fd0a6e15d815926f48583878c8076757f2c583,38206ed528109618d498071a4a50d26d80e2b00f7bd8243e56accc12d964216f,49613de2e4d10d536e17bf25669903adb77e09aa425c4d05a7c88a540f685f86,,HASH_VERIFIED_SAVED_OUTPUT,RECOMPUTED_DESCRIPTIVE_SAVED_OUTPUT_NOT_RETRAINED
S12,DehazeNet,D07,27,12.819842077384793,0.38580027664906,0.5850620269775391,0.3433162569999695,518e1b7213e350e8e195c5096c1caed00808607daac253615b72ba443ede4fbe,1d6a7abdd4679cf924ea3e980ed410ed01c9f78c965fdc51668117b8a457a63f,6a19fc03354d93903e14c9498ae2a399e75fc619e99260fd1b0f61c2c0f1a07b,,HASH_VERIFIED_SAVED_OUTPUT,RECOMPUTED_DESCRIPTIVE_SAVED_OUTPUT_NOT_RETRAINED
S12,DehazeNet,D07,28,10.6984978398736,0.3833393836401761,0.6037516593933105,0.3558856248855591,9df77bbf1fffe2759ca8c270fbf4f0d5174e5e36a5e14414d2c854874b26d0f6,4b81f25aacbdc6f63448bcdaaf39f393efb34f16cbcefeb2870f8d027718f852,31747673439b7259d87ea67655c75f3ec47fd9471066f28fcc7e103fabbe7763,,HASH_VERIFIED_SAVED_OUTPUT,RECOMPUTED_DESCRIPTIVE_SAVED_OUTPUT_NOT_RETRAINED
S12,DehazeNet,D07,29,12.175819327750341,0.3498012212718997,0.5619040131568909,0.4031142592430115,203afe68e56155636e21647cc997fc236bd0bf6c44a8f12bd325da6b7e89a673,74aaade504e46014b29ad28eb27bb5ed8d46d83bd7b9c229b3f6e3bc1eaa8176,2c1a54db1610c811dbfda31c8dcecc0ef0818fb90a41080a36cab5a539731252,,HASH_VERIFIED_SAVED_OUTPUT,RECOMPUTED_DESCRIPTIVE_SAVED_OUTPUT_NOT_RETRAINED
S12,DehazeNet,D07,30,9.490986005412049,0.40973565415368346,0.5648880004882812,0.3813539147377014,60580134ef6404c81de70deedc69f09d5d57df48e553ee30408122f9dfc3d8a2,eea6210cee42147e41cef0485060596dec20d7815e1ebaf22526b00de0d56be2,1fc6813441a23ff04bdc9961ac507777b7b5349eba7aeae60562865639aff8d3,,HASH_VERIFIED_SAVED_OUTPUT,RECOMPUTED_DESCRIPTIVE_SAVED_OUTPUT_NOT_RETRAINED
S12,DehazeNet,D07,31,13.177048050014342,0.40688539527003087,0.4265328347682953,0.25148963928222656,69e44a874a0857d29438461534818dba226ddf909fc3d1f08e913f7c2ab1d7e2,2e390f7e2161dc0142f4e4213a34e33db5b189f38e6e155978f492c110905c18,49b2bf11b3a52461236701f548df06142e2976643bfc253dde882fdc24140e02,,HASH_VERIFIED_SAVED_OUTPUT,RECOMPUTED_DESCRIPTIVE_SAVED_OUTPUT_NOT_RETRAINED
S12,DehazeNet,D07,32,11.692724463420628,0.5039646190539623,0.49723318219184875,0.3152116537094116,785a8522d94594a5c3c96dd313d91152e4f302ab89d79b4f60e50d19f3c0a5dc,bf820c55b092c9b475a93b12097314c4ef7739c8adaa423687ffa29fd1892ca7,9a79e763b3fe33cf800487033a8f2fd3703e7d11b65039e6965830def2e4f197,,HASH_VERIFIED_SAVED_OUTPUT,RECOMPUTED_DESCRIPTIVE_SAVED_OUTPUT_NOT_RETRAINED
S12,DehazeNet,D07,33,12.761585826873077,0.27970569040183135,0.6820263862609863,0.45030760765075684,28fd01b20f1a8356e628eb9d28dcd947eed1d2b306e297103aebcc5f88cd91bf,2f9270f190b25d17b714cc31996610236ca1baf3fee80dade6f0877ddd1a48af,2975f1538c1239c93edb4b7c2b4306ffbc2bec36c5c123b76532c6b5b20487dd,,HASH_VERIFIED_SAVED_OUTPUT,RECOMPUTED_DESCRIPTIVE_SAVED_OUTPUT_NOT_RETRAINED
S12,DehazeNet,D07,34,13.35592239440421,0.42208270586740176,0.5214875340461731,0.3476353883743286,fcf8ed69de46a6e886f1600f8948140d776b73085e4866c75616774146580865,e22f3265c8232c5dbd4148a02ec2b2cb3bc481448efa777318694e10c5e89213,6247402016fb576900bb301e672583df9d7feb5c530552d96f59a21ee082f9cd,,HASH_VERIFIED_SAVED_OUTPUT,RECOMPUTED_DESCRIPTIVE_SAVED_OUTPUT_NOT_RETRAINED
S12,DehazeNet,D07,35,13.483062531145652,0.4915027249185914,0.45900043845176697,0.27927541732788086,495f36a7350b3e1c12238e1869ee47d0183311eb5aa9863617fd08611a8b71d8,3041f0511ba5cb03c5a1da424d7c196c2bec7fdfb73911f5a484d14441217a30,65eba596d83412aef266bd263ed8324727394c39bf23cfdd798142d554d8f1e8,,HASH_VERIFIED_SAVED_OUTPUT,RECOMPUTED_DESCRIPTIVE_SAVED_OUTPUT_NOT_RETRAINED
S12,DehazeNet,D07,36,14.883616724878319,0.4918426398396283,0.5036455988883972,0.3342188000679016,ddc8377a47258efbde852fcd939462785827a0167c60cbcf2d5e1388ee93aff7,dddb9a267b83683ff4c57bbb891c541ccbd03f36d283cd226bb110934b40ef2e,6475aebe95f7298b83bb193df116c908a3636cd6e6074681eed626fbc3c74083,,HASH_VERIFIED_SAVED_OUTPUT,RECOMPUTED_DESCRIPTIVE_SAVED_OUTPUT_NOT_RETRAINED
S12,DehazeNet,D07,37,13.091176893666017,0.5235045539226677,0.42587894201278687,0.3330824375152588,bd1340b4afd561c8663a29eb5a58fd79aa0401e00745cd7c67677fe7cb2ed66d,08ddaa7e314a757bf36acbbf5e362e590f975073794a60b073ea712a7e195824,1b5d080b9e66f35a20ff7d322f7b89b641e01962008af5e9f1c22bb63a2cbd15,,HASH_VERIFIED_SAVED_OUTPUT,RECOMPUTED_DESCRIPTIVE_SAVED_OUTPUT_NOT_RETRAINED
S12,DehazeNet,D07,38,11.495525480544089,0.4895056769298432,0.5099785327911377,0.337524950504303,55d7dfb7916278dabea6ff7342c68c6b5cfb49eed2550379b234b2b1e91bc55a,df5c03b04d078ff0117e4bc6c80a3639b3893fdefe5d44eb057f9828194ed071,b1ce817de797c8364ca62dc4fd4411dd5d646009c7ba583dd3a6e26a050ec8fd,,HASH_VERIFIED_SAVED_OUTPUT,RECOMPUTED_DESCRIPTIVE_SAVED_OUTPUT_NOT_RETRAINED
S12,DehazeNet,D07,39,10.194231951203783,0.2774651275095005,0.7200874090194702,0.4391564726829529,ac903d81c1866e88888171f76b15b4294fbab89460f9bc823be67b83f48a304b,aaf4009568ac96add356c940833d0db1cd92d68e5e22f7171c998d044025ca67,f9ded3d73fe606a27e19f4346929ffa0d5828d1e519e05fa3232db656017eb94,,HASH_VERIFIED_SAVED_OUTPUT,RECOMPUTED_DESCRIPTIVE_SAVED_OUTPUT_NOT_RETRAINED
S12,DehazeNet,D07,40,11.805188047476278,0.5425216832107055,0.47636520862579346,0.31363189220428467,7c2cda7d34c8eca64bf9bd048926a1aa3bc891d2b5121322d8676dfef983aa4e,f84040d4a7208b1382eedf84a3519460b560ba376a49929e4c17843a13aa03e7,ac6f27f860b987df987505f718af1897c292b4a746a670387724052e8e8cd32b,,HASH_VERIFIED_SAVED_OUTPUT,RECOMPUTED_DESCRIPTIVE_SAVED_OUTPUT_NOT_RETRAINED
S12,DehazeNet,D07,41,10.819497390853838,0.5006309768803116,0.5415793657302856,0.3308393359184265,276cd8550fb2a5d93b8fc9b3aa70f03f4f2db0994e5ae3956f102d113f0c0653,1b746a2e1fea7ef34a182fc03c48ff5598197754af767165e364e8e7e736f1f3,b187f03cb3b75083e68268f37ee86e8011977202c542fb41f167047152fe94e2,,HASH_VERIFIED_SAVED_OUTPUT,RECOMPUTED_DESCRIPTIVE_SAVED_OUTPUT_NOT_RETRAINED
S12,DehazeNet,D07,42,10.885210595500821,0.4747611534505209,0.4975031316280365,0.3157230019569397,96d0d46db26ce8069cc040c544b03466b78bde82990eef47bce5268dc85786d8,1fa6871b81ce5a13ef3c9cb4ad41578e1ded901976ee7fd81b193e6b159e6e34,81b106deca1d76523ab3b747235501b3c231adb455c4da25dc147396da67ab02,,HASH_VERIFIED_SAVED_OUTPUT,RECOMPUTED_DESCRIPTIVE_SAVED_OUTPUT_NOT_RETRAINED
S12,DehazeNet,D07,43,11.931343305648692,0.48941830334181774,0.4566807448863983,0.2916911840438843,92e86c4f14a09d2ff33d03600292979095602f12c890019fc284131e29aba6ad,760b8c97fdc44758e1d0d966d9c9c2bc6080ae2b37f6a240413ae929f96df260,e8890e45cdb1299928d98b7ad1750e67f69d9c48dea4ea26bb1d73fe4f5ea5d7,,HASH_VERIFIED_SAVED_OUTPUT,RECOMPUTED_DESCRIPTIVE_SAVED_OUTPUT_NOT_RETRAINED
S12,DehazeNet,D07,44,8.970141855480037,0.45295749178876527,0.5611369013786316,0.33217841386795044,6fab41b0239cb4eecfae696ef12c66667cfb23e69797ca5d5001301179acf265,ee03f159bff1e0b5cf0fa9792c26da85d951a46be2996dd4ee5e38ccdbd11063,d9a944db98f4d7301c1b72c139eb080e3d914ae9c88f1b705aa2277ccdc8d1d1,,HASH_VERIFIED_SAVED_OUTPUT,RECOMPUTED_DESCRIPTIVE_SAVED_OUTPUT_NOT_RETRAINED
S12,DehazeNet,D07,45,12.5944419547917,0.5038192295096301,0.5034390687942505,0.32472240924835205,25e657687f02deff18c74af29ee167f04c7f360c8f6ae40cd005e2f6b93b22f8,40b2c27daa91346e8dae0634f58b1908f4c9947bc5a4ac1b292060021ad63f48,4acf718317b69a4f73b09d4f5e73480dbd209a2df302db2336da7a7348ce9d5f,,HASH_VERIFIED_SAVED_OUTPUT,RECOMPUTED_DESCRIPTIVE_SAVED_OUTPUT_NOT_RETRAINED
S12,DehazeNet,D07,46,8.857332835581982,0.4284510965955783,0.6474205255508423,0.39815783500671387,bf25d291bc088bdbb4589980e3a456b95580947393bbc4361b86b2a856275469,dafdd0cca03edc3fddecc00be107c7bef6cf7324b8cbfee47bdb1a1c62bda2b9,7ebcd95441dfe838ca557d21da07650df402c9661aff1641373c6b76ae478cce,,HASH_VERIFIED_SAVED_OUTPUT,RECOMPUTED_DESCRIPTIVE_SAVED_OUTPUT_NOT_RETRAINED
S12,DehazeNet,D07,47,8.491230183690453,0.42985579120875855,0.6276460886001587,0.3656843900680542,df0fa40fd6104b249e475516fb131d1eeb075b4686516e27e2913c05b3a85ee6,d8a0d21c5f0f0d012f2131175a37811616dd6d606a28a25093213db79404a585,0f069362543a14ffee6782eed3e27990b00d01c4604e4ea9a2eee6e919a3e3d5,,HASH_VERIFIED_SAVED_OUTPUT,RECOMPUTED_DESCRIPTIVE_SAVED_OUTPUT_NOT_RETRAINED
S12,DehazeNet,D07,48,11.239475441040552,0.30874750788104793,0.6453185677528381,0.3707631826400757,3b301e07de8f14832f593ebe8491b039ee7c9d289cf991f9788a0db7b20095e8,6b74fc289d89de2b69a6eccb274aebb570fbcf4802bdeaaae711c8aa74f1214d,b52eb7668ec28190114903dae1cc9f5d011f66e1ab0c19bfb2a7717f4e1165b0,,HASH_VERIFIED_SAVED_OUTPUT,RECOMPUTED_DESCRIPTIVE_SAVED_OUTPUT_NOT_RETRAINED
S12,DehazeNet,D07,49,13.049042181675292,0.559967663739868,0.4402589499950409,0.2503669261932373,c42f9377aa6ca30fc45067b98d33abd11eac3fb614beabe92473f4dc6e6d81c1,75e7f67309bd2a83d503756c0bacad4f3ddc7d5c571644f16f8a310e3e05d152,408a8c7067c89ae171bbda45f7de68351c6141955476cf262b4339b7d669f297,,HASH_VERIFIED_SAVED_OUTPUT,RECOMPUTED_DESCRIPTIVE_SAVED_OUTPUT_NOT_RETRAINED
S12,DehazeNet,D07,50,12.796858374126721,0.42445649362073373,0.5049413442611694,0.2970960736274719,6ee7cfab524b06c8fb85816e4904c25426693fd1dae0624d52ee106ffe336d84,078c6b1c923459f568d242f12819dc727f4c83744d353dd439cf3d217f790e2b,95b58ef1b99bf1870987146cd9fda41c91a28c65b95011893f3d218a6c108cc5,,HASH_VERIFIED_SAVED_OUTPUT,RECOMPUTED_DESCRIPTIVE_SAVED_OUTPUT_NOT_RETRAINED
S12,DehazeNet,D07,51,11.304665828084559,0.3884632984827254,0.6299728155136108,0.4543774127960205,dc66b010fa0b129995cd5bc405eb0dbeb4f0ab69ea9de677527c274eff456074,f1272787458cb07fee6d5fbf60372a17135effe21624e0f5399af5417dd7f33f,3a66f63c00bf3a86432e5387e9bed19c49e1e43243513692c4bd4a7eb8a5880e,,HASH_VERIFIED_SAVED_OUTPUT,RECOMPUTED_DESCRIPTIVE_SAVED_OUTPUT_NOT_RETRAINED
S12,DehazeNet,D07,52,11.962833208682378,0.477314138425599,0.53023362159729,0.2755337953567505,0b357fe8678b05cf3108c1b9c3f17369be95e1296ea6d0bbbc2cf32511d6d1f1,e0293c9563b13300e5ccfbc3aa9b1a08c37f790afad174c032e7931b6047ae41,ba1e5dd2f0cc993a6f8754f6c988881cd74cbc18f7688ef453f3d728a90fed29,,HASH_VERIFIED_SAVED_OUTPUT,RECOMPUTED_DESCRIPTIVE_SAVED_OUTPUT_NOT_RETRAINED
S12,DehazeNet,D07,53,10.220828317976249,0.4445900224950308,0.5673206448554993,0.3088294267654419,b45310a5c6d3b5b8a41ff1c91ff949016fc4a30599e76f5f3b691fe25928eeab,6e0248cbf1f21bab1a1dc4a8c461b8f4e8a46801364735d08b51a61b6cd24f7f,a949cf83b18a1c120016f66a0979591cddc7f09d07a72e148f25a58d42489687,,HASH_VERIFIED_SAVED_OUTPUT,RECOMPUTED_DESCRIPTIVE_SAVED_OUTPUT_NOT_RETRAINED
S12,DehazeNet,D07,54,13.09983363250264,0.3874452595045426,0.5360808968544006,0.25410979986190796,ca3de5f9ecae90cd1f2279fba3522e283e1c16f8b85fefa8c041705203c33ab6,834daef81393afc39ac73411d5f59542911d7f9dc23b19c999e3a4f2ec8bf28b,52e0ae55dfb39651ae27141408e61a70e7f402025cdfaf254e4bf1a5cd4731a3,,HASH_VERIFIED_SAVED_OUTPUT,RECOMPUTED_DESCRIPTIVE_SAVED_OUTPUT_NOT_RETRAINED
S12,DehazeNet,D07,55,13.128132811283715,0.40515687399926154,0.5037941932678223,0.26231324672698975,0aca5791d2f797cdae61691dc15a70a4070be4303e25b976f1ca530779d0acfc,5ab38ad0a643fec9c67cb841646b0cee2ebc0946a50c80f5ef9c721297bcd023,c50185d0920dd4c9711f5008ea3240f54004acad0b1a39cefc8a988efa4f362a,,HASH_VERIFIED_SAVED_OUTPUT,RECOMPUTED_DESCRIPTIVE_SAVED_OUTPUT_NOT_RETRAINED
M07,AOD-Net,D04,1,15.400566780405168,0.793834541420233,0.25442859530448914,0.1768389344215393,3C0D534654C7A4365A783B3C11FF6659728B8A26A0F7E3F47ECAC37018CEF9A5,2EDBB4125D4247BEE1342B2C65FA0B5D03FAB855BD24B00CFAA7A3A74F1076C7,C0B68413DA308B59F46C0B1CFF3DEAA364209712C97104DAD3D31518C87881AA,,PASS,HASH_VERIFIED_SUPPLEMENT_NOT_STRICT_FINAL
M07,AOD-Net,D04,2,15.163005214317957,0.7957368801388137,0.2821406424045563,0.1612573266029358,83ACE0385ABAAEB78FF8646BA8C0431B42C1F1E9824382A8B29E86CED190C10C,B051CF55CA912DB2DEFDD68017A476C8F9DAF25E3981B2E4F855DAF6025DE403,5BCB92C2962AA3E9D4DFBA47DEB1904FBA7F81623009DF9D39DCCD2E4322BDD0,,PASS,HASH_VERIFIED_SUPPLEMENT_NOT_STRICT_FINAL
M07,AOD-Net,D04,3,13.192717769820861,0.5380861924719944,0.41615399718284607,0.31354159116744995,7EF116779779E7182354FA2428EDEFDFDBEF1CF7E767FFDB4ABCEBE5A26048EE,B6F7D05A209EDD9D0793F97EA607B9C6EE002C6C4B280B615F08C7D1CBB8E367,D20E9A1D315EE43A73CBD4C79B6137831C77F37E5029646AF050CFF6EF42D338,,PASS,HASH_VERIFIED_SUPPLEMENT_NOT_STRICT_FINAL
M07,AOD-Net,D04,4,14.157894647666492,0.6430223035268633,0.399224191904068,0.3157775402069092,CC7A0ACD6AB58D7E211B155F5F31948B25CBFD1164F9AB19AEF5B3696A134446,D504F0C3AF6CD202E5FE35A7345B0CDC80502BE8E14214D8BE98644E3088B385,600FAD9B0AB217CA71E337EE8DDA1179A9EEEB7C82AEE4B4DAEBC824CDDF9D53,,PASS,HASH_VERIFIED_SUPPLEMENT_NOT_STRICT_FINAL
M07,AOD-Net,D04,5,12.419813517335342,0.6433320984799314,0.29407092928886414,0.18394136428833008,69D75429BD63BDEAD8FC8391B02E51F23668508335060122D005C8A3911B0A81,69A65B307D4138E1B5F96FD220D9F1B31590AC6D5E290C8795988D4BC715EF97,888A1EC2ED5166062E489656426509915042E9A0D3CBB0AA74D4C77F52D7FBFE,,PASS,HASH_VERIFIED_SUPPLEMENT_NOT_STRICT_FINAL
M07,AOD-Net,D04,6,13.564898803152111,0.5923201556271088,0.4555944800376892,0.27335381507873535,369A9A7C7774DDC377084A7574F799872C847F35343EFAEBBB03BE17D2290BF7,7E091171C393BB46508BB725BFD30B1BF6FCD51A1A8FA591CE3DAD1233794C61,85A16795053031B2D1E749EFD462F53368F18F0FD0205C010104A32C8C8BB763,,PASS,HASH_VERIFIED_SUPPLEMENT_NOT_STRICT_FINAL
M07,AOD-Net,D04,7,15.483738664664253,0.7233465751408198,0.37434375286102295,0.23439741134643555,21185097E3161D618C0AB213C8755B6502C750A759B5ECB3EFB9F51CF9E978B4,F8C284D1AF8EEADD80B4940577AA7B3A3AD9BB3E189B5B6BBF293E9595204C30,C17234ECC692715C3D8BC53AEB1F654F57E60C49426F51D8171834DA75632049,,PASS,HASH_VERIFIED_SUPPLEMENT_NOT_STRICT_FINAL
M07,AOD-Net,D04,8,15.242621210053715,0.7663736877826274,0.2960492968559265,0.20631563663482666,05A6B22C5C127DE881D22D83B43BD43F91A574C38BADE064ACEA9DB34EB44E99,B5E686FC6B20002BF82549EEC3FFF547E8AC27923DED754F062856C325333A8E,47A16A4A7A4087B4A11B9EBD6217B72B1D07762B21E31C405762A156FC1D1B0E,,PASS,HASH_VERIFIED_SUPPLEMENT_NOT_STRICT_FINAL
M07,AOD-Net,D04,9,17.36824045288457,0.7928761505196839,0.2347981035709381,0.11966222524642944,718DE8A6C7D21A51C15C11097E571B3E4F0930279C690822FE98D0D95993A651,C4B2609121116B2C8C654C5E5E80D25BD588EC9CBFCD04B9013B57B8145EBFAB,A08AB6DD0548540E5CC0435441E68BF352E8D4C268E3979A78C7EAD697F2109C,,PASS,HASH_VERIFIED_SUPPLEMENT_NOT_STRICT_FINAL
M07,AOD-Net,D04,10,13.154711598986191,0.7373460484086286,0.2347346693277359,0.18133783340454102,34D9A2C5323D2FC655B846B6EF110D8A823A4F60CB617990ADE76D9DFBA418D8,5CA247E0447645686F13A31E3FE129CCE1E3A4BD8CDF731993132DC2594D58D7,554DB9C83912BDD5FB430EA25548E2E338FF62496AA1981500DB1FC90A92B159,,PASS,HASH_VERIFIED_SUPPLEMENT_NOT_STRICT_FINAL
M07,AOD-Net,D04,11,17.2011657478212,0.6871620234010539,0.2758183479309082,0.18866145610809326,5F54EB6EF0E843EB589BD7597C5990F010AFD78D6F850B0C831A380AD4897B5E,B7569C5C5A38F7B57AEE79603DCBE4C5FEF3AAABBDE31B67D12DA65C66963B9D,2F2024BDA85C8C1E5D4F3BFB5D90C64298B4F39532AA4C5379D58BAC8F72F0C0,,PASS,HASH_VERIFIED_SUPPLEMENT_NOT_STRICT_FINAL
M07,AOD-Net,D04,12,16.663758417261718,0.7694578688414241,0.332337349653244,0.24458730220794678,6CF81158987FED6BB4BFDC4DBECEDE31245E6A33DD1D67BE95824F24578B5D7F,3BFF920AF4640D93B95BC805614BD7BD38924B30CCCA62C797F7BD79F4A973B7,188CCE3660A028EFF2CFDC4198F45A4B0FDCC707B04FAECA4962ABF188378F10,,PASS,HASH_VERIFIED_SUPPLEMENT_NOT_STRICT_FINAL
M07,AOD-Net,D04,13,14.557195851197786,0.6422036024804041,0.2554842233657837,0.16456645727157593,24BDBCC4C024B4FAAED275344A0C60794C306F405620AE5F2EA0C9E9C48DBD33,BAA97DD4006D01E1761AA8B55545E698B899CF088F087E09E3B4897555272817,5A1EFA74C4CBF6A99009FB535CE70030DE08CD910814942B7404BA0FD5B42510,,PASS,HASH_VERIFIED_SUPPLEMENT_NOT_STRICT_FINAL
M07,AOD-Net,D04,14,17.629030327428616,0.8158145805947354,0.20365601778030396,0.1578364372253418,66D2E2061C54CD5F5173CE90A57D302124E8943EFA217DF6B82DB6C67020B38E,162C9550C57E3E348277D3CB4567347B06FAEC07FB6BA6E03DB37F77C0F83FDE,9C4EC13BCEFC22FD38B44D738AC212F2FECD58B35215E8770682295FB457F42D,,PASS,HASH_VERIFIED_SUPPLEMENT_NOT_STRICT_FINAL
M07,AOD-Net,D04,15,16.282375185885524,0.8432465719298466,0.17256534099578857,0.12095201015472412,0A660F46D64370E6A21D9D553AD5F98EB82B6D7DF6E006F9A016F9AFFCAC60EE,1DD2B182975351D661F1E303F63F755F08A1EA7DF43F5FF173D62E149042563A,107F653F3AFE7927087C5D4798DC974111CE7F4C5B81C5D74858867907F69D0C,,PASS,HASH_VERIFIED_SUPPLEMENT_NOT_STRICT_FINAL
M07,AOD-Net,D04,16,19.89469008108555,0.8673004996272694,0.19065849483013153,0.12757134437561035,958326DCEE63E40F1DF57EEBE91A219DCF762E1B7FC4DB195C8235CC300EC7E0,DF75E8E547D61499452679F92FC17B26447D47C7888CA7F2FA83B150ECBB4A10,1CFB8A01B3199084735FAB9C83BF9B112FC42EA20051468FF68E947FF180F49D,,PASS,HASH_VERIFIED_SUPPLEMENT_NOT_STRICT_FINAL
M07,AOD-Net,D04,17,16.19733465304901,0.6339346086243486,0.4155818819999695,0.26759493350982666,E56C54F6F4211814D4A4700E2C51E3C911668E99A51C28C0F3C20BABB7E82A2A,B5CDDB706C2DCFAFC53DCED1FA7F704B77173B02F9890D8F2E1FD75FFEF2C254,1CCF56E05BCE26A12C010E7264C791A599897C7B6ADE42FD7D5E611C0C49CC7C,,PASS,HASH_VERIFIED_SUPPLEMENT_NOT_STRICT_FINAL
M07,AOD-Net,D04,18,14.603377854404158,0.6645582858967058,0.45174479484558105,0.272477388381958,43FC7E8F922DA9A7B2A02F0745081828713B87528BFD99FA88DCFE2C369152C1,675F029BCE112FB122C527350EF0C2381F0D7E66272A214D2995C564317E5DC9,678783EBADE6615DD1797364E01C7F044C5BF9732FDF104DC75B357C9E0C206B,,PASS,HASH_VERIFIED_SUPPLEMENT_NOT_STRICT_FINAL
M07,AOD-Net,D04,19,10.420144873615946,0.5843806369365283,0.37643277645111084,0.2607124447822571,3E65DADC65D687C514E78D0EF8207075BFC577F07581E878BED238D76C392DBF,5408A4C8607E8C201D9EBFBE41184DEF6270FC5766DDFA6F07202044A2CBEAFB,85CE3412E1982AFE7BFE742DB38629C873516D0302AE095CC33C09E0636F2D9B,,PASS,HASH_VERIFIED_SUPPLEMENT_NOT_STRICT_FINAL
M07,AOD-Net,D04,20,16.73899852332753,0.8618318419040644,0.17910361289978027,0.09475165605545044,8BBF8198B78B76A647AD3A7CD0E73CDC213CA3E395FEEC095A1F96BDEBE98741,AB2DCA787F588E801409AB469BB4A59FE4288AD426AF4806DF8223B9629C366D,C86C9ABF8410F334E65AE2AD3D02FCC5D0A0F10230AD85199929E3A4C2596DC0,,PASS,HASH_VERIFIED_SUPPLEMENT_NOT_STRICT_FINAL
M07,AOD-Net,D04,21,14.642773921890473,0.7548329903578375,0.22107461094856262,0.13107013702392578,36A476105357D29E915CB02FCC4733514C1420DBEF320EBC971BBEABAAE905D0,1AB05A60150CCF7587104B3924BAC1DB81A9B6F870475AD6069FB33F08F41A2A,A82C15BEF0D2C32866BFAA4B48943102036BD65AB9B9C7D7070B8BEE116D99BE,,PASS,HASH_VERIFIED_SUPPLEMENT_NOT_STRICT_FINAL
M07,AOD-Net,D04,22,15.287177057691375,0.7545864639357197,0.18881574273109436,0.11672472953796387,6A582E7EFCF08A71219226CB73B73A27C003D99301784D5378EF2A6D14101973,47F4AB2C93B9C83088E2DB40A410900DAC738B1503DB25D0423FA33B4FE83225,313157934039E288BC0FB7409C6A9B8E4B6B3156ECD8A15A1BC2688F512130F5,,PASS,HASH_VERIFIED_SUPPLEMENT_NOT_STRICT_FINAL
M07,AOD-Net,D04,23,11.217137433147675,0.6860457800236892,0.46211859583854675,0.36177366971969604,CCB31930CB34AB7FF04304C7AAFFFB7C7341559008015754666CF2D3D4D578CA,434B68AA01184DA16DD93DB83CD9473F9BDDAA7236E46F29707A26D62E77D034,C744C5F864CC161AB3C6CEEDAC99CD7BE1DB8190A7788C6847C006A32DAAE9FF,,PASS,HASH_VERIFIED_SUPPLEMENT_NOT_STRICT_FINAL
M07,AOD-Net,D04,24,13.330717139764083,0.7023129175569903,0.3428440988063812,0.2793026566505432,7396208903EEF483C8C5234A53114F0BB96B6766840771C2009F2EE47C08D0E5,2F94F1D924C537644814F82C9F78DD2901ADEE578F21C87DA409FD5879B1F3FC,9B4364ECA126DBF96B9525C3AA4E62B82AC39EBD85CF63B0ADCB8B06F69461D8,,PASS,HASH_VERIFIED_SUPPLEMENT_NOT_STRICT_FINAL
M07,AOD-Net,D04,25,12.235150311212266,0.6450439832567089,0.30175334215164185,0.19679981470108032,7F7E3B1EB104CBBC246EC8788E300A27F5DF60D0F267FFE992A9D0AFC198CF8C,923C0F0EDEC357692FEA84FE1E2BAAE77FD890F2D8294098694D83C5D7BF2F5B,A3A6D510EA0106E1972B6ED823F13748A399DD00594A7AE15428EC6008F4C455,,PASS,HASH_VERIFIED_SUPPLEMENT_NOT_STRICT_FINAL
M07,AOD-Net,D04,31,19.878836971877096,0.8968683164473333,0.16674359142780304,0.09860849380493164,C0FD0023EAC765BD9E77E4699C65E6F52F06382C395EA7A8A7DCB02EFFC8466F,CE7E848FDD9B9A8E53CEE8A80540A02E19017CB82656E4DBD934C84AB8192C79,EED8395E4DA05F6A3958A2ED7B615E4DF53410F9B2FC3C189BCC2094D29C50B9,,PASS,HASH_VERIFIED_SUPPLEMENT_NOT_STRICT_FINAL
M07,AOD-Net,D04,32,13.95564051105779,0.6438293047245396,0.3482583165168762,0.27084237337112427,C95071845DE2EC5A78E782C6611DA84AA42187C31A792D0B8909F51451B602D8,A5E6C4C1E13B6ED7E0E743E0045B52988EBE8835D4220C7BF5D0FA98E2411DF7,B1DF1E4A92224CC64AFA31F22502BC6AE2BE100D96F3A34BAAE6A5DCE6B45781,,PASS,HASH_VERIFIED_SUPPLEMENT_NOT_STRICT_FINAL
M07,AOD-Net,D04,33,12.825342591274847,0.7173560062150295,0.3194234371185303,0.20704936981201172,3B555B91195CFD0222CA505B5ED0A372019BBBCFC9063D4D062F88750FAA72D8,47F2C549DAFF442A3F77ADAD6C7C3F05A85E250AE22754117BB873CC2CA13DEC,DC11C30F8769D93C62AF044A6C96346F717C19592DA63F508EF45C6F3721AE0C,,PASS,HASH_VERIFIED_SUPPLEMENT_NOT_STRICT_FINAL
M07,AOD-Net,D04,34,17.638562310496383,0.819045983701102,0.2428468018770218,0.2163712978363037,49905E56427BFF302B4BFC724C35952837F0FB9423C91A44A15A04062AF871CD,45D9B0C3BAD9B62EC6033EE3933AE05A29CF7CCC1C8A3E5104650132044FBBF4,57F4200CDECF400E3BBB2AB0083BB6C22D95C6D58C53A003471B80365C3DE6DC,,PASS,HASH_VERIFIED_SUPPLEMENT_NOT_STRICT_FINAL
M07,AOD-Net,D04,35,13.667466468106861,0.6677459762861538,0.3802820146083832,0.2863044738769531,7AE0BE8849F040A52755C6CCD03C1E7C04611CCED8AE2D2FFA6040116E3B1913,AA6632D2E7508666959D0D0D0B9F3E8FAEC29043C23CE2EC7D4A650A4B1083A3,7C27176C2D847FE496BAEFCC9F6782148BC6BF1ABA1C3E2A4A55C0FBDD9C3F4A,,PASS,HASH_VERIFIED_SUPPLEMENT_NOT_STRICT_FINAL
M07,AOD-Net,D05,1,11.772690382889081,0.5258964391629054,0.44441986083984375,0.22274142503738403,5617E822CEAA1E52407BCF8D0E1835EED14A86F589EC7BC01495E8864BDC7B88,53DCBFDC4EBD977C01654DABFE04CC2246570B1541BDAC6E9699BA15C17ECD88,BC084A00FC538658397C3B36BB12675E6C6B399B5D82C13C2C6934151B959C0A,,PASS,HASH_VERIFIED_SUPPLEMENT_NOT_STRICT_FINAL
M07,AOD-Net,D05,2,13.88513160494809,0.5634109470648901,0.3277212381362915,0.15105825662612915,048C2C0A7B3BCA9C974BF8CE047C73288DE209B9E8B13CC84DA00E1E7062FB40,5C667FCCE9A1ECCA7DEAED221128B2C73F7B105C4DFAA7BFE7EE5BC909057F5F,8042FB48805957B9C84C4A48F521D9BAA14826A5DA50579D1E0918F047580FF0,,PASS,HASH_VERIFIED_SUPPLEMENT_NOT_STRICT_FINAL
M07,AOD-Net,D05,3,16.080420315138348,0.5689292080033205,0.31562796235084534,0.2012869119644165,3FD16E4347F28400F4A0AFC544C7BF1D7F476733565D2CD3BB02F72F1B9E7DA1,0EA8C6409C916E0336E1CFA98B31C63D7D0A28127A46E0FEFDFA25691CB91B76,6702AB812E259A4F2AC0AFCD43AC68FA1A69143F0C9FF418B210F6F81DFE58C8,,PASS,HASH_VERIFIED_SUPPLEMENT_NOT_STRICT_FINAL
M07,AOD-Net,D05,4,11.61906397128428,0.38101921538382494,0.5503962635993958,0.243682861328125,A2DB1328B3F4F6F760C551ABAB19099465B7C3082F629E9BC04E893B9C8A0605,70FA3CA85DA8C2153E084C303AE5110635C6D9D3D8A2FA10593B90D029C6F570,88EF7AE31008DD471B9FE5CFBB6C52339621B32ED64966B3FC591E732068EC5E,,PASS,HASH_VERIFIED_SUPPLEMENT_NOT_STRICT_FINAL
M07,AOD-Net,D05,5,18.12996598667456,0.45369568494224227,0.5943295359611511,0.3795526623725891,F521C0A2A6A0A8D3BD9041F050C167E97F6FB8B3590F958BD86467A5FC1357AB,F0F01C9A961FF272D7AB18E571CE9FC78F35FB33B29493649138458DDC2DAF3A,0695077D5DA455F55AE3AE06E9E9F0C2DFCB7E6DFB8B555BA32E80A34652001C,,PASS,HASH_VERIFIED_SUPPLEMENT_NOT_STRICT_FINAL
M07,AOD-Net,D05,6,17.68944131088434,0.5567679530166666,0.45398613810539246,0.30883467197418213,F0C64D7A3ACC73E13829DDD822E8D2544329D707DF31FD3C150D1191AB772271,284F692ABE83C7D7F26F5075BF7A7D3302F954305DD8B06C2D41294F790661CB,8B30075C363701DE99BA6532DBBBAD1E4670050626E0E37D73C001A29E2BF38F,,PASS,HASH_VERIFIED_SUPPLEMENT_NOT_STRICT_FINAL
M07,AOD-Net,D05,7,16.76635842333845,0.5679770931196971,0.28969714045524597,0.1857331395149231,64E571161C50D7A886CC22F7D31E6CBF038CE4CDEA3B5F9EFA23F65BFDE3B86D,3576D3A3C1EF68992D1E5EBE696CF03FD821C1ABF70A5DBFAB9EA687D9F67F6F,65EB714CA571ADA6A0BE5B392F899F2A4548848F49DD93C72663161E82A5A4BD,,PASS,HASH_VERIFIED_SUPPLEMENT_NOT_STRICT_FINAL
M07,AOD-Net,D05,8,15.16440050721667,0.4550130678221224,0.5479975938796997,0.26684242486953735,6434DAA4F8C01279D6B92DAD6831E8AAFEC6CD3F23666D0715D72287DE8B77D3,A7EF48823C56AFA9F2CF44DEF8787391E89F3D84641BD1B920C60D90B717FDE4,18D86C894BDD513C88FD5453C8A11874085C9A1D25FECAD385B34C5118F24A87,,PASS,HASH_VERIFIED_SUPPLEMENT_NOT_STRICT_FINAL
M07,AOD-Net,D05,9,16.33331805646573,0.4365391965575233,0.6492445468902588,0.43661928176879883,19AD82CF7EB8055796A0E7948F51430EE9B57BA6F03890D1D418CDD8905245AB,F2F9EE2966C2BA1676947AC453F226689E435A398A31A9D87C601B23F6D33785,AC34BD6C89F83AB619BE2DD566970C8103AA1AD9FEDA886732FFC6FBCB702768,,PASS,HASH_VERIFIED_SUPPLEMENT_NOT_STRICT_FINAL
M07,AOD-Net,D05,10,15.062866931537249,0.6178849912136929,0.37048888206481934,0.2040008306503296,A34C1732598E8B49083335EE8E030A0116FF11942E8E6D678CE3634E543A361F,F5BB3CDD8067CBC211ED4897EB8008B353205AECFE648D732F33C569E8BEFE33,084B7E8454BEB73F4636353DE3FFB1ACBC26F09BB784B31542FD5A6D46479764,,PASS,HASH_VERIFIED_SUPPLEMENT_NOT_STRICT_FINAL
M07,AOD-Net,D05,11,11.597568566097781,0.42193090259512656,0.559471845626831,0.2707204818725586,7B1A936B06A0B8463FEB093F131E640E40624749382F524DB69E9BBE52B37173,B07169B798FF75F9CFD2AA2DB20325DF8825562D800728E1B8E4555CD4C80C7A,8FD63F4AC54FB74F3588576AF435506AF99FD9A6A770718D2B0E1600B374FD17,,PASS,HASH_VERIFIED_SUPPLEMENT_NOT_STRICT_FINAL
M07,AOD-Net,D05,12,14.956770598058654,0.6877761370179792,0.3653687834739685,0.19031912088394165,4222656C62CC3E571F6B1E4C5B4C71B2E21517BBBD9CA3AA381B56332B267EDD,806555EDB0833D98300224F41559E43535B567775FC013E802AC7640CBE05BC7,385D8D062D20981279867A64183557251B25A6F5113CEEEB7910C7C07FF1E3AB,,PASS,HASH_VERIFIED_SUPPLEMENT_NOT_STRICT_FINAL
M07,AOD-Net,D05,13,14.779586077583781,0.5141791905926539,0.5552110075950623,0.27613741159439087,977ABD49F66B81417E9174BCBCE868608C31751C9FC4BFA866EF34FD802DCE40,15503F04C2CB5B2DCB5113AE8AA8D8AA89E802BEAD6B6DA16D5F324AD80777AC,A63A28929F413048523229D733E0BF367796592476F77E4E4572BEB587AAADD9,,PASS,HASH_VERIFIED_SUPPLEMENT_NOT_STRICT_FINAL
M07,AOD-Net,D05,14,16.25657540587173,0.7592302747206651,0.2795412838459015,0.2152729630470276,246FC0415F51A607CECAFBD82622B91C70329BB2FE6320F137D15944F41BAB6B,A5CB1D302D65F4DF8AF4D46EEF441F7275E76895C28C3529C7AD2126F6599C95,BDA1BBED5AC8800CFBB1B8F92EA73E2C08DB2E6529C0BE8A45559709E5708872,,PASS,HASH_VERIFIED_SUPPLEMENT_NOT_STRICT_FINAL
M07,AOD-Net,D05,15,16.048850768057296,0.6571745415565106,0.4161340296268463,0.2908148765563965,AA650654D043422CA7CA33540D52712645D9DE0A1C11EE3550443ACEB01304D2,2399AF2F70BB47D7AAE26101C974F7C99C910619F31ED199FA4F84A94BF2E8A0,5729AB0A4012465DAFDC574815623B2A5BF5818F124441F48DE2DB33D0DFF1CC,,PASS,HASH_VERIFIED_SUPPLEMENT_NOT_STRICT_FINAL
M07,AOD-Net,D05,16,13.725710390272246,0.5152957474096985,0.6586407423019409,0.4516298770904541,A34D3094453208AFDBA0E80FF00D0B8723227CF6B8AE8965EC23104E99FCA9DF,F56B229B99E57C2F8617F6652238124FD8C0186E77BEF491F2121C541529E1EC,98F48948B1837B494F7DCFF3E16621004609B4DFD4A0EA8CC5AB8B0EF7267F05,,PASS,HASH_VERIFIED_SUPPLEMENT_NOT_STRICT_FINAL
M07,AOD-Net,D05,17,13.07270866069251,0.5413609912130943,0.5644051432609558,0.3495516777038574,7F2CC1E4D3CF76F5F4A8E2AF50B82457D6773ECBCF451C9A17DEA6DA9FA65838,95FB456377FF9E1A41A33A46FA19AD8CEC61F3AC3DCC66117350C328AE5DD15D,4F50A79307C33737A370445C6133E2C12B489BFF1A77E3D187F0C13D86F78C1C,,PASS,HASH_VERIFIED_SUPPLEMENT_NOT_STRICT_FINAL
M07,AOD-Net,D05,18,19.169203020348835,0.5765680947155972,0.3842136561870575,0.2013189196586609,E50EB742F07CAE64CEE4A4DE3628928D6335F4F5B0A541D64D2A9B555FE57078,2E1D305A4C94E175FD80E3E5167BE6BC7D8130D913F3DADFCF77E75152124584,68F94ED442F6A70CC584FC4D426073216A7EE1380F6203A02B4C3CCB2946D9C0,,PASS,HASH_VERIFIED_SUPPLEMENT_NOT_STRICT_FINAL
M07,AOD-Net,D05,19,16.652703782990436,0.7271069549184492,0.3117810785770416,0.16340786218643188,6C5CAC2066ECAFC48120FEBDAF0B2FD62E554D960EC79821579BE7B0B93C886B,C4F0695123F82C180D583489F57C8D065DF7EAA148F4ACBE9E38AFDBC0FF034C,EC18A6902928EB84EA4ED1217D6852B5794A5DD5A6C2B295AC40C48C310A8DC2,,PASS,HASH_VERIFIED_SUPPLEMENT_NOT_STRICT_FINAL
M07,AOD-Net,D05,20,14.248687780143607,0.5534911461551174,0.4884209632873535,0.27093398571014404,BC66561B39C77894D5DA42F1760D11A1C255FA2E6D9CECBF1C60C2EBEA9A5B1E,0F243A6FF42B176D7FD505B0F9369023BF724498CE555D16BF5C96E8728C6AEE,BD338AE24EB788F6F2274B6346A42E7F77EA2F2E88BF3EC598E479A8F1A6B4C5,,PASS,HASH_VERIFIED_SUPPLEMENT_NOT_STRICT_FINAL
M07,AOD-Net,D05,21,16.965303145767464,0.6836527484225997,0.45255807042121887,0.29249244928359985,069F11F974157E01D0C205B3BB74787838DCB6C9F572675EF8BE52973749CF88,259240824FF511C499487549ACBBB54D4B22A0EF45F6A31288656DED08467352,76070B6C0E2726365D4D45224E1E6D13B55FA2405D4D16CBB95CCA4343068FAD,,PASS,HASH_VERIFIED_SUPPLEMENT_NOT_STRICT_FINAL
M07,AOD-Net,D05,22,16.791230784938023,0.7591590995572649,0.1665799468755722,0.08582645654678345,027F98CC74B5071544C780C4BF27BE6C33F02E6BB80F7B32E19B49280AA57647,15B7A7B47BB42977437541F8497F69D14985F3C88E72775FDAC4CFF963529E26,1C676C788AE5C74A25164CE197B0CC9A3FEB4000F486669C829EB114A9CE1690,,PASS,HASH_VERIFIED_SUPPLEMENT_NOT_STRICT_FINAL
M07,AOD-Net,D05,23,17.01398508449919,0.6987982353175796,0.25326648354530334,0.12413924932479858,AD2E2E1D351ADC63E72C962050AD1C5E4649585F5E843EB5B0E4BE18A4EB25CB,2BE0C3921A195D62219DDF3DEFE8D85BC03C0E5C811B4C79E89B5595DF6B9C88,9E2BD1A18278811A858BFD1E8A7ED4F65918D05B075E9D808C4545FBA9374A35,,PASS,HASH_VERIFIED_SUPPLEMENT_NOT_STRICT_FINAL
M07,AOD-Net,D05,24,14.716403072825646,0.5370048080340505,0.42502275109291077,0.21609020233154297,FFB1C16B59AABCE6B64480A23E2E805760C05B8F229D6209FC97EB459A71333A,23939243C8F40539CAB9B3FEB8CD6A7CC003511C759FDB133CE06BB44F5BAD21,B9E21BD8B1C674F727DD5EF50668925CFC9DE899669C611C2FE9EBC8FB8472D2,,PASS,HASH_VERIFIED_SUPPLEMENT_NOT_STRICT_FINAL
M07,AOD-Net,D05,25,16.09053055618761,0.528163911810026,0.5123139023780823,0.354831337928772,7AADDD9526587BCF8EF52FF204DF7A8F7FCBAFBD07129F8135AEB43FF219EAA3,18A3324C132B01DAEDE2926101B3438A0EC51F25A9668B517A50353B9EE533BB,3C252268F419BEF4E491C27178BE1495A747679717619A374A88B0BFF201E82F,,PASS,HASH_VERIFIED_SUPPLEMENT_NOT_STRICT_FINAL
M07,AOD-Net,D05,26,13.508560438249424,0.49827054537286525,0.47662490606307983,0.3583860397338867,C08AF8D3B58809F658DD29ED6462DF1B3000142F9F0EDDE8126E18E26CE36A7A,11B17173970FB5039C2339518355CCB4EF4604735792D2DE8A87695AAD27C5CF,A24D4086C015E84D0A07D566E332A5CCCC6C70D999208250BBF551A9E66357FA,,PASS,HASH_VERIFIED_SUPPLEMENT_NOT_STRICT_FINAL
M07,AOD-Net,D05,27,15.890984239288349,0.6214557508744535,0.3823736608028412,0.2203216552734375,935155512B2D2C193E1E068BB4119B09DED1E575C02785EE73DB4B4568732545,BCC47F54E74F8215F4E023D7356919B108FC232A9B466228D1608F10C29D8749,A02C6EB2EAB90F99682CB21D9C9BEDAA13CA020F718DF96FDCA6F174F37230AA,,PASS,HASH_VERIFIED_SUPPLEMENT_NOT_STRICT_FINAL
M07,AOD-Net,D05,28,15.363475232217272,0.5674646803926975,0.4850630462169647,0.3826729655265808,3F50871D11D92AF7B087677B261E27599FCFEC8F87B5C2676BFB8A161A72741B,25CED5C3A0869E998FB089305E6DB04B964A6DF09211177B7146F2D8EE75019C,ADF98626BEAAC6D699D8C5AB6000EF5F1FFB006F4FF5781A4F76E37DA0B15DFA,,PASS,HASH_VERIFIED_SUPPLEMENT_NOT_STRICT_FINAL
M07,AOD-Net,D05,29,15.494411714151235,0.5033146137853489,0.5762783885002136,0.3970578908920288,81EC091E78B674E82712EAE54F17CE3989A013C3165C42E7E4351164EBC3A1B8,3A02340286A32C2221E2047C6A1B982701F4680E050FAB2D6B2195D167518373,E05E39FB70E9C1BD9A4889523387FF1E4401B1D1893BF1285B27A669848D852D,,PASS,HASH_VERIFIED_SUPPLEMENT_NOT_STRICT_FINAL
M07,AOD-Net,D05,30,13.977354224754347,0.6301681119956034,0.29453426599502563,0.21578341722488403,14E10933E531932CAA59CFF583C77F6477A386864ABE63586A9EB798A79FFBC1,2C939BAF94BBD4ADD2421C272D192D45EF8261498DDAE27082ABF608944275D1,6CBDBE4255A14A00F2089C8377CE044932702115CD949DA0B5E5C910D492D6FA,,PASS,HASH_VERIFIED_SUPPLEMENT_NOT_STRICT_FINAL
M07,AOD-Net,D05,31,16.07456324334536,0.7142568519974194,0.27506259083747864,0.17233794927597046,4EB5F6115066B5B44F89B71158CA65ECA5606E07B7EE76D18F9DB017DF02017E,93B5BDDB161F5AC8635C560711F86E9D50007B821AC42AD66EBCFF47A7ABC847,EC30692B64D32A5B5B85A22749B319D7B2E227DFE4514DEC12169B7B0770AC1C,,PASS,HASH_VERIFIED_SUPPLEMENT_NOT_STRICT_FINAL
M07,AOD-Net,D05,32,14.940959520397657,0.7261771667462257,0.24871452152729034,0.16969317197799683,3A0AF12C5C9A38E04AD9E40F558C7EF82299C20A09EB055373A75EF5AF1BC091,2DC61724CB89511613BDE3E46281E159DFBD81A52948E5FD75839D70EA3D5770,FCE78D2A7418825E8CA90986DB9D72764A860634F187C0F89B6F27D4C7FA6C20,,PASS,HASH_VERIFIED_SUPPLEMENT_NOT_STRICT_FINAL
M07,AOD-Net,D05,33,16.31606025075294,0.7304622038963959,0.2424599528312683,0.2140815258026123,F9A149793D9210C8B1D19D2030C8106B0D8CAD20C2D5C00F5DCF7D7205E2BE3C,F3D6CA89C17499CF57A027570E3D5138A9C3A7ACDCF5C1C05846829D3C8396DD,BD133D6DBA3BAB18F2E4E320655439F76E5550E8DD6FC2E5783D4ED668E5DD59,,PASS,HASH_VERIFIED_SUPPLEMENT_NOT_STRICT_FINAL
M07,AOD-Net,D05,34,15.989165251577154,0.6202351955075343,0.30700090527534485,0.1430390477180481,3E232BF58CAFD8FE975659C3F23A303E0369F8077CFEB0EA029806D14B42E1A6,A9F0E2350D12597C0152B1F9980A5B9C04110998A7CE9C7BAE1848BF76327726,FBEEDF491E81E5E57CCCF2499A1B95E8EFCE7F53E7D57B55E7E919242140F8EB,,PASS,HASH_VERIFIED_SUPPLEMENT_NOT_STRICT_FINAL
M07,AOD-Net,D05,35,20.296508587132884,0.8068385739630389,0.19350124895572662,0.1403108835220337,4C40A00796111F3D0635D323AA05935B18A9E06E1957092F716CD9DB97505EF4,5BBE34BCAAD603A755F20863D53AC35DF8ACC78DA7ED12696113D088AD97A3E7,24D6064217FCA400D06E0929E837395D35F6A2346FFBD1AA9A7FE1B73CF7D868,,PASS,HASH_VERIFIED_SUPPLEMENT_NOT_STRICT_FINAL
M07,AOD-Net,D05,36,15.57001145680551,0.5810842622068577,0.3423200845718384,0.19921576976776123,72AC49F3AF6F23430C86734FE016FA596D8DAC5634E2536D4B90A23486FB9CBA,ADDE3C96E7C2EA4DB5A80D36EB25AE68014581FBF29C19ABB45E7451D209F37E,66B0DF88869C078CFB3BF1C20E6D6551E70B4AC147D2EA8C78F92354DDC110CC,,PASS,HASH_VERIFIED_SUPPLEMENT_NOT_STRICT_FINAL
M07,AOD-Net,D05,37,15.61200737904108,0.5408820040031971,0.40287119150161743,0.23345541954040527,A06B19F2ADC72BC1DBEFDE55003F9E242F07638B7EADE116AFF1F7E1A59B615E,E9AF481F2A1E0ADDC74030F128BDC11E062BFAD1F343A4F1E5320D034F1E2B75,A269021CFB35D9CCE87AB618D6F60EF99708E038E919AA049E12AFE8C9F4200F,,PASS,HASH_VERIFIED_SUPPLEMENT_NOT_STRICT_FINAL
M07,AOD-Net,D05,38,14.465595637613886,0.5614178273920913,0.4576830267906189,0.2356656789779663,EDC53095283E1B2282CF0FEDA9F362CA7FFAB4A83410E12A271910824FF6E8BC,016A1A7EDF273F874151ED98B065B6FCA3017CE6B95FDCDECAAD56D0EA29722A,07AA6A9B235172048FAC42BE43A702FAE2EE3622BE3A87DF96CACA244E696C49,,PASS,HASH_VERIFIED_SUPPLEMENT_NOT_STRICT_FINAL
M07,AOD-Net,D05,39,13.971336184097368,0.5439018330297255,0.43203842639923096,0.24369066953659058,43FD00FA723E0672D4D94C57F199D45C562EEBC216C8761B6D4D72F35C295C04,D706B271E3C8AAAD4FE78FE8A767559DEED87E60E5DC9D2D4A658A24C72A45D6,AE285E8C2DD5D42BAA763AACC17425F25B4605422326E05F9C4871DE58D0F788,,PASS,HASH_VERIFIED_SUPPLEMENT_NOT_STRICT_FINAL
M07,AOD-Net,D05,40,16.06006999396606,0.7025127232418941,0.3099461495876312,0.21194642782211304,C793D6DACD5C674335DFCEF325448614442663A1E1A41041782741B484E54AF8,8CA115FF13D678E9184FB1C278BDF92F86524BDC7BCFD420808F76CB0CD4E965,8BFD21365D357E593CDFE8903F0266B0004AE55DCD0BA604BE05CB8D841E685A,,PASS,HASH_VERIFIED_SUPPLEMENT_NOT_STRICT_FINAL
M07,AOD-Net,D05,41,15.349436517082488,0.7622576587210027,0.2497965693473816,0.157684326171875,26548992D267C16A04787BFBB4CC18DBF1F9D4A9C9C32AD6DF9E8272F9BA5779,0F1C00F69C4DB273F46256558A67C5EFF9C558C4D7F538B02BB9A7DEF52615C9,80186E3E52CCE69FFCB80EA9A2BD181DE5138CD26EB9E1466FF6436BF6CEABEB,,PASS,HASH_VERIFIED_SUPPLEMENT_NOT_STRICT_FINAL
M07,AOD-Net,D05,42,17.4496533890595,0.5549030242427268,0.4150633215904236,0.2534497380256653,88055862A2A7D024A0B87A2D896143C5810303ECE53AA3ED01608ECAE9437C7F,CEC706EB619E86F00AABEFE0A57151AA402010FB282F3393535A535E27378736,27E77810EF24E31368589700BA6BF72A725B303310154D6A01C36598C60FE777,,PASS,HASH_VERIFIED_SUPPLEMENT_NOT_STRICT_FINAL
M07,AOD-Net,D05,43,15.948585184944406,0.7455395906552306,0.23968152701854706,0.167558491230011,AA762707340C64BF3375CFB66E8ECDAC5657540024BD837242352D994E6E974D,ACC6AD03B3CF01552BD1D8ECC1CDDA971B039FE9AF79B2732A8B3BF6F62C6E49,1DED3400CAFF1739E98B9C483BFD198528E975F65DCF07F0C5F3E30080510D21,,PASS,HASH_VERIFIED_SUPPLEMENT_NOT_STRICT_FINAL
M07,AOD-Net,D05,44,14.740723833238283,0.6931740268215881,0.2818346917629242,0.1798151135444641,C9C9AD279E573FA522A7D1C5DC015133AFDA31A3A692C9855818F9FB7754E0E1,6F55F38E564BB18AB0B91ADB42953D417A03DE44382B1E4AAF9367F17F869223,9434E2F769B62223CAE7C068C435FEC62A93614217DD550BFA0205B4FEC2A305,,PASS,HASH_VERIFIED_SUPPLEMENT_NOT_STRICT_FINAL
M07,AOD-Net,D05,45,14.426018265681686,0.501856751064093,0.48841163516044617,0.33196282386779785,71F257B3B2CFA7945536825D9F1296024F8F9FA150AEE2D73CCEDE854E6A2EC7,2C139A4592AD739977A27D4DD7AB459FA20139838CFA7796BD15AD5792D543E1,D7657D0272F3C36EF9DA670A4C86630FFD96C87ADF251139027B7FCE48BF9863,,PASS,HASH_VERIFIED_SUPPLEMENT_NOT_STRICT_FINAL
M07,AOD-Net,D06,1,14.342190204260852,0.47351730825173416,0.8649513721466064,0.49271053075790405,28D483EE2ECAE7E22E4DAB43E74216587FF6604AD354609815567F0716FE3713,9ED841651FF20BF8F8636345BA3366395A5317A51C4FBEE6720445349B695377,54D99264DF9975618099D2C264BD68FBE11CBAC366C38D110A1A1FC3EF8222BB,,PASS,HASH_VERIFIED_SUPPLEMENT_NOT_STRICT_FINAL
M07,AOD-Net,D06,2,16.75668907620142,0.36665325032382384,0.879586398601532,0.49431490898132324,134860C6C2DA0FCE9A97C8BB53E91039FF661CE28A074FE3B3279816ABC66BFF,6AC611763B08EE9DCE1A5E21507CEB665BC266FADA97AC5E6FCD76D7067EC883,FD8072512DE5F6FC3F4D4EF5E09F4C3212A8DDA9241F084C16C0A00CC3FF02AE,,PASS,HASH_VERIFIED_SUPPLEMENT_NOT_STRICT_FINAL
M07,AOD-Net,D06,3,12.074147635522664,0.2132885320047823,0.9320053458213806,0.5925097465515137,006F27ABC8E126705555A4285ACD79D314915C77150940E2399ED60F417312FD,5AC49F9CBC4EF1A76ED1E612212C2943CBD487689C04C5E39D9606C85164D22E,8BAA1352331C16FF4DB0087D61E61CB592CC6EE68A51931C538CB1716CAA2875,,PASS,HASH_VERIFIED_SUPPLEMENT_NOT_STRICT_FINAL
M07,AOD-Net,D06,4,12.763308792789998,0.21034339108394706,0.8300197124481201,0.5546334981918335,55BD84BE636D6A8BA343BDC6C0DE0584D6889357CB3D34735FF0F78E940AD09F,E082DCCE315F5C0ADBC2EBF1452878836DDA1C622F5A306D2E9E0786999C7D4C,70BCAC7F3A1BAEBB6A35FFE979E2E678F9D1D98B6200EDA35ABD4501D68E739B,,PASS,HASH_VERIFIED_SUPPLEMENT_NOT_STRICT_FINAL
M07,AOD-Net,D06,5,12.727227957282972,0.4157292681386587,0.838080108165741,0.5174131393432617,24EACCED76A470F04D9276F248AAB0C3CFF3C058246792F742E2E3CB7A6380CC,B5400CD64D590E3A6194C4B9A2E56393D5D35B5D117B8F6BCC3928822465D9B6,2CD0F86F8431D7DE272806831E2A1F4F04157C3C993A48569928AAE31240A2CF,,PASS,HASH_VERIFIED_SUPPLEMENT_NOT_STRICT_FINAL
M07,AOD-Net,D06,6,12.707256923715338,0.41871765579518616,0.7749646306037903,0.5254853963851929,9341A15AA8360794632AED0F593CE4E6541F798AA5B8628F6DCF6D6D0D249BC3,E000DA4B0BF9E38CE6B0618757ACD57D1CEBF5E34EFD182D0EFE3B982A379795,0F23EDC40EF9980BCEE0AC190F6AF1123C5D25D5892B5162A29A30337752B4D7,,PASS,HASH_VERIFIED_SUPPLEMENT_NOT_STRICT_FINAL
M07,AOD-Net,D06,7,15.912420671549086,0.36472194883230885,0.7291156649589539,0.48677384853363037,2132E15598A04E4CB042242D3E5DDE1F0FCD5514C57B8725D4C397DB118AB11B,CE62D9856BC056878547F02D8F4544720EC5990C800826BD34717BBF74A319CF,7C70B9BA5587F0C4DAA29CE9D45E9ABFC6F37C51C0C9A76FEE00F97462B99204,,PASS,HASH_VERIFIED_SUPPLEMENT_NOT_STRICT_FINAL
M07,AOD-Net,D06,8,10.291637409548155,0.1977112742193705,0.9815108776092529,0.5710928440093994,D899B7D6739C06AE2AB1ACB81682AAD5EC7C1374E6381E67C8DF1761BDA7BF7F,CAE7E7C1EDF709DBEF8A0885A2B5389CE2A5FF9D2D1ABA7E8491576D982DF5DC,9EAA5B174EDCE1FE5C3641641C8FF758625AAD3F0D6A0B40AD72DC868AA682FE,,PASS,HASH_VERIFIED_SUPPLEMENT_NOT_STRICT_FINAL
M07,AOD-Net,D06,9,16.010988594478373,0.44138287607212706,0.9596405029296875,0.5769641399383545,EEF4D07864BD7DB244F0A806FCF200ED0288C07FAB8BF3843F6AF1B33B360C58,2B39C36701D4876E7B3AE9400FF1D86AB632239038EB17A2FC3C7A771BC29B54,8659C4CDA00C7E762C71498A439DF496B2B7FFAAEBDE766BBF891F441D6C0C76,,PASS,HASH_VERIFIED_SUPPLEMENT_NOT_STRICT_FINAL
M07,AOD-Net,D06,10,10.492269386036174,0.3275414195557784,0.8290554285049438,0.562185525894165,EDB9FF85491DE7ACFCF706623ECCC9863C787C3E426763FB1A2CFE0AC143D633,C679364383BAC2EECA0DC6B66F1992840DDC505BD73D093DE5C9C67FA05CC990,27435303687A5EC62E80911F385D11121706D5C28F6AA3AA286B8EA3A9E87DD3,,PASS,HASH_VERIFIED_SUPPLEMENT_NOT_STRICT_FINAL
M07,AOD-Net,D06,11,11.669017031248409,0.34327569717379913,0.839730978012085,0.557862401008606,36EC563EB560C4735F19351A76A78C09DDE6F9F87549195DD271F447C3684FA3,989839A9FE1DB898EB1E44FD4592EBB962351E077E81409BB6D03C7D8999356E,FD49CB543A2E3249E7A4DF4D92B9BEC0A69E9572E3E5F1F2933A5BD62AB66994,,PASS,HASH_VERIFIED_SUPPLEMENT_NOT_STRICT_FINAL
M07,AOD-Net,D06,12,15.255722474692131,0.5096865821007631,0.7043764591217041,0.5492017269134521,C5CA312E60B3650041DFF8DD81C5E9B8BA928535379674BD79773319B65E98DF,8FE85AC8A887DBE584B5B70E4BA908B05569C5E2A6D72C45C88393E109D653E0,6F97154B0F033BEBABEB35D6399E2C591879578FDF802FB60FD1ECE6BA6101D1,,PASS,HASH_VERIFIED_SUPPLEMENT_NOT_STRICT_FINAL
M07,AOD-Net,D06,13,15.099393341662106,0.42416365986058,0.8467184901237488,0.596519947052002,3E3CCF370C0E5A20CA86428C3DDDE8EA1990A195A06BEA69FCEDDAAAFA9E5696,546B915EEA0AEB7AB290BB7B6BBFB7E6B67BBB54E56C0937231556ABFAA32ECB,2448568FBB806C2212D7B57F4483B622D5E38D8DC87B80EEBEA3993F297695E1,,PASS,HASH_VERIFIED_SUPPLEMENT_NOT_STRICT_FINAL
M07,AOD-Net,D06,14,11.64081524230739,0.42661457972532535,0.8133913278579712,0.513302206993103,CCEE2CDAEFA0A93958EE30031D4B2A39C661737EA1EA983C420674127715AC0E,8932E017C3B59DA3B9202C8133D3CD0D267D05A7C2839875FDAEDB5142998EC7,C3441A56B95A74C2B3704C94DA10454C1B463AEA50999F0EB5DD1C019168DDF3,,PASS,HASH_VERIFIED_SUPPLEMENT_NOT_STRICT_FINAL
M07,AOD-Net,D06,15,10.902406787493081,0.46313756868735395,0.7548125386238098,0.544247031211853,C2B22D2DC3EF07C16936BACE37FD89533DBDA0D65701E97AAF93DB066AEA6056,ED66F848BC19AAF95EA3F836429497324674EFC70C5B201A91A369D2120885C5,67A55345CE31B327E42AC986E2FBD5AC84B2CD8BC764304F822FC8B47AB7C1C4,,PASS,HASH_VERIFIED_SUPPLEMENT_NOT_STRICT_FINAL
M07,AOD-Net,D06,16,10.055198112493782,0.24268302640729691,0.907288134098053,0.6175895929336548,B7D9F5C033B21B3AAC02AD0ACD53F54D232EEB24C4D10E44902419C1BBC400A6,DBF7FFCBC8657C2BCC9E8E47A7EE8DE7B4644223C8DC023B0B3C2BFE6A20C67B,2EEB4150EB1E9514AFA44A6F1FC4E58C6117541B44813A9C61A8E7AE8C589B19,,PASS,HASH_VERIFIED_SUPPLEMENT_NOT_STRICT_FINAL
M07,AOD-Net,D06,17,10.080793009009634,0.19898885308254444,0.9070424437522888,0.6469792127609253,A0F274D8B271C6193552014BAC75F1CC9A6DB1514E67AFE154C755B61AF77ADB,EF795846A7696089899739E9F674AA4B3EA88776EAC373D1B9177846BDAE2BC2,17643B46DDBF6376B419D59128A9533269386EDE9725A43A59944D82F2655F38,,PASS,HASH_VERIFIED_SUPPLEMENT_NOT_STRICT_FINAL
M07,AOD-Net,D06,18,13.962298698968144,0.4324584964120997,0.7275248169898987,0.49551498889923096,24E0011E35384905DD680E0D8A4A285D818AF3286B5945F2E3D6FEDDAD0E1AAD,624642F5D30C4D807E4156062BE8D38273DFE0C7993B2230A80F3179880B33A5,3F9B052811212FA1ECFE6DB3BA7EC3B21A3699B392AF8976747ADDFD4C067028,,PASS,HASH_VERIFIED_SUPPLEMENT_NOT_STRICT_FINAL
M07,AOD-Net,D06,19,14.478752656895553,0.45922469950909134,0.7522162199020386,0.5783279538154602,CC351CFCB3246A286EE2AF5245E6253940AF25530C52F9E98267FF9395E412F5,E90FA9E3F510FD18128F9E46253183CD998FCE49F6F9373D03A33B3D39D14BA0,6AC8575630177F44955BD3F22EEDFBB4FB71A591B14288E09F1664D5B55D675E,,PASS,HASH_VERIFIED_SUPPLEMENT_NOT_STRICT_FINAL
M07,AOD-Net,D06,20,14.637228906188316,0.36597968578829715,0.7450373768806458,0.5029878616333008,987C1D848366DD1B84A7141B5AC2F5452DB7047896FC2A41C121AC259EFF3773,40D87A8EBEAC674460D9CD72E74F9B026716F858F604E6EB1DBB2478208C716D,C7A3D270FF4D2D40675A16D26EE2FBEEB9D600A52B9467F9F4648511CC5852D4,,PASS,HASH_VERIFIED_SUPPLEMENT_NOT_STRICT_FINAL
M07,AOD-Net,D06,21,14.328314684778071,0.4324266494654055,0.8007676005363464,0.5641722679138184,6307ED17DBEA16BFF63743D58A5371C35781CA68446AA87B7A05D0E838E1CC8A,5C8BC9FFBC8201C16E9BCE5D90A5F161A9C8DA8468748E2FABF80AAB4FCDB643,7AD02C3AF69C7E47E3E1763BE0DB73FD95FA93EF36D3578B06DAE81DDE58CB59,,PASS,HASH_VERIFIED_SUPPLEMENT_NOT_STRICT_FINAL
M07,AOD-Net,D06,22,15.824134041421162,0.3898185898824309,0.8749592304229736,0.6231486797332764,658DAB1A00B41191DA6A17878F89EBF1C6EE4B679E76B985B7F5A6178124CB2D,60B2E368C115B017373BB3925BD64F0FFC7489196EFA4F7F2D51B1110EEBBCF6,ED50D3D5ED029E3D0A9E4EA799A231D1FEDE4BEAD9991B61D58D83578FC2FF2F,,PASS,HASH_VERIFIED_SUPPLEMENT_NOT_STRICT_FINAL
M07,AOD-Net,D06,23,14.015894533986565,0.38926702156122395,0.879700779914856,0.6032052040100098,2DF3BD74DFE3A4D18ECF6833B7D7FCEAE1FEDAE4039223E1E86DB754951FB8A7,4FB429EA54743E65809DEDD34FE869410472A853F1343D8C0827CC34ED7A4C77,A435403B1F353CF9F13A112E0E0EC393B9B665D43F3EC6B307DCF0B5DFA313A0,,PASS,HASH_VERIFIED_SUPPLEMENT_NOT_STRICT_FINAL
M07,AOD-Net,D06,24,11.26221567645823,0.2961677318600811,0.9120053052902222,0.5718540549278259,63725360B9BB3B219193A540E9F457AEC2DDFAFA55B5286BA72EA9295CDE274E,52F5674DE315B42A7874D987100F209DF1337734CFF5E8C92FB9ECD104156BF6,16C7F4B8DBEF0074851BDF2CAA07DFCDF48D8FF7482BC736AA9C9DF17AA4065C,,PASS,HASH_VERIFIED_SUPPLEMENT_NOT_STRICT_FINAL
M07,AOD-Net,D06,25,14.003579954566067,0.44399332610150366,0.7844172716140747,0.5428320169448853,0F2A2FBC80EBBDAD0A61F2FC86EABB120D31DBC05E7C58168098E0C6AACA4720,0BA15C9EBD7688A8A22A10AD657BD31E27ECE3F24B3E8778F0BA5D00AE09BC25,5F9B136A0E6A2C51AAF98715FD7A73F4C7FEDC5022D1E35D86031DF91CC7F9D5,,PASS,HASH_VERIFIED_SUPPLEMENT_NOT_STRICT_FINAL
M07,AOD-Net,D06,26,13.816215254442794,0.3803138387802785,0.8421496748924255,0.5813267230987549,CC1C5D476941198784445EE48CF4A0618B350C1DDF195451C8AFD45306EE7592,06AD8C9C2F0C009268BB287F2C4FBF0119DC85F1831B4FC286DAEF45FD4805C6,CBDDD15AE437E56E3F9DBFFF936A04284C548D62E1BD4BDE8C038E8E7616A6C4,,PASS,HASH_VERIFIED_SUPPLEMENT_NOT_STRICT_FINAL
M07,AOD-Net,D06,27,12.321485542130066,0.3051973409671707,0.845973014831543,0.544475793838501,74B1A368A32180329F912850A4B622FF7CCAF0BFAFBB49931319D018C95CF861,4B8D83C4CDF79AEA0AECE2B70A36F852D458F3963A74AE4256179C946622609D,DC4DD8B3D118D87AA376A1BEA79B57DF8E367368B15B8583FA91ECF4C6484E70,,PASS,HASH_VERIFIED_SUPPLEMENT_NOT_STRICT_FINAL
M07,AOD-Net,D06,28,12.523448497177023,0.6520011138932813,0.5301753878593445,0.4537086486816406,86CB8BFB9D9B93E243E70A7B06750BB4D600F9824ED1C5413481279F6A3EFEAA,D946AF2A3985F8AABC9657C944591DD577D2D5A34CFBBC2247B328651226AA9B,B07452B38AED327419F89F9AC976B2B887F5AC17551F6BB1B08EA78700738303,,PASS,HASH_VERIFIED_SUPPLEMENT_NOT_STRICT_FINAL
M07,AOD-Net,D06,29,11.861520565157512,0.4072374873738938,0.8087434768676758,0.5941119194030762,2E217089D7DBD0D87A7278BDE3316CC67BB5AA909F0B2C79D37ACAC25D9ACB43,B2A6F36C1346016D992A3AE0F5320976D04A6980828B9BD4626EB5DDCA8BF39F,B7B64E31B80B8A3BC678B32CC0EE887FFB9DBC7B2BCE6144FA8ADC5E60BED470,,PASS,HASH_VERIFIED_SUPPLEMENT_NOT_STRICT_FINAL
M07,AOD-Net,D06,30,11.931252495231144,0.47054829036112245,0.7500970959663391,0.5479297637939453,F805D7B18D0450840510982C28BB488F49971E13370FEC14BFCCD5D90FA3D55C,1EE74FB57012F24B04F04E826AECE6D29063371B122630F228671E9C662481D8,A5860915805E69BE56DB777B45A0A819C24D54893A0CD73A0E7243EC674E35D5,,PASS,HASH_VERIFIED_SUPPLEMENT_NOT_STRICT_FINAL
M07,AOD-Net,D06,31,10.74377712120241,0.46535237561564397,0.746244490146637,0.5693912506103516,5B4752F6B9AB26B81E82D0F5050D45216E4224B58A5C1BFBA3B1450087522335,23E6DD267CD37701626769B780C7ACF0B1DB9DE5CF948BCE59A254A49DF093E8,F979C90CD7E00FD2469B98A9F7387D86DA47A3881690D6C76C2D0CDE48D981E0,,PASS,HASH_VERIFIED_SUPPLEMENT_NOT_STRICT_FINAL
M07,AOD-Net,D06,32,15.922061838789883,0.784017860567841,0.4891301989555359,0.4007604122161865,BD6B4F664DBDD67FD65C626D6305C2D749E8BA501BB0B13922AAD0374DE4B68F,EAFCCC0689F0593E9129F67BC528E9505050795EFF27F133FAFA5BA77869174B,0383E700283205C7A1F791C78DD3A2F18E86A8406BA44870E6A6AD6B3A947762,,PASS,HASH_VERIFIED_SUPPLEMENT_NOT_STRICT_FINAL
M07,AOD-Net,D06,33,14.601485918389724,0.4602523710993533,0.6814486980438232,0.4354809522628784,351A2056999C9EE643F737E055CC2507C510C7FCF88B602D2EC7B20D12C71330,A0CAF6E489C3E91AC5CE02B14EF77A8F1CA15FA3CACC14E5ABADBD8F56946518,428FA7E1BB972E75698B69C60533EF36C7AB950E8D0EF55855264EB165C183BE,,PASS,HASH_VERIFIED_SUPPLEMENT_NOT_STRICT_FINAL
M07,AOD-Net,D06,34,11.524552264058261,0.5790444312729236,0.7347782254219055,0.5269261598587036,9684809E3D2CEBB9498D368DB76487755B47C918B8AEDA34592F0760827B62E3,3D36540A6E5742D0E0B3A8406747E3DA1C8FD083C4C487266A1CA8F9B55E1104,B2A5B8D8AED7C3F86007BE7A43F4855DBF67E57362F162EC1597DC9A28E20F66,,PASS,HASH_VERIFIED_SUPPLEMENT_NOT_STRICT_FINAL
M07,AOD-Net,D06,35,11.524424800170141,0.5486611923038178,0.6996414065361023,0.5214157700538635,42B393C16A0124EBCC5221226C70D3898641E63EE485166FECDFE91DB3D9BE93,5385E420F7F42485979C8E65AC957AE6D7245831CCA02585CA39BD658E562F55,BC10B2694EEFA08269DA66DD3869776D9784A4AD6DB96D9E937AFB4AF63BC8E7,,PASS,HASH_VERIFIED_SUPPLEMENT_NOT_STRICT_FINAL
M07,AOD-Net,D06,36,12.676547012410676,0.6349347753590304,0.501558780670166,0.3974255323410034,6F8DE0ABEF45000A285E3CC6C5210B5BFD2FD1CA972A46D6E1F89B20AF7945DF,AA92DE50B482FEFA542AA9AE0E1084CAD9D988260A3BADB4DEFDFC660A9625CA,CDCD2AF55A0551FDDCC60F6AA5878A9A2FDBA2614A2A4DA487C20CE1F76C1F25,,PASS,HASH_VERIFIED_SUPPLEMENT_NOT_STRICT_FINAL
M07,AOD-Net,D06,37,16.202129707274164,0.7246376716129287,0.48261475563049316,0.339618444442749,E71A9F85D51AF0EA561A9C767B8AE577993B9E08CE0863B6E2B7647501248B14,5C2F4FD63FFE544C64B50E0063B95A445A3BDB6D2B83B06BDA91E19EE861F693,11D87F848B45AB0C4C656A8889E177791095827FAC0555804C732397ABE0EA64,,PASS,HASH_VERIFIED_SUPPLEMENT_NOT_STRICT_FINAL
M07,AOD-Net,D06,38,12.668371992123959,0.53543582973758,0.720893383026123,0.49007898569107056,AC0E55355FDDCAFA32F131ABD0136E2E3B1AB61B93C0E3A4A13824B63772C476,1D7EB8668E769DD6516FC6F4BDB8EDB78C53CD4A5F4173B345D8B03BDE46590A,E10374F6745E4F284D6D9A8C31D43EDC58A9E6BF9518B86C284B23907BE147F8,,PASS,HASH_VERIFIED_SUPPLEMENT_NOT_STRICT_FINAL
M07,AOD-Net,D06,39,10.593221201863859,0.5393175594921625,0.6552301049232483,0.5819443464279175,0D7318F2DA6F596C1867D45AC81CC429EE8B07450F624958D647E820DF6DA61A,2C3C12556AC6868897D75E2E94829F1A650F9665C1375A81601A8850A242ABCA,623FF5B3B93F86B1516C28E14E90208A386A2CB1548DD5E7FA9CA852EF236780,,PASS,HASH_VERIFIED_SUPPLEMENT_NOT_STRICT_FINAL
M07,AOD-Net,D06,40,10.553751656555814,0.41855533856474825,0.7624563574790955,0.5052053928375244,9340B5F5CD8234A0CBDC2603AD7BA8F01363A80B950414FC357BDF53643F7A50,EE5106C7E5154B941E5198B85C66284A62C8757C87E2E57DEA76A89E886DEE73,B253B6417967B1CE6562C234F694C1314C8773CA79EEE1A05B3EB2CCB18A3340,,PASS,HASH_VERIFIED_SUPPLEMENT_NOT_STRICT_FINAL
M07,AOD-Net,D06,41,14.327450952185593,0.6303676345460866,0.661932647228241,0.47260481119155884,414B2CDDE8D201E650CA35FB5F5B5049152549BEF8310307D7FDFAAEB87A933E,58CEAC6ACC041584C7E9B0870F6A9168BA86141CD679ADA25F31DB7B62EC7E7F,30C5B38B134738B405B92AF799D50AFEA9B29161F55DF1D547EE65D1CF2D1170,,PASS,HASH_VERIFIED_SUPPLEMENT_NOT_STRICT_FINAL
M07,AOD-Net,D06,42,11.952827942565236,0.466099153649276,0.7952178120613098,0.5771878957748413,756A2778DC7A36C3D2CE980C5704D3FF28DD9A134F2A5FD8EFA8ED98B5289EE7,C2ED2578BC9F78C25FB211535C4A2971A8C3B431F614D0C9F8780B7CB0790D97,229FBD28F30B642867464D0AEF8ABAEBC18852992E194E15F8904F46CD7D6D27,,PASS,HASH_VERIFIED_SUPPLEMENT_NOT_STRICT_FINAL
M07,AOD-Net,D06,43,11.341530063074401,0.44518539528551077,0.8539761304855347,0.6044219732284546,3581C893E71E6CA49BDFCB723B81435EC50078B6E1CF70AF13057AFFCB79FADA,75EE61876685FF3EA4386CEF532CAB226869419C2C5E735A266EC81F73870EE8,F3F949BF7250036DC7A2C9021A120DB982EDDC33073CA0A9AAB5901C68D2218A,,PASS,HASH_VERIFIED_SUPPLEMENT_NOT_STRICT_FINAL
M07,AOD-Net,D06,44,10.978746097350474,0.6878148237279641,0.584812581539154,0.4882471561431885,54849343586BEFADCB455A636AC8A1B4587675EF2ADD444B3A0C88540336967F,4677B2919C21BB427B463704AA14F6E43A31D75CA9F6A386CC93C4BA057976B4,CFD4C21D387DC51C5C13BC3D6B2783B87D7397D7ECA162F691471DE28423C13F,,PASS,HASH_VERIFIED_SUPPLEMENT_NOT_STRICT_FINAL
M07,AOD-Net,D06,45,15.908749457814226,0.6707890106580136,0.5719797611236572,0.45361775159835815,F00E9E30C19105E15A58BB72D8121F667B8A672CAB354083AF93B83E4E6223B2,289DBAAFB99744D36CE926A0E7295347F4CC7EC9046AD3BF6FDAFC350FE13077,7F3AC03A8E12F63615A2EE1B1075575E126B136B350E9C434AB7A12A05B6AE45,,PASS,HASH_VERIFIED_SUPPLEMENT_NOT_STRICT_FINAL
M07,AOD-Net,D06,46,10.15742370294565,0.20236110689906153,0.915106475353241,0.6096081733703613,70C79F4BC69068506F9CE17C15310ECD5F39017A27A72073804342CFC9B0A303,FE99499E05AAA1585150392C3E7CCFC905FC688437457FDFF610DACD025C19DB,BD0993CA68F53A22F0538BDAF286737DF2FF04B9B886ECBF305DA62FEB0810F8,,PASS,HASH_VERIFIED_SUPPLEMENT_NOT_STRICT_FINAL
M07,AOD-Net,D06,47,15.639861100387245,0.5691852416439848,0.5976230502128601,0.4754523038864136,BC315CA9E20F6A05B04FA37FDDAB7AACD6BE60AC81C7FD41BB287BD60DAD088C,1CECE3856BF4DFCF4B9C80666D48D912AAE091B90B181F2171A1BDD84994F7F7,CB5CAE67011851632621ECB6B6556F4B9CB2F77150D70C95643F00D0FA27C6FC,,PASS,HASH_VERIFIED_SUPPLEMENT_NOT_STRICT_FINAL
M07,AOD-Net,D06,48,14.456304986471643,0.3984134940717044,0.8055390119552612,0.5300888419151306,F571B7AB63B6D6D821DF667AEF1E29805528226E8EEB5CFA9303DF48DF39DCB5,92F152AF6E8FB82985768D781E682CE5D784A44972923AA132A1C13AAA01DE88,4DFE9ED89977BBF0DD7C0B69C9F093287F8808FF3720B1D60E7A7D080BEC1B12,,PASS,HASH_VERIFIED_SUPPLEMENT_NOT_STRICT_FINAL
M07,AOD-Net,D06,49,10.789368775412475,0.356065785087002,0.9282717704772949,0.6675794124603271,1115F4A9A191EADBDC45F0F44D4FB0BE368722CFC3A35281BDECC4D38F6C1D7D,3A6934BB503339653653D396FA5108DBB8E1494BEA220B6E6A21718B192AB6C5,011D836D7B658824561FE87BC218A805BA5F5655F90F11A5C6A7D805CD28E4AF,,PASS,HASH_VERIFIED_SUPPLEMENT_NOT_STRICT_FINAL
M07,AOD-Net,D06,50,12.372355021781862,0.5063904603801322,0.760716438293457,0.6211612820625305,1546122878AD4593E7C1539732427F1EA58D883AD866598610358528D1990CAA,3E75FD29C9B51438209E9418AE82107BF256B9F9A3598518679C898FD1392E4E,E043361071ED7690CB641EBC4F3470653FC27477E63DF58FEE33196385EDC414,,PASS,HASH_VERIFIED_SUPPLEMENT_NOT_STRICT_FINAL
M07,AOD-Net,D06,51,13.693068028789773,0.3949724725233122,0.8174393177032471,0.5663530826568604,8B58351977C32009FDA9AE77E7B0A48B78F0760415BA62708DE1F062CAE1A3BC,78F7185C2B2575EC6608A760D9FFF23B2C51B9EB6AED7731D27A0F15EE813305,C6807B00E085616283C9BECE9903C730DFF0CEC62ECCC2CCDBC220301DD8E887,,PASS,HASH_VERIFIED_SUPPLEMENT_NOT_STRICT_FINAL
M07,AOD-Net,D06,52,10.235005478178527,0.23405340078167025,0.9081249833106995,0.6300054788589478,E270DC3AE20CB709A9C369A58051984B64CC625BF58F4B16B6A23A0C68C84F77,E3A41F09926449C7149D31717FB0D952C2646CFEA459A225ECA94F3827E1366A,CC9EE2AB133292EE9A3D89168477BE53C2C6A50D2269F99CD261E88D893109C1,,PASS,HASH_VERIFIED_SUPPLEMENT_NOT_STRICT_FINAL
M07,AOD-Net,D06,53,11.48665296884906,0.4313024221947231,0.7253352999687195,0.48723894357681274,32D8328FAE01F5B48EC165032C30E7DEA8108B963CC050F39241C2AD0A461CD1,7240309CAFC4252BDF6C2A6939836185D61DCC6D4BC30AE43149D28298D1A85D,CE1452113259647164FE02C1B3625FB04F4E22DEEC27606BF2ADF65808F0EBBC,,PASS,HASH_VERIFIED_SUPPLEMENT_NOT_STRICT_FINAL
M07,AOD-Net,D06,54,8.25584052405939,0.5325353822555146,0.6323542594909668,0.5475450754165649,2789C6F938DAD041AD72E0FE3AB1265D3B0A38C6927952A3F1D4C5EF1EA35993,ED019DFB21462F398F1438F86C9B485CC35EA554AA1E136B62BF915309FDC04D,9675A72D529C6056B8E1B5661DBF915094C996D26DE9101870BB2F3DF65730D1,,PASS,HASH_VERIFIED_SUPPLEMENT_NOT_STRICT_FINAL
M07,AOD-Net,D06,55,10.806018675057054,0.6425592774307662,0.6456834673881531,0.5310251712799072,EAE3612C4E4F36D7F813D764CFA6F8F6BAC2A0C07C4F63664511A3906D9B3F15,DAA30DD018EBF3DD71AA19291AA9A98761FECE772CF96491C05C756E6664AF2D,03B5A583CB2971E9BD3039FE01F4B1A0DFC173280127D055BD59F44BBE88426B,,PASS,HASH_VERIFIED_SUPPLEMENT_NOT_STRICT_FINAL
M07,AOD-Net,D07,1,14.729430722066567,0.48466313938784406,0.5601814985275269,0.2648181915283203,2F4AC211C76670F483FB4C23D99B792EFC535D60D2F88FCE905E47474AA29927,70DDEA3297F6FCB7E7E5E3142C38719BE0AD8F87AB385A057012AACB5113C68F,466EAB8866743E2F4548069A0234E449F88680ABEA95FFA7FEB82DC03D277334,,PASS,HASH_VERIFIED_SUPPLEMENT_NOT_STRICT_FINAL
M07,AOD-Net,D07,2,14.523719501311923,0.4323946947916822,0.4252849221229553,0.19012713432312012,DBF9E753F94175E37390DB89FCFF1E0ABE7FAC13C9474DCEE19B03613683021E,CC029A27986DD6463BCD49386723FFE36FE308C9EE5C6463698E4F3F01480998,3F4EDB70295B5E1BC0FF6BAC4821CC29EFF108BF89F84CD3B4AD13BD061AD284,,PASS,HASH_VERIFIED_SUPPLEMENT_NOT_STRICT_FINAL
M07,AOD-Net,D07,3,11.1707274772331,0.4571860950868174,0.56591796875,0.34209680557250977,29E32163B37122631BA38311ECF7959DCBBB846FC5709EC1B6D62D17542929F2,76AD76C262F7364714F6B29D836B59238B650B1E5B1E0BD486156CEAB03DC154,C2A3805865A93E5462AA9A34CF6052F80E68D21CA56441A34D7CFF059F4D1928,,PASS,HASH_VERIFIED_SUPPLEMENT_NOT_STRICT_FINAL
M07,AOD-Net,D07,4,10.778204738039507,0.4921308183566719,0.5321173071861267,0.2993376851081848,808D29FF6D04386D2358AF34F8AADACE4F1FFFE9D54D0626F5DAB18D5EDDCCE5,9387284B38B410CD4C0F89F74527FB1DAEBB683FE6ABC6C62BB59191CE5FD145,27846E40881DA6A4306DBB17F978E2CADDBFA6E7AF757356DBDB21ABA07D7CFB,,PASS,HASH_VERIFIED_SUPPLEMENT_NOT_STRICT_FINAL
M07,AOD-Net,D07,5,12.361858514417124,0.3873117970462047,0.6211801171302795,0.2911835312843323,7695569A21B066AF399419312F4A06DFEB7EB38A07804B5E41A9FBE4240F3556,4412819E0C0E25B295B131ADC01167CA0D21F1931210DC431914AC0D6A353334,1B2F0BB621CCBA82E202512BC15EC16156730E64DAE9A83904DAD22806AEA79B,,PASS,HASH_VERIFIED_SUPPLEMENT_NOT_STRICT_FINAL
M07,AOD-Net,D07,6,9.77031831385396,0.3654639874650336,0.5359326601028442,0.2969411015510559,8228520490DA79602D9D4BB21E8BA2334B661A2C119BB4FE6E7C1A903B5BDC80,036D40BD93BD9677A93B0E0A7512980CCC633142FA9768706C5535D2774C9340,BDAA0C7CB064FA5E0D45665E6AB2CC1399AF64C9CF46E8DAA5CDA2121690F4F9,,PASS,HASH_VERIFIED_SUPPLEMENT_NOT_STRICT_FINAL
M07,AOD-Net,D07,7,10.027937556339621,0.3712218009091899,0.6314487457275391,0.36187994480133057,2D97788E461D52BBAB88A44475C4A5E1875D739E8F4654048F7CD03C5C088431,282F2AFF116AF5DF945814499F5817895B9999F66B8E2AE1CFAF2EBADA3C19EE,2660D23C585B77518788CA835F6E8038DEAA8E38DBF482D444253F86E21FA6B4,,PASS,HASH_VERIFIED_SUPPLEMENT_NOT_STRICT_FINAL
M07,AOD-Net,D07,8,10.599329130090045,0.49333192188326286,0.29890522360801697,0.20804178714752197,C77D35C100AA7B6515B397B780BCE1C4BF88A6CB2B13F6EFFEDCA2025C864A12,E6445594B2275DF4CDE50999ACCA8E938F3C1D1C18621F09933EE7CCE15C6113,EA4FC44DF2EA659B05F052674F8CF9B1DCE776C5B8FC072CC0CAFBBFE1212915,,PASS,HASH_VERIFIED_SUPPLEMENT_NOT_STRICT_FINAL
M07,AOD-Net,D07,9,9.711367276308486,0.4300229500297261,0.5750381946563721,0.3533273935317993,AFE1125E5AE8C757F8F9F75624A7AD28CA5727748FFFC89F88C3A119D38073E4,FDB65CE15ABC481D61FCF6728B1482FE58576403FD03AB5AEF5099079C3AB3C6,F9C71C7D0EEAC00B683E1B4BA35AC4A920238DC6DD3625DBCB90FB3BE1DCE0D4,,PASS,HASH_VERIFIED_SUPPLEMENT_NOT_STRICT_FINAL
M07,AOD-Net,D07,10,12.744955457709281,0.4858076573087437,0.4373343586921692,0.23203879594802856,08E9E0A333FDF0CD6AD1651F612CEADFFB47DBC621289AAD7912C0D275D835CA,2AC9F28AFB08A5F2EB1BAB222544E28C62FF0331216508B7B2B361D03C409C77,55F75085EFA18ABB47B61656CC855E8E55257998917997B6FACA1AD9523813C8,,PASS,HASH_VERIFIED_SUPPLEMENT_NOT_STRICT_FINAL
M07,AOD-Net,D07,11,13.117482384668893,0.4193656122066261,0.6444291472434998,0.3633754253387451,CD879322E71DC73881BA394DA129D051C80BC96FB38F62C716C52DA5DD9843CC,DF0AD43890D1D228B6FAEF5336D6128A715E2A350525F7260E6D4C5A900F7DE0,821C6BE8586A8CD26DFEC949705E28CDC998F260444B35AB897A345705FD5C87,,PASS,HASH_VERIFIED_SUPPLEMENT_NOT_STRICT_FINAL
M07,AOD-Net,D07,12,13.089841934686676,0.4274083825153312,0.5527979135513306,0.29593443870544434,DF826917978479CB544754875EFB5312388DFFBDEE9AC4AAF4FD19C6BC175BEB,2B9894D7AEC2FFFC8804E4E790E71D455831FA23423831D87875ECF37FB6987B,2A19356E78299107D385360E449588095C0515ACB9BD2A28BE05B07570E5E033,,PASS,HASH_VERIFIED_SUPPLEMENT_NOT_STRICT_FINAL
M07,AOD-Net,D07,13,11.665968829247888,0.46937997758322164,0.45256680250167847,0.2966655492782593,C5DF23FE4916054042285B1A900B08F4E6933F06962AA6E774B546B1F79A4F1F,3AB5EFEF688E8DF19B1C8A2DC1BD23316ED2EE75EEFEB5B0375166AEDBBD415A,B93B12A8BB0BFA1B6A018397E37E044FAB0F070C21A722BC96D9DEC0E6F8DB8C,,PASS,HASH_VERIFIED_SUPPLEMENT_NOT_STRICT_FINAL
M07,AOD-Net,D07,14,10.809375074943262,0.45007710434822706,0.5004705190658569,0.24089497327804565,E0BEE00FC3DBD4BB8A2E943525DA05D00D8DD20489AA818171BD3A73BC19143C,A2D892354F97C06A62BDDAC58EC75C94986103486D6CE395707672298D9F573D,1EFFCAC009F54B53DDB2398C52B526515084C98EC6B3158447801A21C9A8C88B,,PASS,HASH_VERIFIED_SUPPLEMENT_NOT_STRICT_FINAL
M07,AOD-Net,D07,15,14.98337152919277,0.6203248972258826,0.32786327600479126,0.15528273582458496,47DC42CC419222ABCC877682642262D615A25954AEE89468F0375D2BE1B25A68,B87B8A8BB2F5B0B370F4D55436305ED02919618BF1FA77369662EA28710AFC2E,20A2310E804AA459CBFD74CACAC6BE8DDB5E020E273024BDE218FBFD37E36938,,PASS,HASH_VERIFIED_SUPPLEMENT_NOT_STRICT_FINAL
M07,AOD-Net,D07,16,12.433016623089399,0.6115008244916372,0.3248288929462433,0.1343601942062378,C6E8CF1214F28475A4DD452F21FF6D0873BB8FEB329AC4F16EFE18497621949E,609B9113CEDC5E3E08ADC4E4510F0260024DEE7547DE4589E9F455469281BD05,F5A3BF00B13F21EEC9352DBD557F5487C77BCF7F713A42BCFBF99560D3EDE550,,PASS,HASH_VERIFIED_SUPPLEMENT_NOT_STRICT_FINAL
M07,AOD-Net,D07,17,13.510509398850179,0.5342493565935259,0.5085058212280273,0.31607258319854736,6065AB75F4C64FA2B7819F1BB665539086625B585B5121B19A66200F8FBDC963,5950E9BE89EF46EBD6321CA3979B7EFB1908B99D763926192B0F96AACF1066F3,580266059415859A8BC28D35B403DD0C17E5F2D5B81316A57ADC2DF534EC8E65,,PASS,HASH_VERIFIED_SUPPLEMENT_NOT_STRICT_FINAL
M07,AOD-Net,D07,18,12.97689406822502,0.5090659915805921,0.44988349080085754,0.23946893215179443,3D22552FC2EB9BE5EA517190DB592B213CA093943A559A7BA520C55CF3FF618A,B24E1E07B2985C4406F26FD22F730432A6F062584C6A83B4C81D6593439C7074,7E3097C80A8F720170127E236E83406898BE1784BAAC3120EC7990F9759E15E6,,PASS,HASH_VERIFIED_SUPPLEMENT_NOT_STRICT_FINAL
M07,AOD-Net,D07,19,12.591380359518025,0.3706449821929088,0.6401364207267761,0.3036887049674988,7AD7060FAA048C6B435C3F96D294C762BECF6F08D30F9FDD41DA3E1CDA189C7D,4EB4973F803989966ED94BA8909BD94592B9892E6646B6162FE44099AA5AE7F4,281795B2617EC07737641D63360C8FF132CF665B507C1422E41FDA592206DD66,,PASS,HASH_VERIFIED_SUPPLEMENT_NOT_STRICT_FINAL
M07,AOD-Net,D07,20,12.151439780603006,0.36783415139819775,0.7065702676773071,0.3633352518081665,836386F0CC7777CA7086DAF7E26FC3EAEF4BDB082CCEA9D0286DC323A35015EE,63DA7322D9B38BBE8BB48667D06081E3C3934893315DB595912BE563FE5B4A94,E5C2C59A89A02D4B2BFCBBF00188E8ED300D44334775B89B4E3C235DA628CD4A,,PASS,HASH_VERIFIED_SUPPLEMENT_NOT_STRICT_FINAL
M07,AOD-Net,D07,21,11.429788608096745,0.4690283223481438,0.5131879448890686,0.25560319423675537,36B844AE012712DBC47DAACDA04A81883BE7D259F7D12A2893940AE0A9E685FB,8F6BC70A448EE17D017112E6BD6E1C91713D123406F6FBC3051B91A515D26235,0120A0DAEDF709B3107E42C04C1AA92FD7D8E0A6E719BD4BBDE7E7E9116B6125,,PASS,HASH_VERIFIED_SUPPLEMENT_NOT_STRICT_FINAL
M07,AOD-Net,D07,22,12.120678156217743,0.32866073730430906,0.7083868980407715,0.38791775703430176,16D49FAD720777E427295C31DB5C5E4B8B0803FBDC16489839235468F4F046C7,353441646EC6FA48421EA2C5E9E05C357445B166BBD98A389597D4C9CC35D2E4,652D1F3A124E675C352651ACF177897D8A95DB19CFE9F377B214778641D8AD4F,,PASS,HASH_VERIFIED_SUPPLEMENT_NOT_STRICT_FINAL
M07,AOD-Net,D07,23,12.174677022395095,0.5552971655362515,0.3693263530731201,0.18353432416915894,28798CCFE92DAFFFC5ABA451C556C51D1136DCDF9D121FF3398B59F0537C9489,D7C4A37B02CA65482B3B118B5C7947C172E065243600C69CEFB0174305B5CCC0,1769702FD1A26EA7FC9D73F9FB160EB2D31045E536DA5174A47E3C57E9D815DA,,PASS,HASH_VERIFIED_SUPPLEMENT_NOT_STRICT_FINAL
M07,AOD-Net,D07,24,13.231682021668698,0.5478454779405028,0.4241305887699127,0.19252681732177734,4D9BA936BF2641A98737F01492B7A28497A815FC184FA76435659A955AE42F69,50546ECAB5ACFBD886119A284E96ECBBC93F6E73B3975C556622E320233B1F5D,4F527485E770FF2F8067F311BDF05A19147020C2058DE1E4EAD2E24274F7B058,,PASS,HASH_VERIFIED_SUPPLEMENT_NOT_STRICT_FINAL
M07,AOD-Net,D07,25,14.91293650651895,0.6176946617050233,0.496902197599411,0.28556448221206665,0A2F75698628581F29066D462AF1D989A6FD1A59717E196ECCFA4A44FB4D56F8,9301726D8A40EE4C50B58846E24E12A0A35A877A8F17A236A5B0DD3DD71BCEA9,E3D6C1C5F5BC5919BCD1A45D06381B0EE07835843FA22C24797699A6306FF9ED,,PASS,HASH_VERIFIED_SUPPLEMENT_NOT_STRICT_FINAL
M07,AOD-Net,D07,26,11.351431255602156,0.35004489633024344,0.6889547109603882,0.35665208101272583,276BEB466013030724769518F4FD0A6E15D815926F48583878C8076757F2C583,38206ED528109618D498071A4A50D26D80E2B00F7BD8243E56ACCC12D964216F,1C4203335D72BD3BF6A54C5FA1D898920E13ECC1DC50248FB5DAD722D01F6D71,,PASS,HASH_VERIFIED_SUPPLEMENT_NOT_STRICT_FINAL
M07,AOD-Net,D07,27,11.511593643507448,0.326995889609167,0.6163899898529053,0.35658884048461914,518E1B7213E350E8E195C5096C1CAED00808607DAAC253615B72BA443EDE4FBE,1D6A7ABDD4679CF924EA3E980ED410ED01C9F78C965FDC51668117B8A457A63F,8961C4DAD0E1960BEAEA8DF4BD8D3F431A645BC4183EA6EF3A9476122CBAC814,,PASS,HASH_VERIFIED_SUPPLEMENT_NOT_STRICT_FINAL
M07,AOD-Net,D07,28,8.714084199593795,0.30594575311763483,0.644540548324585,0.3704127073287964,9DF77BBF1FFFE2759CA8C270FBF4F0D5174E5E36A5E14414D2C854874B26D0F6,4B81F25AACBDC6F63448BCDAAF39F393EFB34F16CBCEFEB2870F8D027718F852,EE47F0C3F2C24B64127CA29D82059BEB5B2467756D80D6CA541808D3EC61CA69,,PASS,HASH_VERIFIED_SUPPLEMENT_NOT_STRICT_FINAL
M07,AOD-Net,D07,29,11.06254945769489,0.28657941984610064,0.6013389229774475,0.3995102643966675,203AFE68E56155636E21647CC997FC236BD0BF6C44A8F12BD325DA6B7E89A673,74AAADE504E46014B29AD28EB27BB5ED8D46D83BD7B9C229B3F6E3BC1EAA8176,7BC178A2937CCB3FE1795DC859D95A2830B9FCADE3C43709F6CE47794223D9E9,,PASS,HASH_VERIFIED_SUPPLEMENT_NOT_STRICT_FINAL
M07,AOD-Net,D07,30,9.32020745016642,0.3569021070700485,0.601117730140686,0.3850531578063965,60580134EF6404C81DE70DEEDC69F09D5D57DF48E553EE30408122F9DFC3D8A2,EEA6210CEE42147E41CEF0485060596DEC20D7815E1EBAF22526B00DE0D56BE2,D2E071905813D6C3EFDEFB561D8ACCEA8E7AE54463317D86F71A03230B74DAF1,,PASS,HASH_VERIFIED_SUPPLEMENT_NOT_STRICT_FINAL
M07,AOD-Net,D07,31,9.719870149821181,0.21746534125034758,0.5937420129776001,0.34598439931869507,69E44A874A0857D29438461534818DBA226DDF909FC3D1F08E913F7C2AB1D7E2,2E390F7E2161DC0142F4E4213A34E33DB5B189F38E6E155978F492C110905C18,29A273ECCFF885ED5213337081AA47A6B85E77A6F0FB5060BC2B1AF9DC020694,,PASS,HASH_VERIFIED_SUPPLEMENT_NOT_STRICT_FINAL
M07,AOD-Net,D07,32,13.671008173481006,0.5567599809210081,0.4747891128063202,0.29409515857696533,785A8522D94594A5C3C96DD313D91152E4F302AB89D79B4F60E50D19F3C0A5DC,BF820C55B092C9B475A93B12097314C4EF7739C8ADAA423687FFA29FD1892CA7,5C5BAF9D6E5FEB47C1150FB714849CB590A46894136B7A53265422F25A45A7A7,,PASS,HASH_VERIFIED_SUPPLEMENT_NOT_STRICT_FINAL
M07,AOD-Net,D07,33,13.499542289697033,0.2772993955060355,0.6941835880279541,0.4411364793777466,28FD01B20F1A8356E628EB9D28DCD947EED1D2B306E297103AEBCC5F88CD91BF,2F9270F190B25D17B714CC31996610236CA1BAF3FEE80DADE6F0877DDD1A48AF,8C92E966D8C5FCED51DE9C18D075DDE9414743648198C544A31DC89D9C8C1A29,,PASS,HASH_VERIFIED_SUPPLEMENT_NOT_STRICT_FINAL
M07,AOD-Net,D07,34,14.583885918965214,0.40518334694484404,0.5325155258178711,0.35226356983184814,FCF8ED69DE46A6E886F1600F8948140D776B73085E4866C75616774146580865,E22F3265C8232C5DBD4148A02EC2B2CB3BC481448EFA777318694E10C5E89213,65295CB00B5592768F719AC4347AF542F4E5568CCACFEA18AF0135E65489B012,,PASS,HASH_VERIFIED_SUPPLEMENT_NOT_STRICT_FINAL
M07,AOD-Net,D07,35,13.809201851891643,0.44835474764099864,0.47400963306427,0.2866101861000061,495F36A7350B3E1C12238E1869EE47D0183311EB5AA9863617FD08611A8B71D8,3041F0511BA5CB03C5A1DA424D7C196C2BEC7FDFB73911F5A484D14441217A30,18A8038920D1EBCCD039175731E6040FDEDF043A15DB0E4AE363A042FF89AA78,,PASS,HASH_VERIFIED_SUPPLEMENT_NOT_STRICT_FINAL
M07,AOD-Net,D07,36,13.101413647363731,0.458611582243496,0.5273016095161438,0.33596211671829224,DDC8377A47258EFBDE852FCD939462785827A0167C60CBCF2D5E1388EE93AFF7,DDDB9A267B83683FF4C57BBB891C541CCBD03F36D283CD226BB110934B40EF2E,51F7DBF1BB0C487CF7FDC4584275597C985044A51B09C6741A8F4D827BB7FC56,,PASS,HASH_VERIFIED_SUPPLEMENT_NOT_STRICT_FINAL
M07,AOD-Net,D07,37,11.833536377722398,0.5052310860857657,0.4137965738773346,0.3178911805152893,BD1340B4AFD561C8663A29EB5A58FD79AA0401E00745CD7C67677FE7CB2ED66D,08DDAA7E314A757BF36ACBBF5E362E590F975073794A60B073EA712A7E195824,D71AA8B881542917FB6C85CC2FF5089127F137A2F12EDC7F3E39506EF8B8EDF7,,PASS,HASH_VERIFIED_SUPPLEMENT_NOT_STRICT_FINAL
M07,AOD-Net,D07,38,13.959165320808856,0.5303520985720364,0.4703676402568817,0.3127323389053345,55D7DFB7916278DABEA6FF7342C68C6B5CFB49EED2550379B234B2B1E91BC55A,DF5C03B04D078FF0117E4BC6C80A3639B3893FDEFE5D44EB057F9828194ED071,269F8DE505184FE25532190A1E203F8BD7F4D6114C832417EA9A99FC3652CAB6,,PASS,HASH_VERIFIED_SUPPLEMENT_NOT_STRICT_FINAL
M07,AOD-Net,D07,39,11.386246697287586,0.3172310385567396,0.6951998472213745,0.38135069608688354,AC903D81C1866E88888171F76B15B4294FBAB89460F9BC823BE67B83F48A304B,AAF4009568AC96ADD356C940833D0DB1CD92D68E5E22F7171C998D044025CA67,35FADCE01EC1043B6CFA552060C5C2726D3E87D4848CA49BAB644F169DDCA084,,PASS,HASH_VERIFIED_SUPPLEMENT_NOT_STRICT_FINAL
M07,AOD-Net,D07,40,12.114237956789502,0.569091686098904,0.44336462020874023,0.28623372316360474,7C2CDA7D34C8ECA64BF9BD048926A1AA3BC891D2B5121322D8676DFEF983AA4E,F84040D4A7208B1382EEDF84A3519460B560BA376A49929E4C17843A13AA03E7,7F04E8BA094A4F909E61AF0F84F393976448A82874040E5D3055BAD843D7B64D,,PASS,HASH_VERIFIED_SUPPLEMENT_NOT_STRICT_FINAL
M07,AOD-Net,D07,41,11.42790475894488,0.46054412329163147,0.5693982839584351,0.28889840841293335,276CD8550FB2A5D93B8FC9B3AA70F03F4F2DB0994E5AE3956F102D113F0C0653,1B746A2E1FEA7EF34A182FC03C48FF5598197754AF767165E364E8E7E736F1F3,965F69CB5D643FF0FBA15E5682D5129416ED794F56C7D49D59DB60F86E32040A,,PASS,HASH_VERIFIED_SUPPLEMENT_NOT_STRICT_FINAL
M07,AOD-Net,D07,42,13.196546669669436,0.48977096611020904,0.4975700378417969,0.2860901355743408,96D0D46DB26CE8069CC040C544B03466B78BDE82990EEF47BCE5268DC85786D8,1FA6871B81CE5A13EF3C9CB4AD41578E1DED901976EE7FD81B193E6B159E6E34,272BB3F6D9494E95F831E80C37F3BB94AB3A5831B5C60B63183EF87F68BCD3C1,,PASS,HASH_VERIFIED_SUPPLEMENT_NOT_STRICT_FINAL
M07,AOD-Net,D07,43,10.349377279971124,0.4227972527207906,0.4749731123447418,0.2936325669288635,92E86C4F14A09D2FF33D03600292979095602F12C890019FC284131E29ABA6AD,760B8C97FDC44758E1D0D966D9C9C2BC6080AE2B37F6A240413AE929F96DF260,2A6C56BA584B2DFCC220B974F799664F1CE0E255E643E1A32E37EA98BD72230D,,PASS,HASH_VERIFIED_SUPPLEMENT_NOT_STRICT_FINAL
M07,AOD-Net,D07,44,9.68772152369355,0.4563586159583551,0.5476436614990234,0.3357653021812439,6FAB41B0239CB4EECFAE696EF12C66667CFB23E69797CA5D5001301179ACF265,EE03F159BFF1E0B5CF0FA9792C26DA85D951A46BE2996DD4EE5E38CCDBD11063,C71F87BABFC54E3DF3CD9D7ABAD86432315672CFC508738C8E1002737EBCCA0D,,PASS,HASH_VERIFIED_SUPPLEMENT_NOT_STRICT_FINAL
M07,AOD-Net,D07,45,13.504814746569743,0.514445722194957,0.4779314398765564,0.3029327988624573,25E657687F02DEFF18C74AF29EE167F04C7F360C8F6AE40CD005E2F6B93B22F8,40B2C27DAA91346E8DAE0634F58B1908F4C9947BC5A4AC1B292060021AD63F48,A52B914634FC31E45DC21BE017FF5B1BF4193206D1680FE5267CC7EB6D29F10A,,PASS,HASH_VERIFIED_SUPPLEMENT_NOT_STRICT_FINAL
M07,AOD-Net,D07,46,10.012811742220082,0.43185051893014426,0.6368765234947205,0.3878026008605957,BF25D291BC088BDBB4589980E3A456B95580947393BBC4361B86B2A856275469,DAFDD0CCA03EDC3FDDECC00BE107C7BEF6CF7324B8CBFEE47BDB1A1C62BDA2B9,90601DA8C793FF4917D8A544B09309DC17013991890CA19237384B8180C1015E,,PASS,HASH_VERIFIED_SUPPLEMENT_NOT_STRICT_FINAL
M07,AOD-Net,D07,47,8.965839417326167,0.39504770802768713,0.6234597563743591,0.35161536931991577,DF0FA40FD6104B249E475516FB131D1EEB075B4686516E27E2913C05B3A85EE6,D8A0D21C5F0F0D012F2131175A37811616DD6D606A28A25093213DB79404A585,0323EADEFDDB57E4D5963439BA5B9CEA9A5B2579852BBF467C611EBE4E7D52AC,,PASS,HASH_VERIFIED_SUPPLEMENT_NOT_STRICT_FINAL
M07,AOD-Net,D07,48,11.315278711487743,0.26504486956487444,0.6834784746170044,0.38141149282455444,3B301E07DE8F14832F593EBE8491B039EE7C9D289CF991F9788A0DB7B20095E8,6B74FC289D89DE2B69A6ECCB274AEBB570FBCF4802BDEAAAE711C8AA74F1214D,BF47A6FDEB5321AD970AC99246B62B715A6ABAE84A6E917A05CDF6668E633C45,,PASS,HASH_VERIFIED_SUPPLEMENT_NOT_STRICT_FINAL
M07,AOD-Net,D07,49,13.981705951885843,0.5080273987146559,0.4942798316478729,0.2527903914451599,C42F9377AA6CA30FC45067B98D33ABD11EAC3FB614BEABE92473F4DC6E6D81C1,75E7F67309BD2A83D503756C0BACAD4F3DDC7D5C571644F16F8A310E3E05D152,5AC72976AC2933B1ECDDEB9F475E8BFC2005D22A8474168220A7E60140684F88,,PASS,HASH_VERIFIED_SUPPLEMENT_NOT_STRICT_FINAL
M07,AOD-Net,D07,50,11.818565758218538,0.3097755506563797,0.5804281234741211,0.31767040491104126,6EE7CFAB524B06C8FB85816E4904C25426693FD1DAE0624D52EE106FFE336D84,078C6B1C923459F568D242F12819DC727F4C83744D353DD439CF3D217F790E2B,A0FB8C9429C046E310ACAFD6CA7FC7731322F0B1E4144B58985D88FA8760FEA9,,PASS,HASH_VERIFIED_SUPPLEMENT_NOT_STRICT_FINAL
M07,AOD-Net,D07,51,15.299054584332367,0.46475710725992664,0.6168704032897949,0.4075920581817627,DC66B010FA0B129995CD5BC405EB0DBEB4F0AB69EA9DE677527C274EFF456074,F1272787458CB07FEE6D5FBF60372A17135EFFE21624E0F5399AF5417DD7F33F,DE71A55D4657502DCAF26EE2F2D80FF6F90552163E6618E87E01B917BD52B054,,PASS,HASH_VERIFIED_SUPPLEMENT_NOT_STRICT_FINAL
M07,AOD-Net,D07,52,12.642569686400659,0.39335296583480184,0.5898816585540771,0.27202510833740234,0B357FE8678B05CF3108C1B9C3F17369BE95E1296EA6D0BBBC2CF32511D6D1F1,E0293C9563B13300E5CCFBC3AA9B1A08C37F790AFAD174C032E7931B6047AE41,7B65F26601D03AAD91580A4F21351EF0D11066EA121CC10C5BE9AE13A6957A05,,PASS,HASH_VERIFIED_SUPPLEMENT_NOT_STRICT_FINAL
M07,AOD-Net,D07,53,11.965321046459852,0.4702806236285914,0.5572448372840881,0.28214967250823975,B45310A5C6D3B5B8A41FF1C91FF949016FC4A30599E76F5F3B691FE25928EEAB,6E0248CBF1F21BAB1A1DC4A8C461B8F4E8A46801364735D08B51A61B6CD24F7F,CD3D4C2392BBC40305AF2862DC751441D75F4730FF4D9B2612226DECCB3DE136,,PASS,HASH_VERIFIED_SUPPLEMENT_NOT_STRICT_FINAL
M07,AOD-Net,D07,54,12.395576677051078,0.34119931769667516,0.5666013956069946,0.2793235182762146,CA3DE5F9ECAE90CD1F2279FBA3522E283E1C16F8B85FEFA8C041705203C33AB6,834DAEF81393AFC39AC73411D5F59542911D7F9DC23B19C999E3A4F2EC8BF28B,42ADD525813775FC3A17AF9A32D0A7FC759630768BBF0DFECDA2F91D1BFF2346,,PASS,HASH_VERIFIED_SUPPLEMENT_NOT_STRICT_FINAL
M07,AOD-Net,D07,55,11.440220176086783,0.3290118396010215,0.5454415082931519,0.28851497173309326,0ACA5791D2F797CDAE61691DC15A70A4070BE4303E25B976F1CA530779D0ACFC,5AB38AD0A643FEC9C67CB841646B0CEE2EBC0946A50C80F5EF9C721297BCD023,9B2950D9E2A606B4897810A528B281D54294FFE965B6EC33DDD25B604178D3B9,,PASS,HASH_VERIFIED_SUPPLEMENT_NOT_STRICT_FINAL
M10,GridDehazeNet,D04,1,17.308331031921462,0.8524541615893232,0.18353591859340668,0.11292648315429688,3C0D534654C7A4365A783B3C11FF6659728B8A26A0F7E3F47ECAC37018CEF9A5,2EDBB4125D4247BEE1342B2C65FA0B5D03FAB855BD24B00CFAA7A3A74F1076C7,88880FC3A31AC1B75A4CEFC0D083B6CB689445B89BD8DB360D87BABFCC23E44B,,PASS,HASH_VERIFIED_SUPPLEMENT_NOT_STRICT_FINAL
M10,GridDehazeNet,D04,2,16.68998267138102,0.8430593107665812,0.21694092452526093,0.11073613166809082,83ACE0385ABAAEB78FF8646BA8C0431B42C1F1E9824382A8B29E86CED190C10C,B051CF55CA912DB2DEFDD68017A476C8F9DAF25E3981B2E4F855DAF6025DE403,FB9164A9F2BB047B54CB37B0753AA9B8C7499BE54161EDD7BB96F5E7B5CA2E6F,,PASS,HASH_VERIFIED_SUPPLEMENT_NOT_STRICT_FINAL
M10,GridDehazeNet,D04,3,14.143049519671411,0.6175459152431367,0.32016414403915405,0.267644464969635,7EF116779779E7182354FA2428EDEFDFDBEF1CF7E767FFDB4ABCEBE5A26048EE,B6F7D05A209EDD9D0793F97EA607B9C6EE002C6C4B280B615F08C7D1CBB8E367,A6E7D5954813831D1937D83A948CEED8AF41FA6461DDEAD583AEC75B9435F78F,,PASS,HASH_VERIFIED_SUPPLEMENT_NOT_STRICT_FINAL
M10,GridDehazeNet,D04,4,13.399461193457824,0.6811291780984914,0.3596590459346771,0.27136075496673584,CC7A0ACD6AB58D7E211B155F5F31948B25CBFD1164F9AB19AEF5B3696A134446,D504F0C3AF6CD202E5FE35A7345B0CDC80502BE8E14214D8BE98644E3088B385,75A1758461DAC2CBB8AE1A41B9756B06B7E138A8DFD22D9043FE85A8A706B2FD,,PASS,HASH_VERIFIED_SUPPLEMENT_NOT_STRICT_FINAL
M10,GridDehazeNet,D04,5,12.929514039494915,0.6214891011013692,0.24641074240207672,0.13190841674804688,69D75429BD63BDEAD8FC8391B02E51F23668508335060122D005C8A3911B0A81,69A65B307D4138E1B5F96FD220D9F1B31590AC6D5E290C8795988D4BC715EF97,980273DE8A248BF76A63A89D62AFF6F6C87B10D0D63E9A50A2AAFCE75A0EBAC7,,PASS,HASH_VERIFIED_SUPPLEMENT_NOT_STRICT_FINAL
M10,GridDehazeNet,D04,6,12.52200893819682,0.5664628387419963,0.4099345803260803,0.23044204711914062,369A9A7C7774DDC377084A7574F799872C847F35343EFAEBBB03BE17D2290BF7,7E091171C393BB46508BB725BFD30B1BF6FCD51A1A8FA591CE3DAD1233794C61,8074788B4F929B9FDF86E563B698F8E46FB02B3D039B2B67B00D5C9EC0A333A8,,PASS,HASH_VERIFIED_SUPPLEMENT_NOT_STRICT_FINAL
M10,GridDehazeNet,D04,7,16.666975421573476,0.7885010424398553,0.314069002866745,0.21627581119537354,21185097E3161D618C0AB213C8755B6502C750A759B5ECB3EFB9F51CF9E978B4,F8C284D1AF8EEADD80B4940577AA7B3A3AD9BB3E189B5B6BBF293E9595204C30,F8E1492E115D043EAE0B2755349595FF88EB3BFF43D23CBCED595352B4D15508,,PASS,HASH_VERIFIED_SUPPLEMENT_NOT_STRICT_FINAL
M10,GridDehazeNet,D04,8,16.267031415305954,0.8166574202738838,0.24366134405136108,0.14590448141098022,05A6B22C5C127DE881D22D83B43BD43F91A574C38BADE064ACEA9DB34EB44E99,B5E686FC6B20002BF82549EEC3FFF547E8AC27923DED754F062856C325333A8E,49742BE010E968B6F88C0615D0FEF4D2B7C914F992D3B3DB0C21527A0870351B,,PASS,HASH_VERIFIED_SUPPLEMENT_NOT_STRICT_FINAL
M10,GridDehazeNet,D04,9,17.340241605344808,0.8146709523279214,0.20577283203601837,0.09752237796783447,718DE8A6C7D21A51C15C11097E571B3E4F0930279C690822FE98D0D95993A651,C4B2609121116B2C8C654C5E5E80D25BD588EC9CBFCD04B9013B57B8145EBFAB,FF1FAA15CDCD58159AD49ABC9D4CD4364C7FCE74E48E5A93A1B4C789808A8A20,,PASS,HASH_VERIFIED_SUPPLEMENT_NOT_STRICT_FINAL
M10,GridDehazeNet,D04,10,14.316404022483336,0.776421128436334,0.21734818816184998,0.14542359113693237,34D9A2C5323D2FC655B846B6EF110D8A823A4F60CB617990ADE76D9DFBA418D8,5CA247E0447645686F13A31E3FE129CCE1E3A4BD8CDF731993132DC2594D58D7,43A3A410E3281A9DF5509582E0A5D530942C624C09BCDE30A818F054A233B84A,,PASS,HASH_VERIFIED_SUPPLEMENT_NOT_STRICT_FINAL
M10,GridDehazeNet,D04,11,16.521326360840995,0.7414137878958625,0.23023591935634613,0.13194197416305542,5F54EB6EF0E843EB589BD7597C5990F010AFD78D6F850B0C831A380AD4897B5E,B7569C5C5A38F7B57AEE79603DCBE4C5FEF3AAABBDE31B67D12DA65C66963B9D,AFAA5F0B7D25A4233B7F344CDFBB2C47A28EB47D6169D3D17373C0A769912473,,PASS,HASH_VERIFIED_SUPPLEMENT_NOT_STRICT_FINAL
M10,GridDehazeNet,D04,12,15.417478607715669,0.7811689265546993,0.2537378668785095,0.16185641288757324,6CF81158987FED6BB4BFDC4DBECEDE31245E6A33DD1D67BE95824F24578B5D7F,3BFF920AF4640D93B95BC805614BD7BD38924B30CCCA62C797F7BD79F4A973B7,50EC0FCE4FD42FE5F425CB449736FD2227604324564D1BC9546B4DD02AFF98EE,,PASS,HASH_VERIFIED_SUPPLEMENT_NOT_STRICT_FINAL
M10,GridDehazeNet,D04,13,15.809050705442353,0.750583284015998,0.18795320391654968,0.10992205142974854,24BDBCC4C024B4FAAED275344A0C60794C306F405620AE5F2EA0C9E9C48DBD33,BAA97DD4006D01E1761AA8B55545E698B899CF088F087E09E3B4897555272817,7F91CC414799D608CD73C3CF1D196D18E322077CA644FDC5582186D407F29777,,PASS,HASH_VERIFIED_SUPPLEMENT_NOT_STRICT_FINAL
M10,GridDehazeNet,D04,14,18.198825842493143,0.8680016365835993,0.1542045772075653,0.09697258472442627,66D2E2061C54CD5F5173CE90A57D302124E8943EFA217DF6B82DB6C67020B38E,162C9550C57E3E348277D3CB4567347B06FAEC07FB6BA6E03DB37F77C0F83FDE,B97A378F83550F061DC04D76850ADE398828F84BA61B7D4179AFDEE42D5C8067,,PASS,HASH_VERIFIED_SUPPLEMENT_NOT_STRICT_FINAL
M10,GridDehazeNet,D04,15,18.00258463527595,0.8709974520575147,0.1368837207555771,0.08160072565078735,0A660F46D64370E6A21D9D553AD5F98EB82B6D7DF6E006F9A016F9AFFCAC60EE,1DD2B182975351D661F1E303F63F755F08A1EA7DF43F5FF173D62E149042563A,1FC7B953CCE3CD57EF75A990E1E0C034F9E96EC9B728C9CCA1B246F511C3DE40,,PASS,HASH_VERIFIED_SUPPLEMENT_NOT_STRICT_FINAL
M10,GridDehazeNet,D04,16,20.770270594475676,0.8904526944410821,0.1604567915201187,0.0980832576751709,958326DCEE63E40F1DF57EEBE91A219DCF762E1B7FC4DB195C8235CC300EC7E0,DF75E8E547D61499452679F92FC17B26447D47C7888CA7F2FA83B150ECBB4A10,8AD197E976A89E3AA7728AED82E28C8C8D5C7B7ACAD0C118427F9443C442D648,,PASS,HASH_VERIFIED_SUPPLEMENT_NOT_STRICT_FINAL
M10,GridDehazeNet,D04,17,16.085925777435886,0.6550894183147445,0.4051252007484436,0.2392290234565735,E56C54F6F4211814D4A4700E2C51E3C911668E99A51C28C0F3C20BABB7E82A2A,B5CDDB706C2DCFAFC53DCED1FA7F704B77173B02F9890D8F2E1FD75FFEF2C254,B92F31EE1CA01BACBE816AF8E21EC3B89C21892D48EB05FD83D5CBC820D8A0A1,,PASS,HASH_VERIFIED_SUPPLEMENT_NOT_STRICT_FINAL
M10,GridDehazeNet,D04,18,13.37042479008785,0.6911834443047518,0.42920982837677,0.23643213510513306,43FC7E8F922DA9A7B2A02F0745081828713B87528BFD99FA88DCFE2C369152C1,675F029BCE112FB122C527350EF0C2381F0D7E66272A214D2995C564317E5DC9,5B6E39E3CECCB73FB97A4F3A31A52CC6ED6DD80D7145362F5BE538AE5F2A74A6,,PASS,HASH_VERIFIED_SUPPLEMENT_NOT_STRICT_FINAL
M10,GridDehazeNet,D04,19,10.260386992599237,0.6168995507442558,0.3784583806991577,0.26816684007644653,3E65DADC65D687C514E78D0EF8207075BFC577F07581E878BED238D76C392DBF,5408A4C8607E8C201D9EBFBE41184DEF6270FC5766DDFA6F07202044A2CBEAFB,0100D6A40B91458BA053C032FCABA73F5EC2CA5DE8A87CB97524015F7BF6A1A6,,PASS,HASH_VERIFIED_SUPPLEMENT_NOT_STRICT_FINAL
M10,GridDehazeNet,D04,20,14.135777852434824,0.7802086736696031,0.20380109548568726,0.0859149694442749,8BBF8198B78B76A647AD3A7CD0E73CDC213CA3E395FEEC095A1F96BDEBE98741,AB2DCA787F588E801409AB469BB4A59FE4288AD426AF4806DF8223B9629C366D,8894D99C5A75835E52892D4173F52F937540384949B55D39E82FC1BC00C727B5,,PASS,HASH_VERIFIED_SUPPLEMENT_NOT_STRICT_FINAL
M10,GridDehazeNet,D04,21,16.300598144066985,0.8226029925837613,0.20494335889816284,0.11570006608963013,36A476105357D29E915CB02FCC4733514C1420DBEF320EBC971BBEABAAE905D0,1AB05A60150CCF7587104B3924BAC1DB81A9B6F870475AD6069FB33F08F41A2A,4C15E55775383C79B6FFA96FD3BAA52A5D8688A25CF077275557180F7B183F81,,PASS,HASH_VERIFIED_SUPPLEMENT_NOT_STRICT_FINAL
M10,GridDehazeNet,D04,22,16.362939605782234,0.87520891408314,0.12025625258684158,0.07760697603225708,6A582E7EFCF08A71219226CB73B73A27C003D99301784D5378EF2A6D14101973,47F4AB2C93B9C83088E2DB40A410900DAC738B1503DB25D0423FA33B4FE83225,A41D8A16B491EBF126CDF36AD0CBF10F6F0C4E48F89389BE6CFD0B450012384C,,PASS,HASH_VERIFIED_SUPPLEMENT_NOT_STRICT_FINAL
M10,GridDehazeNet,D04,23,10.266110286909614,0.6386740209283778,0.40066012740135193,0.31983405351638794,CCB31930CB34AB7FF04304C7AAFFFB7C7341559008015754666CF2D3D4D578CA,434B68AA01184DA16DD93DB83CD9473F9BDDAA7236E46F29707A26D62E77D034,D6D6C46BD8C5C58BC03F0106FE0FEE3B5B98D4347156484DAEAED5A9A270AA6B,,PASS,HASH_VERIFIED_SUPPLEMENT_NOT_STRICT_FINAL
M10,GridDehazeNet,D04,24,14.250267597397794,0.7494020657542911,0.30784523487091064,0.25320786237716675,7396208903EEF483C8C5234A53114F0BB96B6766840771C2009F2EE47C08D0E5,2F94F1D924C537644814F82C9F78DD2901ADEE578F21C87DA409FD5879B1F3FC,8ABB9D19C96A5107DAA20B92122ABDA44A5EE52119194F31E054CE7BB4837561,,PASS,HASH_VERIFIED_SUPPLEMENT_NOT_STRICT_FINAL
M10,GridDehazeNet,D04,25,12.030819289849287,0.6596907882711704,0.33807888627052307,0.17422616481781006,7F7E3B1EB104CBBC246EC8788E300A27F5DF60D0F267FFE992A9D0AFC198CF8C,923C0F0EDEC357692FEA84FE1E2BAAE77FD890F2D8294098694D83C5D7BF2F5B,1D74CEC7EB76A148775727161390638A72D24FA5C4770B1F057773227739CA58,,PASS,HASH_VERIFIED_SUPPLEMENT_NOT_STRICT_FINAL
M10,GridDehazeNet,D04,31,22.229501908426155,0.8940784352615047,0.12659746408462524,0.05972552299499512,C0FD0023EAC765BD9E77E4699C65E6F52F06382C395EA7A8A7DCB02EFFC8466F,CE7E848FDD9B9A8E53CEE8A80540A02E19017CB82656E4DBD934C84AB8192C79,533DFCC376AC1BD159E34B2B5ABE610B9C9D27F96BF915532CB29B7E2FCB39A7,,PASS,HASH_VERIFIED_SUPPLEMENT_NOT_STRICT_FINAL
M10,GridDehazeNet,D04,32,14.250663908450814,0.6898183103073854,0.2784520089626312,0.2261863350868225,C95071845DE2EC5A78E782C6611DA84AA42187C31A792D0B8909F51451B602D8,A5E6C4C1E13B6ED7E0E743E0045B52988EBE8835D4220C7BF5D0FA98E2411DF7,7FF086D601D845DD31F70D354A808EDA18399D8118E424EA7CF1E5E5B3489E7E,,PASS,HASH_VERIFIED_SUPPLEMENT_NOT_STRICT_FINAL
M10,GridDehazeNet,D04,33,13.060517472374062,0.7437700890050829,0.28357237577438354,0.15987658500671387,3B555B91195CFD0222CA505B5ED0A372019BBBCFC9063D4D062F88750FAA72D8,47F2C549DAFF442A3F77ADAD6C7C3F05A85E250AE22754117BB873CC2CA13DEC,92E37125403CFE65B7A3855529358C15A60D8DC6307254C60646057C08361A78,,PASS,HASH_VERIFIED_SUPPLEMENT_NOT_STRICT_FINAL
M10,GridDehazeNet,D04,34,15.903659533894931,0.8323183922247289,0.19382382929325104,0.12732386589050293,49905E56427BFF302B4BFC724C35952837F0FB9423C91A44A15A04062AF871CD,45D9B0C3BAD9B62EC6033EE3933AE05A29CF7CCC1C8A3E5104650132044FBBF4,232B7D7821250EABD5D0C502D358CE3AC693D624F86C5ABDEA7D7BE4F4C38152,,PASS,HASH_VERIFIED_SUPPLEMENT_NOT_STRICT_FINAL
M10,GridDehazeNet,D04,35,13.74526493889367,0.7030149037973273,0.3795168995857239,0.28902965784072876,7AE0BE8849F040A52755C6CCD03C1E7C04611CCED8AE2D2FFA6040116E3B1913,AA6632D2E7508666959D0D0D0B9F3E8FAEC29043C23CE2EC7D4A650A4B1083A3,539D4DE90CECAAF8F669B84289679156F25E5AD0DA42ED8CB1C6979CB62AAB66,,PASS,HASH_VERIFIED_SUPPLEMENT_NOT_STRICT_FINAL
M10,GridDehazeNet,D05,1,15.255975474555182,0.7224846949344911,0.33623170852661133,0.17786526679992676,5617E822CEAA1E52407BCF8D0E1835EED14A86F589EC7BC01495E8864BDC7B88,53DCBFDC4EBD977C01654DABFE04CC2246570B1541BDAC6E9699BA15C17ECD88,87FB28B29E65605C09BE07D21B3072AB3A46A8A79495ABC66800302C8E714CB2,,PASS,HASH_VERIFIED_SUPPLEMENT_NOT_STRICT_FINAL
M10,GridDehazeNet,D05,2,17.058937669711213,0.7766432975645926,0.24922987818717957,0.12086504697799683,048C2C0A7B3BCA9C974BF8CE047C73288DE209B9E8B13CC84DA00E1E7062FB40,5C667FCCE9A1ECCA7DEAED221128B2C73F7B105C4DFAA7BFE7EE5BC909057F5F,D5680AC93CA5B1C04F7F734C021CF4FFBAC92821BB2F18262465887E69CAACEE,,PASS,HASH_VERIFIED_SUPPLEMENT_NOT_STRICT_FINAL
M10,GridDehazeNet,D05,3,19.07715233432549,0.8279321861540972,0.21419841051101685,0.19304972887039185,3FD16E4347F28400F4A0AFC544C7BF1D7F476733565D2CD3BB02F72F1B9E7DA1,0EA8C6409C916E0336E1CFA98B31C63D7D0A28127A46E0FEFDFA25691CB91B76,68C3B8E5ED435C9D70106A1D7E72C2CD529EB799C0879854C1B33CBFF5232843,,PASS,HASH_VERIFIED_SUPPLEMENT_NOT_STRICT_FINAL
M10,GridDehazeNet,D05,4,16.93345231176751,0.7453260617047227,0.3020203709602356,0.17286252975463867,A2DB1328B3F4F6F760C551ABAB19099465B7C3082F629E9BC04E893B9C8A0605,70FA3CA85DA8C2153E084C303AE5110635C6D9D3D8A2FA10593B90D029C6F570,0872E4A61EE52AB9804990B700D996D4B4F70F0DC7512BB20E0E9A3CBE06F43B,,PASS,HASH_VERIFIED_SUPPLEMENT_NOT_STRICT_FINAL
M10,GridDehazeNet,D05,5,15.480020910200864,0.4472732791911697,0.5782619118690491,0.387493371963501,F521C0A2A6A0A8D3BD9041F050C167E97F6FB8B3590F958BD86467A5FC1357AB,F0F01C9A961FF272D7AB18E571CE9FC78F35FB33B29493649138458DDC2DAF3A,FC5C6CE3D9385FF83D6CC1FB970BA1A808148EF54BA245283CAD46717E668C4C,,PASS,HASH_VERIFIED_SUPPLEMENT_NOT_STRICT_FINAL
M10,GridDehazeNet,D05,6,15.584225527243628,0.6184800927553883,0.3957321345806122,0.3184513449668884,F0C64D7A3ACC73E13829DDD822E8D2544329D707DF31FD3C150D1191AB772271,284F692ABE83C7D7F26F5075BF7A7D3302F954305DD8B06C2D41294F790661CB,AD5C31603106312CE1BE1E11B12E51E810B492CAF0C70DCCA96C7B9063BD5E71,,PASS,HASH_VERIFIED_SUPPLEMENT_NOT_STRICT_FINAL
M10,GridDehazeNet,D05,7,22.810071744713717,0.8621237890394892,0.166481152176857,0.13654756546020508,64E571161C50D7A886CC22F7D31E6CBF038CE4CDEA3B5F9EFA23F65BFDE3B86D,3576D3A3C1EF68992D1E5EBE696CF03FD821C1ABF70A5DBFAB9EA687D9F67F6F,6B453B5F25FED4E9D8791AB6E9A98C6DB57E819546BDF5214885CD18DACD1592,,PASS,HASH_VERIFIED_SUPPLEMENT_NOT_STRICT_FINAL
M10,GridDehazeNet,D05,8,12.876507288290192,0.515153863527858,0.5654277801513672,0.278145968914032,6434DAA4F8C01279D6B92DAD6831E8AAFEC6CD3F23666D0715D72287DE8B77D3,A7EF48823C56AFA9F2CF44DEF8787391E89F3D84641BD1B920C60D90B717FDE4,12658CF2D30352973A7F68D9FA57AFE8AC780C1C54B7EB2B5ED5DB97EADFE1EF,,PASS,HASH_VERIFIED_SUPPLEMENT_NOT_STRICT_FINAL
M10,GridDehazeNet,D05,9,14.854133401605301,0.42720295807305586,0.6352888941764832,0.4652191400527954,19AD82CF7EB8055796A0E7948F51430EE9B57BA6F03890D1D418CDD8905245AB,F2F9EE2966C2BA1676947AC453F226689E435A398A31A9D87C601B23F6D33785,3BBB00D9E614DF305AFC7F8C115036BC7CF97293F071296D0DA5304DFB910122,,PASS,HASH_VERIFIED_SUPPLEMENT_NOT_STRICT_FINAL
M10,GridDehazeNet,D05,10,13.930490989347756,0.7200603714220727,0.3561033010482788,0.2354031801223755,A34C1732598E8B49083335EE8E030A0116FF11942E8E6D678CE3634E543A361F,F5BB3CDD8067CBC211ED4897EB8008B353205AECFE648D732F33C569E8BEFE33,A8DEF6A8F2D6A645B1DCA7C709FDED96450C2FEF96AB4277AEB706C08F3D1BD0,,PASS,HASH_VERIFIED_SUPPLEMENT_NOT_STRICT_FINAL
M10,GridDehazeNet,D05,11,13.968397676905598,0.6363724186852515,0.38635945320129395,0.27508920431137085,7B1A936B06A0B8463FEB093F131E640E40624749382F524DB69E9BBE52B37173,B07169B798FF75F9CFD2AA2DB20325DF8825562D800728E1B8E4555CD4C80C7A,600882FD4AF10F1A0F37BE010BAB8C2746224AEE21CB7DCE018495624118417E,,PASS,HASH_VERIFIED_SUPPLEMENT_NOT_STRICT_FINAL
M10,GridDehazeNet,D05,12,15.839458869337474,0.7274352281039543,0.3547251522541046,0.2198616862297058,4222656C62CC3E571F6B1E4C5B4C71B2E21517BBBD9CA3AA381B56332B267EDD,806555EDB0833D98300224F41559E43535B567775FC013E802AC7640CBE05BC7,4345DA2A591BFAC7746FC58252E105F55F53A56A0E10A5011220BFF83DF561C2,,PASS,HASH_VERIFIED_SUPPLEMENT_NOT_STRICT_FINAL
M10,GridDehazeNet,D05,13,13.174953738491022,0.6186413204313213,0.48936110734939575,0.3296361565589905,977ABD49F66B81417E9174BCBCE868608C31751C9FC4BFA866EF34FD802DCE40,15503F04C2CB5B2DCB5113AE8AA8D8AA89E802BEAD6B6DA16D5F324AD80777AC,BACFDB843D7DC80094B6576B2E367D9FC486F89B393BA7B50268A6143E8FAB15,,PASS,HASH_VERIFIED_SUPPLEMENT_NOT_STRICT_FINAL
M10,GridDehazeNet,D05,14,18.357913968848298,0.7786665636782358,0.2737966775894165,0.238641619682312,246FC0415F51A607CECAFBD82622B91C70329BB2FE6320F137D15944F41BAB6B,A5CB1D302D65F4DF8AF4D46EEF441F7275E76895C28C3529C7AD2126F6599C95,66EA87D6200827EAB807C52F0046C6E3B0C5ABB9C398368F7D9E0951F28EECA6,,PASS,HASH_VERIFIED_SUPPLEMENT_NOT_STRICT_FINAL
M10,GridDehazeNet,D05,15,13.447124490101281,0.6417299517138656,0.42769402265548706,0.31051933765411377,AA650654D043422CA7CA33540D52712645D9DE0A1C11EE3550443ACEB01304D2,2399AF2F70BB47D7AAE26101C974F7C99C910619F31ED199FA4F84A94BF2E8A0,7894A1E138773115448D6B29567A099F52DFAB3DB049E578D76343C1B80FAFD9,,PASS,HASH_VERIFIED_SUPPLEMENT_NOT_STRICT_FINAL
M10,GridDehazeNet,D05,16,11.933636139013828,0.5232763151957913,0.6280160546302795,0.4780905246734619,A34D3094453208AFDBA0E80FF00D0B8723227CF6B8AE8965EC23104E99FCA9DF,F56B229B99E57C2F8617F6652238124FD8C0186E77BEF491F2121C541529E1EC,B7ECA8E7BD018EAA7D31CB2611774ADA9E8465B03B81635BC8369611821DF800,,PASS,HASH_VERIFIED_SUPPLEMENT_NOT_STRICT_FINAL
M10,GridDehazeNet,D05,17,11.557896667834648,0.5401895657614402,0.5509557723999023,0.37242305278778076,7F2CC1E4D3CF76F5F4A8E2AF50B82457D6773ECBCF451C9A17DEA6DA9FA65838,95FB456377FF9E1A41A33A46FA19AD8CEC61F3AC3DCC66117350C328AE5DD15D,3B1F8E7264177346E218CFF3DAE77913ABFE8D4C47FFB29C67FAAC34A0332066,,PASS,HASH_VERIFIED_SUPPLEMENT_NOT_STRICT_FINAL
M10,GridDehazeNet,D05,18,17.50050720630533,0.7419489481789846,0.30520811676979065,0.1769670844078064,E50EB742F07CAE64CEE4A4DE3628928D6335F4F5B0A541D64D2A9B555FE57078,2E1D305A4C94E175FD80E3E5167BE6BC7D8130D913F3DADFCF77E75152124584,ABA190186862465B4818CC42C946E0FA0B073CC4845B188139A2B55DB10CC932,,PASS,HASH_VERIFIED_SUPPLEMENT_NOT_STRICT_FINAL
M10,GridDehazeNet,D05,19,15.246924743123165,0.7530852161911726,0.30308765172958374,0.16444993019104004,6C5CAC2066ECAFC48120FEBDAF0B2FD62E554D960EC79821579BE7B0B93C886B,C4F0695123F82C180D583489F57C8D065DF7EAA148F4ACBE9E38AFDBC0FF034C,69E01C16C24ACD20B0C87C899CFB781399AB5695F42959583D212C42F6459838,,PASS,HASH_VERIFIED_SUPPLEMENT_NOT_STRICT_FINAL
M10,GridDehazeNet,D05,20,11.338431516597904,0.5228085355650325,0.5071448087692261,0.2929200530052185,BC66561B39C77894D5DA42F1760D11A1C255FA2E6D9CECBF1C60C2EBEA9A5B1E,0F243A6FF42B176D7FD505B0F9369023BF724498CE555D16BF5C96E8728C6AEE,C0C765AA56B3A338E7ACF475455907CBBD7724D161BBAD8A39B2028728275622,,PASS,HASH_VERIFIED_SUPPLEMENT_NOT_STRICT_FINAL
M10,GridDehazeNet,D05,21,15.77648837995242,0.6886924535831693,0.44277292490005493,0.2957186698913574,069F11F974157E01D0C205B3BB74787838DCB6C9F572675EF8BE52973749CF88,259240824FF511C499487549ACBBB54D4B22A0EF45F6A31288656DED08467352,AEFF92E54F5377E9DE434EA31AEC3FFB3B5959B56F98E2991D4F39D03574F18A,,PASS,HASH_VERIFIED_SUPPLEMENT_NOT_STRICT_FINAL
M10,GridDehazeNet,D05,22,25.62945173691773,0.9368935528139093,0.08061745762825012,0.043308913707733154,027F98CC74B5071544C780C4BF27BE6C33F02E6BB80F7B32E19B49280AA57647,15B7A7B47BB42977437541F8497F69D14985F3C88E72775FDAC4CFF963529E26,99E05598B420286FF4A2AD26307AB8277C09731D26B8D463A574259810CE4718,,PASS,HASH_VERIFIED_SUPPLEMENT_NOT_STRICT_FINAL
M10,GridDehazeNet,D05,23,22.239056419109232,0.8873249059732599,0.12805382907390594,0.07778662443161011,AD2E2E1D351ADC63E72C962050AD1C5E4649585F5E843EB5B0E4BE18A4EB25CB,2BE0C3921A195D62219DDF3DEFE8D85BC03C0E5C811B4C79E89B5595DF6B9C88,B8C59F40D50F096798FCED4395B5279D8CE89A64EF00ADB2EEB52EC73E44BB38,,PASS,HASH_VERIFIED_SUPPLEMENT_NOT_STRICT_FINAL
M10,GridDehazeNet,D05,24,17.80298152509587,0.7635290004377088,0.31074607372283936,0.18382680416107178,FFB1C16B59AABCE6B64480A23E2E805760C05B8F229D6209FC97EB459A71333A,23939243C8F40539CAB9B3FEB8CD6A7CC003511C759FDB133CE06BB44F5BAD21,51AADB66668193757BAD9BCB5463B558D23222CBBA39BBE7E2743D72E5CD4C32,,PASS,HASH_VERIFIED_SUPPLEMENT_NOT_STRICT_FINAL
M10,GridDehazeNet,D05,25,15.431212412891197,0.5799921332620792,0.49431467056274414,0.37712782621383667,7AADDD9526587BCF8EF52FF204DF7A8F7FCBAFBD07129F8135AEB43FF219EAA3,18A3324C132B01DAEDE2926101B3438A0EC51F25A9668B517A50353B9EE533BB,C0A6BFF64EB7C9F7C0CA5C62DD39F0C14B6420E4C2DD24885685DDD43562D715,,PASS,HASH_VERIFIED_SUPPLEMENT_NOT_STRICT_FINAL
M10,GridDehazeNet,D05,26,14.494644737683675,0.5176384470464245,0.48615768551826477,0.3411068916320801,C08AF8D3B58809F658DD29ED6462DF1B3000142F9F0EDDE8126E18E26CE36A7A,11B17173970FB5039C2339518355CCB4EF4604735792D2DE8A87695AAD27C5CF,1C1B321C16596FB0558D577DF5C2DDC4F579AF719AE1DEAE14BE5A96EDE99506,,PASS,HASH_VERIFIED_SUPPLEMENT_NOT_STRICT_FINAL
M10,GridDehazeNet,D05,27,16.957734908514038,0.6623058591849716,0.35726499557495117,0.22227168083190918,935155512B2D2C193E1E068BB4119B09DED1E575C02785EE73DB4B4568732545,BCC47F54E74F8215F4E023D7356919B108FC232A9B466228D1608F10C29D8749,74495782303015A077045EE323317E61C77FE6DBE232565F7AB11D0B31708A18,,PASS,HASH_VERIFIED_SUPPLEMENT_NOT_STRICT_FINAL
M10,GridDehazeNet,D05,28,13.284946960501284,0.5597052277518365,0.49760702252388,0.39637887477874756,3F50871D11D92AF7B087677B261E27599FCFEC8F87B5C2676BFB8A161A72741B,25CED5C3A0869E998FB089305E6DB04B964A6DF09211177B7146F2D8EE75019C,B9C87D76C6E63B857B37824D3CD8547924F64D572DE930AADD55010CFF0FB199,,PASS,HASH_VERIFIED_SUPPLEMENT_NOT_STRICT_FINAL
M10,GridDehazeNet,D05,29,14.070031854878577,0.5093447842721918,0.5674518942832947,0.4125601053237915,81EC091E78B674E82712EAE54F17CE3989A013C3165C42E7E4351164EBC3A1B8,3A02340286A32C2221E2047C6A1B982701F4680E050FAB2D6B2195D167518373,A7A34062527120D706D7E7D76FE427F412C062F211948AD3434CCAF23F751824,,PASS,HASH_VERIFIED_SUPPLEMENT_NOT_STRICT_FINAL
M10,GridDehazeNet,D05,30,19.945919166741245,0.7337491422768473,0.2582854926586151,0.21724724769592285,14E10933E531932CAA59CFF583C77F6477A386864ABE63586A9EB798A79FFBC1,2C939BAF94BBD4ADD2421C272D192D45EF8261498DDAE27082ABF608944275D1,B90230FE501F4DD3CA384DE9275C14C8A85E91E002418E7AB0631C4791CC7452,,PASS,HASH_VERIFIED_SUPPLEMENT_NOT_STRICT_FINAL
M10,GridDehazeNet,D05,31,19.77024676518552,0.7800317594922294,0.2578313946723938,0.1854833960533142,4EB5F6115066B5B44F89B71158CA65ECA5606E07B7EE76D18F9DB017DF02017E,93B5BDDB161F5AC8635C560711F86E9D50007B821AC42AD66EBCFF47A7ABC847,B42F76C1A60B5EAB25B73B576156280FF384C65BB3826C0FF0DF80230C389B5B,,PASS,HASH_VERIFIED_SUPPLEMENT_NOT_STRICT_FINAL
M10,GridDehazeNet,D05,32,20.290918597787623,0.8239795863001532,0.20624683797359467,0.18225574493408203,3A0AF12C5C9A38E04AD9E40F558C7EF82299C20A09EB055373A75EF5AF1BC091,2DC61724CB89511613BDE3E46281E159DFBD81A52948E5FD75839D70EA3D5770,E89A16204A76E2B475A1285531D2FD0EFB8E3766A775FDCDC976F544D5669C36,,PASS,HASH_VERIFIED_SUPPLEMENT_NOT_STRICT_FINAL
M10,GridDehazeNet,D05,33,19.259173578796503,0.7873405877341204,0.22365239262580872,0.2059943675994873,F9A149793D9210C8B1D19D2030C8106B0D8CAD20C2D5C00F5DCF7D7205E2BE3C,F3D6CA89C17499CF57A027570E3D5138A9C3A7ACDCF5C1C05846829D3C8396DD,95DAA115EACD1789304E68A502E723A67EAB8A606635B8B97366F80E7825B4AA,,PASS,HASH_VERIFIED_SUPPLEMENT_NOT_STRICT_FINAL
M10,GridDehazeNet,D05,34,17.965784689636408,0.7883234460363812,0.2119673490524292,0.117889404296875,3E232BF58CAFD8FE975659C3F23A303E0369F8077CFEB0EA029806D14B42E1A6,A9F0E2350D12597C0152B1F9980A5B9C04110998A7CE9C7BAE1848BF76327726,DA25A08250DD6F8990E27B7FCFAD688CB8F326B4464FA7B30FD60D81129762C8,,PASS,HASH_VERIFIED_SUPPLEMENT_NOT_STRICT_FINAL
M10,GridDehazeNet,D05,35,20.423843188328878,0.8448324929571259,0.18578395247459412,0.13616043329238892,4C40A00796111F3D0635D323AA05935B18A9E06E1957092F716CD9DB97505EF4,5BBE34BCAAD603A755F20863D53AC35DF8ACC78DA7ED12696113D088AD97A3E7,1D9A10B667686F0C1E9FFCC38D5CCBA5F65547804824840D338DC5CBEF6280D1,,PASS,HASH_VERIFIED_SUPPLEMENT_NOT_STRICT_FINAL
M10,GridDehazeNet,D05,36,17.637708976264534,0.7348839350055476,0.2933439016342163,0.21381139755249023,72AC49F3AF6F23430C86734FE016FA596D8DAC5634E2536D4B90A23486FB9CBA,ADDE3C96E7C2EA4DB5A80D36EB25AE68014581FBF29C19ABB45E7451D209F37E,36FECD7E29A1D50BE374FE2866C847AFF901458ADCF96B749C8AAA4513B40CDD,,PASS,HASH_VERIFIED_SUPPLEMENT_NOT_STRICT_FINAL
M10,GridDehazeNet,D05,37,17.25625812353444,0.6702628950375052,0.3607587218284607,0.23685705661773682,A06B19F2ADC72BC1DBEFDE55003F9E242F07638B7EADE116AFF1F7E1A59B615E,E9AF481F2A1E0ADDC74030F128BDC11E062BFAD1F343A4F1E5320D034F1E2B75,94E851448CF8B8FC7633655756F6B2B747B3BA45E904A6AD5D641CC0CCC36725,,PASS,HASH_VERIFIED_SUPPLEMENT_NOT_STRICT_FINAL
M10,GridDehazeNet,D05,38,14.624960964387535,0.6802042907282058,0.41475528478622437,0.2725461721420288,EDC53095283E1B2282CF0FEDA9F362CA7FFAB4A83410E12A271910824FF6E8BC,016A1A7EDF273F874151ED98B065B6FCA3017CE6B95FDCDECAAD56D0EA29722A,BDEA7E0341318971BC7FB9B38E363CFC4543C28F3EBA691A609C5E6B36539C94,,PASS,HASH_VERIFIED_SUPPLEMENT_NOT_STRICT_FINAL
M10,GridDehazeNet,D05,39,14.352023863366528,0.633078657865421,0.3999955356121063,0.2854228615760803,43FD00FA723E0672D4D94C57F199D45C562EEBC216C8761B6D4D72F35C295C04,D706B271E3C8AAAD4FE78FE8A767559DEED87E60E5DC9D2D4A658A24C72A45D6,6018D018A4E526F2C688BD1F860F24FCA8B8F3464DA2BBBB86F13552FF7E3B7D,,PASS,HASH_VERIFIED_SUPPLEMENT_NOT_STRICT_FINAL
M10,GridDehazeNet,D05,40,17.889539129518543,0.7283742877819873,0.29395583271980286,0.2213660478591919,C793D6DACD5C674335DFCEF325448614442663A1E1A41041782741B484E54AF8,8CA115FF13D678E9184FB1C278BDF92F86524BDC7BCFD420808F76CB0CD4E965,6901272ADD9D28F9D91C5D797B324C7A9EBCD71B99F32256FF2EAE4518403FD0,,PASS,HASH_VERIFIED_SUPPLEMENT_NOT_STRICT_FINAL
M10,GridDehazeNet,D05,41,21.333770230291684,0.8485279640096466,0.22101986408233643,0.1706603765487671,26548992D267C16A04787BFBB4CC18DBF1F9D4A9C9C32AD6DF9E8272F9BA5779,0F1C00F69C4DB273F46256558A67C5EFF9C558C4D7F538B02BB9A7DEF52615C9,8631D622510D55FC08D9C32694E749E02A4DC776A6EF958AA60B3F46BC30518E,,PASS,HASH_VERIFIED_SUPPLEMENT_NOT_STRICT_FINAL
M10,GridDehazeNet,D05,42,15.481933488274553,0.5926164035223055,0.394923597574234,0.27085280418395996,88055862A2A7D024A0B87A2D896143C5810303ECE53AA3ED01608ECAE9437C7F,CEC706EB619E86F00AABEFE0A57151AA402010FB282F3393535A535E27378736,EDC706235EEB3E25CFBE3131ED8DC511AB5B95F491E6774D7DD261C5B44068DC,,PASS,HASH_VERIFIED_SUPPLEMENT_NOT_STRICT_FINAL
M10,GridDehazeNet,D05,43,20.579632152023407,0.8398533981449038,0.19223982095718384,0.16109901666641235,AA762707340C64BF3375CFB66E8ECDAC5657540024BD837242352D994E6E974D,ACC6AD03B3CF01552BD1D8ECC1CDDA971B039FE9AF79B2732A8B3BF6F62C6E49,3DF9CE72F8AD26F61FF7F91B0F6D5CE405D9558261A7EE54EE4FB0B519901358,,PASS,HASH_VERIFIED_SUPPLEMENT_NOT_STRICT_FINAL
M10,GridDehazeNet,D05,44,19.664223755216724,0.7997967169374885,0.22684364020824432,0.1821933388710022,C9C9AD279E573FA522A7D1C5DC015133AFDA31A3A692C9855818F9FB7754E0E1,6F55F38E564BB18AB0B91ADB42953D417A03DE44382B1E4AAF9367F17F869223,E30AA313CDD0C6C07AAD5BC44AC81445A456675FB9EF238423E680EE4133D719,,PASS,HASH_VERIFIED_SUPPLEMENT_NOT_STRICT_FINAL
M10,GridDehazeNet,D05,45,16.28127257181291,0.5838577989973904,0.4509832561016083,0.34437674283981323,71F257B3B2CFA7945536825D9F1296024F8F9FA150AEE2D73CCEDE854E6A2EC7,2C139A4592AD739977A27D4DD7AB459FA20139838CFA7796BD15AD5792D543E1,8D813532C23A643E2758E7AF9D0443848C485F76422D3260AE1704246E6845E0,,PASS,HASH_VERIFIED_SUPPLEMENT_NOT_STRICT_FINAL
M10,GridDehazeNet,D06,1,10.894614569091596,0.41660535855192143,0.8278254866600037,0.5148333311080933,28D483EE2ECAE7E22E4DAB43E74216587FF6604AD354609815567F0716FE3713,9ED841651FF20BF8F8636345BA3366395A5317A51C4FBEE6720445349B695377,8A2970D5BBF9B183AD4D42C6BD0B9B781691062646D03FDDEAAC7EBA428FCDFF,,PASS,HASH_VERIFIED_SUPPLEMENT_NOT_STRICT_FINAL
M10,GridDehazeNet,D06,2,13.735483203129455,0.34606951777618383,0.8876453042030334,0.5376189947128296,134860C6C2DA0FCE9A97C8BB53E91039FF661CE28A074FE3B3279816ABC66BFF,6AC611763B08EE9DCE1A5E21507CEB665BC266FADA97AC5E6FCD76D7067EC883,134619E0DEFCDB497E2453942D0D469E31E9E9AD71E84AFEDEAB122C96A9616C,,PASS,HASH_VERIFIED_SUPPLEMENT_NOT_STRICT_FINAL
M10,GridDehazeNet,D06,3,13.852909469539973,0.29600366908615533,0.9325553178787231,0.5636872053146362,006F27ABC8E126705555A4285ACD79D314915C77150940E2399ED60F417312FD,5AC49F9CBC4EF1A76ED1E612212C2943CBD487689C04C5E39D9606C85164D22E,8B5CC3960177EEC32F325FAF7FD4BFFC3EF730F87DDB61015E3D2EE376FA2ED9,,PASS,HASH_VERIFIED_SUPPLEMENT_NOT_STRICT_FINAL
M10,GridDehazeNet,D06,4,9.981057709199076,0.1819279158348549,0.834621250629425,0.5880551338195801,55BD84BE636D6A8BA343BDC6C0DE0584D6889357CB3D34735FF0F78E940AD09F,E082DCCE315F5C0ADBC2EBF1452878836DDA1C622F5A306D2E9E0786999C7D4C,EADDFD9E9054A0D86DFD9AD3E1CF265A2AE754FBE2BAE71A715E1FC3D32696A3,,PASS,HASH_VERIFIED_SUPPLEMENT_NOT_STRICT_FINAL
M10,GridDehazeNet,D06,5,9.338673649025647,0.3865930756447129,0.8005313873291016,0.5557913780212402,24EACCED76A470F04D9276F248AAB0C3CFF3C058246792F742E2E3CB7A6380CC,B5400CD64D590E3A6194C4B9A2E56393D5D35B5D117B8F6BCC3928822465D9B6,4598943C4DBA3AD4C2C37FBF85DED63C87040EA1514DEFCF0BAF59FE92F9C781,,PASS,HASH_VERIFIED_SUPPLEMENT_NOT_STRICT_FINAL
M10,GridDehazeNet,D06,6,9.565289620349203,0.38798102127789297,0.800144612789154,0.5509690046310425,9341A15AA8360794632AED0F593CE4E6541F798AA5B8628F6DCF6D6D0D249BC3,E000DA4B0BF9E38CE6B0618757ACD57D1CEBF5E34EFD182D0EFE3B982A379795,EE0992F4FB8D1C5569F18B263FB2BC2667D2D4559FF949F82CEFF8C5E35610E0,,PASS,HASH_VERIFIED_SUPPLEMENT_NOT_STRICT_FINAL
M10,GridDehazeNet,D06,7,14.088205196160517,0.3548058766094763,0.7115611433982849,0.5027841329574585,2132E15598A04E4CB042242D3E5DDE1F0FCD5514C57B8725D4C397DB118AB11B,CE62D9856BC056878547F02D8F4544720EC5990C800826BD34717BBF74A319CF,2603B65462639A71B2ED4E13C5A5E7DFD62E5535A505F16F18C062F769E46FA1,,PASS,HASH_VERIFIED_SUPPLEMENT_NOT_STRICT_FINAL
M10,GridDehazeNet,D06,8,9.109799554584292,0.2196312377621549,0.9415892362594604,0.5971317291259766,D899B7D6739C06AE2AB1ACB81682AAD5EC7C1374E6381E67C8DF1761BDA7BF7F,CAE7E7C1EDF709DBEF8A0885A2B5389CE2A5FF9D2D1ABA7E8491576D982DF5DC,82A2B819D84C23DC1FA23F5ACA94D281A24CCDC3573CA7A707FDD8436F825F55,,PASS,HASH_VERIFIED_SUPPLEMENT_NOT_STRICT_FINAL
M10,GridDehazeNet,D06,9,13.276197987216511,0.44261164514897083,0.9249739646911621,0.6043537855148315,EEF4D07864BD7DB244F0A806FCF200ED0288C07FAB8BF3843F6AF1B33B360C58,2B39C36701D4876E7B3AE9400FF1D86AB632239038EB17A2FC3C7A771BC29B54,63DF6143C4EF1E7F56F68E9A4C48DC49E2A50CAC0D005C7D6D91FB106B200E49,,PASS,HASH_VERIFIED_SUPPLEMENT_NOT_STRICT_FINAL
M10,GridDehazeNet,D06,10,7.568267211874038,0.28182130934180266,0.8380118608474731,0.5968034267425537,EDB9FF85491DE7ACFCF706623ECCC9863C787C3E426763FB1A2CFE0AC143D633,C679364383BAC2EECA0DC6B66F1992840DDC505BD73D093DE5C9C67FA05CC990,55313CEBC8285C046E2C417832A000B3FB4F8F3506180F001802935E813D3563,,PASS,HASH_VERIFIED_SUPPLEMENT_NOT_STRICT_FINAL
M10,GridDehazeNet,D06,11,8.123121409418413,0.3087034439328373,0.8283489942550659,0.600116491317749,36EC563EB560C4735F19351A76A78C09DDE6F9F87549195DD271F447C3684FA3,989839A9FE1DB898EB1E44FD4592EBB962351E077E81409BB6D03C7D8999356E,7A6240070384981CC0878596024CCACE3ADC8200A65FBF23EE4BD2955F577116,,PASS,HASH_VERIFIED_SUPPLEMENT_NOT_STRICT_FINAL
M10,GridDehazeNet,D06,12,14.350114281157914,0.5098409961298049,0.6906223893165588,0.5729013681411743,C5CA312E60B3650041DFF8DD81C5E9B8BA928535379674BD79773319B65E98DF,8FE85AC8A887DBE584B5B70E4BA908B05569C5E2A6D72C45C88393E109D653E0,22CA4EE4EE7045420ECA53176630298FBDBC1807F33C66735ACF5D11721F3A89,,PASS,HASH_VERIFIED_SUPPLEMENT_NOT_STRICT_FINAL
M10,GridDehazeNet,D06,13,13.909959705550744,0.4131108653551238,0.8715027570724487,0.6104952692985535,3E3CCF370C0E5A20CA86428C3DDDE8EA1990A195A06BEA69FCEDDAAAFA9E5696,546B915EEA0AEB7AB290BB7B6BBFB7E6B67BBB54E56C0937231556ABFAA32ECB,A0EFE513037C4ED2AA54BD3C2D377DD55F8F5A3BF349CF1D14464561DD4AE1F8,,PASS,HASH_VERIFIED_SUPPLEMENT_NOT_STRICT_FINAL
M10,GridDehazeNet,D06,14,8.472206135353652,0.3798632951768243,0.8064097762107849,0.5694329738616943,CCEE2CDAEFA0A93958EE30031D4B2A39C661737EA1EA983C420674127715AC0E,8932E017C3B59DA3B9202C8133D3CD0D267D05A7C2839875FDAEDB5142998EC7,8A850768609922889EFB98A85B02B49CF0CB01BA0D6F322D26EF02ABB96CD3B3,,PASS,HASH_VERIFIED_SUPPLEMENT_NOT_STRICT_FINAL
M10,GridDehazeNet,D06,15,9.44664633263419,0.44762283439233025,0.7886954545974731,0.5935605764389038,C2B22D2DC3EF07C16936BACE37FD89533DBDA0D65701E97AAF93DB066AEA6056,ED66F848BC19AAF95EA3F836429497324674EFC70C5B201A91A369D2120885C5,8B264984BB3F83F2ACFEC310CBE8E960E9B8B5E16469D1769666CAE89A142DBC,,PASS,HASH_VERIFIED_SUPPLEMENT_NOT_STRICT_FINAL
M10,GridDehazeNet,D06,16,7.613470251946216,0.21535807861870748,0.9075030088424683,0.6695429086685181,B7D9F5C033B21B3AAC02AD0ACD53F54D232EEB24C4D10E44902419C1BBC400A6,DBF7FFCBC8657C2BCC9E8E47A7EE8DE7B4644223C8DC023B0B3C2BFE6A20C67B,9DC2B5CC19CA5848E3568ADAF17C3B73B10336C7CF09654190E557E079AE55A0,,PASS,HASH_VERIFIED_SUPPLEMENT_NOT_STRICT_FINAL
M10,GridDehazeNet,D06,17,10.766969063707945,0.23187172860852037,0.8446770906448364,0.6660271883010864,A0F274D8B271C6193552014BAC75F1CC9A6DB1514E67AFE154C755B61AF77ADB,EF795846A7696089899739E9F674AA4B3EA88776EAC373D1B9177846BDAE2BC2,71DAD6E11159DFB541F353610030AD7EACFDDD34A2A002B8DB703427FB974F92,,PASS,HASH_VERIFIED_SUPPLEMENT_NOT_STRICT_FINAL
M10,GridDehazeNet,D06,18,12.510599534959061,0.42174528687684854,0.7160828709602356,0.5178413391113281,24E0011E35384905DD680E0D8A4A285D818AF3286B5945F2E3D6FEDDAD0E1AAD,624642F5D30C4D807E4156062BE8D38273DFE0C7993B2230A80F3179880B33A5,8C9F5A7A60BC2596B409669234EEE626684D6DDC2C6F0F1C98E92F43DE52BC41,,PASS,HASH_VERIFIED_SUPPLEMENT_NOT_STRICT_FINAL
M10,GridDehazeNet,D06,19,10.545687080443471,0.4326830079950082,0.7721453905105591,0.6103905439376831,CC351CFCB3246A286EE2AF5245E6253940AF25530C52F9E98267FF9395E412F5,E90FA9E3F510FD18128F9E46253183CD998FCE49F6F9373D03A33B3D39D14BA0,C05C02B74ADED5E757FF25A2DC3F24BA47D88E68CC5DE402FB48178870426F1D,,PASS,HASH_VERIFIED_SUPPLEMENT_NOT_STRICT_FINAL
M10,GridDehazeNet,D06,20,11.78735637736276,0.3532133587315807,0.727024495601654,0.5193637013435364,987C1D848366DD1B84A7141B5AC2F5452DB7047896FC2A41C121AC259EFF3773,40D87A8EBEAC674460D9CD72E74F9B026716F858F604E6EB1DBB2478208C716D,16C1CDE78565CAA88CE9E7B1940C424C6C12D171FFB5A464354A30C8B053869A,,PASS,HASH_VERIFIED_SUPPLEMENT_NOT_STRICT_FINAL
M10,GridDehazeNet,D06,21,10.957347474627685,0.4199788853012734,0.7845509052276611,0.5878790616989136,6307ED17DBEA16BFF63743D58A5371C35781CA68446AA87B7A05D0E838E1CC8A,5C8BC9FFBC8201C16E9BCE5D90A5F161A9C8DA8468748E2FABF80AAB4FCDB643,6530FE005339295562661C85087BD8D5B3ECFE090901CB1D2ABA47EDD04CE6B2,,PASS,HASH_VERIFIED_SUPPLEMENT_NOT_STRICT_FINAL
M10,GridDehazeNet,D06,22,13.486513657976321,0.3702589162785162,0.8387453556060791,0.6385383009910583,658DAB1A00B41191DA6A17878F89EBF1C6EE4B679E76B985B7F5A6178124CB2D,60B2E368C115B017373BB3925BD64F0FFC7489196EFA4F7F2D51B1110EEBBCF6,F56D79D212A0271B747F71620EBD39E2D2C9606A7D826CBEF7B0C055719361BB,,PASS,HASH_VERIFIED_SUPPLEMENT_NOT_STRICT_FINAL
M10,GridDehazeNet,D06,23,9.822181466782174,0.3657125807638208,0.8632549047470093,0.640351414680481,2DF3BD74DFE3A4D18ECF6833B7D7FCEAE1FEDAE4039223E1E86DB754951FB8A7,4FB429EA54743E65809DEDD34FE869410472A853F1343D8C0827CC34ED7A4C77,0E432983576C1D62EACAD1CE5E4C8395BCF8C1C0B7B10194F640CD44F932928C,,PASS,HASH_VERIFIED_SUPPLEMENT_NOT_STRICT_FINAL
M10,GridDehazeNet,D06,24,7.845152049917354,0.2483399048497115,0.9365917444229126,0.6118335723876953,63725360B9BB3B219193A540E9F457AEC2DDFAFA55B5286BA72EA9295CDE274E,52F5674DE315B42A7874D987100F209DF1337734CFF5E8C92FB9ECD104156BF6,D6C00BB88D6A5539A03B4C1BAD759DF6E1304ACBD7DD45F2F02263061CD33966,,PASS,HASH_VERIFIED_SUPPLEMENT_NOT_STRICT_FINAL
M10,GridDehazeNet,D06,25,11.03120374606253,0.43178928319639603,0.7698810696601868,0.5621199607849121,0F2A2FBC80EBBDAD0A61F2FC86EABB120D31DBC05E7C58168098E0C6AACA4720,0BA15C9EBD7688A8A22A10AD657BD31E27ECE3F24B3E8778F0BA5D00AE09BC25,F784DD92686FB52ACD824D59966AABF0514C02A06FCCAAEFFE6E4C739907FA6A,,PASS,HASH_VERIFIED_SUPPLEMENT_NOT_STRICT_FINAL
M10,GridDehazeNet,D06,26,12.317399747054505,0.3560716026114769,0.8657041788101196,0.5844093561172485,CC1C5D476941198784445EE48CF4A0618B350C1DDF195451C8AFD45306EE7592,06AD8C9C2F0C009268BB287F2C4FBF0119DC85F1831B4FC286DAEF45FD4805C6,E586CDEC9C5C9FFE92E99868C488A33E114C18328C4C4C70AA1B7A640D69C3A2,,PASS,HASH_VERIFIED_SUPPLEMENT_NOT_STRICT_FINAL
M10,GridDehazeNet,D06,27,8.935906975707374,0.2707430130472208,0.8592486381530762,0.5657159090042114,74B1A368A32180329F912850A4B622FF7CCAF0BFAFBB49931319D018C95CF861,4B8D83C4CDF79AEA0AECE2B70A36F852D458F3963A74AE4256179C946622609D,413FA4B86CCBA6E5902438657A5D83654C1206849016905EF405CF44DDBC6BD4,,PASS,HASH_VERIFIED_SUPPLEMENT_NOT_STRICT_FINAL
M10,GridDehazeNet,D06,28,12.280816012509057,0.660788211246698,0.48550519347190857,0.37928295135498047,86CB8BFB9D9B93E243E70A7B06750BB4D600F9824ED1C5413481279F6A3EFEAA,D946AF2A3985F8AABC9657C944591DD577D2D5A34CFBBC2247B328651226AA9B,E25F2449C4C83D8AD1536B1F6BD60095ACDB41C66AC7380BEF9A81125E4B248C,,PASS,HASH_VERIFIED_SUPPLEMENT_NOT_STRICT_FINAL
M10,GridDehazeNet,D06,29,11.201713903812717,0.4224838056014499,0.7515274286270142,0.581031858921051,2E217089D7DBD0D87A7278BDE3316CC67BB5AA909F0B2C79D37ACAC25D9ACB43,B2A6F36C1346016D992A3AE0F5320976D04A6980828B9BD4626EB5DDCA8BF39F,BB9731A4AADD43904EB44B45F028AAA7530BBF9DFC136FD30659E8C031DFED96,,PASS,HASH_VERIFIED_SUPPLEMENT_NOT_STRICT_FINAL
M10,GridDehazeNet,D06,30,9.94402845504758,0.4684640785917244,0.7291434407234192,0.528784990310669,F805D7B18D0450840510982C28BB488F49971E13370FEC14BFCCD5D90FA3D55C,1EE74FB57012F24B04F04E826AECE6D29063371B122630F228671E9C662481D8,5308D11EE4564174646D71DA1BF68350D5331A63924AA90DD438033E152F43C7,,PASS,HASH_VERIFIED_SUPPLEMENT_NOT_STRICT_FINAL
M10,GridDehazeNet,D06,31,8.768287597445955,0.4353143245706506,0.7483434081077576,0.5912488102912903,5B4752F6B9AB26B81E82D0F5050D45216E4224B58A5C1BFBA3B1450087522335,23E6DD267CD37701626769B780C7ACF0B1DB9DE5CF948BCE59A254A49DF093E8,A55C51B8E29462BB134E92F975820E2B1B525D99751BBE6AAA463E09F63C1586,,PASS,HASH_VERIFIED_SUPPLEMENT_NOT_STRICT_FINAL
M10,GridDehazeNet,D06,32,15.61170920971368,0.7985032052050681,0.45127370953559875,0.36679261922836304,BD6B4F664DBDD67FD65C626D6305C2D749E8BA501BB0B13922AAD0374DE4B68F,EAFCCC0689F0593E9129F67BC528E9505050795EFF27F133FAFA5BA77869174B,E3C2281E1BBD0688422C3409DBBF1E21B4761BE1254571B3F6184C6F7F61E34A,,PASS,HASH_VERIFIED_SUPPLEMENT_NOT_STRICT_FINAL
M10,GridDehazeNet,D06,33,13.011288284702722,0.45608491575354465,0.6885247230529785,0.4265294671058655,351A2056999C9EE643F737E055CC2507C510C7FCF88B602D2EC7B20D12C71330,A0CAF6E489C3E91AC5CE02B14EF77A8F1CA15FA3CACC14E5ABADBD8F56946518,798F467418FCFC372166FE0FFC7EC3A66F09B61208A8841EE8DE50FC92C965C0,,PASS,HASH_VERIFIED_SUPPLEMENT_NOT_STRICT_FINAL
M10,GridDehazeNet,D06,34,11.473961672742455,0.57765303587195,0.6992652416229248,0.5426070690155029,9684809E3D2CEBB9498D368DB76487755B47C918B8AEDA34592F0760827B62E3,3D36540A6E5742D0E0B3A8406747E3DA1C8FD083C4C487266A1CA8F9B55E1104,6F3937C64D2A5726C47A14870F7AD2A69C9D857FC14B5F7FDC1FEAEB4A2FA63B,,PASS,HASH_VERIFIED_SUPPLEMENT_NOT_STRICT_FINAL
M10,GridDehazeNet,D06,35,10.031263936939887,0.5348894044469081,0.6981783509254456,0.5424932837486267,42B393C16A0124EBCC5221226C70D3898641E63EE485166FECDFE91DB3D9BE93,5385E420F7F42485979C8E65AC957AE6D7245831CCA02585CA39BD658E562F55,0D5D0A37DB1175C9E6AAE0763EA103011B9B41DF08CC8D05DE069910AA72320E,,PASS,HASH_VERIFIED_SUPPLEMENT_NOT_STRICT_FINAL
M10,GridDehazeNet,D06,36,13.112563447668757,0.6579174439316434,0.4626256227493286,0.32791846990585327,6F8DE0ABEF45000A285E3CC6C5210B5BFD2FD1CA972A46D6E1F89B20AF7945DF,AA92DE50B482FEFA542AA9AE0E1084CAD9D988260A3BADB4DEFDFC660A9625CA,956ABB7C5CECD2B17B22BC0276D4CDBBF236D442128562B7DF69EFFEE8ECF47F,,PASS,HASH_VERIFIED_SUPPLEMENT_NOT_STRICT_FINAL
M10,GridDehazeNet,D06,37,14.153527627676501,0.7103832151591005,0.48310387134552,0.3038409352302551,E71A9F85D51AF0EA561A9C767B8AE577993B9E08CE0863B6E2B7647501248B14,5C2F4FD63FFE544C64B50E0063B95A445A3BDB6D2B83B06BDA91E19EE861F693,ED313774690947243FE733A2E25DD03ACD8662224F8D5935F21EC3AFFACBB4DB,,PASS,HASH_VERIFIED_SUPPLEMENT_NOT_STRICT_FINAL
M10,GridDehazeNet,D06,38,10.657700219743088,0.5218270678504003,0.7176086902618408,0.498154878616333,AC0E55355FDDCAFA32F131ABD0136E2E3B1AB61B93C0E3A4A13824B63772C476,1D7EB8668E769DD6516FC6F4BDB8EDB78C53CD4A5F4173B345D8B03BDE46590A,D0CD5B7894C6E3503A11AA092BC0957B118CBB3E64C2E467B3333DA004598F7A,,PASS,HASH_VERIFIED_SUPPLEMENT_NOT_STRICT_FINAL
M10,GridDehazeNet,D06,39,9.317964042342762,0.4820182720469753,0.6664977669715881,0.5293214321136475,0D7318F2DA6F596C1867D45AC81CC429EE8B07450F624958D647E820DF6DA61A,2C3C12556AC6868897D75E2E94829F1A650F9665C1375A81601A8850A242ABCA,FFC2F2BD6E900E98C557F126ACE6D4B105BE9EEDB91B06E590A22C57BC9D7389,,PASS,HASH_VERIFIED_SUPPLEMENT_NOT_STRICT_FINAL
M10,GridDehazeNet,D06,40,9.820654945943234,0.4492206346750671,0.696610689163208,0.4250262975692749,9340B5F5CD8234A0CBDC2603AD7BA8F01363A80B950414FC357BDF53643F7A50,EE5106C7E5154B941E5198B85C66284A62C8757C87E2E57DEA76A89E886DEE73,4F9E196353F02B123C236547F2A52F30FCB55C75DAF86345C8986A15698E75A0,,PASS,HASH_VERIFIED_SUPPLEMENT_NOT_STRICT_FINAL
M10,GridDehazeNet,D06,41,13.856634561669301,0.6331565727537417,0.6457849740982056,0.45307785272598267,414B2CDDE8D201E650CA35FB5F5B5049152549BEF8310307D7FDFAAEB87A933E,58CEAC6ACC041584C7E9B0870F6A9168BA86141CD679ADA25F31DB7B62EC7E7F,043E3EF78BF3457B3989110B6643EB9CCA75D6B9CEBFF31E7C257710424DF752,,PASS,HASH_VERIFIED_SUPPLEMENT_NOT_STRICT_FINAL
M10,GridDehazeNet,D06,42,10.767787966055948,0.45031442691637463,0.778820276260376,0.5389920473098755,756A2778DC7A36C3D2CE980C5704D3FF28DD9A134F2A5FD8EFA8ED98B5289EE7,C2ED2578BC9F78C25FB211535C4A2971A8C3B431F614D0C9F8780B7CB0790D97,5A72FB32BA4C992FC5207222638D0E05DD0622A43BC4B6DC8F6FA35D4BAA4BAC,,PASS,HASH_VERIFIED_SUPPLEMENT_NOT_STRICT_FINAL
M10,GridDehazeNet,D06,43,9.866398058282874,0.4411449479703217,0.83265221118927,0.6052130460739136,3581C893E71E6CA49BDFCB723B81435EC50078B6E1CF70AF13057AFFCB79FADA,75EE61876685FF3EA4386CEF532CAB226869419C2C5E735A266EC81F73870EE8,B6AAE0E024758BC299103DEBEC175CF9DC7166D8FCFD1164106AB571D28945E9,,PASS,HASH_VERIFIED_SUPPLEMENT_NOT_STRICT_FINAL
M10,GridDehazeNet,D06,44,9.843623905970091,0.6867675241167479,0.5606311559677124,0.5201631188392639,54849343586BEFADCB455A636AC8A1B4587675EF2ADD444B3A0C88540336967F,4677B2919C21BB427B463704AA14F6E43A31D75CA9F6A386CC93C4BA057976B4,9D434C55AA0D9E7C29A23816DBC9264FB0798146A963F1AFFB02FB6F7E1958F9,,PASS,HASH_VERIFIED_SUPPLEMENT_NOT_STRICT_FINAL
M10,GridDehazeNet,D06,45,15.21612873316402,0.6845485137871443,0.5478492379188538,0.42266958951950073,F00E9E30C19105E15A58BB72D8121F667B8A672CAB354083AF93B83E4E6223B2,289DBAAFB99744D36CE926A0E7295347F4CC7EC9046AD3BF6FDAFC350FE13077,4BF6AE5D3434CD0F054ACAC337E3F44E3B4FDCB2DCC9A21B9D42D28DF894EA16,,PASS,HASH_VERIFIED_SUPPLEMENT_NOT_STRICT_FINAL
M10,GridDehazeNet,D06,46,7.788911673261088,0.18730249714360872,0.9569216966629028,0.6393733620643616,70C79F4BC69068506F9CE17C15310ECD5F39017A27A72073804342CFC9B0A303,FE99499E05AAA1585150392C3E7CCFC905FC688437457FDFF610DACD025C19DB,4C68FAEC959AD1EC3E295268DB8E82BEF1067BCDCAFF53E9BC8A4FABE74DA234,,PASS,HASH_VERIFIED_SUPPLEMENT_NOT_STRICT_FINAL
M10,GridDehazeNet,D06,47,13.11482195929191,0.5490940416046154,0.62995445728302,0.5181030035018921,BC315CA9E20F6A05B04FA37FDDAB7AACD6BE60AC81C7FD41BB287BD60DAD088C,1CECE3856BF4DFCF4B9C80666D48D912AAE091B90B181F2171A1BDD84994F7F7,7137E8183D9135B5C1B0B4F9511CD669518EA5898255161BC277D982730D4B26,,PASS,HASH_VERIFIED_SUPPLEMENT_NOT_STRICT_FINAL
M10,GridDehazeNet,D06,48,12.98170744968181,0.3704190003711603,0.7899328470230103,0.5026164054870605,F571B7AB63B6D6D821DF667AEF1E29805528226E8EEB5CFA9303DF48DF39DCB5,92F152AF6E8FB82985768D781E682CE5D784A44972923AA132A1C13AAA01DE88,75DD700AF10318FA3818B83775C55BFFCA10591BC33B918EFA082192182CE11E,,PASS,HASH_VERIFIED_SUPPLEMENT_NOT_STRICT_FINAL
M10,GridDehazeNet,D06,49,9.328764811793107,0.3433845504942667,0.8805482983589172,0.6436790823936462,1115F4A9A191EADBDC45F0F44D4FB0BE368722CFC3A35281BDECC4D38F6C1D7D,3A6934BB503339653653D396FA5108DBB8E1494BEA220B6E6A21718B192AB6C5,CC05B04A421EB4B1012A0BE82B11F306DE10B15BBF5A84ADE7E3017702B5107A,,PASS,HASH_VERIFIED_SUPPLEMENT_NOT_STRICT_FINAL
M10,GridDehazeNet,D06,50,10.054872292262822,0.34156382092340537,0.8147326707839966,0.6056462526321411,1546122878AD4593E7C1539732427F1EA58D883AD866598610358528D1990CAA,3E75FD29C9B51438209E9418AE82107BF256B9F9A3598518679C898FD1392E4E,173597CD7F6BBADCAB2FC6C1BA83E32F333C9E6EB7FE080FF9B2C9437FD9B135,,PASS,HASH_VERIFIED_SUPPLEMENT_NOT_STRICT_FINAL
M10,GridDehazeNet,D06,51,10.893336629757627,0.38536225513705213,0.8062834739685059,0.5943087339401245,8B58351977C32009FDA9AE77E7B0A48B78F0760415BA62708DE1F062CAE1A3BC,78F7185C2B2575EC6608A760D9FFF23B2C51B9EB6AED7731D27A0F15EE813305,072614D21A5BC86D7AD2385DFB3B0A7C3B2900C2B3C1BF57DEF602F5B3A35CE1,,PASS,HASH_VERIFIED_SUPPLEMENT_NOT_STRICT_FINAL
M10,GridDehazeNet,D06,52,7.099500074011409,0.20017066772833056,0.9264413118362427,0.6589991450309753,E270DC3AE20CB709A9C369A58051984B64CC625BF58F4B16B6A23A0C68C84F77,E3A41F09926449C7149D31717FB0D952C2646CFEA459A225ECA94F3827E1366A,0ABF9B1AF46C64DA4452A1551BE6FAA8160DFD94DC20B2622A211B6E5A5A558C,,PASS,HASH_VERIFIED_SUPPLEMENT_NOT_STRICT_FINAL
M10,GridDehazeNet,D06,53,8.196567706389976,0.36308760055119943,0.750723123550415,0.5259883403778076,32D8328FAE01F5B48EC165032C30E7DEA8108B963CC050F39241C2AD0A461CD1,7240309CAFC4252BDF6C2A6939836185D61DCC6D4BC30AE43149D28298D1A85D,E2BA15D557F7A09B117907BAA68402AC2B642C3D2FA82C5E4F8495FC2F3CEA99,,PASS,HASH_VERIFIED_SUPPLEMENT_NOT_STRICT_FINAL
M10,GridDehazeNet,D06,54,9.308868061887573,0.5912711238729501,0.6092051267623901,0.5446829795837402,2789C6F938DAD041AD72E0FE3AB1265D3B0A38C6927952A3F1D4C5EF1EA35993,ED019DFB21462F398F1438F86C9B485CC35EA554AA1E136B62BF915309FDC04D,BDD51FFB37B3C8D1B4D18B2F6DF40DAFA0533F65ACB9293B04100141BD3A6BB1,,PASS,HASH_VERIFIED_SUPPLEMENT_NOT_STRICT_FINAL
M10,GridDehazeNet,D06,55,8.5269344784943,0.6099544202910204,0.6734536290168762,0.5391744375228882,EAE3612C4E4F36D7F813D764CFA6F8F6BAC2A0C07C4F63664511A3906D9B3F15,DAA30DD018EBF3DD71AA19291AA9A98761FECE772CF96491C05C756E6664AF2D,BD737827ECA4E68BE872C7D6844EA7C20A88D3F15FAFDC84A1A57276921AAFF3,,PASS,HASH_VERIFIED_SUPPLEMENT_NOT_STRICT_FINAL
M10,GridDehazeNet,D07,1,13.942536074043549,0.579723438645455,0.4809855818748474,0.26631075143814087,2F4AC211C76670F483FB4C23D99B792EFC535D60D2F88FCE905E47474AA29927,70DDEA3297F6FCB7E7E5E3142C38719BE0AD8F87AB385A057012AACB5113C68F,0714C519D5E59756F9E668F3F8B2BF2A79264FF994AF1675529152C14053658E,,PASS,HASH_VERIFIED_SUPPLEMENT_NOT_STRICT_FINAL
M10,GridDehazeNet,D07,2,15.231022295345014,0.6190810862208216,0.3562118709087372,0.1325904130935669,DBF9E753F94175E37390DB89FCFF1E0ABE7FAC13C9474DCEE19B03613683021E,CC029A27986DD6463BCD49386723FFE36FE308C9EE5C6463698E4F3F01480998,D48520A8AEA0044EE7D8EB54C6DC274C1A2D2EFB9D55F372E7F87717F2780470,,PASS,HASH_VERIFIED_SUPPLEMENT_NOT_STRICT_FINAL
M10,GridDehazeNet,D07,3,9.78334294939496,0.4746568441108901,0.5613362193107605,0.37490421533584595,29E32163B37122631BA38311ECF7959DCBBB846FC5709EC1B6D62D17542929F2,76AD76C262F7364714F6B29D836B59238B650B1E5B1E0BD486156CEAB03DC154,2571734E57AAB2BB5F84DBEE85EE2F82A9D7B9558A50C2C81B4EA3B38D2FBF48,,PASS,HASH_VERIFIED_SUPPLEMENT_NOT_STRICT_FINAL
M10,GridDehazeNet,D07,4,10.843828276021455,0.5074762378441374,0.548175573348999,0.3335113525390625,808D29FF6D04386D2358AF34F8AADACE4F1FFFE9D54D0626F5DAB18D5EDDCCE5,9387284B38B410CD4C0F89F74527FB1DAEBB683FE6ABC6C62BB59191CE5FD145,F1B53D4EFEC43C94E2FD0A4FD0439061B967313C9B53BBFA6A56FEEEA9F78570,,PASS,HASH_VERIFIED_SUPPLEMENT_NOT_STRICT_FINAL
M10,GridDehazeNet,D07,5,11.447598612207099,0.4413953764414442,0.6079133152961731,0.3210209608078003,7695569A21B066AF399419312F4A06DFEB7EB38A07804B5E41A9FBE4240F3556,4412819E0C0E25B295B131ADC01167CA0D21F1931210DC431914AC0D6A353334,CB6D9823BABF1FE46C14A7F719A9FBCA7A1A08362C0AD477E5DC887D2BFEAB0C,,PASS,HASH_VERIFIED_SUPPLEMENT_NOT_STRICT_FINAL
M10,GridDehazeNet,D07,6,11.565693199946995,0.4838108180821905,0.4902709126472473,0.2695767283439636,8228520490DA79602D9D4BB21E8BA2334B661A2C119BB4FE6E7C1A903B5BDC80,036D40BD93BD9677A93B0E0A7512980CCC633142FA9768706C5535D2774C9340,C75D64EE913C0975CAEA9F6D453542AF3F17B12C2314C940E458FBEDDA24B6E7,,PASS,HASH_VERIFIED_SUPPLEMENT_NOT_STRICT_FINAL
M10,GridDehazeNet,D07,7,10.676350119783926,0.4591072456800436,0.5945181250572205,0.3482975959777832,2D97788E461D52BBAB88A44475C4A5E1875D739E8F4654048F7CD03C5C088431,282F2AFF116AF5DF945814499F5817895B9999F66B8E2AE1CFAF2EBADA3C19EE,D7780475C196268B6ED2F0CEF2F9E12BADF12DC88B2B3DDCF38C8594E657F28A,,PASS,HASH_VERIFIED_SUPPLEMENT_NOT_STRICT_FINAL
M10,GridDehazeNet,D07,8,13.773827047903708,0.6423433925760108,0.24892757833003998,0.18093252182006836,C77D35C100AA7B6515B397B780BCE1C4BF88A6CB2B13F6EFFEDCA2025C864A12,E6445594B2275DF4CDE50999ACCA8E938F3C1D1C18621F09933EE7CCE15C6113,C2B104F55C601CA7BBD0153B358EB19FA010FCF575EBFD1F82421FF174BEA3A5,,PASS,HASH_VERIFIED_SUPPLEMENT_NOT_STRICT_FINAL
M10,GridDehazeNet,D07,9,9.671437806019568,0.46021587089481003,0.5996604561805725,0.36075401306152344,AFE1125E5AE8C757F8F9F75624A7AD28CA5727748FFFC89F88C3A119D38073E4,FDB65CE15ABC481D61FCF6728B1482FE58576403FD03AB5AEF5099079C3AB3C6,66E719FC866FC3AFF748EBA1F7318B15CAC60269E988E098C45CB16125A8CD05,,PASS,HASH_VERIFIED_SUPPLEMENT_NOT_STRICT_FINAL
M10,GridDehazeNet,D07,10,13.66753442724358,0.603649796199798,0.38442787528038025,0.220223069190979,08E9E0A333FDF0CD6AD1651F612CEADFFB47DBC621289AAD7912C0D275D835CA,2AC9F28AFB08A5F2EB1BAB222544E28C62FF0331216508B7B2B361D03C409C77,386A388C3F5F2C0D3E6509A55FE03C338B1A2051E5C04A513355B4CF19384759,,PASS,HASH_VERIFIED_SUPPLEMENT_NOT_STRICT_FINAL
M10,GridDehazeNet,D07,11,11.16136855206317,0.4003754855956731,0.6767978668212891,0.3862180709838867,CD879322E71DC73881BA394DA129D051C80BC96FB38F62C716C52DA5DD9843CC,DF0AD43890D1D228B6FAEF5336D6128A715E2A350525F7260E6D4C5A900F7DE0,217473336824AAFEEBC6D90D7C1846149C2FD990CAED128BDB635DDBDDF34E8F,,PASS,HASH_VERIFIED_SUPPLEMENT_NOT_STRICT_FINAL
M10,GridDehazeNet,D07,12,12.791130381775591,0.49743335692600416,0.5195887684822083,0.3232981562614441,DF826917978479CB544754875EFB5312388DFFBDEE9AC4AAF4FD19C6BC175BEB,2B9894D7AEC2FFFC8804E4E790E71D455831FA23423831D87875ECF37FB6987B,E9F34A6017869C076EC4CCEB658C271DCBA6F30C06EC79AEFD7B9837FE4F20EC,,PASS,HASH_VERIFIED_SUPPLEMENT_NOT_STRICT_FINAL
M10,GridDehazeNet,D07,13,13.023508940869421,0.5755696474281878,0.4260918200016022,0.30268794298171997,C5DF23FE4916054042285B1A900B08F4E6933F06962AA6E774B546B1F79A4F1F,3AB5EFEF688E8DF19B1C8A2DC1BD23316ED2EE75EEFEB5B0375166AEDBBD415A,16777BE63C5F377BD5A777736F2D4F3840190D24D0CEA409AD8AE8DA73306375,,PASS,HASH_VERIFIED_SUPPLEMENT_NOT_STRICT_FINAL
M10,GridDehazeNet,D07,14,15.101803522031096,0.6510841744545478,0.42867156863212585,0.2183535099029541,E0BEE00FC3DBD4BB8A2E943525DA05D00D8DD20489AA818171BD3A73BC19143C,A2D892354F97C06A62BDDAC58EC75C94986103486D6CE395707672298D9F573D,B1B3A7D1353EC51CE1BB64AEC6FE588EC75378DA40C063FCD63961F361303785,,PASS,HASH_VERIFIED_SUPPLEMENT_NOT_STRICT_FINAL
M10,GridDehazeNet,D07,15,13.473438076071245,0.6450819820837713,0.3011736273765564,0.14560651779174805,47DC42CC419222ABCC877682642262D615A25954AEE89468F0375D2BE1B25A68,B87B8A8BB2F5B0B370F4D55436305ED02919618BF1FA77369662EA28710AFC2E,C59536B2E268668243820DE6256706B5BEB99A6C20842253DBF1FC0E089E0FF7,,PASS,HASH_VERIFIED_SUPPLEMENT_NOT_STRICT_FINAL
M10,GridDehazeNet,D07,16,16.717832544309474,0.7196763082537929,0.28738489747047424,0.13027691841125488,C6E8CF1214F28475A4DD452F21FF6D0873BB8FEB329AC4F16EFE18497621949E,609B9113CEDC5E3E08ADC4E4510F0260024DEE7547DE4589E9F455469281BD05,95F93ACFA97BC855A824F90314AA0C2CDFD0C7E3BE2A28319961E42AD4D90044,,PASS,HASH_VERIFIED_SUPPLEMENT_NOT_STRICT_FINAL
M10,GridDehazeNet,D07,17,13.311303222816736,0.5606275392323409,0.48239797353744507,0.33473002910614014,6065AB75F4C64FA2B7819F1BB665539086625B585B5121B19A66200F8FBDC963,5950E9BE89EF46EBD6321CA3979B7EFB1908B99D763926192B0F96AACF1066F3,BF06E9AA3799630C81F29CCBCB526FFCBAAB8BDE8102A5D43CD34B9603FB8F4A,,PASS,HASH_VERIFIED_SUPPLEMENT_NOT_STRICT_FINAL
M10,GridDehazeNet,D07,18,15.126456333517893,0.6081524300867794,0.42344003915786743,0.25376540422439575,3D22552FC2EB9BE5EA517190DB592B213CA093943A559A7BA520C55CF3FF618A,B24E1E07B2985C4406F26FD22F730432A6F062584C6A83B4C81D6593439C7074,53CDAA3FFEF3642F7067A643AC5A9204E944C55695D6CAAF9BC3E3897CC5B610,,PASS,HASH_VERIFIED_SUPPLEMENT_NOT_STRICT_FINAL
M10,GridDehazeNet,D07,19,13.77460908029666,0.4613602253519882,0.5874379873275757,0.2919262647628784,7AD7060FAA048C6B435C3F96D294C762BECF6F08D30F9FDD41DA3E1CDA189C7D,4EB4973F803989966ED94BA8909BD94592B9892E6646B6162FE44099AA5AE7F4,5880A2150CF121C626FDA6C43C843732DC7BB44E2D92CAE75AFDF02808F5CB27,,PASS,HASH_VERIFIED_SUPPLEMENT_NOT_STRICT_FINAL
M10,GridDehazeNet,D07,20,13.792466434913955,0.4284585291180684,0.6898850798606873,0.37212586402893066,836386F0CC7777CA7086DAF7E26FC3EAEF4BDB082CCEA9D0286DC323A35015EE,63DA7322D9B38BBE8BB48667D06081E3C3934893315DB595912BE563FE5B4A94,68E81FEDFFA20C95045DB9E921FB50FFD667B61EE6057BEDD3A337E9669BA5CE,,PASS,HASH_VERIFIED_SUPPLEMENT_NOT_STRICT_FINAL
M10,GridDehazeNet,D07,21,10.937745205672684,0.5406830160466071,0.48417913913726807,0.2563595175743103,36B844AE012712DBC47DAACDA04A81883BE7D259F7D12A2893940AE0A9E685FB,8F6BC70A448EE17D017112E6BD6E1C91713D123406F6FBC3051B91A515D26235,5B46678835AD18841E09C35B712004837611AEA8E94953018DA29E6850598BB8,,PASS,HASH_VERIFIED_SUPPLEMENT_NOT_STRICT_FINAL
M10,GridDehazeNet,D07,22,12.788379867733177,0.4053803752396836,0.6830796003341675,0.4101663827896118,16D49FAD720777E427295C31DB5C5E4B8B0803FBDC16489839235468F4F046C7,353441646EC6FA48421EA2C5E9E05C357445B166BBD98A389597D4C9CC35D2E4,B96A1329D5892C072B3A4AFF7050C8F2AB87466D1BD4D589767CE5E87B98CD02,,PASS,HASH_VERIFIED_SUPPLEMENT_NOT_STRICT_FINAL
M10,GridDehazeNet,D07,23,11.882995835091396,0.6661986365774064,0.300839364528656,0.14006179571151733,28798CCFE92DAFFFC5ABA451C556C51D1136DCDF9D121FF3398B59F0537C9489,D7C4A37B02CA65482B3B118B5C7947C172E065243600C69CEFB0174305B5CCC0,DEB7C4A6634DB7C18B07B4FCC5384AB45A06633E289CAF4ECBC91E9B32242DB8,,PASS,HASH_VERIFIED_SUPPLEMENT_NOT_STRICT_FINAL
M10,GridDehazeNet,D07,24,11.324673387907254,0.5973176032945212,0.407981812953949,0.19813185930252075,4D9BA936BF2641A98737F01492B7A28497A815FC184FA76435659A955AE42F69,50546ECAB5ACFBD886119A284E96ECBBC93F6E73B3975C556622E320233B1F5D,A1C9D45271D53E57A9CD61FE75F36A67BE53D5D2A1BC239C041DCE59FA804AD8,,PASS,HASH_VERIFIED_SUPPLEMENT_NOT_STRICT_FINAL
M10,GridDehazeNet,D07,25,13.262892424624564,0.6100095455996479,0.5029374361038208,0.311332106590271,0A2F75698628581F29066D462AF1D989A6FD1A59717E196ECCFA4A44FB4D56F8,9301726D8A40EE4C50B58846E24E12A0A35A877A8F17A236A5B0DD3DD71BCEA9,645FE300EC0CA97DD6AF7D236B4E840D075C6196A380D9507BADB017E5CD19E0,,PASS,HASH_VERIFIED_SUPPLEMENT_NOT_STRICT_FINAL
M10,GridDehazeNet,D07,26,10.04487937546656,0.3856991218032537,0.6680164337158203,0.3881070017814636,276BEB466013030724769518F4FD0A6E15D815926F48583878C8076757F2C583,38206ED528109618D498071A4A50D26D80E2B00F7BD8243E56ACCC12D964216F,7ED81D7B5D393D97A2A87F7EBA167B8A14A2B4245238F9EDA906F79231187484,,PASS,HASH_VERIFIED_SUPPLEMENT_NOT_STRICT_FINAL
M10,GridDehazeNet,D07,27,13.98048328124032,0.40794866750447617,0.5849623084068298,0.3588607907295227,518E1B7213E350E8E195C5096C1CAED00808607DAAC253615B72BA443EDE4FBE,1D6A7ABDD4679CF924EA3E980ED410ED01C9F78C965FDC51668117B8A457A63F,D4F6A5DFE494127B943F846D6B7FE11481D1CAAD696C3636B2AF91B7B7D534B9,,PASS,HASH_VERIFIED_SUPPLEMENT_NOT_STRICT_FINAL
M10,GridDehazeNet,D07,28,10.670921573571244,0.36777436039374495,0.6246690154075623,0.3702682852745056,9DF77BBF1FFFE2759CA8C270FBF4F0D5174E5E36A5E14414D2C854874B26D0F6,4B81F25AACBDC6F63448BCDAAF39F393EFB34F16CBCEFEB2870F8D027718F852,00CCE28062127272308969F28D18989857A4870D68A73226AE36E7AFC4989229,,PASS,HASH_VERIFIED_SUPPLEMENT_NOT_STRICT_FINAL
M10,GridDehazeNet,D07,29,13.599300779784569,0.36162175368370275,0.5644243955612183,0.4136747717857361,203AFE68E56155636E21647CC997FC236BD0BF6C44A8F12BD325DA6B7E89A673,74AAADE504E46014B29AD28EB27BB5ED8D46D83BD7B9C229B3F6E3BC1EAA8176,E87BFE6A08C8C2E7FA81CC3B94D05493F8673C4B67FE0D99783BE2F0D82553D8,,PASS,HASH_VERIFIED_SUPPLEMENT_NOT_STRICT_FINAL
M10,GridDehazeNet,D07,30,10.162086959992905,0.42068968552577274,0.5591201186180115,0.3917582631111145,60580134EF6404C81DE70DEEDC69F09D5D57DF48E553EE30408122F9DFC3D8A2,EEA6210CEE42147E41CEF0485060596DEC20D7815E1EBAF22526B00DE0D56BE2,B68E9747679FA825488D4FFB4276DCC7475870C9361B2B492F517D4C4FA947AE,,PASS,HASH_VERIFIED_SUPPLEMENT_NOT_STRICT_FINAL
M10,GridDehazeNet,D07,31,13.279200560520676,0.43373458382281777,0.43251827359199524,0.2674601674079895,69E44A874A0857D29438461534818DBA226DDF909FC3D1F08E913F7C2AB1D7E2,2E390F7E2161DC0142F4E4213A34E33DB5B189F38E6E155978F492C110905C18,F8E97DA7370393C6AC1788E391817028CE96212649AF2EEDF31B824F9DCDCB41,,PASS,HASH_VERIFIED_SUPPLEMENT_NOT_STRICT_FINAL
M10,GridDehazeNet,D07,32,11.96542801857247,0.5255994338292472,0.47977641224861145,0.3243662714958191,785A8522D94594A5C3C96DD313D91152E4F302AB89D79B4F60E50D19F3C0A5DC,BF820C55B092C9B475A93B12097314C4EF7739C8ADAA423687FFA29FD1892CA7,4C7957B7828B6BB43A369F29C5F9111B12881D9ABC5070A6F35CB5B7E7F9DCFA,,PASS,HASH_VERIFIED_SUPPLEMENT_NOT_STRICT_FINAL
M10,GridDehazeNet,D07,33,12.9775847717678,0.2886967995103895,0.6850697994232178,0.46642035245895386,28FD01B20F1A8356E628EB9D28DCD947EED1D2B306E297103AEBCC5F88CD91BF,2F9270F190B25D17B714CC31996610236CA1BAF3FEE80DADE6F0877DDD1A48AF,7148B334A268D863895F6CB3EDA096C3BE93FD47DB2E00404F5206A6439119C3,,PASS,HASH_VERIFIED_SUPPLEMENT_NOT_STRICT_FINAL
M10,GridDehazeNet,D07,34,13.488688744191787,0.42556880050307294,0.5268346667289734,0.3681327700614929,FCF8ED69DE46A6E886F1600F8948140D776B73085E4866C75616774146580865,E22F3265C8232C5DBD4148A02EC2B2CB3BC481448EFA777318694E10C5E89213,3D371A77F674CFD1727131A77585FF1863C2BF93AE1E6CEBE84FFB8621F23029,,PASS,HASH_VERIFIED_SUPPLEMENT_NOT_STRICT_FINAL
M10,GridDehazeNet,D07,35,14.068023104357177,0.4805777961084399,0.4633816182613373,0.294192373752594,495F36A7350B3E1C12238E1869EE47D0183311EB5AA9863617FD08611A8B71D8,3041F0511BA5CB03C5A1DA424D7C196C2BEC7FDFB73911F5A484D14441217A30,485DAAA84ED8D380D60BFF58EF34A2CE904DC2065FD0617B52718112ABA9F325,,PASS,HASH_VERIFIED_SUPPLEMENT_NOT_STRICT_FINAL
M10,GridDehazeNet,D07,36,15.084688378425328,0.49588335635153175,0.5148251056671143,0.3390124440193176,DDC8377A47258EFBDE852FCD939462785827A0167C60CBCF2D5E1388EE93AFF7,DDDB9A267B83683FF4C57BBB891C541CCBD03F36D283CD226BB110934B40EF2E,FCE76469426CAEE09111ADF56E4D87E686020322E70058827D30B36403AB198A,,PASS,HASH_VERIFIED_SUPPLEMENT_NOT_STRICT_FINAL
M10,GridDehazeNet,D07,37,14.229826694370347,0.5402949866191676,0.41828030347824097,0.32559454441070557,BD1340B4AFD561C8663A29EB5A58FD79AA0401E00745CD7C67677FE7CB2ED66D,08DDAA7E314A757BF36ACBBF5E362E590F975073794A60B073EA712A7E195824,0295C918D5FFFF82054F9BF8D91EF18623BFEBCE372136E026D4507C3A65B09A,,PASS,HASH_VERIFIED_SUPPLEMENT_NOT_STRICT_FINAL
M10,GridDehazeNet,D07,38,11.182626973535573,0.4906521958175231,0.5009442567825317,0.3470578193664551,55D7DFB7916278DABEA6FF7342C68C6B5CFB49EED2550379B234B2B1E91BC55A,DF5C03B04D078FF0117E4BC6C80A3639B3893FDEFE5D44EB057F9828194ED071,CE2E8F51054FA547D6212847AA4E7A91C409EDF5ADD71C50694BA53ED828AC2F,,PASS,HASH_VERIFIED_SUPPLEMENT_NOT_STRICT_FINAL
M10,GridDehazeNet,D07,39,10.989654268937816,0.31053153086606033,0.6901576519012451,0.41147422790527344,AC903D81C1866E88888171F76B15B4294FBAB89460F9BC823BE67B83F48A304B,AAF4009568AC96ADD356C940833D0DB1CD92D68E5E22F7171C998D044025CA67,D27A3E453986D90341A74B6A7FDA50AC9D61AF8F8975AFBC66CB051021C1FAE0,,PASS,HASH_VERIFIED_SUPPLEMENT_NOT_STRICT_FINAL
M10,GridDehazeNet,D07,40,11.772506383923611,0.5784715521244762,0.4578450322151184,0.29965198040008545,7C2CDA7D34C8ECA64BF9BD048926A1AA3BC891D2B5121322D8676DFEF983AA4E,F84040D4A7208B1382EEDF84A3519460B560BA376A49929E4C17843A13AA03E7,6D20E6401BECFF8E25BF55DB4ACABF58D54626268709C6DBA8809AF53AA20279,,PASS,HASH_VERIFIED_SUPPLEMENT_NOT_STRICT_FINAL
M10,GridDehazeNet,D07,41,10.396821681609651,0.5153505185848831,0.5350087881088257,0.32806313037872314,276CD8550FB2A5D93B8FC9B3AA70F03F4F2DB0994E5AE3956F102D113F0C0653,1B746A2E1FEA7EF34A182FC03C48FF5598197754AF767165E364E8E7E736F1F3,222D3E1619DDC11B4EC9AA6148D4848528E0F5025D7406A4770BB7317FC125CD,,PASS,HASH_VERIFIED_SUPPLEMENT_NOT_STRICT_FINAL
M10,GridDehazeNet,D07,42,11.246279832135057,0.557566427180123,0.4690011739730835,0.3060287833213806,96D0D46DB26CE8069CC040C544B03466B78BDE82990EEF47BCE5268DC85786D8,1FA6871B81CE5A13EF3C9CB4AD41578E1DED901976EE7FD81B193E6B159E6E34,7469DD253CB945C5A21CE37C08A83561B519301D645D985DBA1DA60F6D47C49C,,PASS,HASH_VERIFIED_SUPPLEMENT_NOT_STRICT_FINAL
M10,GridDehazeNet,D07,43,12.454306302494471,0.515484541647599,0.44466114044189453,0.29396605491638184,92E86C4F14A09D2FF33D03600292979095602F12C890019FC284131E29ABA6AD,760B8C97FDC44758E1D0D966D9C9C2BC6080AE2B37F6A240413AE929F96DF260,AB744744285F4B09A6AEAE699A9537B2EAB6FF90C04437D0E6DF0F33DE15FEF7,,PASS,HASH_VERIFIED_SUPPLEMENT_NOT_STRICT_FINAL
M10,GridDehazeNet,D07,44,9.346969197038785,0.46781319154516043,0.5469430685043335,0.3361702561378479,6FAB41B0239CB4EECFAE696EF12C66667CFB23E69797CA5D5001301179ACF265,EE03F159BFF1E0B5CF0FA9792C26DA85D951A46BE2996DD4EE5E38CCDBD11063,BF07123D73EB68D8573162B1E426DA9A8FF0951619E290F9E531B86D7D946F63,,PASS,HASH_VERIFIED_SUPPLEMENT_NOT_STRICT_FINAL
M10,GridDehazeNet,D07,45,12.584618520633244,0.5151567915517669,0.4937175512313843,0.3330498933792114,25E657687F02DEFF18C74AF29EE167F04C7F360C8F6AE40CD005E2F6B93B22F8,40B2C27DAA91346E8DAE0634F58B1908F4C9947BC5A4AC1B292060021AD63F48,F0CF9752F89FCE2002AA72E0E49604FB3E90CDB33326E5F0A0719861C77B657F,,PASS,HASH_VERIFIED_SUPPLEMENT_NOT_STRICT_FINAL
M10,GridDehazeNet,D07,46,8.788099393324663,0.4332323514637237,0.6528468728065491,0.4011682868003845,BF25D291BC088BDBB4589980E3A456B95580947393BBC4361B86B2A856275469,DAFDD0CCA03EDC3FDDECC00BE107C7BEF6CF7324B8CBFEE47BDB1A1C62BDA2B9,66BE6BA773D7D492C7811E4C94F7344789C11CE17008A36A783B2FD3C6B11F12,,PASS,HASH_VERIFIED_SUPPLEMENT_NOT_STRICT_FINAL
M10,GridDehazeNet,D07,47,7.540946005266543,0.4308132020289104,0.6373059749603271,0.3713671565055847,DF0FA40FD6104B249E475516FB131D1EEB075B4686516E27E2913C05B3A85EE6,D8A0D21C5F0F0D012F2131175A37811616DD6D606A28A25093213DB79404A585,720158A17D4C6922B697FCB9DEB829BB6D5389E903E181E76BE55959CC3AB541,,PASS,HASH_VERIFIED_SUPPLEMENT_NOT_STRICT_FINAL
M10,GridDehazeNet,D07,48,11.779880912172798,0.3240619339657926,0.6571382880210876,0.39272600412368774,3B301E07DE8F14832F593EBE8491B039EE7C9D289CF991F9788A0DB7B20095E8,6B74FC289D89DE2B69A6ECCB274AEBB570FBCF4802BDEAAAE711C8AA74F1214D,3790F73B1A8EA7F39F33A17120ED2BD2149B6BF716F0E1088FE63BBADCE8DFC7,,PASS,HASH_VERIFIED_SUPPLEMENT_NOT_STRICT_FINAL
M10,GridDehazeNet,D07,49,13.784372078089762,0.5789742473767384,0.43314987421035767,0.26670897006988525,C42F9377AA6CA30FC45067B98D33ABD11EAC3FB614BEABE92473F4DC6E6D81C1,75E7F67309BD2A83D503756C0BACAD4F3DDC7D5C571644F16F8A310E3E05D152,FB7FC695A469E40A2E0DB8975C63F96D7A117F74D02A2E31D937C98C23570FF3,,PASS,HASH_VERIFIED_SUPPLEMENT_NOT_STRICT_FINAL
M10,GridDehazeNet,D07,50,13.370984233509166,0.4437461952319823,0.5063968300819397,0.3145800232887268,6EE7CFAB524B06C8FB85816E4904C25426693FD1DAE0624D52EE106FFE336D84,078C6B1C923459F568D242F12819DC727F4C83744D353DD439CF3D217F790E2B,0CC48C13E34C185E3996D3F144C0D2F28B22868E73EF96735531CC35BA6C3A1D,,PASS,HASH_VERIFIED_SUPPLEMENT_NOT_STRICT_FINAL
M10,GridDehazeNet,D07,51,12.10685351249425,0.41460925584242886,0.6067675948143005,0.4554360508918762,DC66B010FA0B129995CD5BC405EB0DBEB4F0AB69EA9DE677527C274EFF456074,F1272787458CB07FEE6D5FBF60372A17135EFFE21624E0F5399AF5417DD7F33F,CFF3BE9E9ECF9154DFFA57B26BD92D17A56245650484B48A71EC346627AC5F60,,PASS,HASH_VERIFIED_SUPPLEMENT_NOT_STRICT_FINAL
M10,GridDehazeNet,D07,52,13.182621758932452,0.5238616889433713,0.5116876363754272,0.2762342095375061,0B357FE8678B05CF3108C1B9C3F17369BE95E1296EA6D0BBBC2CF32511D6D1F1,E0293C9563B13300E5CCFBC3AA9B1A08C37F790AFAD174C032E7931B6047AE41,B0594E55E30A2A7E97F413D63D0118B03EC91189B1CC65102884E0D487633A80,,PASS,HASH_VERIFIED_SUPPLEMENT_NOT_STRICT_FINAL
M10,GridDehazeNet,D07,53,10.870540770946429,0.4806508696259459,0.5597736239433289,0.30894583463668823,B45310A5C6D3B5B8A41FF1C91FF949016FC4A30599E76F5F3B691FE25928EEAB,6E0248CBF1F21BAB1A1DC4A8C461B8F4E8A46801364735D08B51A61B6CD24F7F,547EB1C3A2D7931851E695B51E6AED184AE20B650FAA6C840E5850B419C76EE3,,PASS,HASH_VERIFIED_SUPPLEMENT_NOT_STRICT_FINAL
M10,GridDehazeNet,D07,54,13.742995917853172,0.4640368757931373,0.5287209749221802,0.26129794120788574,CA3DE5F9ECAE90CD1F2279FBA3522E283E1C16F8B85FEFA8C041705203C33AB6,834DAEF81393AFC39AC73411D5F59542911D7F9DC23B19C999E3A4F2EC8BF28B,7DD6A5C3D5BC48B56E9E9CE3D6695BFAFC7AF06BD6082586E9743CF4A0CDBE2F,,PASS,HASH_VERIFIED_SUPPLEMENT_NOT_STRICT_FINAL
M10,GridDehazeNet,D07,55,13.972043488438267,0.45464783388219027,0.48832792043685913,0.2718082070350647,0ACA5791D2F797CDAE61691DC15A70A4070BE4303E25B976F1CA530779D0ACFC,5AB38AD0A643FEC9C67CB841646B0CEE2EBC0946A50C80F5EF9C721297BCD023,E8BA85D76EB2999E9B6BA12F1B2E0DD8D758285D4054FAF875FC659477F0979C,,PASS,HASH_VERIFIED_SUPPLEMENT_NOT_STRICT_FINAL
M32,WBPGNDN,D04,1,12.855991747240905,0.6604988922544441,0.3022533059120178,0.18540585041046143,3c0d534654c7a4365a783b3c11ff6659728b8a26a0f7e3f47ecac37018cef9a5,2edbb4125d4247bee1342b2c65fa0b5d03fab855bd24b00cfaa7a3a74f1076c7,252971cda2e9259f4151d4367acc5134876684cbbb3554bce23791148d632d05,D45BDDDDA4C463F1D7E4E2BC815FEB66B26427FE36858B43522C3490BDC4152A,HASH_VERIFIED_SAVED_OUTPUT,RECOMPUTED_SAVED_OUTPUT_FIXED_PUBLISHED_CONFIGURATION
M32,WBPGNDN,D04,2,12.692213720048464,0.7015973344203427,0.27907708287239075,0.14530569314956665,83ace0385abaaeb78ff8646ba8c0431b42c1f1e9824382a8b29e86ced190c10c,b051cf55ca912db2defdd68017a476c8f9daf25e3981b2e4f855daf6025de403,825fe849ea91052c017e151332591c7c74e0947ada2b40104273bc9399ab2f59,D45BDDDDA4C463F1D7E4E2BC815FEB66B26427FE36858B43522C3490BDC4152A,HASH_VERIFIED_SAVED_OUTPUT,RECOMPUTED_SAVED_OUTPUT_FIXED_PUBLISHED_CONFIGURATION
M32,WBPGNDN,D04,3,11.70840364494718,0.4285974837188599,0.5173246264457703,0.3721839189529419,7ef116779779e7182354fa2428edefdfdbef1cf7e767ffdb4abcebe5a26048ee,b6f7d05a209edd9d0793f97ea607b9c6ee002c6c4b280b615f08c7d1cbb8e367,c0ccb6fb89a236c740009703d72f0bb8d068ed90a85e154f2f4fc11f2490729e,D45BDDDDA4C463F1D7E4E2BC815FEB66B26427FE36858B43522C3490BDC4152A,HASH_VERIFIED_SAVED_OUTPUT,RECOMPUTED_SAVED_OUTPUT_FIXED_PUBLISHED_CONFIGURATION
M32,WBPGNDN,D04,4,11.295791826761711,0.4869131720215112,0.5496153831481934,0.35357916355133057,cc7a0acd6ab58d7e211b155f5f31948b25cbfd1164f9ab19aef5b3696a134446,d504f0c3af6cd202e5fe35a7345b0cdc80502be8e14214d8be98644e3088b385,3f35dd88fc63ddd5392daa8bb18f93c45212ead46ee544d1dd9b4c0332abafec,D45BDDDDA4C463F1D7E4E2BC815FEB66B26427FE36858B43522C3490BDC4152A,HASH_VERIFIED_SAVED_OUTPUT,RECOMPUTED_SAVED_OUTPUT_FIXED_PUBLISHED_CONFIGURATION
M32,WBPGNDN,D04,5,10.868702527388008,0.428263913131016,0.4261277914047241,0.2502458095550537,69d75429bd63bdead8fc8391b02e51f23668508335060122d005c8a3911b0a81,69a65b307d4138e1b5f96fd220d9f1b31590ac6d5e290c8795988d4bc715ef97,bc1209e4138ebea2184df84aa603ad9c11ad00aa1b91512929ea72b8503a5564,D45BDDDDA4C463F1D7E4E2BC815FEB66B26427FE36858B43522C3490BDC4152A,HASH_VERIFIED_SAVED_OUTPUT,RECOMPUTED_SAVED_OUTPUT_FIXED_PUBLISHED_CONFIGURATION
M32,WBPGNDN,D04,6,11.7003233412454,0.46593708481651386,0.4695127308368683,0.29606592655181885,369a9a7c7774ddc377084a7574f799872c847f35343efaebbb03be17d2290bf7,7e091171c393bb46508bb725bfd30b1bf6fcd51a1a8fa591ce3dad1233794c61,c7df246e511aedf8f9f581beb99f689b9b4884f18e576fc500cea106b8147750,D45BDDDDA4C463F1D7E4E2BC815FEB66B26427FE36858B43522C3490BDC4152A,HASH_VERIFIED_SAVED_OUTPUT,RECOMPUTED_SAVED_OUTPUT_FIXED_PUBLISHED_CONFIGURATION
M32,WBPGNDN,D04,7,14.530445035051295,0.7099447367404387,0.39309513568878174,0.2738988399505615,21185097e3161d618c0ab213c8755b6502c750a759b5ecb3efb9f51cf9e978b4,f8c284d1af8eeadd80b4940577aa7b3a3ad9bb3e189b5b6bbf293e9595204c30,fd24788449309c01144c2df00904a8387d7f49fa0646c41cfdb6e61ee42db14d,D45BDDDDA4C463F1D7E4E2BC815FEB66B26427FE36858B43522C3490BDC4152A,HASH_VERIFIED_SAVED_OUTPUT,RECOMPUTED_SAVED_OUTPUT_FIXED_PUBLISHED_CONFIGURATION
M32,WBPGNDN,D04,8,11.374472322896521,0.6254495011509404,0.3580573499202728,0.19881439208984375,05a6b22c5c127de881d22d83b43bd43f91a574c38bade064acea9db34eb44e99,b5e686fc6b20002bf82549eec3fff547e8ac27923ded754f062856c325333a8e,2dd0e511e961be3f977cb38c771f6d67521d07ee8445d5a6335eb015d72ff5bd,D45BDDDDA4C463F1D7E4E2BC815FEB66B26427FE36858B43522C3490BDC4152A,HASH_VERIFIED_SAVED_OUTPUT,RECOMPUTED_SAVED_OUTPUT_FIXED_PUBLISHED_CONFIGURATION
M32,WBPGNDN,D04,9,14.255996606125072,0.6958974740475861,0.24158868193626404,0.11289960145950317,718de8a6c7d21a51c15c11097e571b3e4f0930279c690822fe98d0d95993a651,c4b2609121116b2c8c654c5e5e80d25bd588ec9cbfcd04b9013b57b8145ebfab,cbc0855fcf79c8e1a642cdb36058a27fd35720ed8361c75738260a7e4021184d,D45BDDDDA4C463F1D7E4E2BC815FEB66B26427FE36858B43522C3490BDC4152A,HASH_VERIFIED_SAVED_OUTPUT,RECOMPUTED_SAVED_OUTPUT_FIXED_PUBLISHED_CONFIGURATION
M32,WBPGNDN,D04,10,10.294731458106526,0.5028241175678317,0.433963805437088,0.25850802659988403,34d9a2c5323d2fc655b846b6ef110d8a823a4f60cb617990ade76d9dfba418d8,5ca247e0447645686f13a31e3fe129cce1e3a4bd8cdf731993132dc2594d58d7,88633f45d64bc5ef48e34297c5babb5e611b2df27ddcc237f07961070cff21b5,D45BDDDDA4C463F1D7E4E2BC815FEB66B26427FE36858B43522C3490BDC4152A,HASH_VERIFIED_SAVED_OUTPUT,RECOMPUTED_SAVED_OUTPUT_FIXED_PUBLISHED_CONFIGURATION
M32,WBPGNDN,D04,11,15.828730166198515,0.6351040133733165,0.339645653963089,0.2004917860031128,5f54eb6ef0e843eb589bd7597c5990f010afd78d6f850b0c831a380ad4897b5e,b7569c5c5a38f7b57aee79603dcbe4c5fef3aaabbde31b67d12da65c66963b9d,d2a3efd5d138a3baf69c57ccd893f889b19bdfb3578a9a67552d1ec424300b12,D45BDDDDA4C463F1D7E4E2BC815FEB66B26427FE36858B43522C3490BDC4152A,HASH_VERIFIED_SAVED_OUTPUT,RECOMPUTED_SAVED_OUTPUT_FIXED_PUBLISHED_CONFIGURATION
M32,WBPGNDN,D04,12,9.82648709872424,0.40762357559057666,0.40128058195114136,0.24904859066009521,6cf81158987fed6bb4bfdc4dbecede31245e6a33dd1d67be95824f24578b5d7f,3bff920af4640d93b95bc805614bd7bd38924b30ccca62c797f7bd79f4a973b7,9a6d1c0f2c9679a7c515c90893dfa0ae4c0919f9a0f2985f2f82373fc5ad3854,D45BDDDDA4C463F1D7E4E2BC815FEB66B26427FE36858B43522C3490BDC4152A,HASH_VERIFIED_SAVED_OUTPUT,RECOMPUTED_SAVED_OUTPUT_FIXED_PUBLISHED_CONFIGURATION
M32,WBPGNDN,D04,13,10.78981205069637,0.43091937109461126,0.39953798055648804,0.2522537112236023,24bdbcc4c024b4faaed275344a0c60794c306f405620ae5f2ea0c9e9c48dbd33,baa97dd4006d01e1761aa8b55545e698b899cf088f087e09e3b4897555272817,4a64f719a45deacc5584508a40f9cc9e0b5352ad27d98003579988615f74525d,D45BDDDDA4C463F1D7E4E2BC815FEB66B26427FE36858B43522C3490BDC4152A,HASH_VERIFIED_SAVED_OUTPUT,RECOMPUTED_SAVED_OUTPUT_FIXED_PUBLISHED_CONFIGURATION
M32,WBPGNDN,D04,14,15.30786824164859,0.8113866840429699,0.23473800718784332,0.1255367398262024,66d2e2061c54cd5f5173ce90a57d302124e8943efa217df6b82db6c67020b38e,162c9550c57e3e348277d3cb4567347b06faec07fb6ba6e03db37f77c0f83fde,5bf95ecdd360b1f99a157d9a43e48f2cb1d5eed908a5557a522e8637db062433,D45BDDDDA4C463F1D7E4E2BC815FEB66B26427FE36858B43522C3490BDC4152A,HASH_VERIFIED_SAVED_OUTPUT,RECOMPUTED_SAVED_OUTPUT_FIXED_PUBLISHED_CONFIGURATION
M32,WBPGNDN,D04,15,13.112780942350515,0.7055399051124178,0.2501142919063568,0.13652175664901733,0a660f46d64370e6a21d9d553ad5f98eb82b6d7df6e006f9a016f9affcac60ee,1dd2b182975351d661f1e303f63f755f08a1ea7df43f5ff173d62e149042563a,b93abf8eabfbb98c85907335aece0fda102e30f79ca78c1deab1682c6b305e9f,D45BDDDDA4C463F1D7E4E2BC815FEB66B26427FE36858B43522C3490BDC4152A,HASH_VERIFIED_SAVED_OUTPUT,RECOMPUTED_SAVED_OUTPUT_FIXED_PUBLISHED_CONFIGURATION
M32,WBPGNDN,D04,16,13.922549867576862,0.6765833312949624,0.2317441701889038,0.11498492956161499,958326dcee63e40f1df57eebe91a219dcf762e1b7fc4db195c8235cc300ec7e0,df75e8e547d61499452679f92fc17b26447d47c7888ca7f2fa83b150ecbb4a10,df916dea26fa175e4c58c7502afa27614dc09d521474c10fce9b95dd7c80de15,D45BDDDDA4C463F1D7E4E2BC815FEB66B26427FE36858B43522C3490BDC4152A,HASH_VERIFIED_SAVED_OUTPUT,RECOMPUTED_SAVED_OUTPUT_FIXED_PUBLISHED_CONFIGURATION
M32,WBPGNDN,D04,17,12.891467939537094,0.5615935247882202,0.4666368365287781,0.22296017408370972,e56c54f6f4211814d4a4700e2c51e3c911668e99a51c28c0f3c20babb7e82a2a,b5cddb706c2dcfafc53dced1fa7f704b77173b02f9890d8f2e1fd75ffef2c254,613ea76409061b7d9b87907547361960d29859e9cf633efc25970c01e18e7688,D45BDDDDA4C463F1D7E4E2BC815FEB66B26427FE36858B43522C3490BDC4152A,HASH_VERIFIED_SAVED_OUTPUT,RECOMPUTED_SAVED_OUTPUT_FIXED_PUBLISHED_CONFIGURATION
M32,WBPGNDN,D04,18,17.022837584614855,0.6393927081475479,0.43668070435523987,0.23564636707305908,43fc7e8f922da9a7b2a02f0745081828713b87528bfd99fa88dcfe2c369152c1,675f029bce112fb122c527350ef0c2381f0d7e66272a214d2995c564317e5dc9,31f8888cd35e4f40e327de7dbd3f668ba827da997f7428813e3813aec7adc357,D45BDDDDA4C463F1D7E4E2BC815FEB66B26427FE36858B43522C3490BDC4152A,HASH_VERIFIED_SAVED_OUTPUT,RECOMPUTED_SAVED_OUTPUT_FIXED_PUBLISHED_CONFIGURATION
M32,WBPGNDN,D04,19,12.608176644031213,0.695510964142243,0.36148691177368164,0.2759057283401489,3e65dadc65d687c514e78d0ef8207075bfc577f07581e878bed238d76c392dbf,5408a4c8607e8c201d9ebfbe41184def6270fc5766ddfa6f07202044a2cbeafb,b0c318651465f422d3d120975265931662b62a16a3d328ec6edf050b93d9d3d9,D45BDDDDA4C463F1D7E4E2BC815FEB66B26427FE36858B43522C3490BDC4152A,HASH_VERIFIED_SAVED_OUTPUT,RECOMPUTED_SAVED_OUTPUT_FIXED_PUBLISHED_CONFIGURATION
M32,WBPGNDN,D04,20,15.412268021805982,0.7936272494251057,0.2654518485069275,0.13860183954238892,8bbf8198b78b76a647ad3a7cd0e73cdc213ca3e395feec095a1f96bdebe98741,ab2dca787f588e801409ab469bb4a59fe4288ad426af4806df8223b9629c366d,ed4d1a13a9df0e7d3c07057412bdb013aea5386a6ba148f6946acf828e1239fa,D45BDDDDA4C463F1D7E4E2BC815FEB66B26427FE36858B43522C3490BDC4152A,HASH_VERIFIED_SAVED_OUTPUT,RECOMPUTED_SAVED_OUTPUT_FIXED_PUBLISHED_CONFIGURATION
M32,WBPGNDN,D04,21,13.090239642594986,0.6328591865769954,0.3575280010700226,0.21175527572631836,36a476105357d29e915cb02fcc4733514c1420dbef320ebc971bbeabaae905d0,1ab05a60150ccf7587104b3924bac1db81a9b6f870475ad6069fb33f08f41a2a,aa277c9b5479b87e907cfe2b8212c131483c8e3e1e26f5e1c142397fa27694f5,D45BDDDDA4C463F1D7E4E2BC815FEB66B26427FE36858B43522C3490BDC4152A,HASH_VERIFIED_SAVED_OUTPUT,RECOMPUTED_SAVED_OUTPUT_FIXED_PUBLISHED_CONFIGURATION
M32,WBPGNDN,D04,22,17.17915911872869,0.8267596492918793,0.16212430596351624,0.10381966829299927,6a582e7efcf08a71219226cb73b73a27c003d99301784d5378ef2a6d14101973,47f4ab2c93b9c83088e2db40a410900dac738b1503db25d0423fa33b4fe83225,dd9183b1139b31102d5773920ab30a08c4e0de987785bae92bd8ded86d612bc7,D45BDDDDA4C463F1D7E4E2BC815FEB66B26427FE36858B43522C3490BDC4152A,HASH_VERIFIED_SAVED_OUTPUT,RECOMPUTED_SAVED_OUTPUT_FIXED_PUBLISHED_CONFIGURATION
M32,WBPGNDN,D04,23,8.740936226593535,0.43888372154649913,0.49333688616752625,0.39411044120788574,ccb31930cb34ab7ff04304c7aafffb7c7341559008015754666cf2d3d4d578ca,434b68aa01184da16dd93db83cd9473f9bddaa7236e46f29707a26d62e77d034,00e4e7e6dd0738aa687f7c496ce73e4c8e76eb3191bd7100fb5417450a5b3211,D45BDDDDA4C463F1D7E4E2BC815FEB66B26427FE36858B43522C3490BDC4152A,HASH_VERIFIED_SAVED_OUTPUT,RECOMPUTED_SAVED_OUTPUT_FIXED_PUBLISHED_CONFIGURATION
M32,WBPGNDN,D04,24,11.068987705442435,0.5144232089675747,0.5062971115112305,0.3303282856941223,7396208903eef483c8c5234a53114f0bb96b6766840771c2009f2ee47c08d0e5,2f94f1d924c537644814f82c9f78dd2901adee578f21c87da409fd5879b1f3fc,73c9e6836534e835d8de635c5766c7cc48bf308d4c55692fcf5f97a4389e95a9,D45BDDDDA4C463F1D7E4E2BC815FEB66B26427FE36858B43522C3490BDC4152A,HASH_VERIFIED_SAVED_OUTPUT,RECOMPUTED_SAVED_OUTPUT_FIXED_PUBLISHED_CONFIGURATION
M32,WBPGNDN,D04,25,8.706880363188521,0.33477982828623337,0.5258971452713013,0.3319205641746521,7f7e3b1eb104cbbc246ec8788e300a27f5df60d0f267ffe992a9d0afc198cf8c,923c0f0edec357692fea84fe1e2baae77fd890f2d8294098694d83c5d7bf2f5b,656d22616e47e71a4785515d86fbaedab9c51fbb8189f333bb2c26d3953be5a1,D45BDDDDA4C463F1D7E4E2BC815FEB66B26427FE36858B43522C3490BDC4152A,HASH_VERIFIED_SAVED_OUTPUT,RECOMPUTED_SAVED_OUTPUT_FIXED_PUBLISHED_CONFIGURATION
M32,WBPGNDN,D04,31,15.280293788771012,0.6644769944553724,0.22320130467414856,0.11513334512710571,c0fd0023eac765bd9e77e4699c65e6f52f06382c395ea7a8a7dcb02effc8466f,ce7e848fdd9b9a8e53cee8a80540a02e19017cb82656e4dbd934c84ab8192c79,c31afa97dc7fcc9dcd04cf132d48b2b38fc1129c3eda34fb9d3b301331065efb,D45BDDDDA4C463F1D7E4E2BC815FEB66B26427FE36858B43522C3490BDC4152A,HASH_VERIFIED_SAVED_OUTPUT,RECOMPUTED_SAVED_OUTPUT_FIXED_PUBLISHED_CONFIGURATION
M32,WBPGNDN,D04,32,12.551949862584786,0.5887460271344446,0.4329284429550171,0.2507812976837158,c95071845de2ec5a78e782c6611da84aa42187c31a792d0b8909f51451b602d8,a5e6c4c1e13b6ed7e0e743e0045b52988ebe8835d4220c7bf5d0fa98e2411df7,efe598347fba63de2b90bc4276c2bd43729995e371687c33dbd87f7199d0c329,D45BDDDDA4C463F1D7E4E2BC815FEB66B26427FE36858B43522C3490BDC4152A,HASH_VERIFIED_SAVED_OUTPUT,RECOMPUTED_SAVED_OUTPUT_FIXED_PUBLISHED_CONFIGURATION
M32,WBPGNDN,D04,33,9.378346666651321,0.4747218798709514,0.4329182803630829,0.24611002206802368,3b555b91195cfd0222ca505b5ed0a372019bbbcfc9063d4d062f88750faa72d8,47f2c549daff442a3f77adad6c7c3f05a85e250ae22754117bb873cc2ca13dec,2d70e57f089b4a9b96ca4975fa1ee32c15f953f4e4b3509b0c71f41bd363a2ba,D45BDDDDA4C463F1D7E4E2BC815FEB66B26427FE36858B43522C3490BDC4152A,HASH_VERIFIED_SAVED_OUTPUT,RECOMPUTED_SAVED_OUTPUT_FIXED_PUBLISHED_CONFIGURATION
M32,WBPGNDN,D04,34,10.85510999893756,0.3942359386550125,0.37324291467666626,0.26834702491760254,49905e56427bff302b4bfc724c35952837f0fb9423c91a44a15a04062af871cd,45d9b0c3bad9b62ec6033ee3933ae05a29cf7ccc1c8a3e5104650132044fbbf4,0a48fc475721ee786206af77b7b5b3a4495d0218798fdbe965e99d0fd59b5b19,D45BDDDDA4C463F1D7E4E2BC815FEB66B26427FE36858B43522C3490BDC4152A,HASH_VERIFIED_SAVED_OUTPUT,RECOMPUTED_SAVED_OUTPUT_FIXED_PUBLISHED_CONFIGURATION
M32,WBPGNDN,D04,35,12.778872503054753,0.6559768078238261,0.42528992891311646,0.3592036962509155,7ae0be8849f040a52755c6ccd03c1e7c04611cced8ae2d2ffa6040116e3b1913,aa6632d2e7508666959d0d0d0b9f3e8faec29043c23ce2ec7d4a650a4b1083a3,ea64376da2ea34ccf7310e9179f7e3342e6770552c80cea516272db7882309c0,D45BDDDDA4C463F1D7E4E2BC815FEB66B26427FE36858B43522C3490BDC4152A,HASH_VERIFIED_SAVED_OUTPUT,RECOMPUTED_SAVED_OUTPUT_FIXED_PUBLISHED_CONFIGURATION
M32,WBPGNDN,D05,1,14.207879314789455,0.6647671834784822,0.37260252237319946,0.19734817743301392,5617e822ceaa1e52407bcf8d0e1835eed14a86f589ec7bc01495e8864bdc7b88,53dcbfdc4ebd977c01654dabfe04cc2246570b1541bdac6e9699ba15c17ecd88,5a577beaf34c71c2a82491985ce8a30647131ca8976c4075abf8b31867f3b357,D45BDDDDA4C463F1D7E4E2BC815FEB66B26427FE36858B43522C3490BDC4152A,HASH_VERIFIED_SAVED_OUTPUT,RECOMPUTED_SAVED_OUTPUT_FIXED_PUBLISHED_CONFIGURATION
M32,WBPGNDN,D05,2,14.610799592862646,0.6936982847639429,0.30532678961753845,0.1374114751815796,048c2c0a7b3bca9c974bf8ce047c73288de209b9e8b13cc84da00e1e7062fb40,5c667fcce9a1ecca7deaed221128b2c73f7b105c4dfaa7bfe7ee5bc909057f5f,bd0e8799f9d5d43d5a985416fd1b55ba54a6dce6e63a6aa8bf5e3c7b62f5c085,D45BDDDDA4C463F1D7E4E2BC815FEB66B26427FE36858B43522C3490BDC4152A,HASH_VERIFIED_SAVED_OUTPUT,RECOMPUTED_SAVED_OUTPUT_FIXED_PUBLISHED_CONFIGURATION
M32,WBPGNDN,D05,3,18.02331376475407,0.7603528348447556,0.27553731203079224,0.23414528369903564,3fd16e4347f28400f4a0afc544c7bf1d7f476733565d2cd3bb02f72f1b9e7da1,0ea8c6409c916e0336e1cfa98b31c63d7d0a28127a46e0fefdfa25691cb91b76,bcbf87fbcac50cfc596a43b9774d1a6b6fbaae6672eb2fb922994bb160a4f85b,D45BDDDDA4C463F1D7E4E2BC815FEB66B26427FE36858B43522C3490BDC4152A,HASH_VERIFIED_SAVED_OUTPUT,RECOMPUTED_SAVED_OUTPUT_FIXED_PUBLISHED_CONFIGURATION
M32,WBPGNDN,D05,4,19.79434890397592,0.775852367219989,0.2821987271308899,0.18624436855316162,a2db1328b3f4f6f760c551abab19099465b7c3082f629e9bc04e893b9c8a0605,70fa3ca85da8c2153e084c303ae5110635c6d9d3d8a2fa10593b90d029c6f570,bc784915caaee6558f59c79bab25ee6d8f258fe3ee03127dd92028a5f8570d0e,D45BDDDDA4C463F1D7E4E2BC815FEB66B26427FE36858B43522C3490BDC4152A,HASH_VERIFIED_SAVED_OUTPUT,RECOMPUTED_SAVED_OUTPUT_FIXED_PUBLISHED_CONFIGURATION
M32,WBPGNDN,D05,5,11.982052914782628,0.36409181063533413,0.6163106560707092,0.44387155771255493,f521c0a2a6a0a8d3bd9041f050c167e97f6fb8b3590f958bd86467a5fc1357ab,f0f01c9a961ff272d7ab18e571ce9fc78f35fb33b29493649138458ddc2daf3a,fb1be947c0a4bd961e560ce6ff816fc5b9c0999ce68e703f5202f9ce270236da,D45BDDDDA4C463F1D7E4E2BC815FEB66B26427FE36858B43522C3490BDC4152A,HASH_VERIFIED_SAVED_OUTPUT,RECOMPUTED_SAVED_OUTPUT_FIXED_PUBLISHED_CONFIGURATION
M32,WBPGNDN,D05,6,12.669721247087205,0.526429500428924,0.4694877862930298,0.3542473316192627,f0c64d7a3acc73e13829ddd822e8d2544329d707df31fd3c150d1191ab772271,284f692abe83c7d7f26f5075bf7a7d3302f954305dd8b06c2d41294f790661cb,1fd9ce92bc81bfb9ae4f161da28ce340ceaa1c037f95fd6a8bffece1cafc2113,D45BDDDDA4C463F1D7E4E2BC815FEB66B26427FE36858B43522C3490BDC4152A,HASH_VERIFIED_SAVED_OUTPUT,RECOMPUTED_SAVED_OUTPUT_FIXED_PUBLISHED_CONFIGURATION
M32,WBPGNDN,D05,7,20.6612266194726,0.7906913218282611,0.2316112518310547,0.17927169799804688,64e571161c50d7a886cc22f7d31e6cbf038ce4cdea3b5f9efa23f65bfde3b86d,3576d3a3c1ef68992d1e5ebe696cf03fd821c1abf70a5dbfab9ea687d9f67f6f,a50cac83030b68d45ad1e860ed7e8df91d8249c286568c84f5344c2059d456cc,D45BDDDDA4C463F1D7E4E2BC815FEB66B26427FE36858B43522C3490BDC4152A,HASH_VERIFIED_SAVED_OUTPUT,RECOMPUTED_SAVED_OUTPUT_FIXED_PUBLISHED_CONFIGURATION
M32,WBPGNDN,D05,8,11.810241271790531,0.4599508929586748,0.6066633462905884,0.29393815994262695,6434daa4f8c01279d6b92dad6831e8aafec6cd3f23666d0715d72287de8b77d3,a7ef48823c56afa9f2cf44def8787391e89f3d84641bd1b920c60d90b717fde4,1dc852dcffac9201c288b5e8019427d2d54a150878727a12f894033f56fab9e9,D45BDDDDA4C463F1D7E4E2BC815FEB66B26427FE36858B43522C3490BDC4152A,HASH_VERIFIED_SAVED_OUTPUT,RECOMPUTED_SAVED_OUTPUT_FIXED_PUBLISHED_CONFIGURATION
M32,WBPGNDN,D05,9,12.37317280313627,0.36906027073236897,0.685933530330658,0.506953775882721,19ad82cf7eb8055796a0e7948f51430ee9b57ba6f03890d1d418cdd8905245ab,f2f9ee2966c2ba1676947ac453f226689e435a398a31a9d87c601b23f6d33785,1f8ed936310735785819295c4948e037fc46444eba925be133ebe8741310313b,D45BDDDDA4C463F1D7E4E2BC815FEB66B26427FE36858B43522C3490BDC4152A,HASH_VERIFIED_SAVED_OUTPUT,RECOMPUTED_SAVED_OUTPUT_FIXED_PUBLISHED_CONFIGURATION
M32,WBPGNDN,D05,10,13.118683698081322,0.6818822844882909,0.38464152812957764,0.2413877248764038,a34c1732598e8b49083335ee8e030a0116ff11942e8e6d678ce3634e543a361f,f5bb3cdd8067cbc211ed4897eb8008b353205aecfe648d732f33c569e8befe33,b68fdc0f1a2612c16833decf6d806c16f02e2f5159044660b758c0bc485912a1,D45BDDDDA4C463F1D7E4E2BC815FEB66B26427FE36858B43522C3490BDC4152A,HASH_VERIFIED_SAVED_OUTPUT,RECOMPUTED_SAVED_OUTPUT_FIXED_PUBLISHED_CONFIGURATION
M32,WBPGNDN,D05,11,13.291121806615395,0.619488264831022,0.38865941762924194,0.2784622311592102,7b1a936b06a0b8463feb093f131e640e40624749382f524db69e9bbe52b37173,b07169b798ff75f9cfd2aa2db20325df8825562d800728e1b8e4555cd4c80c7a,d5bd80223e6ea785174efef7df04ccb92e04dc08bd04781b33110c2ad00dcb3b,D45BDDDDA4C463F1D7E4E2BC815FEB66B26427FE36858B43522C3490BDC4152A,HASH_VERIFIED_SAVED_OUTPUT,RECOMPUTED_SAVED_OUTPUT_FIXED_PUBLISHED_CONFIGURATION
M32,WBPGNDN,D05,12,14.23356052698258,0.7000344058620315,0.36259496212005615,0.2308586835861206,4222656c62cc3e571f6b1e4c5b4c71b2e21517bbbd9ca3aa381b56332b267edd,806555edb0833d98300224f41559e43535b567775fc013e802ac7640cbe05bc7,a0cd571b6d4fd3537dae6639c87e37c4b92d343a2abd4c717aeb42fd662d2a55,D45BDDDDA4C463F1D7E4E2BC815FEB66B26427FE36858B43522C3490BDC4152A,HASH_VERIFIED_SAVED_OUTPUT,RECOMPUTED_SAVED_OUTPUT_FIXED_PUBLISHED_CONFIGURATION
M32,WBPGNDN,D05,13,12.258717752277445,0.5742492147272298,0.508243203163147,0.3487277626991272,977abd49f66b81417e9174bcbce868608c31751c9fc4bfa866ef34fd802dce40,15503f04c2cb5b2dcb5113ae8aa8d8aa89e802bead6b6da16d5f324ad80777ac,818ecbfe0c6f1158304b3d4fa371a95ee49daac686f2106e37181cc4598b1bc6,D45BDDDDA4C463F1D7E4E2BC815FEB66B26427FE36858B43522C3490BDC4152A,HASH_VERIFIED_SAVED_OUTPUT,RECOMPUTED_SAVED_OUTPUT_FIXED_PUBLISHED_CONFIGURATION
M32,WBPGNDN,D05,14,16.339499496870463,0.726604650463352,0.32153448462486267,0.2754121422767639,246fc0415f51a607cecafbd82622b91c70329bb2fe6320f137d15944f41bab6b,a5cb1d302d65f4df8af4d46eef441f7275e76895c28c3529c7ad2126f6599c95,e483e28863387e892504a9cb315b4a21c2c2ee05f1bc955243bd14e1057a90d0,D45BDDDDA4C463F1D7E4E2BC815FEB66B26427FE36858B43522C3490BDC4152A,HASH_VERIFIED_SAVED_OUTPUT,RECOMPUTED_SAVED_OUTPUT_FIXED_PUBLISHED_CONFIGURATION
M32,WBPGNDN,D05,15,11.624401421570402,0.5777579790755638,0.4775526821613312,0.38943564891815186,aa650654d043422ca7ca33540d52712645d9de0a1c11ee3550443aceb01304d2,2399af2f70bb47d7aae26101c974f7c99c910619f31ed199fa4f84a94bf2e8a0,a5fc10bc8d2a01def5d0d31f52bb0d6b264255105037f6cf6bdaf56d8bb20607,D45BDDDDA4C463F1D7E4E2BC815FEB66B26427FE36858B43522C3490BDC4152A,HASH_VERIFIED_SAVED_OUTPUT,RECOMPUTED_SAVED_OUTPUT_FIXED_PUBLISHED_CONFIGURATION
M32,WBPGNDN,D05,16,11.231662967484432,0.4957024564930585,0.654390811920166,0.4926909804344177,a34d3094453208afdba0e80ff00d0b8723227cf6b8ae8965ec23104e99fca9df,f56b229b99e57c2f8617f6652238124fd8c0186e77bef491f2121c541529e1ec,3bbe398441224d922f793c76abd52e38ac2cee936f82221b08508e6dac9b3c70,D45BDDDDA4C463F1D7E4E2BC815FEB66B26427FE36858B43522C3490BDC4152A,HASH_VERIFIED_SAVED_OUTPUT,RECOMPUTED_SAVED_OUTPUT_FIXED_PUBLISHED_CONFIGURATION
M32,WBPGNDN,D05,17,10.547991160465955,0.4862748973371736,0.6038360595703125,0.4147282838821411,7f2cc1e4d3cf76f5f4a8e2af50b82457d6773ecbcf451c9a17dea6da9fa65838,95fb456377ff9e1a41a33a46fa19ad8cec61f3ac3dcc66117350c328ae5dd15d,cb983deeb583ccf46dbec7dffd797becaa9a1089d46ad8a8d0906dd806f10d8d,D45BDDDDA4C463F1D7E4E2BC815FEB66B26427FE36858B43522C3490BDC4152A,HASH_VERIFIED_SAVED_OUTPUT,RECOMPUTED_SAVED_OUTPUT_FIXED_PUBLISHED_CONFIGURATION
M32,WBPGNDN,D05,18,15.664504828934131,0.6637713718884576,0.3558071553707123,0.20570236444473267,e50eb742f07cae64cee4a4de3628928d6335f4f5b0a541d64d2a9b555fe57078,2e1d305a4c94e175fd80e3e5167be6bc7d8130d913f3dadfcf77e75152124584,3e5c4936310ac1c01030ec42b99ffb50d1f5127c748b3f07570607bdeb61c517,D45BDDDDA4C463F1D7E4E2BC815FEB66B26427FE36858B43522C3490BDC4152A,HASH_VERIFIED_SAVED_OUTPUT,RECOMPUTED_SAVED_OUTPUT_FIXED_PUBLISHED_CONFIGURATION
M32,WBPGNDN,D05,19,14.302139409022558,0.7169599330000748,0.3273734748363495,0.16065311431884766,6c5cac2066ecafc48120febdaf0b2fd62e554d960ec79821579be7b0b93c886b,c4f0695123f82c180d583489f57c8d065df7eaa148f4acbe9e38afdbc0ff034c,d367beb73010ba1a72e26efdcb3a01752380e75ec45a46b606ba245fa8804a63,D45BDDDDA4C463F1D7E4E2BC815FEB66B26427FE36858B43522C3490BDC4152A,HASH_VERIFIED_SAVED_OUTPUT,RECOMPUTED_SAVED_OUTPUT_FIXED_PUBLISHED_CONFIGURATION
M32,WBPGNDN,D05,20,10.566928594351152,0.46561624136114044,0.5624172687530518,0.3195001482963562,bc66561b39c77894d5da42f1760d11a1c255fa2e6d9cecbf1c60c2ebea9a5b1e,0f243a6ff42b176d7fd505b0f9369023bf724498ce555d16bf5c96e8728c6aee,719eb5a2c51ad13c0f054afa51b4aa81c946da1effeb8b67aa09b8a15da68014,D45BDDDDA4C463F1D7E4E2BC815FEB66B26427FE36858B43522C3490BDC4152A,HASH_VERIFIED_SAVED_OUTPUT,RECOMPUTED_SAVED_OUTPUT_FIXED_PUBLISHED_CONFIGURATION
M32,WBPGNDN,D05,21,12.566519442751078,0.5916873552099152,0.5395433902740479,0.3776400089263916,069f11f974157e01d0c205b3bb74787838dcb6c9f572675ef8be52973749cf88,259240824ff511c499487549acbbb54d4b22a0ef45f6a31288656ded08467352,35b011d4eff5dc20f72dc0939be97686376d5d4cdcd8cdbb2fdb3cdc1b527e0f,D45BDDDDA4C463F1D7E4E2BC815FEB66B26427FE36858B43522C3490BDC4152A,HASH_VERIFIED_SAVED_OUTPUT,RECOMPUTED_SAVED_OUTPUT_FIXED_PUBLISHED_CONFIGURATION
M32,WBPGNDN,D05,22,21.07798521204436,0.8726031480117867,0.13750943541526794,0.08202993869781494,027f98cc74b5071544c780c4bf27be6c33f02e6bb80f7b32e19b49280aa57647,15b7a7b47bb42977437541f8497f69d14985f3c88e72775fdac4cff963529e26,b41c775c2bf3a6847540e3205dc0d8b51cd61d66df3a9372ab2654ef949b2914,D45BDDDDA4C463F1D7E4E2BC815FEB66B26427FE36858B43522C3490BDC4152A,HASH_VERIFIED_SAVED_OUTPUT,RECOMPUTED_SAVED_OUTPUT_FIXED_PUBLISHED_CONFIGURATION
M32,WBPGNDN,D05,23,19.446370383577424,0.877006090533818,0.14689305424690247,0.08118933439254761,ad2e2e1d351adc63e72c962050ad1c5e4649585f5e843eb5b0e4be18a4eb25cb,2be0c3921a195d62219ddf3defe8d85bc03c0e5c811b4c79e89b5595df6b9c88,2d98a5dccb88b0ee9498c2e747943ef78657b8ccc60bc8e5e7f508146bd1d364,D45BDDDDA4C463F1D7E4E2BC815FEB66B26427FE36858B43522C3490BDC4152A,HASH_VERIFIED_SAVED_OUTPUT,RECOMPUTED_SAVED_OUTPUT_FIXED_PUBLISHED_CONFIGURATION
M32,WBPGNDN,D05,24,15.419619147852053,0.7136563404088436,0.3427914083003998,0.21393460035324097,ffb1c16b59aabce6b64480a23e2e805760c05b8f229d6209fc97eb459a71333a,23939243c8f40539cab9b3feb8cd6a7cc003511c759fdb133ce06bb44f5bad21,ef70df42727c461ac94da19caae83362c42f64c91de87254c7c99cd45cf33291,D45BDDDDA4C463F1D7E4E2BC815FEB66B26427FE36858B43522C3490BDC4152A,HASH_VERIFIED_SAVED_OUTPUT,RECOMPUTED_SAVED_OUTPUT_FIXED_PUBLISHED_CONFIGURATION
M32,WBPGNDN,D05,25,13.483374022982655,0.5058888174424881,0.5502380728721619,0.41663914918899536,7aaddd9526587bcf8ef52ff204df7a8f7fcbafbd07129f8135aeb43ff219eaa3,18a3324c132b01daede2926101b3438a0ec51f25a9668b517a50353b9ee533bb,c972f1e65b01ec3324cf9c03bb7fe3033ebe0cb932fdf7ff29a0f02345c85f6b,D45BDDDDA4C463F1D7E4E2BC815FEB66B26427FE36858B43522C3490BDC4152A,HASH_VERIFIED_SAVED_OUTPUT,RECOMPUTED_SAVED_OUTPUT_FIXED_PUBLISHED_CONFIGURATION
M32,WBPGNDN,D05,26,12.487188159333584,0.43095832489306146,0.5911785960197449,0.42970532178878784,c08af8d3b58809f658dd29ed6462df1b3000142f9f0edde8126e18e26ce36a7a,11b17173970fb5039c2339518355ccb4ef4604735792d2de8a87695aad27c5cf,4cdef0f9d662b35261d834f4f870f5d0f7e355a6cf9b8923331aed8123f2f038,D45BDDDDA4C463F1D7E4E2BC815FEB66B26427FE36858B43522C3490BDC4152A,HASH_VERIFIED_SAVED_OUTPUT,RECOMPUTED_SAVED_OUTPUT_FIXED_PUBLISHED_CONFIGURATION
M32,WBPGNDN,D05,27,14.020916779198622,0.5834804190538697,0.43266505002975464,0.29457080364227295,935155512b2d2c193e1e068bb4119b09ded1e575c02785ee73db4b4568732545,bcc47f54e74f8215f4e023d7356919b108fc232a9b466228d1608f10c29d8749,83fd9887a67ba964b051a790ac997f4fdb782054fc29362c01ba527d5025a41b,D45BDDDDA4C463F1D7E4E2BC815FEB66B26427FE36858B43522C3490BDC4152A,HASH_VERIFIED_SAVED_OUTPUT,RECOMPUTED_SAVED_OUTPUT_FIXED_PUBLISHED_CONFIGURATION
M32,WBPGNDN,D05,28,10.90696737500371,0.48586382455873345,0.5655553936958313,0.45112770795822144,3f50871d11d92af7b087677b261e27599fcfec8f87b5c2676bfb8a161a72741b,25ced5c3a0869e998fb089305e6db04b964a6df09211177b7146f2d8ee75019c,78f547992f379a6b5024e415fd773bdca0570cd70d77dd32faf6a494739d1095,D45BDDDDA4C463F1D7E4E2BC815FEB66B26427FE36858B43522C3490BDC4152A,HASH_VERIFIED_SAVED_OUTPUT,RECOMPUTED_SAVED_OUTPUT_FIXED_PUBLISHED_CONFIGURATION
M32,WBPGNDN,D05,29,12.102332728434906,0.4579961030040017,0.6203598976135254,0.44368088245391846,81ec091e78b674e82712eae54f17ce3989a013c3165c42e7e4351164ebc3a1b8,3a02340286a32c2221e2047c6a1b982701f4680e050fab2d6b2195d167518373,df1c25802995adb8b4fd3b02a8c05056b4df7787f74b0fff6807c98330e7a47f,D45BDDDDA4C463F1D7E4E2BC815FEB66B26427FE36858B43522C3490BDC4152A,HASH_VERIFIED_SAVED_OUTPUT,RECOMPUTED_SAVED_OUTPUT_FIXED_PUBLISHED_CONFIGURATION
M32,WBPGNDN,D05,30,17.078309138918016,0.6801583650577047,0.2985040843486786,0.24799567461013794,14e10933e531932caa59cff583c77f6477a386864abe63586a9eb798a79ffbc1,2c939baf94bbd4add2421c272d192d45ef8261498ddae27082abf608944275d1,9084acfe11f2afc714a732d4100c6c73f5c84c45367875f41ea3f8efa543474c,D45BDDDDA4C463F1D7E4E2BC815FEB66B26427FE36858B43522C3490BDC4152A,HASH_VERIFIED_SAVED_OUTPUT,RECOMPUTED_SAVED_OUTPUT_FIXED_PUBLISHED_CONFIGURATION
M32,WBPGNDN,D05,31,16.105359894892427,0.7267768804678498,0.2992458939552307,0.20624351501464844,4eb5f6115066b5b44f89b71158ca65eca5606e07b7ee76d18f9db017df02017e,93b5bddb161f5ac8635c560711f86e9d50007b821ac42ad66ebcff47a7abc847,a91dcc7c8cdf7ad1263a25bd2d99287339a99ae39759d5735482aebe85bfd096,D45BDDDDA4C463F1D7E4E2BC815FEB66B26427FE36858B43522C3490BDC4152A,HASH_VERIFIED_SAVED_OUTPUT,RECOMPUTED_SAVED_OUTPUT_FIXED_PUBLISHED_CONFIGURATION
M32,WBPGNDN,D05,32,18.106269914265994,0.7965576454392617,0.23496291041374207,0.1849360466003418,3a0af12c5c9a38e04ad9e40f558c7ef82299c20a09eb055373a75ef5af1bc091,2dc61724cb89511613bde3e46281e159dfbd81a52948e5fd75839d70ea3d5770,e5a9bd726e79b68d5eea7a40adc4a4c1e8e0c1e3fb88490c7cd14bcfef3f5781,D45BDDDDA4C463F1D7E4E2BC815FEB66B26427FE36858B43522C3490BDC4152A,HASH_VERIFIED_SAVED_OUTPUT,RECOMPUTED_SAVED_OUTPUT_FIXED_PUBLISHED_CONFIGURATION
M32,WBPGNDN,D05,33,17.703976250305146,0.6891512251926183,0.32081538438796997,0.25039058923721313,f9a149793d9210c8b1d19d2030c8106b0d8cad20c2d5c00f5dcf7d7205e2be3c,f3d6ca89c17499cf57a027570e3d5138a9c3a7acdcf5c1c05846829d3c8396dd,c942663419777b60586664259eb86aa3c68f3a93fd5e27a0b94c155ef30a9866,D45BDDDDA4C463F1D7E4E2BC815FEB66B26427FE36858B43522C3490BDC4152A,HASH_VERIFIED_SAVED_OUTPUT,RECOMPUTED_SAVED_OUTPUT_FIXED_PUBLISHED_CONFIGURATION
M32,WBPGNDN,D05,34,16.78465521622353,0.7438339568935133,0.24812287092208862,0.13531458377838135,3e232bf58cafd8fe975659c3f23a303e0369f8077cfeb0ea029806d14b42e1a6,a9f0e2350d12597c0152b1f9980a5b9c04110998a7ce9c7bae1848bf76327726,32d69511507965b84108998da2241c293a35f73d29a91f44b992f481aad6f21f,D45BDDDDA4C463F1D7E4E2BC815FEB66B26427FE36858B43522C3490BDC4152A,HASH_VERIFIED_SAVED_OUTPUT,RECOMPUTED_SAVED_OUTPUT_FIXED_PUBLISHED_CONFIGURATION
M32,WBPGNDN,D05,35,19.100490450687534,0.836479865002764,0.17841169238090515,0.12389838695526123,4c40a00796111f3d0635d323aa05935b18a9e06e1957092f716cd9db97505ef4,5bbe34bcaad603a755f20863d53ac35df8acc78da7ed12696113d088ad97a3e7,1b98346c21177b9e05b7a6d41e1d55ce8f77605be1c637564aa2ba97159ba35c,D45BDDDDA4C463F1D7E4E2BC815FEB66B26427FE36858B43522C3490BDC4152A,HASH_VERIFIED_SAVED_OUTPUT,RECOMPUTED_SAVED_OUTPUT_FIXED_PUBLISHED_CONFIGURATION
M32,WBPGNDN,D05,36,15.783809535210601,0.6705347509006191,0.33676424622535706,0.231289803981781,72ac49f3af6f23430c86734fe016fa596d8dac5634e2536d4b90a23486fb9cba,adde3c96e7c2ea4db5a80d36eb25ae68014581fbf29c19abb45e7451d209f37e,5b30de714fd54ad57fc91051fa47a76aa829031d4430b7bd0917518fa0d31a5c,D45BDDDDA4C463F1D7E4E2BC815FEB66B26427FE36858B43522C3490BDC4152A,HASH_VERIFIED_SAVED_OUTPUT,RECOMPUTED_SAVED_OUTPUT_FIXED_PUBLISHED_CONFIGURATION
M32,WBPGNDN,D05,37,15.8029548835453,0.6236213463118564,0.39245909452438354,0.25122183561325073,a06b19f2adc72bc1dbefde55003f9e242f07638b7eade116aff1f7e1a59b615e,e9af481f2a1e0addc74030f128bdc11e062bfad1f343a4f1e5320d034f1e2b75,4c1aa44ac387163b47cebb9ee87facacf9edea834bd55c8681de9cdd91aef290,D45BDDDDA4C463F1D7E4E2BC815FEB66B26427FE36858B43522C3490BDC4152A,HASH_VERIFIED_SAVED_OUTPUT,RECOMPUTED_SAVED_OUTPUT_FIXED_PUBLISHED_CONFIGURATION
M32,WBPGNDN,D05,38,13.605928933684892,0.6476704096863813,0.4282491207122803,0.2883574962615967,edc53095283e1b2282cf0feda9f362ca7ffab4a83410e12a271910824ff6e8bc,016a1a7edf273f874151ed98b065b6fca3017ce6b95fdcdecaad56d0ea29722a,c71e5ee8221ce4cca677b9fa06e888bff967f9fa72c1fc6e56e7739d7a359248,D45BDDDDA4C463F1D7E4E2BC815FEB66B26427FE36858B43522C3490BDC4152A,HASH_VERIFIED_SAVED_OUTPUT,RECOMPUTED_SAVED_OUTPUT_FIXED_PUBLISHED_CONFIGURATION
M32,WBPGNDN,D05,39,13.56772801914332,0.6022298823590427,0.42725062370300293,0.31239843368530273,43fd00fa723e0672d4d94c57f199d45c562eebc216c8761b6d4d72f35c295c04,d706b271e3c8aaad4fe78fe8a767559deed87e60e5dc9d2d4a658a24c72a45d6,0f3e2b870fb832eccf52a8060e9891aac2675a2216dcf92994940f2889f6da64,D45BDDDDA4C463F1D7E4E2BC815FEB66B26427FE36858B43522C3490BDC4152A,HASH_VERIFIED_SAVED_OUTPUT,RECOMPUTED_SAVED_OUTPUT_FIXED_PUBLISHED_CONFIGURATION
M32,WBPGNDN,D05,40,14.108281058355734,0.6417682751659629,0.37137842178344727,0.28189706802368164,c793d6dacd5c674335dfcef325448614442663a1e1a41041782741b484e54af8,8ca115ff13d678e9184fb1c278bdf92f86524bdc7bcfd420808f76cb0cd4e965,45e000e1554015f34e985b669b138a6feeff8b0f673c0481c6a0957c7d7d9c75,D45BDDDDA4C463F1D7E4E2BC815FEB66B26427FE36858B43522C3490BDC4152A,HASH_VERIFIED_SAVED_OUTPUT,RECOMPUTED_SAVED_OUTPUT_FIXED_PUBLISHED_CONFIGURATION
M32,WBPGNDN,D05,41,17.916261798706028,0.7932860337200328,0.2725931406021118,0.18927747011184692,26548992d267c16a04787bfbb4cc18dbf1f9d4a9c9c32ad6df9e8272f9ba5779,0f1c00f69c4db273f46256558a67c5eff9c558c4d7f538b02bb9a7def52615c9,12b402e9253ece253738c8ff34a7d6f414a53cec50986f4f9d5386fa2e78afd6,D45BDDDDA4C463F1D7E4E2BC815FEB66B26427FE36858B43522C3490BDC4152A,HASH_VERIFIED_SAVED_OUTPUT,RECOMPUTED_SAVED_OUTPUT_FIXED_PUBLISHED_CONFIGURATION
M32,WBPGNDN,D05,42,13.911483289768697,0.5385475452679207,0.43810296058654785,0.2843210697174072,88055862a2a7d024a0b87a2d896143c5810303ece53aa3ed01608ecae9437c7f,cec706eb619e86f00aabefe0a57151aa402010fb282f3393535a535e27378736,a10409bdba85a94e77366d404f8bc03f1fc65067f769d6072ad2a655495045b9,D45BDDDDA4C463F1D7E4E2BC815FEB66B26427FE36858B43522C3490BDC4152A,HASH_VERIFIED_SAVED_OUTPUT,RECOMPUTED_SAVED_OUTPUT_FIXED_PUBLISHED_CONFIGURATION
M32,WBPGNDN,D05,43,18.614328305214535,0.7766977922049566,0.2591682970523834,0.1900535225868225,aa762707340c64bf3375cfb66e8ecdac5657540024bd837242352d994e6e974d,acc6ad03b3cf01552bd1d8ecc1cdda971b039fe9af79b2732a8b3bf6f62c6e49,33d1e0e1a5bb57900269f722675a09c41c23b1c6493520bfe3fd57525e35d2d8,D45BDDDDA4C463F1D7E4E2BC815FEB66B26427FE36858B43522C3490BDC4152A,HASH_VERIFIED_SAVED_OUTPUT,RECOMPUTED_SAVED_OUTPUT_FIXED_PUBLISHED_CONFIGURATION
M32,WBPGNDN,D05,44,16.876340461262938,0.7531243956273652,0.2708309292793274,0.198297381401062,c9c9ad279e573fa522a7d1c5dc015133afda31a3a692c9855818f9fb7754e0e1,6f55f38e564bb18ab0b91adb42953d417a03de44382b1e4aaf9367f17f869223,933eb6a431cabd1adfab354b42a8030ee5728a204cf7e014ac6f06a4271209d3,D45BDDDDA4C463F1D7E4E2BC815FEB66B26427FE36858B43522C3490BDC4152A,HASH_VERIFIED_SAVED_OUTPUT,RECOMPUTED_SAVED_OUTPUT_FIXED_PUBLISHED_CONFIGURATION
M32,WBPGNDN,D05,45,14.064665110491672,0.5083524952354416,0.5031759142875671,0.39649105072021484,71f257b3b2cfa7945536825d9f1296024f8f9fa150aee2d73ccede854e6a2ec7,2c139a4592ad739977a27d4dd7ab459fa20139838cfa7796bd15ad5792d543e1,2a256f9e7bbd2b48232343b84a4640cfb69bec5ed5765d853473fa83ea900cf1,D45BDDDDA4C463F1D7E4E2BC815FEB66B26427FE36858B43522C3490BDC4152A,HASH_VERIFIED_SAVED_OUTPUT,RECOMPUTED_SAVED_OUTPUT_FIXED_PUBLISHED_CONFIGURATION
M32,WBPGNDN,D06,1,8.776000425489432,0.3458819050198419,0.8371126055717468,0.5505974292755127,28d483ee2ecae7e22e4dab43e74216587ff6604ad354609815567f0716fe3713,9ed841651ff20bf8f8636345ba3366395a5317a51c4fbee6720445349b695377,d69fb947945399c6af6aa838f18f8c9b1115ceea3e5d4dd0ba5ac00897fb164d,D45BDDDDA4C463F1D7E4E2BC815FEB66B26427FE36858B43522C3490BDC4152A,HASH_VERIFIED_SAVED_OUTPUT,RECOMPUTED_SAVED_OUTPUT_FIXED_PUBLISHED_CONFIGURATION
M32,WBPGNDN,D06,2,13.447280565590125,0.33550595513770926,0.8979761600494385,0.5558120012283325,134860c6c2da0fce9a97c8bb53e91039ff661ce28a074fe3b3279816abc66bff,6ac611763b08ee9dce1a5e21507ceb665bc266fada97ac5e6fcd76d7067ec883,a6d436389744fc2407cbf0461c230808b600cfc40facea56e83fe3f499667758,D45BDDDDA4C463F1D7E4E2BC815FEB66B26427FE36858B43522C3490BDC4152A,HASH_VERIFIED_SAVED_OUTPUT,RECOMPUTED_SAVED_OUTPUT_FIXED_PUBLISHED_CONFIGURATION
M32,WBPGNDN,D06,3,13.984284019811541,0.29599255493977367,0.9363136887550354,0.5937884449958801,006f27abc8e126705555a4285acd79d314915c77150940e2399ed60f417312fd,5ac49f9cbc4ef1a76ed1e612212c2943cbd487689c04c5e39d9606c85164d22e,d2c700f81723db499717d4cf804e5f98246f90eaef1b17e69c85c29820c224ee,D45BDDDDA4C463F1D7E4E2BC815FEB66B26427FE36858B43522C3490BDC4152A,HASH_VERIFIED_SAVED_OUTPUT,RECOMPUTED_SAVED_OUTPUT_FIXED_PUBLISHED_CONFIGURATION
M32,WBPGNDN,D06,4,9.595256500457783,0.17053830291698766,0.8523861169815063,0.6070423722267151,55bd84be636d6a8ba343bdc6c0de0584d6889357cb3d34735ff0f78e940ad09f,e082dcce315f5c0adbc2ebf1452878836dda1c622f5a306d2e9e0786999c7d4c,94040cda5619b6809fba9f4012e2e5dc6e8860d6e6717ce0cb7ae5602206109b,D45BDDDDA4C463F1D7E4E2BC815FEB66B26427FE36858B43522C3490BDC4152A,HASH_VERIFIED_SAVED_OUTPUT,RECOMPUTED_SAVED_OUTPUT_FIXED_PUBLISHED_CONFIGURATION
M32,WBPGNDN,D06,5,9.033694647261877,0.3660473359301523,0.8136347532272339,0.5749646425247192,24eacced76a470f04d9276f248aab0c3cff3c058246792f742e2e3cb7a6380cc,b5400cd64d590e3a6194c4b9a2e56393d5d35b5d117b8f6bcc3928822465d9b6,51d0a640c8e0acb7c5aee08dd06753cb435b567b0984575abccb8c5e7c87b61a,D45BDDDDA4C463F1D7E4E2BC815FEB66B26427FE36858B43522C3490BDC4152A,HASH_VERIFIED_SAVED_OUTPUT,RECOMPUTED_SAVED_OUTPUT_FIXED_PUBLISHED_CONFIGURATION
M32,WBPGNDN,D06,6,9.445990943770171,0.3626191057869435,0.8166115880012512,0.5741956830024719,9341a15aa8360794632aed0f593ce4e6541f798aa5b8628f6dcf6d6d0d249bc3,e000da4b0bf9e38ce6b0618757acd57d1cebf5e34efd182d0efe3b982a379795,b9481750f3b1ee0d760d72cba24643e61edb2c7448ae764e331b6d87bb9a7c26,D45BDDDDA4C463F1D7E4E2BC815FEB66B26427FE36858B43522C3490BDC4152A,HASH_VERIFIED_SAVED_OUTPUT,RECOMPUTED_SAVED_OUTPUT_FIXED_PUBLISHED_CONFIGURATION
M32,WBPGNDN,D06,7,11.946981788137778,0.31547650809236166,0.7596169114112854,0.544463038444519,2132e15598a04e4cb042242d3e5dde1f0fcd5514c57b8725d4c397db118ab11b,ce62d9856bc056878547f02d8f4544720ec5990c800826bd34717bbf74a319cf,84429440d3723acb31ad3007602381954fdcf05613487de1fce2d7ecd08bfeae,D45BDDDDA4C463F1D7E4E2BC815FEB66B26427FE36858B43522C3490BDC4152A,HASH_VERIFIED_SAVED_OUTPUT,RECOMPUTED_SAVED_OUTPUT_FIXED_PUBLISHED_CONFIGURATION
M32,WBPGNDN,D06,8,9.225149858227459,0.22133688678510724,0.9311326146125793,0.6104670763015747,d899b7d6739c06ae2ab1acb81682aad5ec7c1374e6381e67c8df1761bda7bf7f,cae7e7c1edf709dbef8a0885a2b5389ce2a5ff9d2d1aba7e8491576d982df5dc,202278e51df4bdda78c89e4296f211f7f3a528b52c481b3859d6022c8a8cbbd0,D45BDDDDA4C463F1D7E4E2BC815FEB66B26427FE36858B43522C3490BDC4152A,HASH_VERIFIED_SAVED_OUTPUT,RECOMPUTED_SAVED_OUTPUT_FIXED_PUBLISHED_CONFIGURATION
M32,WBPGNDN,D06,9,11.46290902806832,0.4050970590880511,0.9079580903053284,0.6267801523208618,eef4d07864bd7db244f0a806fcf200ed0288c07fab8bf3843f6af1b33b360c58,2b39c36701d4876e7b3ae9400ff1d86ab632239038eb17a2fc3c7a771bc29b54,0634ce206c080df8cb7231d2e209b515231416173847beeea2fa573279031e3c,D45BDDDDA4C463F1D7E4E2BC815FEB66B26427FE36858B43522C3490BDC4152A,HASH_VERIFIED_SAVED_OUTPUT,RECOMPUTED_SAVED_OUTPUT_FIXED_PUBLISHED_CONFIGURATION
M32,WBPGNDN,D06,10,7.537001714940008,0.27280916853828335,0.8382822275161743,0.6089075207710266,edb9ff85491de7acfcf706623eccc9863c787c3e426763fb1a2cfe0ac143d633,c679364383bac2eeca0dc6b66f1992840ddc505bd73d093de5c9c67fa05cc990,5897e35922f2c473f0e7e469cda75c0ba52aaf2260b51f09f5f85705c9402760,D45BDDDDA4C463F1D7E4E2BC815FEB66B26427FE36858B43522C3490BDC4152A,HASH_VERIFIED_SAVED_OUTPUT,RECOMPUTED_SAVED_OUTPUT_FIXED_PUBLISHED_CONFIGURATION
M32,WBPGNDN,D06,11,7.9781180334632,0.30266472620007157,0.8447558283805847,0.6059921979904175,36ec563eb560c4735f19351a76a78c09dde6f9f87549195dd271f447c3684fa3,989839a9fe1db898eb1e44fd4592ebb962351e077e81409bb6d03c7d8999356e,14ddfa45a3f28e3b6577a49872a64508d855b2b2f60764dbc1b64540e6c55335,D45BDDDDA4C463F1D7E4E2BC815FEB66B26427FE36858B43522C3490BDC4152A,HASH_VERIFIED_SAVED_OUTPUT,RECOMPUTED_SAVED_OUTPUT_FIXED_PUBLISHED_CONFIGURATION
M32,WBPGNDN,D06,12,13.458845126550687,0.49581815738393836,0.7051125168800354,0.6036491394042969,c5ca312e60b3650041dff8dd81c5e9b8ba928535379674bd79773319b65e98df,8fe85ac8a887dbe584b5b70e4ba908b05569c5e2a6d72c45c88393e109d653e0,75d7d118f5d3a7fe9b1ea09f00a6b1a0150d0e3c3fc0bf7057586e6fa0d39ece,D45BDDDDA4C463F1D7E4E2BC815FEB66B26427FE36858B43522C3490BDC4152A,HASH_VERIFIED_SAVED_OUTPUT,RECOMPUTED_SAVED_OUTPUT_FIXED_PUBLISHED_CONFIGURATION
M32,WBPGNDN,D06,13,14.682401406616535,0.40140506609337806,0.8995139002799988,0.6600049734115601,3e3ccf370c0e5a20ca86428c3ddde8ea1990a195a06bea69fceddaaafa9e5696,546b915eea0aeb7ab290bb7b6bbfb7e6b67bbb54e56c0937231556abfaa32ecb,d1a1e39491e59c5a25870c5cece06f005ebfa7bd43714d71dc3e0c0d192602a9,D45BDDDDA4C463F1D7E4E2BC815FEB66B26427FE36858B43522C3490BDC4152A,HASH_VERIFIED_SAVED_OUTPUT,RECOMPUTED_SAVED_OUTPUT_FIXED_PUBLISHED_CONFIGURATION
M32,WBPGNDN,D06,14,8.125226144681847,0.36655797938743695,0.8134027719497681,0.5824854373931885,ccee2cdaefa0a93958ee30031d4b2a39c661737ea1ea983c420674127715ac0e,8932e017c3b59da3b9202c8133d3cd0d267d05a7c2839875fdaedb5142998ec7,7a5f3cf4f488dd0d3fc51026513001bf50363ccdcc2dba12d41672e74d9950da,D45BDDDDA4C463F1D7E4E2BC815FEB66B26427FE36858B43522C3490BDC4152A,HASH_VERIFIED_SAVED_OUTPUT,RECOMPUTED_SAVED_OUTPUT_FIXED_PUBLISHED_CONFIGURATION
M32,WBPGNDN,D06,15,9.4452306975447,0.44401899274281514,0.7871298789978027,0.6098560094833374,c2b22d2dc3ef07c16936bace37fd89533dbda0d65701e97aaf93db066aea6056,ed66f848bc19aaf95ea3f836429497324674efc70c5b201a91a369d2120885c5,75d075ad1e5656e35313e5adb9c53d556bab022de35896581a0312bdba0eb1af,D45BDDDDA4C463F1D7E4E2BC815FEB66B26427FE36858B43522C3490BDC4152A,HASH_VERIFIED_SAVED_OUTPUT,RECOMPUTED_SAVED_OUTPUT_FIXED_PUBLISHED_CONFIGURATION
M32,WBPGNDN,D06,16,7.672998985053896,0.21454105933288528,0.9057841897010803,0.6745233535766602,b7d9f5c033b21b3aac02ad0acd53f54d232eeb24c4d10e44902419c1bbc400a6,dbf7ffcbc8657c2bcc9e8e47a7ee8de7b4644223c8dc023b0b3c2bfe6a20c67b,a83fcc193c5dd1e91618134583b542a838613be06a92d27a3f81c250b83f7675,D45BDDDDA4C463F1D7E4E2BC815FEB66B26427FE36858B43522C3490BDC4152A,HASH_VERIFIED_SAVED_OUTPUT,RECOMPUTED_SAVED_OUTPUT_FIXED_PUBLISHED_CONFIGURATION
M32,WBPGNDN,D06,17,10.718567820924953,0.22821768388154404,0.8517955541610718,0.6710249185562134,a0f274d8b271c6193552014bac75f1cc9a6db1514e67afe154c755b61af77adb,ef795846a7696089899739e9f674aa4b3ea88776eac373d1b9177846bdae2bc2,ed374d26f57b114d3009503b6b9f826818a782aedc3f13e7ba3fdb771a95eff1,D45BDDDDA4C463F1D7E4E2BC815FEB66B26427FE36858B43522C3490BDC4152A,HASH_VERIFIED_SAVED_OUTPUT,RECOMPUTED_SAVED_OUTPUT_FIXED_PUBLISHED_CONFIGURATION
M32,WBPGNDN,D06,18,11.334506098814469,0.40029580990613467,0.7430930137634277,0.5538011789321899,24e0011e35384905dd680e0d8a4a285d818af3286b5945f2e3d6feddad0e1aad,624642f5d30c4d807e4156062be8d38273dfe0c7993b2230a80f3179880b33a5,6fdc9ba880d8457fc9a923cf34f57b5a9b7e371028b58e074288c46a94f86869,D45BDDDDA4C463F1D7E4E2BC815FEB66B26427FE36858B43522C3490BDC4152A,HASH_VERIFIED_SAVED_OUTPUT,RECOMPUTED_SAVED_OUTPUT_FIXED_PUBLISHED_CONFIGURATION
M32,WBPGNDN,D06,19,10.482976608347043,0.42653732327180904,0.7874460220336914,0.6234304308891296,cc351cfcb3246a286ee2af5245e6253940af25530c52f9e98267ff9395e412f5,e90fa9e3f510fd18128f9e46253183cd998fce49f6f9373d03a33b3d39d14ba0,5ef6b20d32601e0b8692d680c5d2661b4fc02ffcb4e29522843d22030e01f9ee,D45BDDDDA4C463F1D7E4E2BC815FEB66B26427FE36858B43522C3490BDC4152A,HASH_VERIFIED_SAVED_OUTPUT,RECOMPUTED_SAVED_OUTPUT_FIXED_PUBLISHED_CONFIGURATION
M32,WBPGNDN,D06,20,9.855428214639083,0.31386015311754817,0.7800540328025818,0.5583192110061646,987c1d848366dd1b84a7141b5ac2f5452db7047896fc2a41c121ac259eff3773,40d87a8ebeac674460d9cd72e74f9b026716f858f604e6eb1dbb2478208c716d,df4a0acf3883a79749abf46b36f9deaa87b879f5dfbb732692fd0e2e645dcd57,D45BDDDDA4C463F1D7E4E2BC815FEB66B26427FE36858B43522C3490BDC4152A,HASH_VERIFIED_SAVED_OUTPUT,RECOMPUTED_SAVED_OUTPUT_FIXED_PUBLISHED_CONFIGURATION
M32,WBPGNDN,D06,21,11.171261158297437,0.4149655149645907,0.807872474193573,0.5993708372116089,6307ed17dbea16bff63743d58a5371c35781ca68446aa87b7a05d0e838e1cc8a,5c8bc9ffbc8201c16e9bce5d90a5f161a9c8da8468748e2fabf80aab4fcdb643,608ec952d29f9f5c925a6fec9d418edf36abb1acede2a3250bc4ad32d78b4613,D45BDDDDA4C463F1D7E4E2BC815FEB66B26427FE36858B43522C3490BDC4152A,HASH_VERIFIED_SAVED_OUTPUT,RECOMPUTED_SAVED_OUTPUT_FIXED_PUBLISHED_CONFIGURATION
M32,WBPGNDN,D06,22,9.880114762852386,0.29761775528009365,0.8493978381156921,0.674571692943573,658dab1a00b41191da6a17878f89ebf1c6ee4b679e76b985b7f5a6178124cb2d,60b2e368c115b017373bb3925bd64f0ffc7489196efa4f7f2d51b1110eebbcf6,7f1703163362d689cde25b05cf8eee070498f155e7a5071573d7531972770a79,D45BDDDDA4C463F1D7E4E2BC815FEB66B26427FE36858B43522C3490BDC4152A,HASH_VERIFIED_SAVED_OUTPUT,RECOMPUTED_SAVED_OUTPUT_FIXED_PUBLISHED_CONFIGURATION
M32,WBPGNDN,D06,23,9.396172213067294,0.36110307472487085,0.8624135255813599,0.6567778587341309,2df3bd74dfe3a4d18ecf6833b7d7fceae1fedae4039223e1e86db754951fb8a7,4fb429ea54743e65809dedd34fe869410472a853f1343d8c0827cc34ed7a4c77,545cbde26c366f654e95ca49cc8f48871886b10a39c520fac12a315efe2efdbf,D45BDDDDA4C463F1D7E4E2BC815FEB66B26427FE36858B43522C3490BDC4152A,HASH_VERIFIED_SAVED_OUTPUT,RECOMPUTED_SAVED_OUTPUT_FIXED_PUBLISHED_CONFIGURATION
M32,WBPGNDN,D06,24,7.605572730793809,0.23612168553356416,0.9483348727226257,0.6252592206001282,63725360b9bb3b219193a540e9f457aec2ddfafa55b5286ba72ea9295cde274e,52f5674de315b42a7874d987100f209df1337734cff5e8c92fb9ecd104156bf6,5cec6054fb8f4c7224c17e10c796672160ac95fb82ada1d2ac777de5bbdacdfb,D45BDDDDA4C463F1D7E4E2BC815FEB66B26427FE36858B43522C3490BDC4152A,HASH_VERIFIED_SAVED_OUTPUT,RECOMPUTED_SAVED_OUTPUT_FIXED_PUBLISHED_CONFIGURATION
M32,WBPGNDN,D06,25,10.393077537522334,0.4175870764673408,0.7907747030258179,0.5882097482681274,0f2a2fbc80ebbdad0a61f2fc86eabb120d31dbc05e7c58168098e0c6aaca4720,0ba15c9ebd7688a8a22a10ad657bd31e27ece3f24b3e8778f0ba5d00ae09bc25,b1967ebb6ceca5f36c413b55619be420cfa053955480ee8051e9bec636d95cc9,D45BDDDDA4C463F1D7E4E2BC815FEB66B26427FE36858B43522C3490BDC4152A,HASH_VERIFIED_SAVED_OUTPUT,RECOMPUTED_SAVED_OUTPUT_FIXED_PUBLISHED_CONFIGURATION
M32,WBPGNDN,D06,26,12.810022026766699,0.35739851021617897,0.8898326754570007,0.6356465816497803,cc1c5d476941198784445ee48cf4a0618b350c1ddf195451c8afd45306ee7592,06ad8c9c2f0c009268bb287f2c4fbf0119dc85f1831b4fc286daef45fd4805c6,d85419ab1f620eef0c4514315be67101370dacecf948422a0462144dccf863a3,D45BDDDDA4C463F1D7E4E2BC815FEB66B26427FE36858B43522C3490BDC4152A,HASH_VERIFIED_SAVED_OUTPUT,RECOMPUTED_SAVED_OUTPUT_FIXED_PUBLISHED_CONFIGURATION
M32,WBPGNDN,D06,27,8.576651789010608,0.2513790662689854,0.8710314035415649,0.593471884727478,74b1a368a32180329f912850a4b622ff7ccaf0bfafbb49931319d018c95cf861,4b8d83c4cdf79aea0aece2b70a36f852d458f3963a74ae4256179c946622609d,3d51ce85db852e68f8c69fe81812f1e1be5c3bdb9d0fa63ab7636eebcb683dc8,D45BDDDDA4C463F1D7E4E2BC815FEB66B26427FE36858B43522C3490BDC4152A,HASH_VERIFIED_SAVED_OUTPUT,RECOMPUTED_SAVED_OUTPUT_FIXED_PUBLISHED_CONFIGURATION
M32,WBPGNDN,D06,28,11.720340801380027,0.6281451079565444,0.5163977146148682,0.42202359437942505,86cb8bfb9d9b93e243e70a7b06750bb4d600f9824ed1c5413481279f6a3efeaa,d946af2a3985f8aabc9657c944591dd577d2d5a34cfbbc2247b328651226aa9b,861241c57abb8742ab32a2a558ac9e767fb47a3f9402573210d8cde9419c30da,D45BDDDDA4C463F1D7E4E2BC815FEB66B26427FE36858B43522C3490BDC4152A,HASH_VERIFIED_SAVED_OUTPUT,RECOMPUTED_SAVED_OUTPUT_FIXED_PUBLISHED_CONFIGURATION
M32,WBPGNDN,D06,29,10.627591415416491,0.39426393233963125,0.7666767835617065,0.6137702465057373,2e217089d7dbd0d87a7278bde3316cc67bb5aa909f0b2c79d37acac25d9acb43,b2a6f36c1346016d992a3ae0f5320976d04a6980828b9bd4626eb5ddca8bf39f,41cd33990111eab7f40594d3c7ac0cda634aba801bcda2cf751eaa4a1985f9cb,D45BDDDDA4C463F1D7E4E2BC815FEB66B26427FE36858B43522C3490BDC4152A,HASH_VERIFIED_SAVED_OUTPUT,RECOMPUTED_SAVED_OUTPUT_FIXED_PUBLISHED_CONFIGURATION
M32,WBPGNDN,D06,30,9.444858735026822,0.3954997644638112,0.8067637085914612,0.594898521900177,f805d7b18d0450840510982c28bb488f49971e13370fec14bfccd5d90fa3d55c,1ee74fb57012f24b04f04e826aece6d29063371b122630f228671e9c662481d8,95fe1f6a43fdb4c40c88b500e561374e053d148ffe1b647a655e16ae5ab43ac6,D45BDDDDA4C463F1D7E4E2BC815FEB66B26427FE36858B43522C3490BDC4152A,HASH_VERIFIED_SAVED_OUTPUT,RECOMPUTED_SAVED_OUTPUT_FIXED_PUBLISHED_CONFIGURATION
M32,WBPGNDN,D06,31,7.606448519298267,0.3758593132761292,0.7981581687927246,0.630221962928772,5b4752f6b9ab26b81e82d0f5050d45216e4224b58a5c1bfba3b1450087522335,23e6dd267cd37701626769b780c7acf0b1db9de5cf948bce59a254a49df093e8,313862193aa5db5af956a6dfe124f0209e0cffe39b5db94024220f19e2be5c50,D45BDDDDA4C463F1D7E4E2BC815FEB66B26427FE36858B43522C3490BDC4152A,HASH_VERIFIED_SAVED_OUTPUT,RECOMPUTED_SAVED_OUTPUT_FIXED_PUBLISHED_CONFIGURATION
M32,WBPGNDN,D06,32,14.905320412856234,0.7478404257972819,0.4872985780239105,0.37946563959121704,bd6b4f664dbdd67fd65c626d6305c2d749e8ba501bb0b13922aad0374de4b68f,eafccc0689f0593e9129f67bc528e9505050795eff27f133fafa5ba77869174b,2e8ce1f3bfacd7a9f6c947e1a34e830846a42508eb1e7d36a75a137662974bea,D45BDDDDA4C463F1D7E4E2BC815FEB66B26427FE36858B43522C3490BDC4152A,HASH_VERIFIED_SAVED_OUTPUT,RECOMPUTED_SAVED_OUTPUT_FIXED_PUBLISHED_CONFIGURATION
M32,WBPGNDN,D06,33,11.029417049843747,0.3860003117829014,0.7706362009048462,0.43066084384918213,351a2056999c9ee643f737e055cc2507c510c7fcf88b602d2ec7b20d12c71330,a0caf6e489c3e91ac5ce02b14ef77a8f1ca15fa3cacc14e5abadbd8f56946518,e7f2c9a7c634ee2addbdf2e43b312f69d4d3c3337e1188cd6f07dac12a97ea51,D45BDDDDA4C463F1D7E4E2BC815FEB66B26427FE36858B43522C3490BDC4152A,HASH_VERIFIED_SAVED_OUTPUT,RECOMPUTED_SAVED_OUTPUT_FIXED_PUBLISHED_CONFIGURATION
M32,WBPGNDN,D06,34,10.105948240506287,0.538799598302901,0.7080734372138977,0.591325044631958,9684809e3d2cebb9498d368db76487755b47c918b8aeda34592f0760827b62e3,3d36540a6e5742d0e0b3a8406747e3da1c8fd083c4c487266a1ca8f9b55e1104,399dbe782c2231aebf20e3e2431a6655a8c5e28c7363b131348d306e3871bfb6,D45BDDDDA4C463F1D7E4E2BC815FEB66B26427FE36858B43522C3490BDC4152A,HASH_VERIFIED_SAVED_OUTPUT,RECOMPUTED_SAVED_OUTPUT_FIXED_PUBLISHED_CONFIGURATION
M32,WBPGNDN,D06,35,9.161434501918531,0.5111897185323763,0.726422131061554,0.603071928024292,42b393c16a0124ebcc5221226c70d3898641e63ee485166fecdfe91db3d9be93,5385e420f7f42485979c8e65ac957ae6d7245831cca02585ca39bd658e562f55,1c3d1858d00eacea2be494daff436c2ef698590054d06867f48fa68739d0ca46,D45BDDDDA4C463F1D7E4E2BC815FEB66B26427FE36858B43522C3490BDC4152A,HASH_VERIFIED_SAVED_OUTPUT,RECOMPUTED_SAVED_OUTPUT_FIXED_PUBLISHED_CONFIGURATION
M32,WBPGNDN,D06,36,9.397676789881368,0.5086514677963438,0.5899624228477478,0.39739173650741577,6f8de0abef45000a285e3cc6c5210b5bfd2fd1ca972a46d6e1f89b20af7945df,aa92de50b482fefa542aa9ae0e1084cad9d988260a3badb4defdfc660a9625ca,a3e5ed4527d75df2f3364ef92181fa02bda5d7d00c36fc6f36f955fd6b14da6a,D45BDDDDA4C463F1D7E4E2BC815FEB66B26427FE36858B43522C3490BDC4152A,HASH_VERIFIED_SAVED_OUTPUT,RECOMPUTED_SAVED_OUTPUT_FIXED_PUBLISHED_CONFIGURATION
M32,WBPGNDN,D06,37,11.390992148982484,0.5089485738456063,0.5945886373519897,0.35672545433044434,e71a9f85d51af0ea561a9c767b8ae577993b9e08ce0863b6e2b7647501248b14,5c2f4fd63ffe544c64b50e0063b95a445a3bdb6d2b83b06bda91e19ee861f693,266645dd5126f75f92c1cedf695c76b945e4fbf5336785352a0f0900a9af9de9,D45BDDDDA4C463F1D7E4E2BC815FEB66B26427FE36858B43522C3490BDC4152A,HASH_VERIFIED_SAVED_OUTPUT,RECOMPUTED_SAVED_OUTPUT_FIXED_PUBLISHED_CONFIGURATION
M32,WBPGNDN,D06,38,9.856573564150054,0.4832056757923324,0.7576654553413391,0.5467239022254944,ac0e55355fddcafa32f131abd0136e2e3b1ab61b93c0e3a4a13824b63772c476,1d7eb8668e769dd6516fc6f4bdb8edb78c53cd4a5f4173b345d8b03bde46590a,da8b15476631cca9fd11c35f4fecd2800298fff5eae052a0cf019f8c4043faa7,D45BDDDDA4C463F1D7E4E2BC815FEB66B26427FE36858B43522C3490BDC4152A,HASH_VERIFIED_SAVED_OUTPUT,RECOMPUTED_SAVED_OUTPUT_FIXED_PUBLISHED_CONFIGURATION
M32,WBPGNDN,D06,39,11.42987410027957,0.5661295857403911,0.6518885493278503,0.5873271226882935,0d7318f2da6f596c1867d45ac81cc429ee8b07450f624958d647e820df6da61a,2c3c12556ac6868897d75e2e94829f1a650f9665c1375a81601a8850a242abca,9c931c731e1b22e189b46e5a87ed1401df676fb674fff43431dd9efce544587c,D45BDDDDA4C463F1D7E4E2BC815FEB66B26427FE36858B43522C3490BDC4152A,HASH_VERIFIED_SAVED_OUTPUT,RECOMPUTED_SAVED_OUTPUT_FIXED_PUBLISHED_CONFIGURATION
M32,WBPGNDN,D06,40,11.138571522145718,0.44777340514921987,0.7153114080429077,0.47581619024276733,9340b5f5cd8234a0cbdc2603ad7ba8f01363a80b950414fc357bdf53643f7a50,ee5106c7e5154b941e5198b85c66284a62c8757c87e2e57dea76a89e886dee73,6cffd3fbf46ac212c821440c66c0fc02e39a84db7e38c3a9c140dd6b53ec6100,D45BDDDDA4C463F1D7E4E2BC815FEB66B26427FE36858B43522C3490BDC4152A,HASH_VERIFIED_SAVED_OUTPUT,RECOMPUTED_SAVED_OUTPUT_FIXED_PUBLISHED_CONFIGURATION
M32,WBPGNDN,D06,41,10.930279319906699,0.5401968739493119,0.6804454326629639,0.4730193018913269,414b2cdde8d201e650ca35fb5f5b5049152549bef8310307d7fdfaaeb87a933e,58ceac6acc041584c7e9b0870f6a9168ba86141cd679ada25f31db7b62ec7e7f,82c9defb253aecd1c3ca4983ffb94770d18ef9d4c4e3db7384b37d0f07b943b2,D45BDDDDA4C463F1D7E4E2BC815FEB66B26427FE36858B43522C3490BDC4152A,HASH_VERIFIED_SAVED_OUTPUT,RECOMPUTED_SAVED_OUTPUT_FIXED_PUBLISHED_CONFIGURATION
M32,WBPGNDN,D06,42,8.584946890216274,0.24720348198386258,0.8675292730331421,0.597730278968811,756a2778dc7a36c3d2ce980c5704d3ff28dd9a134f2a5fd8efa8ed98b5289ee7,c2ed2578bc9f78c25fb211535c4a2971a8c3b431f614d0c9f8780b7cb0790d97,ce15eb06b8ec247e11c91406d3f90fcaa7e58bc7ceaf908e853bafec48aa33da,D45BDDDDA4C463F1D7E4E2BC815FEB66B26427FE36858B43522C3490BDC4152A,HASH_VERIFIED_SAVED_OUTPUT,RECOMPUTED_SAVED_OUTPUT_FIXED_PUBLISHED_CONFIGURATION
M32,WBPGNDN,D06,43,10.886211872989364,0.3362556169397963,0.874506950378418,0.5892688035964966,3581c893e71e6ca49bdfcb723b81435ec50078b6e1cf70af13057affcb79fada,75ee61876685ff3ea4386cef532cab226869419c2c5e735a266ec81f73870ee8,60b6d8cb5a2b89ebed77468f82609c3042df8b7a140394d7a7f2fc0bcb9702fa,D45BDDDDA4C463F1D7E4E2BC815FEB66B26427FE36858B43522C3490BDC4152A,HASH_VERIFIED_SAVED_OUTPUT,RECOMPUTED_SAVED_OUTPUT_FIXED_PUBLISHED_CONFIGURATION
M32,WBPGNDN,D06,44,10.088185432154972,0.6822081081709404,0.5772780179977417,0.5457654595375061,54849343586befadcb455a636ac8a1b4587675ef2add444b3a0c88540336967f,4677b2919c21bb427b463704aa14f6e43a31d75ca9f6a386cc93c4ba057976b4,9399e2878e2802338922fd9e8c80727dcb58907c9f6fea5f120db320b6854d59,D45BDDDDA4C463F1D7E4E2BC815FEB66B26427FE36858B43522C3490BDC4152A,HASH_VERIFIED_SAVED_OUTPUT,RECOMPUTED_SAVED_OUTPUT_FIXED_PUBLISHED_CONFIGURATION
M32,WBPGNDN,D06,45,12.036930698189556,0.6285988130462284,0.6282346844673157,0.5293022990226746,f00e9e30c19105e15a58bb72d8121f667b8a672cab354083af93b83e4e6223b2,289dbaafb99744d36ce926a0e7295347f4cc7ec9046ad3bf6fdafc350fe13077,4454ffe9e47e4d5ea9c96be83a863e5c8fce9100ed39720551d7490ce12eeb2a,D45BDDDDA4C463F1D7E4E2BC815FEB66B26427FE36858B43522C3490BDC4152A,HASH_VERIFIED_SAVED_OUTPUT,RECOMPUTED_SAVED_OUTPUT_FIXED_PUBLISHED_CONFIGURATION
M32,WBPGNDN,D06,46,7.949803353423039,0.18185646968404737,0.9546830654144287,0.6545377373695374,70c79f4bc69068506f9ce17c15310ecd5f39017a27a72073804342cfc9b0a303,fe99499e05aaa1585150392c3e7ccfc905fc688437457fdff610dacd025c19db,6e7d5e7509ea91e71d18f91a7ce9c98fd26b5f59dfb16d7b0cf60033d509d2ad,D45BDDDDA4C463F1D7E4E2BC815FEB66B26427FE36858B43522C3490BDC4152A,HASH_VERIFIED_SAVED_OUTPUT,RECOMPUTED_SAVED_OUTPUT_FIXED_PUBLISHED_CONFIGURATION
M32,WBPGNDN,D06,47,12.559609096075796,0.531029127098834,0.664081335067749,0.5539182424545288,bc315ca9e20f6a05b04fa37fddab7aacd6be60ac81c7fd41bb287bd60dad088c,1cece3856bf4dfcf4b9c80666d48d912aae091b90b181f2171a1bdd84994f7f7,876b13026caa922d723576299eb12f5a6e9ede0cbf4aa8f15883a104387a5e99,D45BDDDDA4C463F1D7E4E2BC815FEB66B26427FE36858B43522C3490BDC4152A,HASH_VERIFIED_SAVED_OUTPUT,RECOMPUTED_SAVED_OUTPUT_FIXED_PUBLISHED_CONFIGURATION
M32,WBPGNDN,D06,48,10.72036168404396,0.2750958335300931,0.8781307935714722,0.550201416015625,f571b7ab63b6d6d821df667aef1e29805528226e8eeb5cfa9303df48df39dcb5,92f152af6e8fb82985768d781e682ce5d784a44972923aa132a1c13aaa01de88,95706925c8aeef012f28294f3148d02a315f67ee5d0e85fb48939701bb408fd0,D45BDDDDA4C463F1D7E4E2BC815FEB66B26427FE36858B43522C3490BDC4152A,HASH_VERIFIED_SAVED_OUTPUT,RECOMPUTED_SAVED_OUTPUT_FIXED_PUBLISHED_CONFIGURATION
M32,WBPGNDN,D06,49,6.748393654507133,0.15149002959008562,0.9750884175300598,0.7268199920654297,1115f4a9a191eadbdc45f0f44d4fb0be368722cfc3a35281bdecc4d38f6c1d7d,3a6934bb503339653653d396fa5108dbb8e1494bea220b6e6a21718b192ab6c5,362518e1616e55b84635d7cf65ed55bc05b44696db43605e175e900e55918dcc,D45BDDDDA4C463F1D7E4E2BC815FEB66B26427FE36858B43522C3490BDC4152A,HASH_VERIFIED_SAVED_OUTPUT,RECOMPUTED_SAVED_OUTPUT_FIXED_PUBLISHED_CONFIGURATION
M32,WBPGNDN,D06,50,9.397404150050807,0.21102967543807438,0.8586457967758179,0.6990197896957397,1546122878ad4593e7c1539732427f1ea58d883ad866598610358528d1990caa,3e75fd29c9b51438209e9418ae82107bf256b9f9a3598518679c898fd1392e4e,1d8dba8925b84cfce975208911b4c816de0ca1719a107b252da226022a4ba853,D45BDDDDA4C463F1D7E4E2BC815FEB66B26427FE36858B43522C3490BDC4152A,HASH_VERIFIED_SAVED_OUTPUT,RECOMPUTED_SAVED_OUTPUT_FIXED_PUBLISHED_CONFIGURATION
M32,WBPGNDN,D06,51,10.583075922624054,0.3744500324708247,0.8211140036582947,0.6202277541160583,8b58351977c32009fda9ae77e7b0a48b78f0760415ba62708de1f062cae1a3bc,78f7185c2b2575ec6608a760d9fff23b2c51b9eb6aed7731d27a0f15ee813305,106108037a7c011608f7c05d2d6f503de33530d470601ce93c95f429ee6c3844,D45BDDDDA4C463F1D7E4E2BC815FEB66B26427FE36858B43522C3490BDC4152A,HASH_VERIFIED_SAVED_OUTPUT,RECOMPUTED_SAVED_OUTPUT_FIXED_PUBLISHED_CONFIGURATION
M32,WBPGNDN,D06,52,6.806520306455744,0.1912431875664351,0.937758207321167,0.6705361604690552,e270dc3ae20cb709a9c369a58051984b64cc625bf58f4b16b6a23a0c68c84f77,e3a41f09926449c7149d31717fb0d952c2646cfea459a225eca94f3827e1366a,460e2b01a8f668f8d103bd3025093774ad828d24151be9dc14867adbb5176560,D45BDDDDA4C463F1D7E4E2BC815FEB66B26427FE36858B43522C3490BDC4152A,HASH_VERIFIED_SAVED_OUTPUT,RECOMPUTED_SAVED_OUTPUT_FIXED_PUBLISHED_CONFIGURATION
M32,WBPGNDN,D06,53,7.609779059907096,0.32974999650005626,0.7823041677474976,0.5448338389396667,32d8328fae01f5b48ec165032c30e7dea8108b963cc050f39241c2ad0a461cd1,7240309cafc4252bdf6c2a6939836185d61dcc6d4bc30ae43149d28298d1a85d,81caaf5cfe01761230d31cef43047664e1787d1d81b7a00b393f792988d540d3,D45BDDDDA4C463F1D7E4E2BC815FEB66B26427FE36858B43522C3490BDC4152A,HASH_VERIFIED_SAVED_OUTPUT,RECOMPUTED_SAVED_OUTPUT_FIXED_PUBLISHED_CONFIGURATION
M32,WBPGNDN,D06,54,10.62204034778654,0.6427798315933514,0.6287605166435242,0.5696724057197571,2789c6f938dad041ad72e0fe3ab1265d3b0a38c6927952a3f1d4c5ef1ea35993,ed019dfb21462f398f1438f86c9b485cc35ea554aa1e136b62bf915309fdc04d,034f89d2d360626a9a07fd7fff9556455ce7831177fdf7fc928e712766e8e646,D45BDDDDA4C463F1D7E4E2BC815FEB66B26427FE36858B43522C3490BDC4152A,HASH_VERIFIED_SAVED_OUTPUT,RECOMPUTED_SAVED_OUTPUT_FIXED_PUBLISHED_CONFIGURATION
M32,WBPGNDN,D06,55,8.784407508866446,0.6033945039447306,0.6851506233215332,0.5944254398345947,eae3612c4e4f36d7f813d764cfa6f8f6bac2a0c07c4f63664511a3906d9b3f15,daa30dd018ebf3dd71aa19291aa9a98761fece772cf96491c05c756e6664af2d,b0a0119bb4e7d1bf8e364d9380d6b2e36fcd937d1e34313ea72379289e2f1f5c,D45BDDDDA4C463F1D7E4E2BC815FEB66B26427FE36858B43522C3490BDC4152A,HASH_VERIFIED_SAVED_OUTPUT,RECOMPUTED_SAVED_OUTPUT_FIXED_PUBLISHED_CONFIGURATION
M32,WBPGNDN,D07,1,11.81135177913986,0.5111212306520142,0.5301297903060913,0.3003841042518616,2f4ac211c76670f483fb4c23d99b792efc535d60d2f88fce905e47474aa29927,70ddea3297f6fcb7e7e5e3142c38719be0ad8f87ab385a057012aacb5113c68f,b2570bb4fcbf3f9e5e858168ccd494c55b7a306bc2ee34412a3dac668d106539,D45BDDDDA4C463F1D7E4E2BC815FEB66B26427FE36858B43522C3490BDC4152A,HASH_VERIFIED_SAVED_OUTPUT,RECOMPUTED_SAVED_OUTPUT_FIXED_PUBLISHED_CONFIGURATION
M32,WBPGNDN,D07,2,14.912234408727997,0.5893138083230074,0.3683411478996277,0.14173173904418945,dbf9e753f94175e37390db89fcff1e0abe7fac13c9474dcee19b03613683021e,cc029a27986dd6463bcd49386723ffe36fe308c9ee5c6463698e4f3f01480998,3e170fb4c8d75595f683f9d80d3299eb20270e10e78a770fa40075670b0f1c00,D45BDDDDA4C463F1D7E4E2BC815FEB66B26427FE36858B43522C3490BDC4152A,HASH_VERIFIED_SAVED_OUTPUT,RECOMPUTED_SAVED_OUTPUT_FIXED_PUBLISHED_CONFIGURATION
M32,WBPGNDN,D07,3,9.349327039385503,0.45315788992913425,0.5744131803512573,0.3872695565223694,29e32163b37122631ba38311ecf7959dcbbb846fc5709ec1b6d62d17542929f2,76ad76c262f7364714f6b29d836b59238b650b1e5b1e0bd486156ceab03dc154,8f7e666231b7f7dd9514f9143abd67b7fa0581dbab91d5f5d382177b74788e40,D45BDDDDA4C463F1D7E4E2BC815FEB66B26427FE36858B43522C3490BDC4152A,HASH_VERIFIED_SAVED_OUTPUT,RECOMPUTED_SAVED_OUTPUT_FIXED_PUBLISHED_CONFIGURATION
M32,WBPGNDN,D07,4,10.753840822867542,0.47988682764328283,0.5720199346542358,0.35418444871902466,808d29ff6d04386d2358af34f8aadace4f1fffe9d54d0626f5dab18d5eddcce5,9387284b38b410cd4c0f89f74527fb1daebb683fe6abc6c62bb59191ce5fd145,65028e9e57f617aec86bd704f112305eb70946c451790069d6656e37643f9d64,D45BDDDDA4C463F1D7E4E2BC815FEB66B26427FE36858B43522C3490BDC4152A,HASH_VERIFIED_SAVED_OUTPUT,RECOMPUTED_SAVED_OUTPUT_FIXED_PUBLISHED_CONFIGURATION
M32,WBPGNDN,D07,5,10.775834736102555,0.4216843452424355,0.6164725422859192,0.33209455013275146,7695569a21b066af399419312f4a06dfeb7eb38a07804b5e41a9fbe4240f3556,4412819e0c0e25b295b131adc01167ca0d21f1931210dc431914ac0d6a353334,44c53475112e19b5c2cc4e68fc822f1150b3e698eb454e6e1d4810db1e117af6,D45BDDDDA4C463F1D7E4E2BC815FEB66B26427FE36858B43522C3490BDC4152A,HASH_VERIFIED_SAVED_OUTPUT,RECOMPUTED_SAVED_OUTPUT_FIXED_PUBLISHED_CONFIGURATION
M32,WBPGNDN,D07,6,11.45584647933061,0.4385702559111948,0.5649705529212952,0.31052303314208984,8228520490da79602d9d4bb21e8ba2334b661a2c119bb4fe6e7c1a903b5bdc80,036d40bd93bd9677a93b0e0a7512980ccc633142fa9768706c5535d2774c9340,e36ba2c6bd6190ca444544bf206545ac82281ce9ddb92e371e62abbdd1dc7acc,D45BDDDDA4C463F1D7E4E2BC815FEB66B26427FE36858B43522C3490BDC4152A,HASH_VERIFIED_SAVED_OUTPUT,RECOMPUTED_SAVED_OUTPUT_FIXED_PUBLISHED_CONFIGURATION
M32,WBPGNDN,D07,7,10.198269102030299,0.4027684505944897,0.6569281816482544,0.382088303565979,2d97788e461d52bbab88a44475c4a5e1875d739e8f4654048f7cd03c5c088431,282f2aff116af5df945814499f5817895b9999f66b8e2ae1cfaf2ebada3c19ee,42dafabb4a8a0e63d67fa48acb6514b0e69258822903840d62b15c1e1c5ea664,D45BDDDDA4C463F1D7E4E2BC815FEB66B26427FE36858B43522C3490BDC4152A,HASH_VERIFIED_SAVED_OUTPUT,RECOMPUTED_SAVED_OUTPUT_FIXED_PUBLISHED_CONFIGURATION
M32,WBPGNDN,D07,8,12.59194283219081,0.5821757906856394,0.30044737458229065,0.20646882057189941,c77d35c100aa7b6515b397b780bce1c4bf88a6cb2b13f6effedca2025c864a12,e6445594b2275df4cde50999acca8e938f3c1d1c18621f09933ee7cce15c6113,5057c8cd2d31b9d6c2933d4fd2ddfa345172ea28e81bb65e5ebfcaf84b11b1fc,D45BDDDDA4C463F1D7E4E2BC815FEB66B26427FE36858B43522C3490BDC4152A,HASH_VERIFIED_SAVED_OUTPUT,RECOMPUTED_SAVED_OUTPUT_FIXED_PUBLISHED_CONFIGURATION
M32,WBPGNDN,D07,9,10.487928046777801,0.44432743160447186,0.6159096956253052,0.37480825185775757,afe1125e5ae8c757f8f9f75624a7ad28ca5727748fffc89f88c3a119d38073e4,fdb65ce15abc481d61fcf6728b1482fe58576403fd03ab5aef5099079c3ab3c6,cb376c0c7df4bdf14effbed42056445d592bf6ea64ea7e331919cb8e81f6c51e,D45BDDDDA4C463F1D7E4E2BC815FEB66B26427FE36858B43522C3490BDC4152A,HASH_VERIFIED_SAVED_OUTPUT,RECOMPUTED_SAVED_OUTPUT_FIXED_PUBLISHED_CONFIGURATION
M32,WBPGNDN,D07,10,11.813513624508552,0.5018979070018431,0.49986588954925537,0.2710840106010437,08e9e0a333fdf0cd6ad1651f612ceadffb47dbc621289aad7912c0d275d835ca,2ac9f28afb08a5f2eb1bab222544e28c62ff0331216508b7b2b361d03c409c77,b80f6d46856566db6f6d8d744aafcedeb31802fe2218ba821c23e0aef0c10378,D45BDDDDA4C463F1D7E4E2BC815FEB66B26427FE36858B43522C3490BDC4152A,HASH_VERIFIED_SAVED_OUTPUT,RECOMPUTED_SAVED_OUTPUT_FIXED_PUBLISHED_CONFIGURATION
M32,WBPGNDN,D07,11,10.355273946578718,0.3529493616743061,0.7031678557395935,0.4129011034965515,cd879322e71dc73881ba394da129d051c80bc96fb38f62c716c52da5dd9843cc,df0ad43890d1d228b6faef5336d6128a715e2a350525f7260e6d4c5a900f7de0,c88cc474a75d706e1a4b47f79dc204b276866876621b1994beca87928fe818cd,D45BDDDDA4C463F1D7E4E2BC815FEB66B26427FE36858B43522C3490BDC4152A,HASH_VERIFIED_SAVED_OUTPUT,RECOMPUTED_SAVED_OUTPUT_FIXED_PUBLISHED_CONFIGURATION
M32,WBPGNDN,D07,12,11.712653918596382,0.43851934860360386,0.5620326995849609,0.3413206934928894,df826917978479cb544754875efb5312388dffbdee9ac4aaf4fd19c6bc175beb,2b9894d7aec2fffc8804e4e790e71d455831fa23423831d87875ecf37fb6987b,ca029282c1fd7e401aed03554ec0527abaee94dbcb8957a4b7f4a542da2551c9,D45BDDDDA4C463F1D7E4E2BC815FEB66B26427FE36858B43522C3490BDC4152A,HASH_VERIFIED_SAVED_OUTPUT,RECOMPUTED_SAVED_OUTPUT_FIXED_PUBLISHED_CONFIGURATION
M32,WBPGNDN,D07,13,12.901473439863082,0.5637507825864742,0.43702974915504456,0.29681968688964844,c5df23fe4916054042285b1a900b08f4e6933f06962aa6e774b546b1f79a4f1f,3ab5efef688e8df19b1c8a2dc1bd23316ed2ee75eefeb5b0375166aedbbd415a,b2dd5a09668c2444ce9321db70695b4fd239a557c9994911083a5774febd3699,D45BDDDDA4C463F1D7E4E2BC815FEB66B26427FE36858B43522C3490BDC4152A,HASH_VERIFIED_SAVED_OUTPUT,RECOMPUTED_SAVED_OUTPUT_FIXED_PUBLISHED_CONFIGURATION
M32,WBPGNDN,D07,14,14.195223416750833,0.6192563040562993,0.44419071078300476,0.25233614444732666,e0bee00fc3dbd4bb8a2e943525da05d00d8dd20489aa818171bd3a73bc19143c,a2d892354f97c06a62bddac58ec75c94986103486d6ce395707672298d9f573d,881bd8f5a4e9da7cbd12995d206b2b077d163c6c9829a519f74a30515e0c376a,D45BDDDDA4C463F1D7E4E2BC815FEB66B26427FE36858B43522C3490BDC4152A,HASH_VERIFIED_SAVED_OUTPUT,RECOMPUTED_SAVED_OUTPUT_FIXED_PUBLISHED_CONFIGURATION
M32,WBPGNDN,D07,15,13.700016485040123,0.614369985745378,0.32439184188842773,0.1773623824119568,47dc42cc419222abcc877682642262d615a25954aee89468f0375d2be1b25a68,b87b8a8bb2f5b0b370f4d55436305ed02919618bf1fa77369662ea28710afc2e,900fb6c9b82bbebe9357c5275c60de4c8cf27f0cef327f13fa4f50f899c74e6a,D45BDDDDA4C463F1D7E4E2BC815FEB66B26427FE36858B43522C3490BDC4152A,HASH_VERIFIED_SAVED_OUTPUT,RECOMPUTED_SAVED_OUTPUT_FIXED_PUBLISHED_CONFIGURATION
M32,WBPGNDN,D07,16,14.306651979761483,0.6642872206034545,0.33004066348075867,0.1517730951309204,c6e8cf1214f28475a4dd452f21ff6d0873bb8feb329ac4f16efe18497621949e,609b9113cedc5e3e08adc4e4510f0260024dee7547de4589e9f455469281bd05,8f28b2d4d77fdeee031ad963a728cccb187b7b6b6ee6112a8937da6cb0dbca00,D45BDDDDA4C463F1D7E4E2BC815FEB66B26427FE36858B43522C3490BDC4152A,HASH_VERIFIED_SAVED_OUTPUT,RECOMPUTED_SAVED_OUTPUT_FIXED_PUBLISHED_CONFIGURATION
M32,WBPGNDN,D07,17,11.76222161719499,0.5029884132724505,0.5291458964347839,0.3760746121406555,6065ab75f4c64fa2b7819f1bb665539086625b585b5121b19a66200f8fbdc963,5950e9be89ef46ebd6321ca3979b7efb1908b99d763926192b0f96aacf1066f3,3b0eb012ad41652c196e676223f2e11846edbfb2acb35ae75b695734e8864c6b,D45BDDDDA4C463F1D7E4E2BC815FEB66B26427FE36858B43522C3490BDC4152A,HASH_VERIFIED_SAVED_OUTPUT,RECOMPUTED_SAVED_OUTPUT_FIXED_PUBLISHED_CONFIGURATION
M32,WBPGNDN,D07,18,12.966929832136849,0.5342614853711068,0.47908228635787964,0.28122586011886597,3d22552fc2eb9be5ea517190db592b213ca093943a559a7ba520c55cf3ff618a,b24e1e07b2985c4406f26fd22f730432a6f062584c6a83b4c81d6593439c7074,6f50b55c6a3c130bf9af94142cfa84a0c813b91da65b8654b6d96ae18eaa5889,D45BDDDDA4C463F1D7E4E2BC815FEB66B26427FE36858B43522C3490BDC4152A,HASH_VERIFIED_SAVED_OUTPUT,RECOMPUTED_SAVED_OUTPUT_FIXED_PUBLISHED_CONFIGURATION
M32,WBPGNDN,D07,19,12.440983155519334,0.3953390062783879,0.6341084241867065,0.31711316108703613,7ad7060faa048c6b435c3f96d294c762becf6f08d30f9fdd41da3e1cda189c7d,4eb4973f803989966ed94ba8909bd94592b9892e6646b6162fe44099aa5ae7f4,9d968f08b79fdb0edf839a36322fea059a4e92b1b8513d3ed2c66cf67a6131ce,D45BDDDDA4C463F1D7E4E2BC815FEB66B26427FE36858B43522C3490BDC4152A,HASH_VERIFIED_SAVED_OUTPUT,RECOMPUTED_SAVED_OUTPUT_FIXED_PUBLISHED_CONFIGURATION
M32,WBPGNDN,D07,20,12.464474078448003,0.3674391837456447,0.7414422035217285,0.41010594367980957,836386f0cc7777ca7086daf7e26fc3eaef4bdb082ccea9d0286dc323a35015ee,63da7322d9b38bbe8bb48667d06081e3c3934893315db595912be563fe5b4a94,27b3b4404413a07252a77e242eef5ec05cb3849a1a1bce591d2d47ea7add89a1,D45BDDDDA4C463F1D7E4E2BC815FEB66B26427FE36858B43522C3490BDC4152A,HASH_VERIFIED_SAVED_OUTPUT,RECOMPUTED_SAVED_OUTPUT_FIXED_PUBLISHED_CONFIGURATION
M32,WBPGNDN,D07,21,10.280625635566338,0.4975030987571969,0.5175995230674744,0.27445757389068604,36b844ae012712dbc47daacda04a81883be7d259f7d12a2893940ae0a9e685fb,8f6bc70a448ee17d017112e6bd6e1c91713d123406f6fbc3051b91a515d26235,e9afc84874126db8a07af114baae47fc6fee8000bbcec9d36a0c2078a2ef0bf9,D45BDDDDA4C463F1D7E4E2BC815FEB66B26427FE36858B43522C3490BDC4152A,HASH_VERIFIED_SAVED_OUTPUT,RECOMPUTED_SAVED_OUTPUT_FIXED_PUBLISHED_CONFIGURATION
M32,WBPGNDN,D07,22,12.45329403290452,0.3666649804395877,0.6902394890785217,0.436146080493927,16d49fad720777e427295c31db5c5e4b8b0803fbdc16489839235468f4f046c7,353441646ec6fa48421ea2c5e9e05c357445b166bbd98a389597d4c9cc35d2e4,1f08abb18acbd1b06bc5d33007b0cd80a34ca654bf1d71068b3abf4b40572c46,D45BDDDDA4C463F1D7E4E2BC815FEB66B26427FE36858B43522C3490BDC4152A,HASH_VERIFIED_SAVED_OUTPUT,RECOMPUTED_SAVED_OUTPUT_FIXED_PUBLISHED_CONFIGURATION
M32,WBPGNDN,D07,23,12.215507859108175,0.6609345669683654,0.3058395981788635,0.14978277683258057,28798ccfe92dafffc5aba451c556c51d1136dcdf9d121ff3398b59f0537c9489,d7c4a37b02ca65482b3b118b5c7947c172e065243600c69cefb0174305b5ccc0,e4e3999ba2508280ac93b85599df7024373da28a726b34421f13fed3918a3fc0,D45BDDDDA4C463F1D7E4E2BC815FEB66B26427FE36858B43522C3490BDC4152A,HASH_VERIFIED_SAVED_OUTPUT,RECOMPUTED_SAVED_OUTPUT_FIXED_PUBLISHED_CONFIGURATION
M32,WBPGNDN,D07,24,11.684067293027766,0.5552945410312776,0.43718743324279785,0.20392698049545288,4d9ba936bf2641a98737f01492b7a28497a815fc184fa76435659a955ae42f69,50546ecab5acfbd886119a284e96ecbbc93f6e73b3975c556622e320233b1f5d,1a92e1e546ad053b909f298d1e187dd90b8d8956aba9ad5c67ea87c07d8bd7fa,D45BDDDDA4C463F1D7E4E2BC815FEB66B26427FE36858B43522C3490BDC4152A,HASH_VERIFIED_SAVED_OUTPUT,RECOMPUTED_SAVED_OUTPUT_FIXED_PUBLISHED_CONFIGURATION
M32,WBPGNDN,D07,25,12.045806781299529,0.5649355783597368,0.5358399748802185,0.34779560565948486,0a2f75698628581f29066d462af1d989a6fd1a59717e196eccfa4a44fb4d56f8,9301726d8a40ee4c50b58846e24e12a0a35a877a8f17a236a5b0dd3dd71bcea9,1b8c47cbf3d1c20c693f5da6abbe9a9a3ce620ddd796995abe1cc83303e85422,D45BDDDDA4C463F1D7E4E2BC815FEB66B26427FE36858B43522C3490BDC4152A,HASH_VERIFIED_SAVED_OUTPUT,RECOMPUTED_SAVED_OUTPUT_FIXED_PUBLISHED_CONFIGURATION
M32,WBPGNDN,D07,26,9.745623760778212,0.35574706339925816,0.685192346572876,0.3936809301376343,276beb466013030724769518f4fd0a6e15d815926f48583878c8076757f2c583,38206ed528109618d498071a4a50d26d80e2b00f7bd8243e56accc12d964216f,e5d67b1a721fe4f20a0f429645cb362d48a3d83b06446b026ab0708c8c8e4a40,D45BDDDDA4C463F1D7E4E2BC815FEB66B26427FE36858B43522C3490BDC4152A,HASH_VERIFIED_SAVED_OUTPUT,RECOMPUTED_SAVED_OUTPUT_FIXED_PUBLISHED_CONFIGURATION
M32,WBPGNDN,D07,27,12.861389443453938,0.3456936808345647,0.6447625160217285,0.3799930810928345,518e1b7213e350e8e195c5096c1caed00808607daac253615b72ba443ede4fbe,1d6a7abdd4679cf924ea3e980ed410ed01c9f78c965fdc51668117b8a457a63f,b144ec0423ad031d57a82e7575b1beb73a5d7ccbe35c3c9a73c954d2c72e9d5b,D45BDDDDA4C463F1D7E4E2BC815FEB66B26427FE36858B43522C3490BDC4152A,HASH_VERIFIED_SAVED_OUTPUT,RECOMPUTED_SAVED_OUTPUT_FIXED_PUBLISHED_CONFIGURATION
M32,WBPGNDN,D07,28,10.428418509992685,0.3373428043376731,0.6659289598464966,0.40303534269332886,9df77bbf1fffe2759ca8c270fbf4f0d5174e5e36a5e14414d2c854874b26d0f6,4b81f25aacbdc6f63448bcdaaf39f393efb34f16cbcefeb2870f8d027718f852,ed312c1da27839411e72d4342e1160f914781bea3df9c9d0f9b07ad3ad4f68fa,D45BDDDDA4C463F1D7E4E2BC815FEB66B26427FE36858B43522C3490BDC4152A,HASH_VERIFIED_SAVED_OUTPUT,RECOMPUTED_SAVED_OUTPUT_FIXED_PUBLISHED_CONFIGURATION
M32,WBPGNDN,D07,29,12.370679209427864,0.30206486658524084,0.6214491128921509,0.43165814876556396,203afe68e56155636e21647cc997fc236bd0bf6c44a8f12bd325da6b7e89a673,74aaade504e46014b29ad28eb27bb5ed8d46d83bd7b9c229b3f6e3bc1eaa8176,bbaa20a66aa5b7874a9f38ee1f5233c251c574ae39e057d946ce0e99f9889553,D45BDDDDA4C463F1D7E4E2BC815FEB66B26427FE36858B43522C3490BDC4152A,HASH_VERIFIED_SAVED_OUTPUT,RECOMPUTED_SAVED_OUTPUT_FIXED_PUBLISHED_CONFIGURATION
M32,WBPGNDN,D07,30,9.402480952900365,0.37088616025939786,0.6064938902854919,0.4165041446685791,60580134ef6404c81de70deedc69f09d5d57df48e553ee30408122f9dfc3d8a2,eea6210cee42147e41cef0485060596dec20d7815e1ebaf22526b00de0d56be2,ce1bc68efe96aa42f32e383b93214a084ffce310612141f3912f7ed62e5b874a,D45BDDDDA4C463F1D7E4E2BC815FEB66B26427FE36858B43522C3490BDC4152A,HASH_VERIFIED_SAVED_OUTPUT,RECOMPUTED_SAVED_OUTPUT_FIXED_PUBLISHED_CONFIGURATION
M32,WBPGNDN,D07,31,12.741629385211645,0.36782936968500146,0.4934149980545044,0.2951452136039734,69e44a874a0857d29438461534818dba226ddf909fc3d1f08e913f7c2ab1d7e2,2e390f7e2161dc0142f4e4213a34e33db5b189f38e6e155978f492c110905c18,f2edc91e6b1cf1cfd10252dece5871dacd4e797c8e4b4139986c4030a80f77c6,D45BDDDDA4C463F1D7E4E2BC815FEB66B26427FE36858B43522C3490BDC4152A,HASH_VERIFIED_SAVED_OUTPUT,RECOMPUTED_SAVED_OUTPUT_FIXED_PUBLISHED_CONFIGURATION
M32,WBPGNDN,D07,32,10.495023529237804,0.5165653194769861,0.502042829990387,0.32110583782196045,785a8522d94594a5c3c96dd313d91152e4f302ab89d79b4f60e50d19f3c0a5dc,bf820c55b092c9b475a93b12097314c4ef7739c8adaa423687ffa29fd1892ca7,476b318cee3118be6a8aa91e777b3d07869bbcc147dfc6c690a524ef214fd42c,D45BDDDDA4C463F1D7E4E2BC815FEB66B26427FE36858B43522C3490BDC4152A,HASH_VERIFIED_SAVED_OUTPUT,RECOMPUTED_SAVED_OUTPUT_FIXED_PUBLISHED_CONFIGURATION
M32,WBPGNDN,D07,33,11.639257061655105,0.23952092255181254,0.7463901042938232,0.49379169940948486,28fd01b20f1a8356e628eb9d28dcd947eed1d2b306e297103aebcc5f88cd91bf,2f9270f190b25d17b714cc31996610236ca1baf3fee80dade6f0877ddd1a48af,785a58cc14070890d64b563cc897c79ff9218c8b023c5c2e0bd28ba13c0bb917,D45BDDDDA4C463F1D7E4E2BC815FEB66B26427FE36858B43522C3490BDC4152A,HASH_VERIFIED_SAVED_OUTPUT,RECOMPUTED_SAVED_OUTPUT_FIXED_PUBLISHED_CONFIGURATION
M32,WBPGNDN,D07,34,11.850972264196615,0.37180944715368575,0.5769836902618408,0.38584578037261963,fcf8ed69de46a6e886f1600f8948140d776b73085e4866c75616774146580865,e22f3265c8232c5dbd4148a02ec2b2cb3bc481448efa777318694e10c5e89213,9170346d18b809da5ee781c156674d906a7faa98041251a62964982b2e1df758,D45BDDDDA4C463F1D7E4E2BC815FEB66B26427FE36858B43522C3490BDC4152A,HASH_VERIFIED_SAVED_OUTPUT,RECOMPUTED_SAVED_OUTPUT_FIXED_PUBLISHED_CONFIGURATION
M32,WBPGNDN,D07,35,12.020572403907517,0.4193387188585011,0.534467875957489,0.3298000693321228,495f36a7350b3e1c12238e1869ee47d0183311eb5aa9863617fd08611a8b71d8,3041f0511ba5cb03c5a1da424d7c196c2bec7fdfb73911f5a484d14441217a30,d2091389a46c5985610270d049021cdb67f4656b8bbb4be4f295a6593082b59d,D45BDDDDA4C463F1D7E4E2BC815FEB66B26427FE36858B43522C3490BDC4152A,HASH_VERIFIED_SAVED_OUTPUT,RECOMPUTED_SAVED_OUTPUT_FIXED_PUBLISHED_CONFIGURATION
M32,WBPGNDN,D07,36,13.427316919706131,0.4587310916457262,0.548870861530304,0.3437618613243103,ddc8377a47258efbde852fcd939462785827a0167c60cbcf2d5e1388ee93aff7,dddb9a267b83683ff4c57bbb891c541ccbd03f36d283cd226bb110934b40ef2e,658e8285b695671f79ade2b976931f2343c4dbc2b42c23ae6131075cf08996b7,D45BDDDDA4C463F1D7E4E2BC815FEB66B26427FE36858B43522C3490BDC4152A,HASH_VERIFIED_SAVED_OUTPUT,RECOMPUTED_SAVED_OUTPUT_FIXED_PUBLISHED_CONFIGURATION
M32,WBPGNDN,D07,37,12.471266207260177,0.4817205629577182,0.4687863886356354,0.36473119258880615,bd1340b4afd561c8663a29eb5a58fd79aa0401e00745cd7c67677fe7cb2ed66d,08ddaa7e314a757bf36acbbf5e362e590f975073794a60b073ea712a7e195824,05dbf5703f927ec9551f86984cb37598eeeca307fe9dd37de2ba9beb4399593d,D45BDDDDA4C463F1D7E4E2BC815FEB66B26427FE36858B43522C3490BDC4152A,HASH_VERIFIED_SAVED_OUTPUT,RECOMPUTED_SAVED_OUTPUT_FIXED_PUBLISHED_CONFIGURATION
M32,WBPGNDN,D07,38,9.72815118914856,0.45138385680996057,0.5437073111534119,0.37552565336227417,55d7dfb7916278dabea6ff7342c68c6b5cfb49eed2550379b234b2b1e91bc55a,df5c03b04d078ff0117e4bc6c80a3639b3893fdefe5d44eb057f9828194ed071,ea71432b610d893b3a5e8dbfe80b6ab52528d947f4b488ed1bcd79c273a612bf,D45BDDDDA4C463F1D7E4E2BC815FEB66B26427FE36858B43522C3490BDC4152A,HASH_VERIFIED_SAVED_OUTPUT,RECOMPUTED_SAVED_OUTPUT_FIXED_PUBLISHED_CONFIGURATION
M32,WBPGNDN,D07,39,10.296903216205134,0.28298917516929384,0.7151288986206055,0.43671613931655884,ac903d81c1866e88888171f76b15b4294fbab89460f9bc823be67b83f48a304b,aaf4009568ac96add356c940833d0db1cd92d68e5e22f7171c998d044025ca67,186a444c69bfd157107769173058c1fc1e04dc61e39e815db97dc8e12e7935b2,D45BDDDDA4C463F1D7E4E2BC815FEB66B26427FE36858B43522C3490BDC4152A,HASH_VERIFIED_SAVED_OUTPUT,RECOMPUTED_SAVED_OUTPUT_FIXED_PUBLISHED_CONFIGURATION
M32,WBPGNDN,D07,40,11.368842275900493,0.5398776244684459,0.4899975657463074,0.32889991998672485,7c2cda7d34c8eca64bf9bd048926a1aa3bc891d2b5121322d8676dfef983aa4e,f84040d4a7208b1382eedf84a3519460b560ba376a49929e4c17843a13aa03e7,8b5410233741fdc87f617b791e220cebb188afa7d89edc9897c57340b40c1816,D45BDDDDA4C463F1D7E4E2BC815FEB66B26427FE36858B43522C3490BDC4152A,HASH_VERIFIED_SAVED_OUTPUT,RECOMPUTED_SAVED_OUTPUT_FIXED_PUBLISHED_CONFIGURATION
M32,WBPGNDN,D07,41,10.067404022418923,0.4972330282334114,0.5533292889595032,0.3388134837150574,276cd8550fb2a5d93b8fc9b3aa70f03f4f2db0994e5ae3956f102d113f0c0653,1b746a2e1fea7ef34a182fc03c48ff5598197754af767165e364e8e7e736f1f3,994467da181eec95049ee8c6d12c7de25b5b354c91398e8ceb93cb02a9a1f675,D45BDDDDA4C463F1D7E4E2BC815FEB66B26427FE36858B43522C3490BDC4152A,HASH_VERIFIED_SAVED_OUTPUT,RECOMPUTED_SAVED_OUTPUT_FIXED_PUBLISHED_CONFIGURATION
M32,WBPGNDN,D07,42,10.343521091108695,0.5078404621877683,0.5024604201316833,0.3248434066772461,96d0d46db26ce8069cc040c544b03466b78bde82990eef47bce5268dc85786d8,1fa6871b81ce5a13ef3c9cb4ad41578e1ded901976ee7fd81b193e6b159e6e34,c83cbaf07152f8d39e4710daf7e0b78849d7f2fa856c0541bdcb65791e4d03dc,D45BDDDDA4C463F1D7E4E2BC815FEB66B26427FE36858B43522C3490BDC4152A,HASH_VERIFIED_SAVED_OUTPUT,RECOMPUTED_SAVED_OUTPUT_FIXED_PUBLISHED_CONFIGURATION
M32,WBPGNDN,D07,43,10.408719582966944,0.4313227474610272,0.529933750629425,0.3267475962638855,92e86c4f14a09d2ff33d03600292979095602f12c890019fc284131e29aba6ad,760b8c97fdc44758e1d0d966d9c9c2bc6080ae2b37f6a240413ae929f96df260,50ef67c05e92cb027dcad90c8478d2100c0ec21d6ef511edb663a94d4ec7833a,D45BDDDDA4C463F1D7E4E2BC815FEB66B26427FE36858B43522C3490BDC4152A,HASH_VERIFIED_SAVED_OUTPUT,RECOMPUTED_SAVED_OUTPUT_FIXED_PUBLISHED_CONFIGURATION
M32,WBPGNDN,D07,44,8.640406919458105,0.4306432451881137,0.5769439935684204,0.35223388671875,6fab41b0239cb4eecfae696ef12c66667cfb23e69797ca5d5001301179acf265,ee03f159bff1e0b5cf0fa9792c26da85d951a46be2996dd4ee5e38ccdbd11063,48928563a34d75cd5dc459d471117763867206b1b3842b56a60ed0b28730d0ac,D45BDDDDA4C463F1D7E4E2BC815FEB66B26427FE36858B43522C3490BDC4152A,HASH_VERIFIED_SAVED_OUTPUT,RECOMPUTED_SAVED_OUTPUT_FIXED_PUBLISHED_CONFIGURATION
M32,WBPGNDN,D07,45,10.699503592364783,0.46454976938819836,0.5344000458717346,0.35881179571151733,25e657687f02deff18c74af29ee167f04c7f360c8f6ae40cd005e2f6b93b22f8,40b2c27daa91346e8dae0634f58b1908f4c9947bc5a4ac1b292060021ad63f48,e50fd67d0587b19c6451cc5b7abd1ce106d2daad8d4d52a936bbba95499b1ea0,D45BDDDDA4C463F1D7E4E2BC815FEB66B26427FE36858B43522C3490BDC4152A,HASH_VERIFIED_SAVED_OUTPUT,RECOMPUTED_SAVED_OUTPUT_FIXED_PUBLISHED_CONFIGURATION
M32,WBPGNDN,D07,46,8.300826323477015,0.3904075826484226,0.7052479982376099,0.44077247381210327,bf25d291bc088bdbb4589980e3a456b95580947393bbc4361b86b2a856275469,dafdd0cca03edc3fddecc00be107c7bef6cf7324b8cbfee47bdb1a1c62bda2b9,f6e0133e9f24621652b0491c3f8b66cf0ea890900680dea7fac3afc17a5a8847,D45BDDDDA4C463F1D7E4E2BC815FEB66B26427FE36858B43522C3490BDC4152A,HASH_VERIFIED_SAVED_OUTPUT,RECOMPUTED_SAVED_OUTPUT_FIXED_PUBLISHED_CONFIGURATION
M32,WBPGNDN,D07,47,7.437123865766736,0.41682972436640187,0.6481612920761108,0.38182371854782104,df0fa40fd6104b249e475516fb131d1eeb075b4686516e27e2913c05b3a85ee6,d8a0d21c5f0f0d012f2131175a37811616dd6d606a28a25093213db79404a585,9b7104a1b2c852a42a44fb9f7801e917267d695d44530ad3b52004a0b4ecd7bd,D45BDDDDA4C463F1D7E4E2BC815FEB66B26427FE36858B43522C3490BDC4152A,HASH_VERIFIED_SAVED_OUTPUT,RECOMPUTED_SAVED_OUTPUT_FIXED_PUBLISHED_CONFIGURATION
M32,WBPGNDN,D07,48,10.660156387193657,0.2569390207432385,0.7079260349273682,0.41810673475265503,3b301e07de8f14832f593ebe8491b039ee7c9d289cf991f9788a0db7b20095e8,6b74fc289d89de2b69a6eccb274aebb570fbcf4802bdeaaae711c8aa74f1214d,8a2b92d1ee6567a6ac5151666ee0a4a813bdabb78fe439bd7149f6f6e42ccc1c,D45BDDDDA4C463F1D7E4E2BC815FEB66B26427FE36858B43522C3490BDC4152A,HASH_VERIFIED_SAVED_OUTPUT,RECOMPUTED_SAVED_OUTPUT_FIXED_PUBLISHED_CONFIGURATION
M32,WBPGNDN,D07,49,12.499461193630768,0.5356198549486322,0.47698554396629333,0.28271859884262085,c42f9377aa6ca30fc45067b98d33abd11eac3fb614beabe92473f4dc6e6d81c1,75e7f67309bd2a83d503756c0bacad4f3ddc7d5c571644f16f8a310e3e05d152,c6020fca13990e86ffe24963141dfd7f3d39c2a9c9069287d21ae50818486e1e,D45BDDDDA4C463F1D7E4E2BC815FEB66B26427FE36858B43522C3490BDC4152A,HASH_VERIFIED_SAVED_OUTPUT,RECOMPUTED_SAVED_OUTPUT_FIXED_PUBLISHED_CONFIGURATION
M32,WBPGNDN,D07,50,12.770153031078056,0.4057659908734366,0.5379560589790344,0.3239250183105469,6ee7cfab524b06c8fb85816e4904c25426693fd1dae0624d52ee106ffe336d84,078c6b1c923459f568d242f12819dc727f4c83744d353dd439cf3d217f790e2b,79a55d425e04f6d2b26787b033a3501435c2defe24df3e659e63394a4cb3c091,D45BDDDDA4C463F1D7E4E2BC815FEB66B26427FE36858B43522C3490BDC4152A,HASH_VERIFIED_SAVED_OUTPUT,RECOMPUTED_SAVED_OUTPUT_FIXED_PUBLISHED_CONFIGURATION
M32,WBPGNDN,D07,51,10.785928567904666,0.37052897879298285,0.6509255170822144,0.47716832160949707,dc66b010fa0b129995cd5bc405eb0dbeb4f0ab69ea9de677527c274eff456074,f1272787458cb07fee6d5fbf60372a17135effe21624e0f5399af5417dd7f33f,0e7e18a8751edb94739a532cf14ec88981d3ca6ff19899dd81ab81c50cb583fd,D45BDDDDA4C463F1D7E4E2BC815FEB66B26427FE36858B43522C3490BDC4152A,HASH_VERIFIED_SAVED_OUTPUT,RECOMPUTED_SAVED_OUTPUT_FIXED_PUBLISHED_CONFIGURATION
M32,WBPGNDN,D07,52,11.94041542520054,0.47961404181129735,0.5412067174911499,0.29782772064208984,0b357fe8678b05cf3108c1b9c3f17369be95e1296ea6d0bbbc2cf32511d6d1f1,e0293c9563b13300e5ccfbc3aa9b1a08c37f790afad174c032e7931b6047ae41,9788d4b6cada926d56805f5e0867ad55f6d4d4583d530adaaef5f1b90695b9a5,D45BDDDDA4C463F1D7E4E2BC815FEB66B26427FE36858B43522C3490BDC4152A,HASH_VERIFIED_SAVED_OUTPUT,RECOMPUTED_SAVED_OUTPUT_FIXED_PUBLISHED_CONFIGURATION
M32,WBPGNDN,D07,53,9.92977163306975,0.44410037973083877,0.5892783403396606,0.33427441120147705,b45310a5c6d3b5b8a41ff1c91ff949016fc4a30599e76f5f3b691fe25928eeab,6e0248cbf1f21bab1a1dc4a8c461b8f4e8a46801364735d08b51a61b6cd24f7f,064b342f0abe1a39f31d67c54e43e67b5f3362e07051ce215a574d5712ba8e21,D45BDDDDA4C463F1D7E4E2BC815FEB66B26427FE36858B43522C3490BDC4152A,HASH_VERIFIED_SAVED_OUTPUT,RECOMPUTED_SAVED_OUTPUT_FIXED_PUBLISHED_CONFIGURATION
M32,WBPGNDN,D07,54,12.859636525657994,0.4229996614806851,0.5554078221321106,0.27487999200820923,ca3de5f9ecae90cd1f2279fba3522e283e1c16f8b85fefa8c041705203c33ab6,834daef81393afc39ac73411d5f59542911d7f9dc23b19c999e3a4f2ec8bf28b,e1f8374e6b08a20e4bfd39c5668d2062c1b6188e03430ae241a9c9aa2fab8fed,D45BDDDDA4C463F1D7E4E2BC815FEB66B26427FE36858B43522C3490BDC4152A,HASH_VERIFIED_SAVED_OUTPUT,RECOMPUTED_SAVED_OUTPUT_FIXED_PUBLISHED_CONFIGURATION
M32,WBPGNDN,D07,55,12.1578891051154,0.3776510047559481,0.5475345849990845,0.30456942319869995,0aca5791d2f797cdae61691dc15a70a4070be4303e25b976f1ca530779d0acfc,5ab38ad0a643fec9c67cb841646b0cee2ebc0946a50c80f5ef9c721297bcd023,c2622bf25463a3ef01fcc3d3efc989ce8feb4804268faabc725ae7f774428ee6,D45BDDDDA4C463F1D7E4E2BC815FEB66B26427FE36858B43522C3490BDC4152A,HASH_VERIFIED_SAVED_OUTPUT,RECOMPUTED_SAVED_OUTPUT_FIXED_PUBLISHED_CONFIGURATION
M12,FFA-Net,D04,1,15.655939713486182,0.819556500116862,0.21973979473114014,0.15046370029449463,3C0D534654C7A4365A783B3C11FF6659728B8A26A0F7E3F47ECAC37018CEF9A5,2EDBB4125D4247BEE1342B2C65FA0B5D03FAB855BD24B00CFAA7A3A74F1076C7,89378B9F6991921C0677A1B856E4D9549C247EDEFB35890DF0BD8432678297D5,,PASS,HASH_VERIFIED_SUPPLEMENT_NOT_STRICT_FINAL
M12,FFA-Net,D04,2,15.937320886876368,0.8228293165042325,0.2238638997077942,0.11529630422592163,83ACE0385ABAAEB78FF8646BA8C0431B42C1F1E9824382A8B29E86CED190C10C,B051CF55CA912DB2DEFDD68017A476C8F9DAF25E3981B2E4F855DAF6025DE403,48EEF5910271A43C7B76C537D399AD837DCEDB091448D277C1D93559F93C24AA,,PASS,HASH_VERIFIED_SUPPLEMENT_NOT_STRICT_FINAL
M12,FFA-Net,D04,3,15.331924246424403,0.6216453483689782,0.3321550488471985,0.29094672203063965,7EF116779779E7182354FA2428EDEFDFDBEF1CF7E767FFDB4ABCEBE5A26048EE,B6F7D05A209EDD9D0793F97EA607B9C6EE002C6C4B280B615F08C7D1CBB8E367,7A2A1F31B26071599E17085413F1343F8C54FA4D12D99CDC6630B0C2105A1A92,,PASS,HASH_VERIFIED_SUPPLEMENT_NOT_STRICT_FINAL
M12,FFA-Net,D04,4,11.198039206523298,0.60863944958964,0.4201774299144745,0.35449904203414917,CC7A0ACD6AB58D7E211B155F5F31948B25CBFD1164F9AB19AEF5B3696A134446,D504F0C3AF6CD202E5FE35A7345B0CDC80502BE8E14214D8BE98644E3088B385,1EC7596272F03C9C58C46EC40EBA9DBFD8ADE55F28411C18A77A9446F2FA1D03,,PASS,HASH_VERIFIED_SUPPLEMENT_NOT_STRICT_FINAL
M12,FFA-Net,D04,5,14.381352531779505,0.7357063927865602,0.2190738320350647,0.1314711570739746,69D75429BD63BDEAD8FC8391B02E51F23668508335060122D005C8A3911B0A81,69A65B307D4138E1B5F96FD220D9F1B31590AC6D5E290C8795988D4BC715EF97,9D58CAFB6BF51905031BDCC44EC37ADC2F44BC303E79E948356768B1BC6EA919,,PASS,HASH_VERIFIED_SUPPLEMENT_NOT_STRICT_FINAL
M12,FFA-Net,D04,6,15.90822305975707,0.7047430265272263,0.3624747395515442,0.23887145519256592,369A9A7C7774DDC377084A7574F799872C847F35343EFAEBBB03BE17D2290BF7,7E091171C393BB46508BB725BFD30B1BF6FCD51A1A8FA591CE3DAD1233794C61,52EB8B92C723AA966E3A98FBA3C04E41081C217AF3350CF5D0A6AE31A5DE6344,,PASS,HASH_VERIFIED_SUPPLEMENT_NOT_STRICT_FINAL
M12,FFA-Net,D04,7,14.11040343193162,0.7022828202158914,0.3557854890823364,0.2912202477455139,21185097E3161D618C0AB213C8755B6502C750A759B5ECB3EFB9F51CF9E978B4,F8C284D1AF8EEADD80B4940577AA7B3A3AD9BB3E189B5B6BBF293E9595204C30,FC57F089FBC913091E5D024FBA77EBC02FD25CAE407993DC488899C5CC5740F2,,PASS,HASH_VERIFIED_SUPPLEMENT_NOT_STRICT_FINAL
M12,FFA-Net,D04,8,15.698064878822551,0.797269639367525,0.2578212022781372,0.1808629035949707,05A6B22C5C127DE881D22D83B43BD43F91A574C38BADE064ACEA9DB34EB44E99,B5E686FC6B20002BF82549EEC3FFF547E8AC27923DED754F062856C325333A8E,72C9CCF0D63EB081992177C59D314FB13FF115082E87938A30B196E38A7AB046,,PASS,HASH_VERIFIED_SUPPLEMENT_NOT_STRICT_FINAL
M12,FFA-Net,D04,9,17.762993114703683,0.8147014074207372,0.19979219138622284,0.09960323572158813,718DE8A6C7D21A51C15C11097E571B3E4F0930279C690822FE98D0D95993A651,C4B2609121116B2C8C654C5E5E80D25BD588EC9CBFCD04B9013B57B8145EBFAB,14B35B601D47338B1F7F859E7679E7A6102CF97072D43C544967EA11F9393E86,,PASS,HASH_VERIFIED_SUPPLEMENT_NOT_STRICT_FINAL
M12,FFA-Net,D04,10,18.06428063197197,0.8261263259279339,0.17541608214378357,0.1695805788040161,34D9A2C5323D2FC655B846B6EF110D8A823A4F60CB617990ADE76D9DFBA418D8,5CA247E0447645686F13A31E3FE129CCE1E3A4BD8CDF731993132DC2594D58D7,C5877916F53A3CBA55467444CC2D3CFB96212E20F3F802D17C0210434BD5474D,,PASS,HASH_VERIFIED_SUPPLEMENT_NOT_STRICT_FINAL
M12,FFA-Net,D04,11,14.481111660112836,0.6473958899246627,0.26888608932495117,0.18587028980255127,5F54EB6EF0E843EB589BD7597C5990F010AFD78D6F850B0C831A380AD4897B5E,B7569C5C5A38F7B57AEE79603DCBE4C5FEF3AAABBDE31B67D12DA65C66963B9D,D9DE85183F57E28879C04ABC0398F62A10A74138426C1E3C6451DAF14EFA6434,,PASS,HASH_VERIFIED_SUPPLEMENT_NOT_STRICT_FINAL
M12,FFA-Net,D04,12,18.98691035341194,0.8045491264897179,0.2699272930622101,0.20626956224441528,6CF81158987FED6BB4BFDC4DBECEDE31245E6A33DD1D67BE95824F24578B5D7F,3BFF920AF4640D93B95BC805614BD7BD38924B30CCCA62C797F7BD79F4A973B7,7E926BB834D9ABD352ECF49B690473603634DC7D9BF0526AFD0070FCA221FFE9,,PASS,HASH_VERIFIED_SUPPLEMENT_NOT_STRICT_FINAL
M12,FFA-Net,D04,13,18.109852738920203,0.8083291598479047,0.18638017773628235,0.13726651668548584,24BDBCC4C024B4FAAED275344A0C60794C306F405620AE5F2EA0C9E9C48DBD33,BAA97DD4006D01E1761AA8B55545E698B899CF088F087E09E3B4897555272817,5BBA65F7D840E20FF48ED7A50C7EA377300D21B4F8484110402A3B66BD0A594E,,PASS,HASH_VERIFIED_SUPPLEMENT_NOT_STRICT_FINAL
M12,FFA-Net,D04,14,15.082870197221606,0.7892938791089564,0.21019084751605988,0.16488242149353027,66D2E2061C54CD5F5173CE90A57D302124E8943EFA217DF6B82DB6C67020B38E,162C9550C57E3E348277D3CB4567347B06FAEC07FB6BA6E03DB37F77C0F83FDE,1367D6F0C661DB6DBDF84F6E5E24CEDC6E749E0B90D33CFE9B3E48411871F3FC,,PASS,HASH_VERIFIED_SUPPLEMENT_NOT_STRICT_FINAL
M12,FFA-Net,D04,15,22.45205843009177,0.9044319811498034,0.11381227523088455,0.08528053760528564,0A660F46D64370E6A21D9D553AD5F98EB82B6D7DF6E006F9A016F9AFFCAC60EE,1DD2B182975351D661F1E303F63F755F08A1EA7DF43F5FF173D62E149042563A,CB3C60DA792A680426D62F4DF7BC4758EB7A971A44895E789817CE9323E33B36,,PASS,HASH_VERIFIED_SUPPLEMENT_NOT_STRICT_FINAL
M12,FFA-Net,D04,16,19.984504404038844,0.8851579556261754,0.15406771004199982,0.10652834177017212,958326DCEE63E40F1DF57EEBE91A219DCF762E1B7FC4DB195C8235CC300EC7E0,DF75E8E547D61499452679F92FC17B26447D47C7888CA7F2FA83B150ECBB4A10,A695B21972EEBA14BC0DD10444E28C86B8844AEEEA65B9F405922607058FB0BF,,PASS,HASH_VERIFIED_SUPPLEMENT_NOT_STRICT_FINAL
M12,FFA-Net,D04,17,13.430359209370062,0.571293501282785,0.4968200922012329,0.3234291076660156,E56C54F6F4211814D4A4700E2C51E3C911668E99A51C28C0F3C20BABB7E82A2A,B5CDDB706C2DCFAFC53DCED1FA7F704B77173B02F9890D8F2E1FD75FFEF2C254,3DF1396E493EB394BAE73D0851211C038150AA296F29E23FE216B99337A50AC3,,PASS,HASH_VERIFIED_SUPPLEMENT_NOT_STRICT_FINAL
M12,FFA-Net,D04,18,14.855609878125385,0.6975561097274013,0.4117862582206726,0.23835623264312744,43FC7E8F922DA9A7B2A02F0745081828713B87528BFD99FA88DCFE2C369152C1,675F029BCE112FB122C527350EF0C2381F0D7E66272A214D2995C564317E5DC9,975090137E73B05939899ADEF61F1B91ED8C42BC9EDDE9709B1AE59429798177,,PASS,HASH_VERIFIED_SUPPLEMENT_NOT_STRICT_FINAL
M12,FFA-Net,D04,19,14.134655438049817,0.7155260470488635,0.3149273097515106,0.2680491805076599,3E65DADC65D687C514E78D0EF8207075BFC577F07581E878BED238D76C392DBF,5408A4C8607E8C201D9EBFBE41184DEF6270FC5766DDFA6F07202044A2CBEAFB,B4881B0889DBF0574DB564CDBB843FC0B6A24AFB0B881E40C09DF0320A6E3C2B,,PASS,HASH_VERIFIED_SUPPLEMENT_NOT_STRICT_FINAL
M12,FFA-Net,D04,20,16.266770882309814,0.861186114184315,0.1717682182788849,0.09127789735794067,8BBF8198B78B76A647AD3A7CD0E73CDC213CA3E395FEEC095A1F96BDEBE98741,AB2DCA787F588E801409AB469BB4A59FE4288AD426AF4806DF8223B9629C366D,CAC97DCC82098CDBDF3EF2CD2F04E7E3264F421854866FD30B68BA6FAB14E8B0,,PASS,HASH_VERIFIED_SUPPLEMENT_NOT_STRICT_FINAL
M12,FFA-Net,D04,21,21.98392651881063,0.868943326842742,0.13697640597820282,0.12405908107757568,36A476105357D29E915CB02FCC4733514C1420DBEF320EBC971BBEABAAE905D0,1AB05A60150CCF7587104B3924BAC1DB81A9B6F870475AD6069FB33F08F41A2A,A8BFE1911207A44C3D5AFCD119739E84C81E431F5618EEC87AE0CF40F9DB772F,,PASS,HASH_VERIFIED_SUPPLEMENT_NOT_STRICT_FINAL
M12,FFA-Net,D04,22,19.171667648614818,0.8956217920876924,0.08597159385681152,0.09148085117340088,6A582E7EFCF08A71219226CB73B73A27C003D99301784D5378EF2A6D14101973,47F4AB2C93B9C83088E2DB40A410900DAC738B1503DB25D0423FA33B4FE83225,2D2E6610B8E239D90BF10144F330315BE146842204FBE0423D300CC368F717CD,,PASS,HASH_VERIFIED_SUPPLEMENT_NOT_STRICT_FINAL
M12,FFA-Net,D04,23,10.562375588470019,0.5595293124366875,0.4143539071083069,0.31621211767196655,CCB31930CB34AB7FF04304C7AAFFFB7C7341559008015754666CF2D3D4D578CA,434B68AA01184DA16DD93DB83CD9473F9BDDAA7236E46F29707A26D62E77D034,0C95D6B80193767D158BF9EB5C8A9CE6BCE7A0BAB43A8C5EAC07A65E70536205,,PASS,HASH_VERIFIED_SUPPLEMENT_NOT_STRICT_FINAL
M12,FFA-Net,D04,24,17.986128680679883,0.8196498760471812,0.30434462428092957,0.3090285658836365,7396208903EEF483C8C5234A53114F0BB96B6766840771C2009F2EE47C08D0E5,2F94F1D924C537644814F82C9F78DD2901ADEE578F21C87DA409FD5879B1F3FC,6918CCF5367202F66AEE350C12BF4860EC361142F6E1D38CD975DE47DA00B21C,,PASS,HASH_VERIFIED_SUPPLEMENT_NOT_STRICT_FINAL
M12,FFA-Net,D04,25,19.543281935964092,0.882956117942288,0.1613914668560028,0.17763233184814453,7F7E3B1EB104CBBC246EC8788E300A27F5DF60D0F267FFE992A9D0AFC198CF8C,923C0F0EDEC357692FEA84FE1E2BAAE77FD890F2D8294098694D83C5D7BF2F5B,1FC8D2B6A194FAF5D41E6B7336372B9F8143779FA9388F048963EB631F7DCD31,,PASS,HASH_VERIFIED_SUPPLEMENT_NOT_STRICT_FINAL
M12,FFA-Net,D04,31,23.393250154941597,0.9223345236825135,0.11322573572397232,0.07539921998977661,C0FD0023EAC765BD9E77E4699C65E6F52F06382C395EA7A8A7DCB02EFFC8466F,CE7E848FDD9B9A8E53CEE8A80540A02E19017CB82656E4DBD934C84AB8192C79,D86FC7DB34D2D3CFEFF98FF563B855399E6A0CC6809783274B04211D39BFB2F0,,PASS,HASH_VERIFIED_SUPPLEMENT_NOT_STRICT_FINAL
M12,FFA-Net,D04,32,10.887440907992971,0.5839121318103775,0.36097419261932373,0.3232736587524414,C95071845DE2EC5A78E782C6611DA84AA42187C31A792D0B8909F51451B602D8,A5E6C4C1E13B6ED7E0E743E0045B52988EBE8835D4220C7BF5D0FA98E2411DF7,95E15D0503D87511886C5C1064F833990B25F0713B671DF2772788EDED613118,,PASS,HASH_VERIFIED_SUPPLEMENT_NOT_STRICT_FINAL
M12,FFA-Net,D04,33,14.470004309553175,0.7717914955732001,0.26561668515205383,0.17668282985687256,3B555B91195CFD0222CA505B5ED0A372019BBBCFC9063D4D062F88750FAA72D8,47F2C549DAFF442A3F77ADAD6C7C3F05A85E250AE22754117BB873CC2CA13DEC,51CDF054B7FD3B7526639070818E049F9A1E74A4A298BB526058800ED164483C,,PASS,HASH_VERIFIED_SUPPLEMENT_NOT_STRICT_FINAL
M12,FFA-Net,D04,34,15.736099327509042,0.805681402202031,0.20926567912101746,0.15041124820709229,49905E56427BFF302B4BFC724C35952837F0FB9423C91A44A15A04062AF871CD,45D9B0C3BAD9B62EC6033EE3933AE05A29CF7CCC1C8A3E5104650132044FBBF4,7DEF0CE27B5A087E168BF179B810ACD8D32AE6F9CAD6F4EFE6FDB5B90A02F3F2,,PASS,HASH_VERIFIED_SUPPLEMENT_NOT_STRICT_FINAL
M12,FFA-Net,D04,35,12.691779255896405,0.6768605984284822,0.3629021942615509,0.3390164375305176,7AE0BE8849F040A52755C6CCD03C1E7C04611CCED8AE2D2FFA6040116E3B1913,AA6632D2E7508666959D0D0D0B9F3E8FAEC29043C23CE2EC7D4A650A4B1083A3,26CE69A7DDAFB121298A8D4356258DD1189252B993A10DAC34BC755D03D9CB09,,PASS,HASH_VERIFIED_SUPPLEMENT_NOT_STRICT_FINAL
M12,FFA-Net,D05,1,14.79037137382943,0.7125508550872803,0.3403968811035156,0.1823306679725647,5617E822CEAA1E52407BCF8D0E1835EED14A86F589EC7BC01495E8864BDC7B88,53DCBFDC4EBD977C01654DABFE04CC2246570B1541BDAC6E9699BA15C17ECD88,C2EB319D6DAF32B0748220EC643F675799C514548BA93FDAA77620A2BDC5967A,,PASS,HASH_VERIFIED_SUPPLEMENT_NOT_STRICT_FINAL
M12,FFA-Net,D05,2,16.351627834074485,0.7661283720152933,0.2544095516204834,0.1259092092514038,048C2C0A7B3BCA9C974BF8CE047C73288DE209B9E8B13CC84DA00E1E7062FB40,5C667FCCE9A1ECCA7DEAED221128B2C73F7B105C4DFAA7BFE7EE5BC909057F5F,CB2301DF0BDD2299E2984031942BB04809423F8167C28C99D3A53DE6ED88D4FF,,PASS,HASH_VERIFIED_SUPPLEMENT_NOT_STRICT_FINAL
M12,FFA-Net,D05,3,18.400888733488635,0.8175589481566329,0.21478047966957092,0.19909119606018066,3FD16E4347F28400F4A0AFC544C7BF1D7F476733565D2CD3BB02F72F1B9E7DA1,0EA8C6409C916E0336E1CFA98B31C63D7D0A28127A46E0FEFDFA25691CB91B76,B383B7E944F345E6839766B7DDA9DFB52B806674CFAE1BF431E1ADCD703D91C1,,PASS,HASH_VERIFIED_SUPPLEMENT_NOT_STRICT_FINAL
M12,FFA-Net,D05,4,19.420095948400153,0.7880460417763514,0.2565654516220093,0.15888750553131104,A2DB1328B3F4F6F760C551ABAB19099465B7C3082F629E9BC04E893B9C8A0605,70FA3CA85DA8C2153E084C303AE5110635C6D9D3D8A2FA10593B90D029C6F570,16D056A01813EA5FBEE82C2FE1C7604512EF6D3004DE0605D5ED2B2AB98F3842,,PASS,HASH_VERIFIED_SUPPLEMENT_NOT_STRICT_FINAL
M12,FFA-Net,D05,5,15.666505645862333,0.45258856414067505,0.5620090961456299,0.38763952255249023,F521C0A2A6A0A8D3BD9041F050C167E97F6FB8B3590F958BD86467A5FC1357AB,F0F01C9A961FF272D7AB18E571CE9FC78F35FB33B29493649138458DDC2DAF3A,2BE33C6C7787F1E03FD59541A53AB3AB8E408C0DB4D6CEB57A6561A3F131BF51,,PASS,HASH_VERIFIED_SUPPLEMENT_NOT_STRICT_FINAL
M12,FFA-Net,D05,6,13.301012543386665,0.5611460741471498,0.4263037145137787,0.33963608741760254,F0C64D7A3ACC73E13829DDD822E8D2544329D707DF31FD3C150D1191AB772271,284F692ABE83C7D7F26F5075BF7A7D3302F954305DD8B06C2D41294F790661CB,62D88D0B009483450C5CFFF25730D0F6AC9E553A6E12CD3D0EFB266E246501E5,,PASS,HASH_VERIFIED_SUPPLEMENT_NOT_STRICT_FINAL
M12,FFA-Net,D05,7,22.438893518732872,0.8601156436314316,0.1633186638355255,0.13480067253112793,64E571161C50D7A886CC22F7D31E6CBF038CE4CDEA3B5F9EFA23F65BFDE3B86D,3576D3A3C1EF68992D1E5EBE696CF03FD821C1ABF70A5DBFAB9EA687D9F67F6F,F278A68D4CF14B92F4D9C50345DF469981494D2EB710B8EE178EB00BAAEA88FF,,PASS,HASH_VERIFIED_SUPPLEMENT_NOT_STRICT_FINAL
M12,FFA-Net,D05,8,11.73662878508004,0.48967115146270723,0.5912457704544067,0.293745219707489,6434DAA4F8C01279D6B92DAD6831E8AAFEC6CD3F23666D0715D72287DE8B77D3,A7EF48823C56AFA9F2CF44DEF8787391E89F3D84641BD1B920C60D90B717FDE4,13615B4180D2CD4E12A6154151929E9788A189CE333354E65D12AF811458D06F,,PASS,HASH_VERIFIED_SUPPLEMENT_NOT_STRICT_FINAL
M12,FFA-Net,D05,9,13.904055985446835,0.40956439341079093,0.6435039639472961,0.4808139204978943,19AD82CF7EB8055796A0E7948F51430EE9B57BA6F03890D1D418CDD8905245AB,F2F9EE2966C2BA1676947AC453F226689E435A398A31A9D87C601B23F6D33785,337FC08C97E2E412C5363E9A43CDE313307C10D7F6D9C25CE104145C1F027836,,PASS,HASH_VERIFIED_SUPPLEMENT_NOT_STRICT_FINAL
M12,FFA-Net,D05,10,13.15390673873333,0.6988827136541566,0.37031233310699463,0.24692773818969727,A34C1732598E8B49083335EE8E030A0116FF11942E8E6D678CE3634E543A361F,F5BB3CDD8067CBC211ED4897EB8008B353205AECFE648D732F33C569E8BEFE33,26211654F064BA7D16E8CC2A36D6E5FF4F2413F8F5B6B06F9E36CA2AFA759610,,PASS,HASH_VERIFIED_SUPPLEMENT_NOT_STRICT_FINAL
M12,FFA-Net,D05,11,13.73538079157997,0.6176808526267337,0.38984131813049316,0.2799797058105469,7B1A936B06A0B8463FEB093F131E640E40624749382F524DB69E9BBE52B37173,B07169B798FF75F9CFD2AA2DB20325DF8825562D800728E1B8E4555CD4C80C7A,AAA40C662F1406E3773D29E247FC883D7C5DB745381B420588B1F4FA14C8E2FC,,PASS,HASH_VERIFIED_SUPPLEMENT_NOT_STRICT_FINAL
M12,FFA-Net,D05,12,16.102274085127547,0.7443815958909532,0.3431593179702759,0.2081972360610962,4222656C62CC3E571F6B1E4C5B4C71B2E21517BBBD9CA3AA381B56332B267EDD,806555EDB0833D98300224F41559E43535B567775FC013E802AC7640CBE05BC7,BEF1F17E876BD75D07CD47A44AED78CDFC1A20502B711889787BA03CB928865F,,PASS,HASH_VERIFIED_SUPPLEMENT_NOT_STRICT_FINAL
M12,FFA-Net,D05,13,12.864203952461722,0.6094528443185946,0.49209433794021606,0.33105140924453735,977ABD49F66B81417E9174BCBCE868608C31751C9FC4BFA866EF34FD802DCE40,15503F04C2CB5B2DCB5113AE8AA8D8AA89E802BEAD6B6DA16D5F324AD80777AC,A6A0E8B06570099E3C814DBC0E28CE57B80F8DD065D38A39C320E44AB954D62E,,PASS,HASH_VERIFIED_SUPPLEMENT_NOT_STRICT_FINAL
M12,FFA-Net,D05,14,17.31013486624136,0.761176306419786,0.28516656160354614,0.25227952003479004,246FC0415F51A607CECAFBD82622B91C70329BB2FE6320F137D15944F41BAB6B,A5CB1D302D65F4DF8AF4D46EEF441F7275E76895C28C3529C7AD2126F6599C95,6138CDED4A3794321580170C41ADFD08F3953123F545A71D57FE9689F54FB4D3,,PASS,HASH_VERIFIED_SUPPLEMENT_NOT_STRICT_FINAL
M12,FFA-Net,D05,15,13.877226105115136,0.6505430349079074,0.4076452851295471,0.2993151545524597,AA650654D043422CA7CA33540D52712645D9DE0A1C11EE3550443ACEB01304D2,2399AF2F70BB47D7AAE26101C974F7C99C910619F31ED199FA4F84A94BF2E8A0,2DFABAF5C43F558B50DF5D0B66EB4D6665641A3BB57EEC0D63A40A781A9FF3F2,,PASS,HASH_VERIFIED_SUPPLEMENT_NOT_STRICT_FINAL
M12,FFA-Net,D05,16,11.418635106253667,0.5161633324872527,0.6336421966552734,0.4794468283653259,A34D3094453208AFDBA0E80FF00D0B8723227CF6B8AE8965EC23104E99FCA9DF,F56B229B99E57C2F8617F6652238124FD8C0186E77BEF491F2121C541529E1EC,970F17DBDA140E4BBCED4ED2E94ACB1020946A4F642E5707702DF3049DED9B3C,,PASS,HASH_VERIFIED_SUPPLEMENT_NOT_STRICT_FINAL
M12,FFA-Net,D05,17,10.997327342857153,0.5225514599361242,0.5637456178665161,0.39325183629989624,7F2CC1E4D3CF76F5F4A8E2AF50B82457D6773ECBCF451C9A17DEA6DA9FA65838,95FB456377FF9E1A41A33A46FA19AD8CEC61F3AC3DCC66117350C328AE5DD15D,4872B1189E7A71B77AFA60A983F4FA2724F1C54082B31A84C81CE323B1BEAD53,,PASS,HASH_VERIFIED_SUPPLEMENT_NOT_STRICT_FINAL
M12,FFA-Net,D05,18,16.969005871345523,0.7248710337691572,0.30687814950942993,0.1788432002067566,E50EB742F07CAE64CEE4A4DE3628928D6335F4F5B0A541D64D2A9B555FE57078,2E1D305A4C94E175FD80E3E5167BE6BC7D8130D913F3DADFCF77E75152124584,0A00A9B6DDBB39206958D50303F06C0B436CAC01DFCF81E7C805B401890F0D6D,,PASS,HASH_VERIFIED_SUPPLEMENT_NOT_STRICT_FINAL
M12,FFA-Net,D05,19,14.324238348034115,0.7537653814228523,0.2990027368068695,0.15595567226409912,6C5CAC2066ECAFC48120FEBDAF0B2FD62E554D960EC79821579BE7B0B93C886B,C4F0695123F82C180D583489F57C8D065DF7EAA148F4ACBE9E38AFDBC0FF034C,BBE264A2D4467D6AE74E17246AC6CE4D56DD0F0FC3E0CA341F17F5C9CCD430C9,,PASS,HASH_VERIFIED_SUPPLEMENT_NOT_STRICT_FINAL
M12,FFA-Net,D05,20,10.507405854032685,0.5055161268780645,0.5202128887176514,0.2987897992134094,BC66561B39C77894D5DA42F1760D11A1C255FA2E6D9CECBF1C60C2EBEA9A5B1E,0F243A6FF42B176D7FD505B0F9369023BF724498CE555D16BF5C96E8728C6AEE,9126DC218632E396301C3C707CE4E182265C265F65F9201C37BC804F44C8215A,,PASS,HASH_VERIFIED_SUPPLEMENT_NOT_STRICT_FINAL
M12,FFA-Net,D05,21,13.60379695046536,0.6416852022987997,0.45834025740623474,0.3371124267578125,069F11F974157E01D0C205B3BB74787838DCB6C9F572675EF8BE52973749CF88,259240824FF511C499487549ACBBB54D4B22A0EF45F6A31288656DED08467352,5E14D2B33632A97F4AF3858383BBC0EC09EBA74F523B2D6D59DD91FFF9E7D7EA,,PASS,HASH_VERIFIED_SUPPLEMENT_NOT_STRICT_FINAL
M12,FFA-Net,D05,22,25.68529222980249,0.9375697989508023,0.07809913903474808,0.044767141342163086,027F98CC74B5071544C780C4BF27BE6C33F02E6BB80F7B32E19B49280AA57647,15B7A7B47BB42977437541F8497F69D14985F3C88E72775FDAC4CFF963529E26,CA35831C7894B9AEE87779A987229AF3055F562A7C6E42FA20161E76AEAB2C2E,,PASS,HASH_VERIFIED_SUPPLEMENT_NOT_STRICT_FINAL
M12,FFA-Net,D05,23,18.830987717218363,0.8543921307259517,0.15068407356739044,0.09387654066085815,AD2E2E1D351ADC63E72C962050AD1C5E4649585F5E843EB5B0E4BE18A4EB25CB,2BE0C3921A195D62219DDF3DEFE8D85BC03C0E5C811B4C79E89B5595DF6B9C88,DE01023CD0B1DD5065E1AD0069272E4BA3D03550812F9C6CA4D8BC9330139CB1,,PASS,HASH_VERIFIED_SUPPLEMENT_NOT_STRICT_FINAL
M12,FFA-Net,D05,24,16.058821565118677,0.7420465021004355,0.32390695810317993,0.19777143001556396,FFB1C16B59AABCE6B64480A23E2E805760C05B8F229D6209FC97EB459A71333A,23939243C8F40539CAB9B3FEB8CD6A7CC003511C759FDB133CE06BB44F5BAD21,8303F211F9BA4DF736B7FA2840F51827D1220ED044CEE8AD959BF83A3279A6F8,,PASS,HASH_VERIFIED_SUPPLEMENT_NOT_STRICT_FINAL
M12,FFA-Net,D05,25,13.942107079309336,0.5485337054251862,0.5126927495002747,0.39403313398361206,7AADDD9526587BCF8EF52FF204DF7A8F7FCBAFBD07129F8135AEB43FF219EAA3,18A3324C132B01DAEDE2926101B3438A0EC51F25A9668B517A50353B9EE533BB,91FC314C53D1768BBA70260A9C31A7CFF3167C9E31B0974EBE1067CD4D5CFC82,,PASS,HASH_VERIFIED_SUPPLEMENT_NOT_STRICT_FINAL
M12,FFA-Net,D05,26,14.309265190192162,0.5376770843998481,0.45131126046180725,0.33707815408706665,C08AF8D3B58809F658DD29ED6462DF1B3000142F9F0EDDE8126E18E26CE36A7A,11B17173970FB5039C2339518355CCB4EF4604735792D2DE8A87695AAD27C5CF,E93A5CAB53D22CE44F9BAB2DE9F4A52D97A55AE4B8D5D3114D6029E96B967B9D,,PASS,HASH_VERIFIED_SUPPLEMENT_NOT_STRICT_FINAL
M12,FFA-Net,D05,27,15.48875720352591,0.6363071714581502,0.37521278858184814,0.2478964924812317,935155512B2D2C193E1E068BB4119B09DED1E575C02785EE73DB4B4568732545,BCC47F54E74F8215F4E023D7356919B108FC232A9B466228D1608F10C29D8749,8F2028FAB6AB9BE5219816012532518F31A4431D09B65C532B0FB4F7EEF78747,,PASS,HASH_VERIFIED_SUPPLEMENT_NOT_STRICT_FINAL
M12,FFA-Net,D05,28,12.451761030881398,0.5663052819329687,0.4917052686214447,0.39720773696899414,3F50871D11D92AF7B087677B261E27599FCFEC8F87B5C2676BFB8A161A72741B,25CED5C3A0869E998FB089305E6DB04B964A6DF09211177B7146F2D8EE75019C,8AA313E22BC2A0D787E2A6A7E36017D0FC45D79501FB616EE9D9CD2BE58F0735,,PASS,HASH_VERIFIED_SUPPLEMENT_NOT_STRICT_FINAL
M12,FFA-Net,D05,29,13.6345028382106,0.5116379432704243,0.555042028427124,0.4103304147720337,81EC091E78B674E82712EAE54F17CE3989A013C3165C42E7E4351164EBC3A1B8,3A02340286A32C2221E2047C6A1B982701F4680E050FAB2D6B2195D167518373,39B7A9FA103E3C405CA854A79FD3C941E508B467150A34DD421DD7F85B780513,,PASS,HASH_VERIFIED_SUPPLEMENT_NOT_STRICT_FINAL
M12,FFA-Net,D05,30,19.675765727827343,0.7146152511161771,0.26800537109375,0.2267572283744812,14E10933E531932CAA59CFF583C77F6477A386864ABE63586A9EB798A79FFBC1,2C939BAF94BBD4ADD2421C272D192D45EF8261498DDAE27082ABF608944275D1,D52F6D408045C20A786191A6C8FAA1E0C41094B107A3EBC3FBB1783263E548F6,,PASS,HASH_VERIFIED_SUPPLEMENT_NOT_STRICT_FINAL
M12,FFA-Net,D05,31,18.28751735575555,0.7660760695013759,0.26492398977279663,0.18989038467407227,4EB5F6115066B5B44F89B71158CA65ECA5606E07B7EE76D18F9DB017DF02017E,93B5BDDB161F5AC8635C560711F86E9D50007B821AC42AD66EBCFF47A7ABC847,7AB4B5A0070F14F7A89022D6B065F7DDE76DE8562253525F2A08DF95B3224FC2,,PASS,HASH_VERIFIED_SUPPLEMENT_NOT_STRICT_FINAL
M12,FFA-Net,D05,32,21.04437472353435,0.8256596051935304,0.20125827193260193,0.18324321508407593,3A0AF12C5C9A38E04AD9E40F558C7EF82299C20A09EB055373A75EF5AF1BC091,2DC61724CB89511613BDE3E46281E159DFBD81A52948E5FD75839D70EA3D5770,50C35DD07633F6F2C84485AF59009C0EAE4B3C3AFE158309C17D5312D53260F8,,PASS,HASH_VERIFIED_SUPPLEMENT_NOT_STRICT_FINAL
M12,FFA-Net,D05,33,17.957327243832523,0.7446917075390687,0.24718385934829712,0.23648673295974731,F9A149793D9210C8B1D19D2030C8106B0D8CAD20C2D5C00F5DCF7D7205E2BE3C,F3D6CA89C17499CF57A027570E3D5138A9C3A7ACDCF5C1C05846829D3C8396DD,2663E6B39C8177FB05DE7FAE0219EE9C9E8647839AD73049FDBBDC0D35AF160B,,PASS,HASH_VERIFIED_SUPPLEMENT_NOT_STRICT_FINAL
M12,FFA-Net,D05,34,16.15502774789617,0.7581739093121898,0.23035955429077148,0.14167600870132446,3E232BF58CAFD8FE975659C3F23A303E0369F8077CFEB0EA029806D14B42E1A6,A9F0E2350D12597C0152B1F9980A5B9C04110998A7CE9C7BAE1848BF76327726,0247702E2E6B1D9D2B95A19F9BCFC215B4D9B78404B0B281C3208A2F73357F24,,PASS,HASH_VERIFIED_SUPPLEMENT_NOT_STRICT_FINAL
M12,FFA-Net,D05,35,21.491684940504598,0.8582628633215511,0.16952946782112122,0.12232965230941772,4C40A00796111F3D0635D323AA05935B18A9E06E1957092F716CD9DB97505EF4,5BBE34BCAAD603A755F20863D53AC35DF8ACC78DA7ED12696113D088AD97A3E7,4EB0709B31034410208D1AFA4EB917F109D02A211029A469FAF34D56ACA167BC,,PASS,HASH_VERIFIED_SUPPLEMENT_NOT_STRICT_FINAL
M12,FFA-Net,D05,36,16.93859690840628,0.7215819008049139,0.30096346139907837,0.21984291076660156,72AC49F3AF6F23430C86734FE016FA596D8DAC5634E2536D4B90A23486FB9CBA,ADDE3C96E7C2EA4DB5A80D36EB25AE68014581FBF29C19ABB45E7451D209F37E,C401826AC395213BAD96660C896C68C8C1663D2D9ACE4C70465302654E436FE0,,PASS,HASH_VERIFIED_SUPPLEMENT_NOT_STRICT_FINAL
M12,FFA-Net,D05,37,15.97851572278232,0.6455033134902216,0.3730357885360718,0.24355709552764893,A06B19F2ADC72BC1DBEFDE55003F9E242F07638B7EADE116AFF1F7E1A59B615E,E9AF481F2A1E0ADDC74030F128BDC11E062BFAD1F343A4F1E5320D034F1E2B75,42BB69A862F28FE71E6BB8C224220011E7BA6A2B06EA2140E4334AD5E8C44018,,PASS,HASH_VERIFIED_SUPPLEMENT_NOT_STRICT_FINAL
M12,FFA-Net,D05,38,14.153698993020008,0.6693223803236208,0.420276939868927,0.2779191732406616,EDC53095283E1B2282CF0FEDA9F362CA7FFAB4A83410E12A271910824FF6E8BC,016A1A7EDF273F874151ED98B065B6FCA3017CE6B95FDCDECAAD56D0EA29722A,877B14710DD7F0E32FF764C9183716A2DDBE236ABA464BCF9CDDB2C33688198D,,PASS,HASH_VERIFIED_SUPPLEMENT_NOT_STRICT_FINAL
M12,FFA-Net,D05,39,14.407592133209207,0.6359431036225687,0.3989338278770447,0.2849735617637634,43FD00FA723E0672D4D94C57F199D45C562EEBC216C8761B6D4D72F35C295C04,D706B271E3C8AAAD4FE78FE8A767559DEED87E60E5DC9D2D4A658A24C72A45D6,F26FDBBA7A064DAD5882160E4B4EF4CB5D8A86C738BD69DCCC9C82A3C44E0120,,PASS,HASH_VERIFIED_SUPPLEMENT_NOT_STRICT_FINAL
M12,FFA-Net,D05,40,18.176882189162658,0.7372043551658015,0.28083521127700806,0.21666544675827026,C793D6DACD5C674335DFCEF325448614442663A1E1A41041782741B484E54AF8,8CA115FF13D678E9184FB1C278BDF92F86524BDC7BCFD420808F76CB0CD4E965,854E682CBD6DA0FAC563AFECF2E76DFC02A2761962876BAB75C7F48331EDFAB2,,PASS,HASH_VERIFIED_SUPPLEMENT_NOT_STRICT_FINAL
M12,FFA-Net,D05,41,20.66528174033669,0.8290058800808308,0.2298247069120407,0.17902415990829468,26548992D267C16A04787BFBB4CC18DBF1F9D4A9C9C32AD6DF9E8272F9BA5779,0F1C00F69C4DB273F46256558A67C5EFF9C558C4D7F538B02BB9A7DEF52615C9,34810CF8CC575DD92066D03974318AABA07AB51E0565D5381C55678CAA075AF3,,PASS,HASH_VERIFIED_SUPPLEMENT_NOT_STRICT_FINAL
M12,FFA-Net,D05,42,13.504676446270755,0.5494937648030566,0.42049139738082886,0.3064384460449219,88055862A2A7D024A0B87A2D896143C5810303ECE53AA3ED01608ECAE9437C7F,CEC706EB619E86F00AABEFE0A57151AA402010FB282F3393535A535E27378736,1CACE6D2B4ABCE3013DD48CC317F02356C86A6957C9C8EC2DA76603E2EABB495,,PASS,HASH_VERIFIED_SUPPLEMENT_NOT_STRICT_FINAL
M12,FFA-Net,D05,43,20.632223732758312,0.835886952540465,0.1902066320180893,0.16275441646575928,AA762707340C64BF3375CFB66E8ECDAC5657540024BD837242352D994E6E974D,ACC6AD03B3CF01552BD1D8ECC1CDDA971B039FE9AF79B2732A8B3BF6F62C6E49,77E226938D48C99B53C61250060221D6706633A4C4072F4E07E60E5E773989CA,,PASS,HASH_VERIFIED_SUPPLEMENT_NOT_STRICT_FINAL
M12,FFA-Net,D05,44,19.16531589740346,0.7925015333953457,0.2202967405319214,0.18312448263168335,C9C9AD279E573FA522A7D1C5DC015133AFDA31A3A692C9855818F9FB7754E0E1,6F55F38E564BB18AB0B91ADB42953D417A03DE44382B1E4AAF9367F17F869223,260C75A3FE987CE6F6A87CFC5338FBECCC5BEB90DA97B5141BE7DC776314FE31,,PASS,HASH_VERIFIED_SUPPLEMENT_NOT_STRICT_FINAL
M12,FFA-Net,D05,45,15.76197001588776,0.5742737266883448,0.45088890194892883,0.3564816117286682,71F257B3B2CFA7945536825D9F1296024F8F9FA150AEE2D73CCEDE854E6A2EC7,2C139A4592AD739977A27D4DD7AB459FA20139838CFA7796BD15AD5792D543E1,32E2B7FFCDF4AF29BF573CE8FA0D43B9A0C277BC30B94006275C008F07D8507B,,PASS,HASH_VERIFIED_SUPPLEMENT_NOT_STRICT_FINAL
M12,FFA-Net,D06,1,9.559465972468782,0.3706946894166942,0.8254516124725342,0.5342742204666138,28D483EE2ECAE7E22E4DAB43E74216587FF6604AD354609815567F0716FE3713,9ED841651FF20BF8F8636345BA3366395A5317A51C4FBEE6720445349B695377,6F501C22572BE119A8C2A7BA59F9B95A90E937485CC4B211F509D5E188FAF094,,PASS,HASH_VERIFIED_SUPPLEMENT_NOT_STRICT_FINAL
M12,FFA-Net,D06,2,13.26439250216752,0.3408549111701729,0.8887296915054321,0.5387648940086365,134860C6C2DA0FCE9A97C8BB53E91039FF661CE28A074FE3B3279816ABC66BFF,6AC611763B08EE9DCE1A5E21507CEB665BC266FADA97AC5E6FCD76D7067EC883,5F90CB59270C4EEEE56164D9D05CC962AC5D1A25A1B383DD45B2BFE492C3C35E,,PASS,HASH_VERIFIED_SUPPLEMENT_NOT_STRICT_FINAL
M12,FFA-Net,D06,3,14.191290951606039,0.3000524795264971,0.9321160912513733,0.5774681568145752,006F27ABC8E126705555A4285ACD79D314915C77150940E2399ED60F417312FD,5AC49F9CBC4EF1A76ED1E612212C2943CBD487689C04C5E39D9606C85164D22E,D50E8B9FD1B3C579E9EB46DAF95084EB424E316234DB682ADF68DB27DB0ED4E2,,PASS,HASH_VERIFIED_SUPPLEMENT_NOT_STRICT_FINAL
M12,FFA-Net,D06,4,10.181082305688832,0.1905450051608559,0.8103705048561096,0.580969512462616,55BD84BE636D6A8BA343BDC6C0DE0584D6889357CB3D34735FF0F78E940AD09F,E082DCCE315F5C0ADBC2EBF1452878836DDA1C622F5A306D2E9E0786999C7D4C,88BEE9D8C0235FD0510C74724528F5DFF64C24C110E87BB605A13F628583A2EB,,PASS,HASH_VERIFIED_SUPPLEMENT_NOT_STRICT_FINAL
M12,FFA-Net,D06,5,9.42353777730925,0.3921590847571342,0.794788122177124,0.549477756023407,24EACCED76A470F04D9276F248AAB0C3CFF3C058246792F742E2E3CB7A6380CC,B5400CD64D590E3A6194C4B9A2E56393D5D35B5D117B8F6BCC3928822465D9B6,4C30A7F48A11EB7993341D3153B3F168EB69C3F41D38E90EDF3BA8C182F8DD5A,,PASS,HASH_VERIFIED_SUPPLEMENT_NOT_STRICT_FINAL
M12,FFA-Net,D06,6,9.459641285360089,0.39293796687455723,0.7798943519592285,0.5451192855834961,9341A15AA8360794632AED0F593CE4E6541F798AA5B8628F6DCF6D6D0D249BC3,E000DA4B0BF9E38CE6B0618757ACD57D1CEBF5E34EFD182D0EFE3B982A379795,DAABE84678C1D3D2E012B4E991D18483A32ABAE72E22A0E08AFEADD9C8A00B28,,PASS,HASH_VERIFIED_SUPPLEMENT_NOT_STRICT_FINAL
M12,FFA-Net,D06,7,14.203448014609648,0.355894141342497,0.6901317834854126,0.5048636198043823,2132E15598A04E4CB042242D3E5DDE1F0FCD5514C57B8725D4C397DB118AB11B,CE62D9856BC056878547F02D8F4544720EC5990C800826BD34717BBF74A319CF,EAF51E11591D16C89B42F52164EC926C4FBE6E6DB7E33F30D15E765651940A74,,PASS,HASH_VERIFIED_SUPPLEMENT_NOT_STRICT_FINAL
M12,FFA-Net,D06,8,9.061028695797516,0.2209594243565054,0.9329397082328796,0.6124647855758667,D899B7D6739C06AE2AB1ACB81682AAD5EC7C1374E6381E67C8DF1761BDA7BF7F,CAE7E7C1EDF709DBEF8A0885A2B5389CE2A5FF9D2D1ABA7E8491576D982DF5DC,B99D2791EF2CE6343F2BC21CE403D9EBB9FFB2C0950B3B8B0AA5CD7FAAC10385,,PASS,HASH_VERIFIED_SUPPLEMENT_NOT_STRICT_FINAL
M12,FFA-Net,D06,9,12.60451186514626,0.4313382773185126,0.9062920808792114,0.6090861558914185,EEF4D07864BD7DB244F0A806FCF200ED0288C07FAB8BF3843F6AF1B33B360C58,2B39C36701D4876E7B3AE9400FF1D86AB632239038EB17A2FC3C7A771BC29B54,3BECB4ABA895CF2F531739A5004FD30A93FC76E4CE9BCE9CD97D28F1F7F6A67C,,PASS,HASH_VERIFIED_SUPPLEMENT_NOT_STRICT_FINAL
M12,FFA-Net,D06,10,7.52503850030911,0.2869088494011485,0.8206024169921875,0.5931627750396729,EDB9FF85491DE7ACFCF706623ECCC9863C787C3E426763FB1A2CFE0AC143D633,C679364383BAC2EECA0DC6B66F1992840DDC505BD73D093DE5C9C67FA05CC990,523F1CD2E60A5460C114F2CAF8533468D72B97FDC58A49264C46DA98502E0231,,PASS,HASH_VERIFIED_SUPPLEMENT_NOT_STRICT_FINAL
M12,FFA-Net,D06,11,8.141740768532356,0.30828604501864726,0.8271262645721436,0.597849428653717,36EC563EB560C4735F19351A76A78C09DDE6F9F87549195DD271F447C3684FA3,989839A9FE1DB898EB1E44FD4592EBB962351E077E81409BB6D03C7D8999356E,0CE52D989BA89F862385B44CEA0775FD0D841FD83E0F6400A8F323C19909D80B,,PASS,HASH_VERIFIED_SUPPLEMENT_NOT_STRICT_FINAL
M12,FFA-Net,D06,12,13.600898535264003,0.5012508525300856,0.6951577663421631,0.589736819267273,C5CA312E60B3650041DFF8DD81C5E9B8BA928535379674BD79773319B65E98DF,8FE85AC8A887DBE584B5B70E4BA908B05569C5E2A6D72C45C88393E109D653E0,E5ED54178FA435D30373F2BFB68381A9F192D7A3564D20CC7C19483FB9A375DB,,PASS,HASH_VERIFIED_SUPPLEMENT_NOT_STRICT_FINAL
M12,FFA-Net,D06,13,15.205914949393053,0.42880480297280393,0.8122518062591553,0.6028687953948975,3E3CCF370C0E5A20CA86428C3DDDE8EA1990A195A06BEA69FCEDDAAAFA9E5696,546B915EEA0AEB7AB290BB7B6BBFB7E6B67BBB54E56C0937231556ABFAA32ECB,75B52B039A746A50A1D519B0F99585DC49C6F18AAD58C6C1B1E14DC90342C0A9,,PASS,HASH_VERIFIED_SUPPLEMENT_NOT_STRICT_FINAL
M12,FFA-Net,D06,14,8.180781128801083,0.3689483682657766,0.8139254450798035,0.5860570669174194,CCEE2CDAEFA0A93958EE30031D4B2A39C661737EA1EA983C420674127715AC0E,8932E017C3B59DA3B9202C8133D3CD0D267D05A7C2839875FDAEDB5142998EC7,A8983826BD2D75B075DEB5A16BC4874F26C66D8F2D222B5C124E077DCB964BBD,,PASS,HASH_VERIFIED_SUPPLEMENT_NOT_STRICT_FINAL
M12,FFA-Net,D06,15,9.544928298574046,0.4484060833306718,0.7827971577644348,0.6010769605636597,C2B22D2DC3EF07C16936BACE37FD89533DBDA0D65701E97AAF93DB066AEA6056,ED66F848BC19AAF95EA3F836429497324674EFC70C5B201A91A369D2120885C5,E24555A3148BA1303489AC8431466B401261BEC3A4E4F78DD99CB4CCAEB295A5,,PASS,HASH_VERIFIED_SUPPLEMENT_NOT_STRICT_FINAL
M12,FFA-Net,D06,16,7.750527314736253,0.21593539402524942,0.9104867577552795,0.678852915763855,B7D9F5C033B21B3AAC02AD0ACD53F54D232EEB24C4D10E44902419C1BBC400A6,DBF7FFCBC8657C2BCC9E8E47A7EE8DE7B4644223C8DC023B0B3C2BFE6A20C67B,249BEEB63078459838B0CA6846C6315CBCC6834B3B724D08899DB7D9FEBCA4E0,,PASS,HASH_VERIFIED_SUPPLEMENT_NOT_STRICT_FINAL
M12,FFA-Net,D06,17,10.712569531125729,0.23185674788798727,0.8424092531204224,0.6656378507614136,A0F274D8B271C6193552014BAC75F1CC9A6DB1514E67AFE154C755B61AF77ADB,EF795846A7696089899739E9F674AA4B3EA88776EAC373D1B9177846BDAE2BC2,4D903AD84167AD55F5A1C8F793339FAD969F6F1DBAA0D0F2804AF739289DC724,,PASS,HASH_VERIFIED_SUPPLEMENT_NOT_STRICT_FINAL
M12,FFA-Net,D06,18,12.622629388805574,0.4231558532147599,0.7043043971061707,0.5166500210762024,24E0011E35384905DD680E0D8A4A285D818AF3286B5945F2E3D6FEDDAD0E1AAD,624642F5D30C4D807E4156062BE8D38273DFE0C7993B2230A80F3179880B33A5,5CBD4B11C303D9D69E2A9680927F2B7B4509A8B03CBA072D5ECC14F038DCAF42,,PASS,HASH_VERIFIED_SUPPLEMENT_NOT_STRICT_FINAL
M12,FFA-Net,D06,19,10.287820698747506,0.4296670586108668,0.7733554840087891,0.6197346448898315,CC351CFCB3246A286EE2AF5245E6253940AF25530C52F9E98267FF9395E412F5,E90FA9E3F510FD18128F9E46253183CD998FCE49F6F9373D03A33B3D39D14BA0,E895E95F8E008475D18D0A335EC053FA9D60C3E34A9A7280F3D966F376410E80,,PASS,HASH_VERIFIED_SUPPLEMENT_NOT_STRICT_FINAL
M12,FFA-Net,D06,20,11.548946844414523,0.34675777600465735,0.7215641140937805,0.5295376777648926,987C1D848366DD1B84A7141B5AC2F5452DB7047896FC2A41C121AC259EFF3773,40D87A8EBEAC674460D9CD72E74F9B026716F858F604E6EB1DBB2478208C716D,A33F159CA6F94205287E9A95C277F560D3671AB20F01AE451558C1A3A951E9A0,,PASS,HASH_VERIFIED_SUPPLEMENT_NOT_STRICT_FINAL
M12,FFA-Net,D06,21,10.76544997659903,0.41769980214909985,0.7841623425483704,0.590544581413269,6307ED17DBEA16BFF63743D58A5371C35781CA68446AA87B7A05D0E838E1CC8A,5C8BC9FFBC8201C16E9BCE5D90A5F161A9C8DA8468748E2FABF80AAB4FCDB643,C9B1A8AF700DA0DF3C974CB29752DC2EF75B575DCD75EE463DBBCEB119D1F3D5,,PASS,HASH_VERIFIED_SUPPLEMENT_NOT_STRICT_FINAL
M12,FFA-Net,D06,22,12.501049516703638,0.35079284884294415,0.8169419169425964,0.6478932499885559,658DAB1A00B41191DA6A17878F89EBF1C6EE4B679E76B985B7F5A6178124CB2D,60B2E368C115B017373BB3925BD64F0FFC7489196EFA4F7F2D51B1110EEBBCF6,BFB5D1AC8EBEEB36E83D4D63A907C1905D02B39E78640A7C90485A5ADC7A7F79,,PASS,HASH_VERIFIED_SUPPLEMENT_NOT_STRICT_FINAL
M12,FFA-Net,D06,23,9.748939301801096,0.3650054809205952,0.8579744100570679,0.6433869004249573,2DF3BD74DFE3A4D18ECF6833B7D7FCEAE1FEDAE4039223E1E86DB754951FB8A7,4FB429EA54743E65809DEDD34FE869410472A853F1343D8C0827CC34ED7A4C77,05D222DF1581D5A29E39391330772290A12510C4F3BD3E81909A46DB7A5871BD,,PASS,HASH_VERIFIED_SUPPLEMENT_NOT_STRICT_FINAL
M12,FFA-Net,D06,24,7.408576459723571,0.2359509463479886,0.9479727149009705,0.6253561973571777,63725360B9BB3B219193A540E9F457AEC2DDFAFA55B5286BA72EA9295CDE274E,52F5674DE315B42A7874D987100F209DF1337734CFF5E8C92FB9ECD104156BF6,89BCB18952237E242B0799BA31CBC1F68BE21BCC0342F4B786E52F5AD7E79258,,PASS,HASH_VERIFIED_SUPPLEMENT_NOT_STRICT_FINAL
M12,FFA-Net,D06,25,11.077074261374287,0.4317734398115464,0.7675668597221375,0.5620631575584412,0F2A2FBC80EBBDAD0A61F2FC86EABB120D31DBC05E7C58168098E0C6AACA4720,0BA15C9EBD7688A8A22A10AD657BD31E27ECE3F24B3E8778F0BA5D00AE09BC25,D26B0DF698C62B7C83CB336384D36024607B505F1419F6E96FAC7B7B4F6B070F,,PASS,HASH_VERIFIED_SUPPLEMENT_NOT_STRICT_FINAL
M12,FFA-Net,D06,26,13.363823363662926,0.38182932397457064,0.804683268070221,0.584531307220459,CC1C5D476941198784445EE48CF4A0618B350C1DDF195451C8AFD45306EE7592,06AD8C9C2F0C009268BB287F2C4FBF0119DC85F1831B4FC286DAEF45FD4805C6,1A8D1B20E34D4F234942684E083933F5AD934F04C084D2C0C700EB211CC273D8,,PASS,HASH_VERIFIED_SUPPLEMENT_NOT_STRICT_FINAL
M12,FFA-Net,D06,27,8.4994688089362,0.25644148039798215,0.868976354598999,0.5833276510238647,74B1A368A32180329F912850A4B622FF7CCAF0BFAFBB49931319D018C95CF861,4B8D83C4CDF79AEA0AECE2B70A36F852D458F3963A74AE4256179C946622609D,9B0D00134BEFBF2E0050F50DF313F74D5D256FB1F87E8C1425727B7AB8A47BC7,,PASS,HASH_VERIFIED_SUPPLEMENT_NOT_STRICT_FINAL
M12,FFA-Net,D06,28,11.891160516224442,0.6810064803631196,0.49635934829711914,0.5142265558242798,86CB8BFB9D9B93E243E70A7B06750BB4D600F9824ED1C5413481279F6A3EFEAA,D946AF2A3985F8AABC9657C944591DD577D2D5A34CFBBC2247B328651226AA9B,A42648C40264B2C0F8BECFAFFED79566C5481143C1E3D31CFC479C5BE26BB772,,PASS,HASH_VERIFIED_SUPPLEMENT_NOT_STRICT_FINAL
M12,FFA-Net,D06,29,10.079919440751702,0.39580105092998047,0.7503065466880798,0.6447994709014893,2E217089D7DBD0D87A7278BDE3316CC67BB5AA909F0B2C79D37ACAC25D9ACB43,B2A6F36C1346016D992A3AE0F5320976D04A6980828B9BD4626EB5DDCA8BF39F,3D31928D24EF99E2907AECE6FF7C562BE6D4D259E2A4AC7608FF3D553EF9335F,,PASS,HASH_VERIFIED_SUPPLEMENT_NOT_STRICT_FINAL
M12,FFA-Net,D06,30,8.704135492635324,0.42397943066304533,0.7688778638839722,0.6051169633865356,F805D7B18D0450840510982C28BB488F49971E13370FEC14BFCCD5D90FA3D55C,1EE74FB57012F24B04F04E826AECE6D29063371B122630F228671E9C662481D8,21D36F55FCBD3D63D6A3C59020E10A58EAC695203803B281936458EBE679AE93,,PASS,HASH_VERIFIED_SUPPLEMENT_NOT_STRICT_FINAL
M12,FFA-Net,D06,31,7.614998855243663,0.4184064652776478,0.7721450924873352,0.6331952810287476,5B4752F6B9AB26B81E82D0F5050D45216E4224B58A5C1BFBA3B1450087522335,23E6DD267CD37701626769B780C7ACF0B1DB9DE5CF948BCE59A254A49DF093E8,7BF835A142223D4F6838EA73A313CF43E204515980168B6299AABB8A67AD69FA,,PASS,HASH_VERIFIED_SUPPLEMENT_NOT_STRICT_FINAL
M12,FFA-Net,D06,32,15.37071326469647,0.7929323459339553,0.4511258602142334,0.43281471729278564,BD6B4F664DBDD67FD65C626D6305C2D749E8BA501BB0B13922AAD0374DE4B68F,EAFCCC0689F0593E9129F67BC528E9505050795EFF27F133FAFA5BA77869174B,B9F8220AB89DB89DA214614E9C591E762D7D0EADC8DD6FF8153C17E40D81759F,,PASS,HASH_VERIFIED_SUPPLEMENT_NOT_STRICT_FINAL
M12,FFA-Net,D06,33,11.772385156933003,0.42082014411254304,0.7319599986076355,0.48574644327163696,351A2056999C9EE643F737E055CC2507C510C7FCF88B602D2EC7B20D12C71330,A0CAF6E489C3E91AC5CE02B14EF77A8F1CA15FA3CACC14E5ABADBD8F56946518,B5E62D0A3452EB50923594568C7DFFA16826BC7E2FB132FE80F55DECF8F5D8E0,,PASS,HASH_VERIFIED_SUPPLEMENT_NOT_STRICT_FINAL
M12,FFA-Net,D06,34,10.217303047593663,0.5442705704145955,0.6998069882392883,0.5801053047180176,9684809E3D2CEBB9498D368DB76487755B47C918B8AEDA34592F0760827B62E3,3D36540A6E5742D0E0B3A8406747E3DA1C8FD083C4C487266A1CA8F9B55E1104,2AE671A188CE106E43039DA4124833C35FB3F2B9A8CD785048D4D9DF4BF922FB,,PASS,HASH_VERIFIED_SUPPLEMENT_NOT_STRICT_FINAL
M12,FFA-Net,D06,35,9.430480269597718,0.5202053791013043,0.71187824010849,0.5812870860099792,42B393C16A0124EBCC5221226C70D3898641E63EE485166FECDFE91DB3D9BE93,5385E420F7F42485979C8E65AC957AE6D7245831CCA02585CA39BD658E562F55,0DB0E94B842C2BE2B1A694D0FFC7770F17D55E9BB65220A3D4613457377E0437,,PASS,HASH_VERIFIED_SUPPLEMENT_NOT_STRICT_FINAL
M12,FFA-Net,D06,36,12.773326537606186,0.6518338359736313,0.4557442367076874,0.35536879301071167,6F8DE0ABEF45000A285E3CC6C5210B5BFD2FD1CA972A46D6E1F89B20AF7945DF,AA92DE50B482FEFA542AA9AE0E1084CAD9D988260A3BADB4DEFDFC660A9625CA,EAF59AA25B9EFE6E237D832514A9C535FC628E5753E1571521BE15B650CAD9F6,,PASS,HASH_VERIFIED_SUPPLEMENT_NOT_STRICT_FINAL
M12,FFA-Net,D06,37,14.072482771142026,0.7140278292434182,0.5196014046669006,0.3690664768218994,E71A9F85D51AF0EA561A9C767B8AE577993B9E08CE0863B6E2B7647501248B14,5C2F4FD63FFE544C64B50E0063B95A445A3BDB6D2B83B06BDA91E19EE861F693,D8FAE608875F0AC54D434500D6ECE02FC2892143ACD89997F064A1106585E23B,,PASS,HASH_VERIFIED_SUPPLEMENT_NOT_STRICT_FINAL
M12,FFA-Net,D06,38,10.346576581402918,0.5071435020133525,0.7289823889732361,0.5256187915802002,AC0E55355FDDCAFA32F131ABD0136E2E3B1AB61B93C0E3A4A13824B63772C476,1D7EB8668E769DD6516FC6F4BDB8EDB78C53CD4A5F4173B345D8B03BDE46590A,301AC667C37676D65C9AA4BF157B4B4DDEEAE58D1F322DA35E7B030E62A454FC,,PASS,HASH_VERIFIED_SUPPLEMENT_NOT_STRICT_FINAL
M12,FFA-Net,D06,39,12.339791194004992,0.6052580905867874,0.6216830611228943,0.6025593280792236,0D7318F2DA6F596C1867D45AC81CC429EE8B07450F624958D647E820DF6DA61A,2C3C12556AC6868897D75E2E94829F1A650F9665C1375A81601A8850A242ABCA,D939E5B86CB16AD1F331FAE7F453FF76538825D99BDF3F2526C0E9248C685657,,PASS,HASH_VERIFIED_SUPPLEMENT_NOT_STRICT_FINAL
M12,FFA-Net,D06,40,8.266777663967378,0.382613786499423,0.7616040706634521,0.544988751411438,9340B5F5CD8234A0CBDC2603AD7BA8F01363A80B950414FC357BDF53643F7A50,EE5106C7E5154B941E5198B85C66284A62C8757C87E2E57DEA76A89E886DEE73,CED67D3CD42C10D225ACDC2984A97417AF86EB5BD831A2FBB1488DF140A22243,,PASS,HASH_VERIFIED_SUPPLEMENT_NOT_STRICT_FINAL
M12,FFA-Net,D06,41,11.18188024954236,0.5854202557913143,0.6667897701263428,0.5154320597648621,414B2CDDE8D201E650CA35FB5F5B5049152549BEF8310307D7FDFAAEB87A933E,58CEAC6ACC041584C7E9B0870F6A9168BA86141CD679ADA25F31DB7B62EC7E7F,6E6099B5354F1124054E7FD72CBA5C91B9234099EA759AE71DEDA27AB907C594,,PASS,HASH_VERIFIED_SUPPLEMENT_NOT_STRICT_FINAL
M12,FFA-Net,D06,42,10.855164270218525,0.46598973842598596,0.7759594321250916,0.6364367604255676,756A2778DC7A36C3D2CE980C5704D3FF28DD9A134F2A5FD8EFA8ED98B5289EE7,C2ED2578BC9F78C25FB211535C4A2971A8C3B431F614D0C9F8780B7CB0790D97,223F7B2C7A71DC6B69BF4B133D5E8AB834C12E1865DD944E0CE736FF03792AC0,,PASS,HASH_VERIFIED_SUPPLEMENT_NOT_STRICT_FINAL
M12,FFA-Net,D06,43,8.80810086256382,0.4061303666878944,0.8659506440162659,0.664036214351654,3581C893E71E6CA49BDFCB723B81435EC50078B6E1CF70AF13057AFFCB79FADA,75EE61876685FF3EA4386CEF532CAB226869419C2C5E735A266EC81F73870EE8,A4D78456A3350B9BD2D220E34B3414F8B71D74F9128377EECF06CB53C1C03082,,PASS,HASH_VERIFIED_SUPPLEMENT_NOT_STRICT_FINAL
M12,FFA-Net,D06,44,9.800014995997612,0.6837192588948212,0.5613970160484314,0.5348545908927917,54849343586BEFADCB455A636AC8A1B4587675EF2ADD444B3A0C88540336967F,4677B2919C21BB427B463704AA14F6E43A31D75CA9F6A386CC93C4BA057976B4,14F69B8C6B5B12E455C112F0A3F1E020B2848064B06BF049F1692111A598C1B9,,PASS,HASH_VERIFIED_SUPPLEMENT_NOT_STRICT_FINAL
M12,FFA-Net,D06,45,12.897797714495633,0.647667536235557,0.5738884806632996,0.47351205348968506,F00E9E30C19105E15A58BB72D8121F667B8A672CAB354083AF93B83E4E6223B2,289DBAAFB99744D36CE926A0E7295347F4CC7EC9046AD3BF6FDAFC350FE13077,1697DBEE74D49EBEF7921F176547A7E9AAC284D55C8D4CD4C2B587912F9FDA35,,PASS,HASH_VERIFIED_SUPPLEMENT_NOT_STRICT_FINAL
M12,FFA-Net,D06,46,7.62191515931605,0.18253227649447623,0.9588871002197266,0.6517976522445679,70C79F4BC69068506F9CE17C15310ECD5F39017A27A72073804342CFC9B0A303,FE99499E05AAA1585150392C3E7CCFC905FC688437457FDFF610DACD025C19DB,F4FEAAB0363663BDBA8984E809689ED1C9D6241DA0E6CD60C70D572FE7735791,,PASS,HASH_VERIFIED_SUPPLEMENT_NOT_STRICT_FINAL
M12,FFA-Net,D06,47,12.815614420000717,0.5447899931153747,0.633143961429596,0.5275973081588745,BC315CA9E20F6A05B04FA37FDDAB7AACD6BE60AC81C7FD41BB287BD60DAD088C,1CECE3856BF4DFCF4B9C80666D48D912AAE091B90B181F2171A1BDD84994F7F7,28296A0B7901437AFC262393E8CCFAF73A48E9E7E76E3022EB4B5E0FE3972A37,,PASS,HASH_VERIFIED_SUPPLEMENT_NOT_STRICT_FINAL
M12,FFA-Net,D06,48,14.548092239619056,0.40533435643509136,0.7711069583892822,0.5304825901985168,F571B7AB63B6D6D821DF667AEF1E29805528226E8EEB5CFA9303DF48DF39DCB5,92F152AF6E8FB82985768D781E682CE5D784A44972923AA132A1C13AAA01DE88,62904B507CE425E68796A2282B06BBE27182903ECC7E4A81F83E518C1BA3094C,,PASS,HASH_VERIFIED_SUPPLEMENT_NOT_STRICT_FINAL
M12,FFA-Net,D06,49,11.063420552597092,0.36093490028947867,0.8905857801437378,0.6702362298965454,1115F4A9A191EADBDC45F0F44D4FB0BE368722CFC3A35281BDECC4D38F6C1D7D,3A6934BB503339653653D396FA5108DBB8E1494BEA220B6E6A21718B192AB6C5,8155668079224E705996F4FC03B9C86C15D4C2A7D6FF02927A8BA9CE1BB6D44D,,PASS,HASH_VERIFIED_SUPPLEMENT_NOT_STRICT_FINAL
M12,FFA-Net,D06,50,14.629461018555386,0.5158333530803939,0.7107402682304382,0.6320363283157349,1546122878AD4593E7C1539732427F1EA58D883AD866598610358528D1990CAA,3E75FD29C9B51438209E9418AE82107BF256B9F9A3598518679C898FD1392E4E,65D05CE1E62E0E6944C850118ABCC87F2EDBBF375DAD0858C8E4E1E2378559A6,,PASS,HASH_VERIFIED_SUPPLEMENT_NOT_STRICT_FINAL
M12,FFA-Net,D06,51,10.439261931455516,0.37763221994024415,0.8140426874160767,0.6114441752433777,8B58351977C32009FDA9AE77E7B0A48B78F0760415BA62708DE1F062CAE1A3BC,78F7185C2B2575EC6608A760D9FFF23B2C51B9EB6AED7731D27A0F15EE813305,2F3A65ACD5F084A6E97D538E28B25473F562A8380BB62B915727746DB2955BA2,,PASS,HASH_VERIFIED_SUPPLEMENT_NOT_STRICT_FINAL
M12,FFA-Net,D06,52,7.108030273789341,0.20284262548925255,0.911594033241272,0.6535507440567017,E270DC3AE20CB709A9C369A58051984B64CC625BF58F4B16B6A23A0C68C84F77,E3A41F09926449C7149D31717FB0D952C2646CFEA459A225ECA94F3827E1366A,93EB1B84DEE80333832A3BCDD38AFD8DE04B629E9D4CEB74A13860158D6CF71B,,PASS,HASH_VERIFIED_SUPPLEMENT_NOT_STRICT_FINAL
M12,FFA-Net,D06,53,8.075493407780508,0.3597330823920531,0.7422586679458618,0.5210241079330444,32D8328FAE01F5B48EC165032C30E7DEA8108B963CC050F39241C2AD0A461CD1,7240309CAFC4252BDF6C2A6939836185D61DCC6D4BC30AE43149D28298D1A85D,C28F22F85E6F9F12A1622B461F7AAED8BC56570E2A5D25EA891656BC4EA70EDD,,PASS,HASH_VERIFIED_SUPPLEMENT_NOT_STRICT_FINAL
M12,FFA-Net,D06,54,11.712325595290782,0.6709756226035749,0.5810010433197021,0.5682156085968018,2789C6F938DAD041AD72E0FE3AB1265D3B0A38C6927952A3F1D4C5EF1EA35993,ED019DFB21462F398F1438F86C9B485CC35EA554AA1E136B62BF915309FDC04D,676394C275758AF49505B8B49FDA15499A52B83B8971CEA213F6B51E011693B5,,PASS,HASH_VERIFIED_SUPPLEMENT_NOT_STRICT_FINAL
M12,FFA-Net,D06,55,8.231273308852016,0.5975298072915148,0.6767091155052185,0.5765271782875061,EAE3612C4E4F36D7F813D764CFA6F8F6BAC2A0C07C4F63664511A3906D9B3F15,DAA30DD018EBF3DD71AA19291AA9A98761FECE772CF96491C05C756E6664AF2D,106CBD13FF0DDD746A7C25CF2CFB3804D241CFE8CC31D07527345463C9013377,,PASS,HASH_VERIFIED_SUPPLEMENT_NOT_STRICT_FINAL
M12,FFA-Net,D07,1,12.373109119280288,0.5355829880330057,0.49475961923599243,0.28283995389938354,2F4AC211C76670F483FB4C23D99B792EFC535D60D2F88FCE905E47474AA29927,70DDEA3297F6FCB7E7E5E3142C38719BE0AD8F87AB385A057012AACB5113C68F,3BBD6065EEABD6DDF9ECA84B4F49851F3AB8C941D90C7208A202C0676F478B6E,,PASS,HASH_VERIFIED_SUPPLEMENT_NOT_STRICT_FINAL
M12,FFA-Net,D07,2,14.973480442134209,0.6181605857833187,0.3584015369415283,0.13181018829345703,DBF9E753F94175E37390DB89FCFF1E0ABE7FAC13C9474DCEE19B03613683021E,CC029A27986DD6463BCD49386723FFE36FE308C9EE5C6463698E4F3F01480998,42F5F4382BB3A0D66F5532C4FFBA63323CCC8516770571AA92C7F175A91CFE40,,PASS,HASH_VERIFIED_SUPPLEMENT_NOT_STRICT_FINAL
M12,FFA-Net,D07,3,9.198901792162562,0.44913758269534937,0.5789988040924072,0.39463162422180176,29E32163B37122631BA38311ECF7959DCBBB846FC5709EC1B6D62D17542929F2,76AD76C262F7364714F6B29D836B59238B650B1E5B1E0BD486156CEAB03DC154,678C0F074F159165FD9A6B5957A36D45C5DAACA82380FDC529CF64D48F32D6D4,,PASS,HASH_VERIFIED_SUPPLEMENT_NOT_STRICT_FINAL
M12,FFA-Net,D07,4,10.809404114435836,0.48215007272151017,0.5725834369659424,0.36606359481811523,808D29FF6D04386D2358AF34F8AADACE4F1FFFE9D54D0626F5DAB18D5EDDCCE5,9387284B38B410CD4C0F89F74527FB1DAEBB683FE6ABC6C62BB59191CE5FD145,C012D094101ABEC903F279DEB2428E88C79D9666CEDA743520CB6A3621B3C5DE,,PASS,HASH_VERIFIED_SUPPLEMENT_NOT_STRICT_FINAL
M12,FFA-Net,D07,5,10.948817890754803,0.4234377763459905,0.6155804395675659,0.33248651027679443,7695569A21B066AF399419312F4A06DFEB7EB38A07804B5E41A9FBE4240F3556,4412819E0C0E25B295B131ADC01167CA0D21F1931210DC431914AC0D6A353334,6ECABDBF2AED72E4295F5296D20DBD7818D20C258E48080A30F4D0A288FCDC79,,PASS,HASH_VERIFIED_SUPPLEMENT_NOT_STRICT_FINAL
M12,FFA-Net,D07,6,12.722148946860665,0.49611492112589844,0.5211746692657471,0.30182409286499023,8228520490DA79602D9D4BB21E8BA2334B661A2C119BB4FE6E7C1A903B5BDC80,036D40BD93BD9677A93B0E0A7512980CCC633142FA9768706C5535D2774C9340,1F7185BECCD97DFF259886EA88A9F6C28343D165D873DE491EC3AA02608E609E,,PASS,HASH_VERIFIED_SUPPLEMENT_NOT_STRICT_FINAL
M12,FFA-Net,D07,7,11.585458254081649,0.4633963607807032,0.597656786441803,0.37399357557296753,2D97788E461D52BBAB88A44475C4A5E1875D739E8F4654048F7CD03C5C088431,282F2AFF116AF5DF945814499F5817895B9999F66B8E2AE1CFAF2EBADA3C19EE,F1EB59691E6B8292EBFAD59F6AE44387B2162C5F8D5B4C06AF462FFA0C918C76,,PASS,HASH_VERIFIED_SUPPLEMENT_NOT_STRICT_FINAL
M12,FFA-Net,D07,8,14.417490406352321,0.6306779457443122,0.26721447706222534,0.20078039169311523,C77D35C100AA7B6515B397B780BCE1C4BF88A6CB2B13F6EFFEDCA2025C864A12,E6445594B2275DF4CDE50999ACCA8E938F3C1D1C18621F09933EE7CCE15C6113,FDE1D03E727F6AAC82970081F9ACD781AAF4E3924425FD62717176CE974D1460,,PASS,HASH_VERIFIED_SUPPLEMENT_NOT_STRICT_FINAL
M12,FFA-Net,D07,9,12.230739039840834,0.49602339192943523,0.580158531665802,0.3869330883026123,AFE1125E5AE8C757F8F9F75624A7AD28CA5727748FFFC89F88C3A119D38073E4,FDB65CE15ABC481D61FCF6728B1482FE58576403FD03AB5AEF5099079C3AB3C6,D1B583B05810DA9F3DBE7B17B81C94E5C9F43F4E9616A330A1F63261A2AC4226,,PASS,HASH_VERIFIED_SUPPLEMENT_NOT_STRICT_FINAL
M12,FFA-Net,D07,10,13.138732387425204,0.5838948195178533,0.3903770446777344,0.23189669847488403,08E9E0A333FDF0CD6AD1651F612CEADFFB47DBC621289AAD7912C0D275D835CA,2AC9F28AFB08A5F2EB1BAB222544E28C62FF0331216508B7B2B361D03C409C77,B0A1BD1E303677D92B96CB3AE072B4F9CD12F07020A82294B04E6D5B6AA5EC40,,PASS,HASH_VERIFIED_SUPPLEMENT_NOT_STRICT_FINAL
M12,FFA-Net,D07,11,11.063276401968329,0.40856722436298964,0.6705250144004822,0.3766414523124695,CD879322E71DC73881BA394DA129D051C80BC96FB38F62C716C52DA5DD9843CC,DF0AD43890D1D228B6FAEF5336D6128A715E2A350525F7260E6D4C5A900F7DE0,DACBEC866704E154EC8D7D250871B0AF6EBD5FC0AD63E9748681FA1F6134CF0A,,PASS,HASH_VERIFIED_SUPPLEMENT_NOT_STRICT_FINAL
M12,FFA-Net,D07,12,11.974183824564307,0.4672315705898576,0.5420108437538147,0.3395616412162781,DF826917978479CB544754875EFB5312388DFFBDEE9AC4AAF4FD19C6BC175BEB,2B9894D7AEC2FFFC8804E4E790E71D455831FA23423831D87875ECF37FB6987B,B2E997B6E8891F21A25638820B8E194DAB6BCE48005DC988903B6A1C256F1432,,PASS,HASH_VERIFIED_SUPPLEMENT_NOT_STRICT_FINAL
M12,FFA-Net,D07,13,12.834273911473442,0.5792794166410686,0.42349445819854736,0.2987276315689087,C5DF23FE4916054042285B1A900B08F4E6933F06962AA6E774B546B1F79A4F1F,3AB5EFEF688E8DF19B1C8A2DC1BD23316ED2EE75EEFEB5B0375166AEDBBD415A,70838155534669B614BA7727BE2002F0CA0E1201CC92CBDFAF50DC36BABB0CA8,,PASS,HASH_VERIFIED_SUPPLEMENT_NOT_STRICT_FINAL
M12,FFA-Net,D07,14,15.551799411189064,0.6512875863136471,0.4257233142852783,0.2247207760810852,E0BEE00FC3DBD4BB8A2E943525DA05D00D8DD20489AA818171BD3A73BC19143C,A2D892354F97C06A62BDDAC58EC75C94986103486D6CE395707672298D9F573D,150C499BE08A8F289C1819328430A31284B993317A46F899525BB73CC7246C1C,,PASS,HASH_VERIFIED_SUPPLEMENT_NOT_STRICT_FINAL
M12,FFA-Net,D07,15,12.727861036415767,0.6267735263288956,0.30929383635520935,0.16187787055969238,47DC42CC419222ABCC877682642262D615A25954AEE89468F0375D2BE1B25A68,B87B8A8BB2F5B0B370F4D55436305ED02919618BF1FA77369662EA28710AFC2E,9D917B9B4CB38596E47936A839EDA0F0342DDF8B1414EE87CB47D49E356531FD,,PASS,HASH_VERIFIED_SUPPLEMENT_NOT_STRICT_FINAL
M12,FFA-Net,D07,16,16.262217788273336,0.6973996771110363,0.30365556478500366,0.14454424381256104,C6E8CF1214F28475A4DD452F21FF6D0873BB8FEB329AC4F16EFE18497621949E,609B9113CEDC5E3E08ADC4E4510F0260024DEE7547DE4589E9F455469281BD05,DE4AE38205C44AAAB8D9A0A75D1CAB0D89EBE06581D259D96ADA3D709186ABD6,,PASS,HASH_VERIFIED_SUPPLEMENT_NOT_STRICT_FINAL
M12,FFA-Net,D07,17,12.59001687654543,0.5424683158680824,0.4908657371997833,0.3492923378944397,6065AB75F4C64FA2B7819F1BB665539086625B585B5121B19A66200F8FBDC963,5950E9BE89EF46EBD6321CA3979B7EFB1908B99D763926192B0F96AACF1066F3,AC1FFEA2E2BD4D377B9B3728A0D1E545D10637666C78029906AA300C4AA89BD3,,PASS,HASH_VERIFIED_SUPPLEMENT_NOT_STRICT_FINAL
M12,FFA-Net,D07,18,14.748522818165066,0.594226394618116,0.432107150554657,0.26062971353530884,3D22552FC2EB9BE5EA517190DB592B213CA093943A559A7BA520C55CF3FF618A,B24E1E07B2985C4406F26FD22F730432A6F062584C6A83B4C81D6593439C7074,5E8CC3AC0AAA991A2600584AFFB856C1AC4E4D9017383338096836990273A6A9,,PASS,HASH_VERIFIED_SUPPLEMENT_NOT_STRICT_FINAL
M12,FFA-Net,D07,19,12.994257252282393,0.4441291417243935,0.6012699604034424,0.3103410005569458,7AD7060FAA048C6B435C3F96D294C762BECF6F08D30F9FDD41DA3E1CDA189C7D,4EB4973F803989966ED94BA8909BD94592B9892E6646B6162FE44099AA5AE7F4,C50AF0DC03003FC93ABCAC9446291D6833F155EA0F702CEE4C218BD8BA03C8CA,,PASS,HASH_VERIFIED_SUPPLEMENT_NOT_STRICT_FINAL
M12,FFA-Net,D07,20,13.086516347475374,0.4100844926665286,0.6906931400299072,0.3936278223991394,836386F0CC7777CA7086DAF7E26FC3EAEF4BDB082CCEA9D0286DC323A35015EE,63DA7322D9B38BBE8BB48667D06081E3C3934893315DB595912BE563FE5B4A94,2213225EE934D640B6A536D74C031F8FA570280E7717302AE7B32E04E7D13703,,PASS,HASH_VERIFIED_SUPPLEMENT_NOT_STRICT_FINAL
M12,FFA-Net,D07,21,10.427966617430231,0.5305891122188037,0.4930408298969269,0.26701217889785767,36B844AE012712DBC47DAACDA04A81883BE7D259F7D12A2893940AE0A9E685FB,8F6BC70A448EE17D017112E6BD6E1C91713D123406F6FBC3051B91A515D26235,04C6E094B561D1AE2F43335DE5789E00C28DA2FE51278399EEB23EE4AD19486A,,PASS,HASH_VERIFIED_SUPPLEMENT_NOT_STRICT_FINAL
M12,FFA-Net,D07,22,13.301637719260333,0.39774025303395827,0.6618581414222717,0.4183332920074463,16D49FAD720777E427295C31DB5C5E4B8B0803FBDC16489839235468F4F046C7,353441646EC6FA48421EA2C5E9E05C357445B166BBD98A389597D4C9CC35D2E4,660741709E81FA47BE863C36DA90F8CAD08678D8DC6F681398A0DB83A6EA64B1,,PASS,HASH_VERIFIED_SUPPLEMENT_NOT_STRICT_FINAL
M12,FFA-Net,D07,23,11.74448251823799,0.6592262164880044,0.305505633354187,0.1451936960220337,28798CCFE92DAFFFC5ABA451C556C51D1136DCDF9D121FF3398B59F0537C9489,D7C4A37B02CA65482B3B118B5C7947C172E065243600C69CEFB0174305B5CCC0,BB1340452D8BE7778E70C6F859A68C9B6ACB7E3AA6817C5BEA558A135F154EBE,,PASS,HASH_VERIFIED_SUPPLEMENT_NOT_STRICT_FINAL
M12,FFA-Net,D07,24,10.828083460391182,0.5703838914334186,0.424319326877594,0.20907700061798096,4D9BA936BF2641A98737F01492B7A28497A815FC184FA76435659A955AE42F69,50546ECAB5ACFBD886119A284E96ECBBC93F6E73B3975C556622E320233B1F5D,3E3F26165454796B9CD2FD779C10F46B278354C45B521CE685343BD7EED0AD5C,,PASS,HASH_VERIFIED_SUPPLEMENT_NOT_STRICT_FINAL
M12,FFA-Net,D07,25,13.557333064496316,0.6174399925261546,0.4796072244644165,0.30449604988098145,0A2F75698628581F29066D462AF1D989A6FD1A59717E196ECCFA4A44FB4D56F8,9301726D8A40EE4C50B58846E24E12A0A35A877A8F17A236A5B0DD3DD71BCEA9,EA43137855825BCC89A6B9B55B71B7B71EC563BABABA1A00B553AA4AAF9420E9,,PASS,HASH_VERIFIED_SUPPLEMENT_NOT_STRICT_FINAL
M12,FFA-Net,D07,26,9.668813104296335,0.3693188994959337,0.6805729866027832,0.3951032757759094,276BEB466013030724769518F4FD0A6E15D815926F48583878C8076757F2C583,38206ED528109618D498071A4A50D26D80E2B00F7BD8243E56ACCC12D964216F,AA7E12B4EE98AF0BAFA1802BFAB0554101CC6F381C5E2D588C4CC048D35444A8,,PASS,HASH_VERIFIED_SUPPLEMENT_NOT_STRICT_FINAL
M12,FFA-Net,D07,27,13.926030746144322,0.40148889982431574,0.593436062335968,0.36795175075531006,518E1B7213E350E8E195C5096C1CAED00808607DAAC253615B72BA443EDE4FBE,1D6A7ABDD4679CF924EA3E980ED410ED01C9F78C965FDC51668117B8A457A63F,19C7A4620C60BD364C6F5D42D32EB494C4E5D16D982339EB3BFFB6B1685F8FFA,,PASS,HASH_VERIFIED_SUPPLEMENT_NOT_STRICT_FINAL
M12,FFA-Net,D07,28,11.331775206155033,0.3657276675557219,0.637341320514679,0.3903048038482666,9DF77BBF1FFFE2759CA8C270FBF4F0D5174E5E36A5E14414D2C854874B26D0F6,4B81F25AACBDC6F63448BCDAAF39F393EFB34F16CBCEFEB2870F8D027718F852,B65DAC896F299DA01DE7E2D1C807BA21073DDE6258A2A37CDEA8FA73FA80E775,,PASS,HASH_VERIFIED_SUPPLEMENT_NOT_STRICT_FINAL
M12,FFA-Net,D07,29,13.342787471502247,0.3377255484860094,0.5849283933639526,0.42657721042633057,203AFE68E56155636E21647CC997FC236BD0BF6C44A8F12BD325DA6B7E89A673,74AAADE504E46014B29AD28EB27BB5ED8D46D83BD7B9C229B3F6E3BC1EAA8176,68BBD3B5B2B8C1877E790703C236959699174286A4650E771FF660053F7D598C,,PASS,HASH_VERIFIED_SUPPLEMENT_NOT_STRICT_FINAL
M12,FFA-Net,D07,30,10.089209696480538,0.4191716823448511,0.561751663684845,0.3948558568954468,60580134EF6404C81DE70DEEDC69F09D5D57DF48E553EE30408122F9DFC3D8A2,EEA6210CEE42147E41CEF0485060596DEC20D7815E1EBAF22526B00DE0D56BE2,9804870CBBFB8E510D9AD3FE8E6BFD61D7DD88A46DF7067036D166880CC46E94,,PASS,HASH_VERIFIED_SUPPLEMENT_NOT_STRICT_FINAL
M12,FFA-Net,D07,31,13.963759893670753,0.4354095483094114,0.4443624019622803,0.270910382270813,69E44A874A0857D29438461534818DBA226DDF909FC3D1F08E913F7C2AB1D7E2,2E390F7E2161DC0142F4E4213A34E33DB5B189F38E6E155978F492C110905C18,A4336791525C84899780FC4553C2159C6FC98F4FCD5AEA1C787FDB3DDFD3AE97,,PASS,HASH_VERIFIED_SUPPLEMENT_NOT_STRICT_FINAL
M12,FFA-Net,D07,32,11.800645978372417,0.5385326384649048,0.47454017400741577,0.311384916305542,785A8522D94594A5C3C96DD313D91152E4F302AB89D79B4F60E50D19F3C0A5DC,BF820C55B092C9B475A93B12097314C4EF7739C8ADAA423687FFA29FD1892CA7,A6C739ABB6134BFC5615F4310D304B9306FDED37533FE23BE88542AEF6BDFB24,,PASS,HASH_VERIFIED_SUPPLEMENT_NOT_STRICT_FINAL
M12,FFA-Net,D07,33,12.075688693076255,0.26742594095389466,0.7115898132324219,0.4847888946533203,28FD01B20F1A8356E628EB9D28DCD947EED1D2B306E297103AEBCC5F88CD91BF,2F9270F190B25D17B714CC31996610236CA1BAF3FEE80DADE6F0877DDD1A48AF,CE6C5B1AFAC2C4E03239196903E46A7EA348DC560B155614AB4CEF3A1BC71817,,PASS,HASH_VERIFIED_SUPPLEMENT_NOT_STRICT_FINAL
M12,FFA-Net,D07,34,11.730030020722007,0.383894789262793,0.5657668709754944,0.3915718197822571,FCF8ED69DE46A6E886F1600F8948140D776B73085E4866C75616774146580865,E22F3265C8232C5DBD4148A02EC2B2CB3BC481448EFA777318694E10C5E89213,29911C6FC6EFE2DC7426B63982930E51B0C320EDF5B79376E95F666B2BECF7DD,,PASS,HASH_VERIFIED_SUPPLEMENT_NOT_STRICT_FINAL
M12,FFA-Net,D07,35,12.721691815720169,0.44437586566865894,0.4985562264919281,0.31875234842300415,495F36A7350B3E1C12238E1869EE47D0183311EB5AA9863617FD08611A8B71D8,3041F0511BA5CB03C5A1DA424D7C196C2BEC7FDFB73911F5A484D14441217A30,2A399CB36581534B1E81D3D164393E44CABCB4E11DBB5FCDEA797FD2BEAF9CBA,,PASS,HASH_VERIFIED_SUPPLEMENT_NOT_STRICT_FINAL
M12,FFA-Net,D07,36,15.154241981760716,0.49365748299400436,0.5038334131240845,0.34209853410720825,DDC8377A47258EFBDE852FCD939462785827A0167C60CBCF2D5E1388EE93AFF7,DDDB9A267B83683FF4C57BBB891C541CCBD03F36D283CD226BB110934B40EF2E,1CB630EE957E2712CFDDBB55E27FF81739F1825CEF24B0304745C06875C5407E,,PASS,HASH_VERIFIED_SUPPLEMENT_NOT_STRICT_FINAL
M12,FFA-Net,D07,37,13.783875813476879,0.562053666877194,0.39655259251594543,0.3119369149208069,BD1340B4AFD561C8663A29EB5A58FD79AA0401E00745CD7C67677FE7CB2ED66D,08DDAA7E314A757BF36ACBBF5E362E590F975073794A60B073EA712A7E195824,44EF95D96927F4CC4B18D233C9445907E64AE528226A8344B7E03591D92E1749,,PASS,HASH_VERIFIED_SUPPLEMENT_NOT_STRICT_FINAL
M12,FFA-Net,D07,38,11.16754983643368,0.5017383395568153,0.4954335391521454,0.33741313219070435,55D7DFB7916278DABEA6FF7342C68C6B5CFB49EED2550379B234B2B1E91BC55A,DF5C03B04D078FF0117E4BC6C80A3639B3893FDEFE5D44EB057F9828194ED071,94FA4C1CC481A7752110D599400C5F890A81CA23E215AC69FFF0C11D66684440,,PASS,HASH_VERIFIED_SUPPLEMENT_NOT_STRICT_FINAL
M12,FFA-Net,D07,39,10.822462835419763,0.30451962677473127,0.6894416809082031,0.4165893793106079,AC903D81C1866E88888171F76B15B4294FBAB89460F9BC823BE67B83F48A304B,AAF4009568AC96ADD356C940833D0DB1CD92D68E5E22F7171C998D044025CA67,A962298D6FC198118AF0F08D95FC75CF36240C80029FC01CFBB84A804A80EBDC,,PASS,HASH_VERIFIED_SUPPLEMENT_NOT_STRICT_FINAL
M12,FFA-Net,D07,40,11.841592242531584,0.5490515804993842,0.47345468401908875,0.32246530055999756,7C2CDA7D34C8ECA64BF9BD048926A1AA3BC891D2B5121322D8676DFEF983AA4E,F84040D4A7208B1382EEDF84A3519460B560BA376A49929E4C17843A13AA03E7,C9E0372B0620BB6EBA14FC90073382819147267BF11F41B24A60DED4271DEFDB,,PASS,HASH_VERIFIED_SUPPLEMENT_NOT_STRICT_FINAL
M12,FFA-Net,D07,41,10.035610186399037,0.493174846809839,0.5551720857620239,0.3438759446144104,276CD8550FB2A5D93B8FC9B3AA70F03F4F2DB0994E5AE3956F102D113F0C0653,1B746A2E1FEA7EF34A182FC03C48FF5598197754AF767165E364E8E7E736F1F3,07686CE406AD7B57721505E58DBEFB965AB764DCB7421D9CF5A20E11ABA5E4A0,,PASS,HASH_VERIFIED_SUPPLEMENT_NOT_STRICT_FINAL
M12,FFA-Net,D07,42,10.358357352678347,0.5256562247490368,0.48619481921195984,0.32235556840896606,96D0D46DB26CE8069CC040C544B03466B78BDE82990EEF47BCE5268DC85786D8,1FA6871B81CE5A13EF3C9CB4AD41578E1DED901976EE7FD81B193E6B159E6E34,10299DC1714332A037CCE00E919D8426052930E62A41CF151D566D1FF7690FDA,,PASS,HASH_VERIFIED_SUPPLEMENT_NOT_STRICT_FINAL
M12,FFA-Net,D07,43,12.864897013738277,0.5079745740112113,0.4565412402153015,0.31376802921295166,92E86C4F14A09D2FF33D03600292979095602F12C890019FC284131E29ABA6AD,760B8C97FDC44758E1D0D966D9C9C2BC6080AE2B37F6A240413AE929F96DF260,E59716A63094710482BF0D696CDB2747FA274D9C2D5F3712B4BF924D71E06F4E,,PASS,HASH_VERIFIED_SUPPLEMENT_NOT_STRICT_FINAL
M12,FFA-Net,D07,44,9.443651254446701,0.47031468684267796,0.5403575301170349,0.32923388481140137,6FAB41B0239CB4EECFAE696EF12C66667CFB23E69797CA5D5001301179ACF265,EE03F159BFF1E0B5CF0FA9792C26DA85D951A46BE2996DD4EE5E38CCDBD11063,D9917D2B2B38B0A1D7FEE53A6A102EBDDEAF7DC56D60D3EF9104F2A6C9DAD3AE,,PASS,HASH_VERIFIED_SUPPLEMENT_NOT_STRICT_FINAL
M12,FFA-Net,D07,45,12.484049967137917,0.5092476946756711,0.49605792760849,0.3361970782279968,25E657687F02DEFF18C74AF29EE167F04C7F360C8F6AE40CD005E2F6B93B22F8,40B2C27DAA91346E8DAE0634F58B1908F4C9947BC5A4AC1B292060021AD63F48,6D7554D3D4EF3BF48D013700339F0B4C4CC7DA09CEF436062804EF7AD5A83515,,PASS,HASH_VERIFIED_SUPPLEMENT_NOT_STRICT_FINAL
M12,FFA-Net,D07,46,8.298390499128628,0.41325612901793507,0.6782995462417603,0.4230807423591614,BF25D291BC088BDBB4589980E3A456B95580947393BBC4361B86B2A856275469,DAFDD0CCA03EDC3FDDECC00BE107C7BEF6CF7324B8CBFEE47BDB1A1C62BDA2B9,00BEEB5C2AB42AE3733BC557E988DE8B0262E47D73B6AFE955E39D7A8D5E66CE,,PASS,HASH_VERIFIED_SUPPLEMENT_NOT_STRICT_FINAL
M12,FFA-Net,D07,47,7.396918216673672,0.412749555151312,0.6533863544464111,0.3825969696044922,DF0FA40FD6104B249E475516FB131D1EEB075B4686516E27E2913C05B3A85EE6,D8A0D21C5F0F0D012F2131175A37811616DD6D606A28A25093213DB79404A585,93E10ABD0D78FB165059B3CAA8C04D62C5E08D84B09C110E3D9896A7EB44C04A,,PASS,HASH_VERIFIED_SUPPLEMENT_NOT_STRICT_FINAL
M12,FFA-Net,D07,48,11.357657388008962,0.31384804238992897,0.6682568788528442,0.4068670868873596,3B301E07DE8F14832F593EBE8491B039EE7C9D289CF991F9788A0DB7B20095E8,6B74FC289D89DE2B69A6ECCB274AEBB570FBCF4802BDEAAAE711C8AA74F1214D,DF72E064D2775C158F5E42A0419C21CF8D34D8D7CCC00A582684AA24EFC67B43,,PASS,HASH_VERIFIED_SUPPLEMENT_NOT_STRICT_FINAL
M12,FFA-Net,D07,49,12.771827180607257,0.546596506254425,0.4559219777584076,0.28339874744415283,C42F9377AA6CA30FC45067B98D33ABD11EAC3FB614BEABE92473F4DC6E6D81C1,75E7F67309BD2A83D503756C0BACAD4F3DDC7D5C571644F16F8A310E3E05D152,20E43079A46F764F33CE419DDC4C103EF40C57D5DDAEFE3E9F8025A6B703386D,,PASS,HASH_VERIFIED_SUPPLEMENT_NOT_STRICT_FINAL
M12,FFA-Net,D07,50,13.018386746788227,0.42797858105596215,0.5205284357070923,0.32305610179901123,6EE7CFAB524B06C8FB85816E4904C25426693FD1DAE0624D52EE106FFE336D84,078C6B1C923459F568D242F12819DC727F4C83744D353DD439CF3D217F790E2B,0B2D865B3BE85EDC4E51BF93A61E3A045F025F202A320731810BFE5967F19775,,PASS,HASH_VERIFIED_SUPPLEMENT_NOT_STRICT_FINAL
M12,FFA-Net,D07,51,11.717885491611291,0.40314609789905037,0.6179261803627014,0.45032572746276855,DC66B010FA0B129995CD5BC405EB0DBEB4F0AB69EA9DE677527C274EFF456074,F1272787458CB07FEE6D5FBF60372A17135EFFE21624E0F5399AF5417DD7F33F,334F65E8D1BEA831D27E97305A76FA8CEB3F4B1D9DF443741B154A2ECF1A1CE7,,PASS,HASH_VERIFIED_SUPPLEMENT_NOT_STRICT_FINAL
M12,FFA-Net,D07,52,12.56405871475905,0.512543894022159,0.5186869502067566,0.28367316722869873,0B357FE8678B05CF3108C1B9C3F17369BE95E1296EA6D0BBBC2CF32511D6D1F1,E0293C9563B13300E5CCFBC3AA9B1A08C37F790AFAD174C032E7931B6047AE41,DE86772229285DDFE416C23806CA129C8B763E481EAA2204A058F69DF73B74FF,,PASS,HASH_VERIFIED_SUPPLEMENT_NOT_STRICT_FINAL
M12,FFA-Net,D07,53,10.657816538019702,0.49244111388859374,0.5464432835578918,0.29819029569625854,B45310A5C6D3B5B8A41FF1C91FF949016FC4A30599E76F5F3B691FE25928EEAB,6E0248CBF1F21BAB1A1DC4A8C461B8F4E8A46801364735D08B51A61B6CD24F7F,C070C6E7A2458FFC88792703A8E12B0ADACCCFECF8E2B3CC34E07D6C8DF8C680,,PASS,HASH_VERIFIED_SUPPLEMENT_NOT_STRICT_FINAL
M12,FFA-Net,D07,54,13.173812882844942,0.4454060612664685,0.5481275916099548,0.27281653881073,CA3DE5F9ECAE90CD1F2279FBA3522E283E1C16F8B85FEFA8C041705203C33AB6,834DAEF81393AFC39AC73411D5F59542911D7F9DC23B19C999E3A4F2EC8BF28B,777B910DD4B2981E6FB94C2E956782A4CDB0CA3977217F1D6C6B17D168A8592B,,PASS,HASH_VERIFIED_SUPPLEMENT_NOT_STRICT_FINAL
M12,FFA-Net,D07,55,13.4056658019015,0.43638786832658855,0.5142096877098083,0.289516806602478,0ACA5791D2F797CDAE61691DC15A70A4070BE4303E25B976F1CA530779D0ACFC,5AB38AD0A643FEC9C67CB841646B0CEE2EBC0946A50C80F5EF9C721297BCD023,35C25CD760DF98A8E4110A0B7BA59FF6F5E524566A8BE4F08A6B2EC7745006D4,,PASS,HASH_VERIFIED_SUPPLEMENT_NOT_STRICT_FINAL
M19,MB-TaylorFormer,D04,1,16.49564253491471,0.8309574383455228,0.20565712451934814,0.1435476541519165,3C0D534654C7A4365A783B3C11FF6659728B8A26A0F7E3F47ECAC37018CEF9A5,2EDBB4125D4247BEE1342B2C65FA0B5D03FAB855BD24B00CFAA7A3A74F1076C7,36E4678A7B61DADC30DA80DC0B8A37C8EC40B47AC26DCFD0AB7AB2E85C744DA4,,PASS,HASH_VERIFIED_SUPPLEMENT_NOT_STRICT_FINAL
M19,MB-TaylorFormer,D04,2,17.655832939530207,0.8455631334511509,0.20333154499530792,0.1147686243057251,83ACE0385ABAAEB78FF8646BA8C0431B42C1F1E9824382A8B29E86CED190C10C,B051CF55CA912DB2DEFDD68017A476C8F9DAF25E3981B2E4F855DAF6025DE403,3E93152ABD8E853C235E2D7B855F42F0249D8C1A08F2E4EDE18B048CD7BBACC3,,PASS,HASH_VERIFIED_SUPPLEMENT_NOT_STRICT_FINAL
M19,MB-TaylorFormer,D04,3,13.77344391144246,0.6059191042959813,0.3156110346317291,0.26518481969833374,7EF116779779E7182354FA2428EDEFDFDBEF1CF7E767FFDB4ABCEBE5A26048EE,B6F7D05A209EDD9D0793F97EA607B9C6EE002C6C4B280B615F08C7D1CBB8E367,86CEB4D96B533543FF4B6FBD3BAC6C1C2FFB35072C2BBB741DEE06C6ECA9E2D6,,PASS,HASH_VERIFIED_SUPPLEMENT_NOT_STRICT_FINAL
M19,MB-TaylorFormer,D04,4,12.525323429729617,0.647187611257709,0.37835314869880676,0.3072817325592041,CC7A0ACD6AB58D7E211B155F5F31948B25CBFD1164F9AB19AEF5B3696A134446,D504F0C3AF6CD202E5FE35A7345B0CDC80502BE8E14214D8BE98644E3088B385,199219136DCFF7AB9FE006459E279F1F1AA363F35ADF1999D0FD14E910149A4A,,PASS,HASH_VERIFIED_SUPPLEMENT_NOT_STRICT_FINAL
M19,MB-TaylorFormer,D04,5,14.421231832263366,0.720928617234376,0.2210056185722351,0.127386212348938,69D75429BD63BDEAD8FC8391B02E51F23668508335060122D005C8A3911B0A81,69A65B307D4138E1B5F96FD220D9F1B31590AC6D5E290C8795988D4BC715EF97,914B8536211A57026A18CD6BC0B9B2AC522F7BEAF4BE6CFA5461F522BE7D890D,,PASS,HASH_VERIFIED_SUPPLEMENT_NOT_STRICT_FINAL
M19,MB-TaylorFormer,D04,6,15.460928941438032,0.685978078545205,0.35772716999053955,0.22593683004379272,369A9A7C7774DDC377084A7574F799872C847F35343EFAEBBB03BE17D2290BF7,7E091171C393BB46508BB725BFD30B1BF6FCD51A1A8FA591CE3DAD1233794C61,39E5ED865A7B6540DEB863187A3C3EE5DD2BC4DA861C91279BE42B52209A8669,,PASS,HASH_VERIFIED_SUPPLEMENT_NOT_STRICT_FINAL
M19,MB-TaylorFormer,D04,7,17.046516133779026,0.7774393448698866,0.3197440207004547,0.23832380771636963,21185097E3161D618C0AB213C8755B6502C750A759B5ECB3EFB9F51CF9E978B4,F8C284D1AF8EEADD80B4940577AA7B3A3AD9BB3E189B5B6BBF293E9595204C30,7DF19BCE68E3DC45B9F2CFFD8BDAA2374DD6EDA95799C51250438D30990DA534,,PASS,HASH_VERIFIED_SUPPLEMENT_NOT_STRICT_FINAL
M19,MB-TaylorFormer,D04,8,16.422391919915984,0.7968771023959778,0.2552267014980316,0.18696534633636475,05A6B22C5C127DE881D22D83B43BD43F91A574C38BADE064ACEA9DB34EB44E99,B5E686FC6B20002BF82549EEC3FFF547E8AC27923DED754F062856C325333A8E,2076A765087436193723999E14F5626749510B166D27B1DE82369920BB4CB7FE,,PASS,HASH_VERIFIED_SUPPLEMENT_NOT_STRICT_FINAL
M19,MB-TaylorFormer,D04,9,17.476631731921323,0.8004171626043949,0.2027086764574051,0.10120642185211182,718DE8A6C7D21A51C15C11097E571B3E4F0930279C690822FE98D0D95993A651,C4B2609121116B2C8C654C5E5E80D25BD588EC9CBFCD04B9013B57B8145EBFAB,68F1782BB60DF61EF9BB5CD8710CA354B4651EE5D86DBC6C1E960B830C1AFEB0,,PASS,HASH_VERIFIED_SUPPLEMENT_NOT_STRICT_FINAL
M19,MB-TaylorFormer,D04,10,17.76222951757583,0.8384636920300951,0.16906535625457764,0.15232717990875244,34D9A2C5323D2FC655B846B6EF110D8A823A4F60CB617990ADE76D9DFBA418D8,5CA247E0447645686F13A31E3FE129CCE1E3A4BD8CDF731993132DC2594D58D7,316525DED417BD9DC45CAFB61F32F74041DB829F47A235CE27E8A03A4E4E9005,,PASS,HASH_VERIFIED_SUPPLEMENT_NOT_STRICT_FINAL
M19,MB-TaylorFormer,D04,11,16.200833108050755,0.7029316407747935,0.23474779725074768,0.1560002565383911,5F54EB6EF0E843EB589BD7597C5990F010AFD78D6F850B0C831A380AD4897B5E,B7569C5C5A38F7B57AEE79603DCBE4C5FEF3AAABBDE31B67D12DA65C66963B9D,734C8A867B8E856F597BBA50990058FF3A6BD89298FB7C27D00F5DB3D3E1ECAD,,PASS,HASH_VERIFIED_SUPPLEMENT_NOT_STRICT_FINAL
M19,MB-TaylorFormer,D04,12,18.472410648059626,0.8031643430506489,0.26560965180397034,0.1965504288673401,6CF81158987FED6BB4BFDC4DBECEDE31245E6A33DD1D67BE95824F24578B5D7F,3BFF920AF4640D93B95BC805614BD7BD38924B30CCCA62C797F7BD79F4A973B7,6A354DA25CEC5444F9178EBCBCC0D8DB904D6672E14229C95F6DE810C9EB90B0,,PASS,HASH_VERIFIED_SUPPLEMENT_NOT_STRICT_FINAL
M19,MB-TaylorFormer,D04,13,17.95918366929911,0.7862643309354406,0.17207124829292297,0.1175689697265625,24BDBCC4C024B4FAAED275344A0C60794C306F405620AE5F2EA0C9E9C48DBD33,BAA97DD4006D01E1761AA8B55545E698B899CF088F087E09E3B4897555272817,C5DA1D83937D513EB296A1EDBE1033D7CF62B543664E9CF69EBD5E7873D22A34,,PASS,HASH_VERIFIED_SUPPLEMENT_NOT_STRICT_FINAL
M19,MB-TaylorFormer,D04,14,16.922714302337162,0.8378626377227665,0.17455962300300598,0.1276177167892456,66D2E2061C54CD5F5173CE90A57D302124E8943EFA217DF6B82DB6C67020B38E,162C9550C57E3E348277D3CB4567347B06FAEC07FB6BA6E03DB37F77C0F83FDE,779CF3AE61F9E5E7E5CC486B082714E20DB3C66196690E6F5A5A2339BE8F5E36,,PASS,HASH_VERIFIED_SUPPLEMENT_NOT_STRICT_FINAL
M19,MB-TaylorFormer,D04,15,22.82283034964593,0.9045589654841981,0.1125379204750061,0.08006143569946289,0A660F46D64370E6A21D9D553AD5F98EB82B6D7DF6E006F9A016F9AFFCAC60EE,1DD2B182975351D661F1E303F63F755F08A1EA7DF43F5FF173D62E149042563A,F4B116B8D93D48C3BF937E067C1095C4C0A066FFB3648E02341E3BC881FDFBF6,,PASS,HASH_VERIFIED_SUPPLEMENT_NOT_STRICT_FINAL
M19,MB-TaylorFormer,D04,16,19.654956731352947,0.8797711023577843,0.15110090374946594,0.09623634815216064,958326DCEE63E40F1DF57EEBE91A219DCF762E1B7FC4DB195C8235CC300EC7E0,DF75E8E547D61499452679F92FC17B26447D47C7888CA7F2FA83B150ECBB4A10,871A57917F00E9C28C6155CD024CFF9C78D38B57FA7E92A062AF0E07FA117D44,,PASS,HASH_VERIFIED_SUPPLEMENT_NOT_STRICT_FINAL
M19,MB-TaylorFormer,D04,17,16.546108221245678,0.6559877577121662,0.3872755169868469,0.24339884519577026,E56C54F6F4211814D4A4700E2C51E3C911668E99A51C28C0F3C20BABB7E82A2A,B5CDDB706C2DCFAFC53DCED1FA7F704B77173B02F9890D8F2E1FD75FFEF2C254,0444C8532F778AEB0B7FED4A91B6B87DD8E4549E9709258A6F0807E2BCD60AF7,,PASS,HASH_VERIFIED_SUPPLEMENT_NOT_STRICT_FINAL
M19,MB-TaylorFormer,D04,18,14.807194334392433,0.7042738129324401,0.40371963381767273,0.22713947296142578,43FC7E8F922DA9A7B2A02F0745081828713B87528BFD99FA88DCFE2C369152C1,675F029BCE112FB122C527350EF0C2381F0D7E66272A214D2995C564317E5DC9,24EC30F148838579B7F996CEF6B8A91B7BEACC677939D1D5E4EAF03E552D9B1C,,PASS,HASH_VERIFIED_SUPPLEMENT_NOT_STRICT_FINAL
M19,MB-TaylorFormer,D04,19,13.896919596280322,0.7406692149251709,0.31115037202835083,0.24471676349639893,3E65DADC65D687C514E78D0EF8207075BFC577F07581E878BED238D76C392DBF,5408A4C8607E8C201D9EBFBE41184DEF6270FC5766DDFA6F07202044A2CBEAFB,6B08118348D27255B843BBB3C84994CBBB91097270D5A73C45EB6C2AD846501C,,PASS,HASH_VERIFIED_SUPPLEMENT_NOT_STRICT_FINAL
M19,MB-TaylorFormer,D04,20,18.10079489635563,0.8934679902045644,0.14647828042507172,0.07832968235015869,8BBF8198B78B76A647AD3A7CD0E73CDC213CA3E395FEEC095A1F96BDEBE98741,AB2DCA787F588E801409AB469BB4A59FE4288AD426AF4806DF8223B9629C366D,ADD03B42E85EA617107ABFF7CC860899BFC76E323146DD82C13E64E88993CBA5,,PASS,HASH_VERIFIED_SUPPLEMENT_NOT_STRICT_FINAL
M19,MB-TaylorFormer,D04,21,22.064363313581467,0.875865211354448,0.13162773847579956,0.11462712287902832,36A476105357D29E915CB02FCC4733514C1420DBEF320EBC971BBEABAAE905D0,1AB05A60150CCF7587104B3924BAC1DB81A9B6F870475AD6069FB33F08F41A2A,F085A08049F60E65DEB00286D07F95A89519BD93F43BA88CC88CC7A69C53F07C,,PASS,HASH_VERIFIED_SUPPLEMENT_NOT_STRICT_FINAL
M19,MB-TaylorFormer,D04,22,19.381324088637648,0.9011701829728684,0.08096536993980408,0.08370548486709595,6A582E7EFCF08A71219226CB73B73A27C003D99301784D5378EF2A6D14101973,47F4AB2C93B9C83088E2DB40A410900DAC738B1503DB25D0423FA33B4FE83225,93AE2D75CF6A297FC3BD2ECBA57020EED9EEA62EFA2A316FA19B2AD7F90231FF,,PASS,HASH_VERIFIED_SUPPLEMENT_NOT_STRICT_FINAL
M19,MB-TaylorFormer,D04,23,11.301563657104888,0.6875028196851808,0.3776211738586426,0.29733210802078247,CCB31930CB34AB7FF04304C7AAFFFB7C7341559008015754666CF2D3D4D578CA,434B68AA01184DA16DD93DB83CD9473F9BDDAA7236E46F29707A26D62E77D034,9FAB1304B7575A5FC73D54D7757D0D9E0B971E016E9710CE3BFBA9307CAF699A,,PASS,HASH_VERIFIED_SUPPLEMENT_NOT_STRICT_FINAL
M19,MB-TaylorFormer,D04,24,16.81252802961964,0.8237561254653363,0.2783772945404053,0.26522672176361084,7396208903EEF483C8C5234A53114F0BB96B6766840771C2009F2EE47C08D0E5,2F94F1D924C537644814F82C9F78DD2901ADEE578F21C87DA409FD5879B1F3FC,B33F0FB0B2FC00C55B513B4222D88A3AE6A6279B0314E6A29F57F4C782F31908,,PASS,HASH_VERIFIED_SUPPLEMENT_NOT_STRICT_FINAL
M19,MB-TaylorFormer,D04,25,15.790069989575429,0.8155904799949613,0.19272977113723755,0.15459787845611572,7F7E3B1EB104CBBC246EC8788E300A27F5DF60D0F267FFE992A9D0AFC198CF8C,923C0F0EDEC357692FEA84FE1E2BAAE77FD890F2D8294098694D83C5D7BF2F5B,E67BD0DAC97AE7C2DF82B4A18B4CC5C9FEF273B24AB395A0D2543E7DBA4C7470,,PASS,HASH_VERIFIED_SUPPLEMENT_NOT_STRICT_FINAL
M19,MB-TaylorFormer,D04,31,23.032578387968034,0.9206427698698869,0.11020755022764206,0.06662386655807495,C0FD0023EAC765BD9E77E4699C65E6F52F06382C395EA7A8A7DCB02EFFC8466F,CE7E848FDD9B9A8E53CEE8A80540A02E19017CB82656E4DBD934C84AB8192C79,765F32361760335390F289CE3A67B1CF9B384582938A53A79A6148CB97822D1B,,PASS,HASH_VERIFIED_SUPPLEMENT_NOT_STRICT_FINAL
M19,MB-TaylorFormer,D04,32,12.565650852387787,0.6483682349416506,0.3066810965538025,0.2558070421218872,C95071845DE2EC5A78E782C6611DA84AA42187C31A792D0B8909F51451B602D8,A5E6C4C1E13B6ED7E0E743E0045B52988EBE8835D4220C7BF5D0FA98E2411DF7,F09B3A33B667EA9A7D97CDD4AACF43F9C1E76D7ABB4EF2A0599F2B1EDFC11626,,PASS,HASH_VERIFIED_SUPPLEMENT_NOT_STRICT_FINAL
M19,MB-TaylorFormer,D04,33,15.378242148375303,0.7957836681451984,0.25167980790138245,0.16411703824996948,3B555B91195CFD0222CA505B5ED0A372019BBBCFC9063D4D062F88750FAA72D8,47F2C549DAFF442A3F77ADAD6C7C3F05A85E250AE22754117BB873CC2CA13DEC,BF4E533D5C691C3E29DB022B052D51BFE49121BCD7889A8578833DE4E24942E5,,PASS,HASH_VERIFIED_SUPPLEMENT_NOT_STRICT_FINAL
M19,MB-TaylorFormer,D04,34,16.17957565811502,0.8091943107458127,0.18642649054527283,0.13535553216934204,49905E56427BFF302B4BFC724C35952837F0FB9423C91A44A15A04062AF871CD,45D9B0C3BAD9B62EC6033EE3933AE05A29CF7CCC1C8A3E5104650132044FBBF4,2C84E339905CE70A6EDC945C007E6785957FA27EC973BAC943DE33CD3F20464A,,PASS,HASH_VERIFIED_SUPPLEMENT_NOT_STRICT_FINAL
M19,MB-TaylorFormer,D04,35,13.505563002800569,0.696071043290223,0.3508918881416321,0.32074737548828125,7AE0BE8849F040A52755C6CCD03C1E7C04611CCED8AE2D2FFA6040116E3B1913,AA6632D2E7508666959D0D0D0B9F3E8FAEC29043C23CE2EC7D4A650A4B1083A3,EA154DEBA120E56F19409C06BEEA11093B9D8EE3E34C87D0ADDDA4492F385378,,PASS,HASH_VERIFIED_SUPPLEMENT_NOT_STRICT_FINAL
M19,MB-TaylorFormer,D05,1,14.9144624394448,0.7108729061790263,0.3437744081020355,0.1858905553817749,5617E822CEAA1E52407BCF8D0E1835EED14A86F589EC7BC01495E8864BDC7B88,53DCBFDC4EBD977C01654DABFE04CC2246570B1541BDAC6E9699BA15C17ECD88,7A2AA1FA7AE9D36A0789D7916A0EDDE09052120C56D1386EA5BAC654DD2A495A,,PASS,HASH_VERIFIED_SUPPLEMENT_NOT_STRICT_FINAL
M19,MB-TaylorFormer,D05,2,16.44366719322465,0.7634752851001864,0.2545579969882965,0.1234394907951355,048C2C0A7B3BCA9C974BF8CE047C73288DE209B9E8B13CC84DA00E1E7062FB40,5C667FCCE9A1ECCA7DEAED221128B2C73F7B105C4DFAA7BFE7EE5BC909057F5F,2C29484C2C4F10D74DCC17B021A9FB172EA88C37A934515A1672811594D9F31E,,PASS,HASH_VERIFIED_SUPPLEMENT_NOT_STRICT_FINAL
M19,MB-TaylorFormer,D05,3,18.899556115646995,0.824976337048656,0.21339617669582367,0.1927586793899536,3FD16E4347F28400F4A0AFC544C7BF1D7F476733565D2CD3BB02F72F1B9E7DA1,0EA8C6409C916E0336E1CFA98B31C63D7D0A28127A46E0FEFDFA25691CB91B76,DCCEEA68BF30BA2EEB36D699A304C50599961B1561E4EEFCCA5A72C16078B985,,PASS,HASH_VERIFIED_SUPPLEMENT_NOT_STRICT_FINAL
M19,MB-TaylorFormer,D05,4,19.601049762632194,0.7897914212916192,0.2560032904148102,0.1564863920211792,A2DB1328B3F4F6F760C551ABAB19099465B7C3082F629E9BC04E893B9C8A0605,70FA3CA85DA8C2153E084C303AE5110635C6D9D3D8A2FA10593B90D029C6F570,DF3173EE2F18566BC7F4A8E247B866493FB6D7E9E2D96CFB5262CDF9E424FE3D,,PASS,HASH_VERIFIED_SUPPLEMENT_NOT_STRICT_FINAL
M19,MB-TaylorFormer,D05,5,15.224046260959634,0.44413062405027154,0.5671144723892212,0.39113253355026245,F521C0A2A6A0A8D3BD9041F050C167E97F6FB8B3590F958BD86467A5FC1357AB,F0F01C9A961FF272D7AB18E571CE9FC78F35FB33B29493649138458DDC2DAF3A,6EEC53A7CBBD374A8A9ACFA36E1E36BB944033A0080966C6E97D5EB133C18078,,PASS,HASH_VERIFIED_SUPPLEMENT_NOT_STRICT_FINAL
M19,MB-TaylorFormer,D05,6,13.584485419567613,0.572166168654027,0.4210168719291687,0.3303384780883789,F0C64D7A3ACC73E13829DDD822E8D2544329D707DF31FD3C150D1191AB772271,284F692ABE83C7D7F26F5075BF7A7D3302F954305DD8B06C2D41294F790661CB,6A7D3A9A3C577B744AB0170C6224ECCF3A20FCDE83B9C130C4A26D641922D2B8,,PASS,HASH_VERIFIED_SUPPLEMENT_NOT_STRICT_FINAL
M19,MB-TaylorFormer,D05,7,21.428396169780353,0.8468181764807342,0.17109104990959167,0.1424817442893982,64E571161C50D7A886CC22F7D31E6CBF038CE4CDEA3B5F9EFA23F65BFDE3B86D,3576D3A3C1EF68992D1E5EBE696CF03FD821C1ABF70A5DBFAB9EA687D9F67F6F,73419C1BD2C34773907A650C51C114DFCDF3CDD0ABB5B723F77A48307D617D25,,PASS,HASH_VERIFIED_SUPPLEMENT_NOT_STRICT_FINAL
M19,MB-TaylorFormer,D05,8,11.739286385514937,0.4908502279849138,0.589451253414154,0.2892976403236389,6434DAA4F8C01279D6B92DAD6831E8AAFEC6CD3F23666D0715D72287DE8B77D3,A7EF48823C56AFA9F2CF44DEF8787391E89F3D84641BD1B920C60D90B717FDE4,AA5180906E17CF2715075018662EECFBCB36689C9C78F52532E9D7EA8F79B87F,,PASS,HASH_VERIFIED_SUPPLEMENT_NOT_STRICT_FINAL
M19,MB-TaylorFormer,D05,9,14.728859332682083,0.42714294186047175,0.6265680193901062,0.4668872356414795,19AD82CF7EB8055796A0E7948F51430EE9B57BA6F03890D1D418CDD8905245AB,F2F9EE2966C2BA1676947AC453F226689E435A398A31A9D87C601B23F6D33785,4D9DD4C989272F922C4929300C487D89E3EC239E7C4C11BCB5348C3D191014EA,,PASS,HASH_VERIFIED_SUPPLEMENT_NOT_STRICT_FINAL
M19,MB-TaylorFormer,D05,10,13.411976052686063,0.7060539608737746,0.36709558963775635,0.23916053771972656,A34C1732598E8B49083335EE8E030A0116FF11942E8E6D678CE3634E543A361F,F5BB3CDD8067CBC211ED4897EB8008B353205AECFE648D732F33C569E8BEFE33,56F95537A1F76375E6FD62747BDA4F7185593EB53AC6966E03F31653FB62CAB7,,PASS,HASH_VERIFIED_SUPPLEMENT_NOT_STRICT_FINAL
M19,MB-TaylorFormer,D05,11,13.804346498460378,0.6160028766370557,0.3861030340194702,0.2717376947402954,7B1A936B06A0B8463FEB093F131E640E40624749382F524DB69E9BBE52B37173,B07169B798FF75F9CFD2AA2DB20325DF8825562D800728E1B8E4555CD4C80C7A,F5F3DAE3791146591CDB159CCA3BE1CB27E9980AF0F3D09421DE27622F62A891,,PASS,HASH_VERIFIED_SUPPLEMENT_NOT_STRICT_FINAL
M19,MB-TaylorFormer,D05,12,15.691348399005085,0.7238310355781983,0.3567389249801636,0.21779131889343262,4222656C62CC3E571F6B1E4C5B4C71B2E21517BBBD9CA3AA381B56332B267EDD,806555EDB0833D98300224F41559E43535B567775FC013E802AC7640CBE05BC7,0DB008AAC36FC851B6EB2EB8D303D76B7B052BE7AEDAFB15C39240C520E9FDCD,,PASS,HASH_VERIFIED_SUPPLEMENT_NOT_STRICT_FINAL
M19,MB-TaylorFormer,D05,13,12.755036882470636,0.6010976427652955,0.4975633919239044,0.33041912317276,977ABD49F66B81417E9174BCBCE868608C31751C9FC4BFA866EF34FD802DCE40,15503F04C2CB5B2DCB5113AE8AA8D8AA89E802BEAD6B6DA16D5F324AD80777AC,336730C1CD42A4F463EDFDB34876537ED30D298200DA6458BBB17C255A13F45E,,PASS,HASH_VERIFIED_SUPPLEMENT_NOT_STRICT_FINAL
M19,MB-TaylorFormer,D05,14,18.235670517634244,0.7907094627851879,0.2695513665676117,0.22681540250778198,246FC0415F51A607CECAFBD82622B91C70329BB2FE6320F137D15944F41BAB6B,A5CB1D302D65F4DF8AF4D46EEF441F7275E76895C28C3529C7AD2126F6599C95,FB483944BB6EDE7807761D8F6D4DE5DC1168BE87F79067C2D7F947969354CC69,,PASS,HASH_VERIFIED_SUPPLEMENT_NOT_STRICT_FINAL
M19,MB-TaylorFormer,D05,15,13.23501007759598,0.642298251161018,0.41465070843696594,0.3039965033531189,AA650654D043422CA7CA33540D52712645D9DE0A1C11EE3550443ACEB01304D2,2399AF2F70BB47D7AAE26101C974F7C99C910619F31ED199FA4F84A94BF2E8A0,95039A361B50AB70E5C2EB8572C36C848B731C543F2B8A1265AD242632E79FE3,,PASS,HASH_VERIFIED_SUPPLEMENT_NOT_STRICT_FINAL
M19,MB-TaylorFormer,D05,16,11.297993084498405,0.5108951949598941,0.6364086866378784,0.4790618419647217,A34D3094453208AFDBA0E80FF00D0B8723227CF6B8AE8965EC23104E99FCA9DF,F56B229B99E57C2F8617F6652238124FD8C0186E77BEF491F2121C541529E1EC,6D4646633BD869BB8B15D3F281B7AB1670DCFC619C61BF305F6B76E95CAC8082,,PASS,HASH_VERIFIED_SUPPLEMENT_NOT_STRICT_FINAL
M19,MB-TaylorFormer,D05,17,11.2928730199174,0.5355449365462122,0.5513302683830261,0.37929433584213257,7F2CC1E4D3CF76F5F4A8E2AF50B82457D6773ECBCF451C9A17DEA6DA9FA65838,95FB456377FF9E1A41A33A46FA19AD8CEC61F3AC3DCC66117350C328AE5DD15D,3E9E88A0D2C948DBEF9B9D8E61660EAF04D8463A194BEEC81CECEA5BE30AEF2F,,PASS,HASH_VERIFIED_SUPPLEMENT_NOT_STRICT_FINAL
M19,MB-TaylorFormer,D05,18,16.196811009557116,0.7066622272309179,0.3174377679824829,0.18556547164916992,E50EB742F07CAE64CEE4A4DE3628928D6335F4F5B0A541D64D2A9B555FE57078,2E1D305A4C94E175FD80E3E5167BE6BC7D8130D913F3DADFCF77E75152124584,F20B8E4E35D8FA19582A0E290C9EF571A390A598B946CE4A3DE1C9E71256165C,,PASS,HASH_VERIFIED_SUPPLEMENT_NOT_STRICT_FINAL
M19,MB-TaylorFormer,D05,19,13.699527040885101,0.7243745317215615,0.3175668716430664,0.1735447645187378,6C5CAC2066ECAFC48120FEBDAF0B2FD62E554D960EC79821579BE7B0B93C886B,C4F0695123F82C180D583489F57C8D065DF7EAA148F4ACBE9E38AFDBC0FF034C,1B5B157AC2BA4AA8C8AF2A192246E5717E642F09C81CE5C5DD09B304C72C97EB,,PASS,HASH_VERIFIED_SUPPLEMENT_NOT_STRICT_FINAL
M19,MB-TaylorFormer,D05,20,10.507744622849604,0.511736943579924,0.5158505439758301,0.2907429337501526,BC66561B39C77894D5DA42F1760D11A1C255FA2E6D9CECBF1C60C2EBEA9A5B1E,0F243A6FF42B176D7FD505B0F9369023BF724498CE555D16BF5C96E8728C6AEE,05FFEFFF0C44F4BB78AD05B51D85EFF03DD5D4507B221D3D0716A7545FE7F8F3,,PASS,HASH_VERIFIED_SUPPLEMENT_NOT_STRICT_FINAL
M19,MB-TaylorFormer,D05,21,16.00380575601066,0.6964358979628029,0.41749143600463867,0.28956878185272217,069F11F974157E01D0C205B3BB74787838DCB6C9F572675EF8BE52973749CF88,259240824FF511C499487549ACBBB54D4B22A0EF45F6A31288656DED08467352,D9CC8D017E7F7D6217FC428082F0120CC19DC941F8EF57828FFD2D8E7089C327,,PASS,HASH_VERIFIED_SUPPLEMENT_NOT_STRICT_FINAL
M19,MB-TaylorFormer,D05,22,25.36801713074435,0.9356710478993827,0.07913248240947723,0.043361544609069824,027F98CC74B5071544C780C4BF27BE6C33F02E6BB80F7B32E19B49280AA57647,15B7A7B47BB42977437541F8497F69D14985F3C88E72775FDAC4CFF963529E26,CD435CEDCDC719E401D0B583100777697170A76580D48F1FD9EB3CA58BCF43A6,,PASS,HASH_VERIFIED_SUPPLEMENT_NOT_STRICT_FINAL
M19,MB-TaylorFormer,D05,23,18.591005117921956,0.8481626380184591,0.15317851305007935,0.09536409378051758,AD2E2E1D351ADC63E72C962050AD1C5E4649585F5E843EB5B0E4BE18A4EB25CB,2BE0C3921A195D62219DDF3DEFE8D85BC03C0E5C811B4C79E89B5595DF6B9C88,F6BFDFEFE74EAFBDA4A2694B5ED3BA702A9EC1101F7A98569C90B929683022AB,,PASS,HASH_VERIFIED_SUPPLEMENT_NOT_STRICT_FINAL
M19,MB-TaylorFormer,D05,24,15.905248559993105,0.7405000008811147,0.32361358404159546,0.1931578516960144,FFB1C16B59AABCE6B64480A23E2E805760C05B8F229D6209FC97EB459A71333A,23939243C8F40539CAB9B3FEB8CD6A7CC003511C759FDB133CE06BB44F5BAD21,CAA0EEEDC05CAA7C61F93789EAE72DE208CA4AC79438FDFC4DB79595F26C9935,,PASS,HASH_VERIFIED_SUPPLEMENT_NOT_STRICT_FINAL
M19,MB-TaylorFormer,D05,25,14.317147498762285,0.5599340328690209,0.5054911971092224,0.38575321435928345,7AADDD9526587BCF8EF52FF204DF7A8F7FCBAFBD07129F8135AEB43FF219EAA3,18A3324C132B01DAEDE2926101B3438A0EC51F25A9668B517A50353B9EE533BB,9EDDFC250A843CEC148AF36613C110DB26431359BE7BE1F406622D69EA6A5DC4,,PASS,HASH_VERIFIED_SUPPLEMENT_NOT_STRICT_FINAL
M19,MB-TaylorFormer,D05,26,14.756803448197623,0.5258718896997537,0.4767819344997406,0.3488506078720093,C08AF8D3B58809F658DD29ED6462DF1B3000142F9F0EDDE8126E18E26CE36A7A,11B17173970FB5039C2339518355CCB4EF4604735792D2DE8A87695AAD27C5CF,E94F4480C62E1FBF7BD2D14F5BB082C683F91AEB5579900A3E5AE58AEB80C957,,PASS,HASH_VERIFIED_SUPPLEMENT_NOT_STRICT_FINAL
M19,MB-TaylorFormer,D05,27,15.854217677562803,0.6460479076148731,0.3692317008972168,0.2327367067337036,935155512B2D2C193E1E068BB4119B09DED1E575C02785EE73DB4B4568732545,BCC47F54E74F8215F4E023D7356919B108FC232A9B466228D1608F10C29D8749,142106E1EBD6BB2125B0F39332D8BB5F9956DA04273606D2A1B2DCCA7158959C,,PASS,HASH_VERIFIED_SUPPLEMENT_NOT_STRICT_FINAL
M19,MB-TaylorFormer,D05,28,12.061790836017277,0.547696645898143,0.5088595151901245,0.41043078899383545,3F50871D11D92AF7B087677B261E27599FCFEC8F87B5C2676BFB8A161A72741B,25CED5C3A0869E998FB089305E6DB04B964A6DF09211177B7146F2D8EE75019C,38345DC5730B2F5BCB585DD8E3AA18D1BF458E408D2436CF4C9C6AB71CCCE1F8,,PASS,HASH_VERIFIED_SUPPLEMENT_NOT_STRICT_FINAL
M19,MB-TaylorFormer,D05,29,12.843277836464006,0.4954500836524441,0.5786852240562439,0.4283406734466553,81EC091E78B674E82712EAE54F17CE3989A013C3165C42E7E4351164EBC3A1B8,3A02340286A32C2221E2047C6A1B982701F4680E050FAB2D6B2195D167518373,099CBC11E278EF18CC74000BAE5AE34E457E986340A1E5D3B186867D569EEF59,,PASS,HASH_VERIFIED_SUPPLEMENT_NOT_STRICT_FINAL
M19,MB-TaylorFormer,D05,30,19.951292915090942,0.7245023088559092,0.2633332908153534,0.2167770266532898,14E10933E531932CAA59CFF583C77F6477A386864ABE63586A9EB798A79FFBC1,2C939BAF94BBD4ADD2421C272D192D45EF8261498DDAE27082ABF608944275D1,CC9A89741B1AB714990C2C97C01D514294A15F6C65042D6B285964FFF1D58E42,,PASS,HASH_VERIFIED_SUPPLEMENT_NOT_STRICT_FINAL
M19,MB-TaylorFormer,D05,31,17.67789842147686,0.7490909099775154,0.27781739830970764,0.19481796026229858,4EB5F6115066B5B44F89B71158CA65ECA5606E07B7EE76D18F9DB017DF02017E,93B5BDDB161F5AC8635C560711F86E9D50007B821AC42AD66EBCFF47A7ABC847,10B759014F1A52CE4F74294C0265547977B15D63116ED2E36C7C83ECD1F4DE36,,PASS,HASH_VERIFIED_SUPPLEMENT_NOT_STRICT_FINAL
M19,MB-TaylorFormer,D05,32,20.819818798894932,0.8224507140665347,0.20829448103904724,0.18225938081741333,3A0AF12C5C9A38E04AD9E40F558C7EF82299C20A09EB055373A75EF5AF1BC091,2DC61724CB89511613BDE3E46281E159DFBD81A52948E5FD75839D70EA3D5770,AF59462F628EF3A2636E7472D972CA9FA6F89AC55BD44FC56348D69D6442D4FA,,PASS,HASH_VERIFIED_SUPPLEMENT_NOT_STRICT_FINAL
M19,MB-TaylorFormer,D05,33,19.67287751548071,0.7855772834222546,0.22137929499149323,0.20530641078948975,F9A149793D9210C8B1D19D2030C8106B0D8CAD20C2D5C00F5DCF7D7205E2BE3C,F3D6CA89C17499CF57A027570E3D5138A9C3A7ACDCF5C1C05846829D3C8396DD,5E2062F4C36734D8480AFEF28586694F0806FB7EA3B43A72DC4931C3C8B12172,,PASS,HASH_VERIFIED_SUPPLEMENT_NOT_STRICT_FINAL
M19,MB-TaylorFormer,D05,34,16.539502020415654,0.7643492097300953,0.22265255451202393,0.13008630275726318,3E232BF58CAFD8FE975659C3F23A303E0369F8077CFEB0EA029806D14B42E1A6,A9F0E2350D12597C0152B1F9980A5B9C04110998A7CE9C7BAE1848BF76327726,BA094D8BC0A74CCC0419BD1EC8E86AA39CBF789C148B9E912F91E2D85A5C1B1E,,PASS,HASH_VERIFIED_SUPPLEMENT_NOT_STRICT_FINAL
M19,MB-TaylorFormer,D05,35,21.15157912734385,0.8311394478490152,0.1910729855298996,0.14181041717529297,4C40A00796111F3D0635D323AA05935B18A9E06E1957092F716CD9DB97505EF4,5BBE34BCAAD603A755F20863D53AC35DF8ACC78DA7ED12696113D088AD97A3E7,C56786D7F66AAF3F7BBF95C36241AFF891DB3B74C232B4BE27E310D64B49BC40,,PASS,HASH_VERIFIED_SUPPLEMENT_NOT_STRICT_FINAL
M19,MB-TaylorFormer,D05,36,16.956871330163686,0.7227169576566338,0.30507203936576843,0.21593540906906128,72AC49F3AF6F23430C86734FE016FA596D8DAC5634E2536D4B90A23486FB9CBA,ADDE3C96E7C2EA4DB5A80D36EB25AE68014581FBF29C19ABB45E7451D209F37E,578AB1DF0E420B7DB0C8226AD97D56A88FE5AD004F4B30946CA3ABCBD49E7AB0,,PASS,HASH_VERIFIED_SUPPLEMENT_NOT_STRICT_FINAL
M19,MB-TaylorFormer,D05,37,15.837513305526967,0.6413379429980527,0.37790679931640625,0.24053627252578735,A06B19F2ADC72BC1DBEFDE55003F9E242F07638B7EADE116AFF1F7E1A59B615E,E9AF481F2A1E0ADDC74030F128BDC11E062BFAD1F343A4F1E5320D034F1E2B75,E9F4AA184C78DE1CE2655FF5D02F16DBD62783FB6665914BBFB54A18BEBBC73B,,PASS,HASH_VERIFIED_SUPPLEMENT_NOT_STRICT_FINAL
M19,MB-TaylorFormer,D05,38,13.97826765084089,0.6619179945617757,0.4256180226802826,0.27764958143234253,EDC53095283E1B2282CF0FEDA9F362CA7FFAB4A83410E12A271910824FF6E8BC,016A1A7EDF273F874151ED98B065B6FCA3017CE6B95FDCDECAAD56D0EA29722A,B2CF82B8EEC49A8FFF93AD317E34384C516BFE9279F5E48855CF7D3108D24FD4,,PASS,HASH_VERIFIED_SUPPLEMENT_NOT_STRICT_FINAL
M19,MB-TaylorFormer,D05,39,14.456305022286584,0.6340847832109296,0.40248823165893555,0.2822245955467224,43FD00FA723E0672D4D94C57F199D45C562EEBC216C8761B6D4D72F35C295C04,D706B271E3C8AAAD4FE78FE8A767559DEED87E60E5DC9D2D4A658A24C72A45D6,9CBD959C5BBC73A4678FF96999A143ED21457B89D55F67CCD81035A886A5D353,,PASS,HASH_VERIFIED_SUPPLEMENT_NOT_STRICT_FINAL
M19,MB-TaylorFormer,D05,40,17.632044192458572,0.7295040307878242,0.2878207266330719,0.22203600406646729,C793D6DACD5C674335DFCEF325448614442663A1E1A41041782741B484E54AF8,8CA115FF13D678E9184FB1C278BDF92F86524BDC7BCFD420808F76CB0CD4E965,5CDAE26A979679A614FDD87B4CA7D0E82A1305557322F1670818A56A7DB03167,,PASS,HASH_VERIFIED_SUPPLEMENT_NOT_STRICT_FINAL
M19,MB-TaylorFormer,D05,41,21.436611348556532,0.8407412239310368,0.22410356998443604,0.17005592584609985,26548992D267C16A04787BFBB4CC18DBF1F9D4A9C9C32AD6DF9E8272F9BA5779,0F1C00F69C4DB273F46256558A67C5EFF9C558C4D7F538B02BB9A7DEF52615C9,7C364E8C7F99040D2C36B4D903E03BE0F70FC19B06931235B22A2C29253F7032,,PASS,HASH_VERIFIED_SUPPLEMENT_NOT_STRICT_FINAL
M19,MB-TaylorFormer,D05,42,13.215705820834291,0.541519653122928,0.431617796421051,0.30974268913269043,88055862A2A7D024A0B87A2D896143C5810303ECE53AA3ED01608ECAE9437C7F,CEC706EB619E86F00AABEFE0A57151AA402010FB282F3393535A535E27378736,7DB8095B8210460DEC79AA6E6F6F8A2B27A2521E05EF9EEFE01882B6A996B396,,PASS,HASH_VERIFIED_SUPPLEMENT_NOT_STRICT_FINAL
M19,MB-TaylorFormer,D05,43,20.58528407138262,0.8378448595514852,0.193525031208992,0.16257411241531372,AA762707340C64BF3375CFB66E8ECDAC5657540024BD837242352D994E6E974D,ACC6AD03B3CF01552BD1D8ECC1CDDA971B039FE9AF79B2732A8B3BF6F62C6E49,412169A5E9FE47BD0C677970D6678314A27B2F68593FF0D6D2E656CD5FA29015,,PASS,HASH_VERIFIED_SUPPLEMENT_NOT_STRICT_FINAL
M19,MB-TaylorFormer,D05,44,19.07603627919689,0.792282008842829,0.22266420722007751,0.1813572645187378,C9C9AD279E573FA522A7D1C5DC015133AFDA31A3A692C9855818F9FB7754E0E1,6F55F38E564BB18AB0B91ADB42953D417A03DE44382B1E4AAF9367F17F869223,5874986991EEADF37D1B934D599F1508B1F2E0619F758C8B093EFD7B8C19A577,,PASS,HASH_VERIFIED_SUPPLEMENT_NOT_STRICT_FINAL
M19,MB-TaylorFormer,D05,45,16.037074104233216,0.5879540405231104,0.4465542435646057,0.3454931974411011,71F257B3B2CFA7945536825D9F1296024F8F9FA150AEE2D73CCEDE854E6A2EC7,2C139A4592AD739977A27D4DD7AB459FA20139838CFA7796BD15AD5792D543E1,AFB5A54AFA3C6E97B0E5E094CC06758365FEDA6A03346D2A571F0CAB8476F2F8,,PASS,HASH_VERIFIED_SUPPLEMENT_NOT_STRICT_FINAL
M19,MB-TaylorFormer,D06,1,9.780264568401071,0.37796381791376743,0.823615312576294,0.5294503569602966,28D483EE2ECAE7E22E4DAB43E74216587FF6604AD354609815567F0716FE3713,9ED841651FF20BF8F8636345BA3366395A5317A51C4FBEE6720445349B695377,A5544E256A4DC88F86C4677A923A46D779444A0ED9AA6DF1C65C68C77D7579F2,,PASS,HASH_VERIFIED_SUPPLEMENT_NOT_STRICT_FINAL
M19,MB-TaylorFormer,D06,2,13.52353433827389,0.34392167995428036,0.8829373717308044,0.531539261341095,134860C6C2DA0FCE9A97C8BB53E91039FF661CE28A074FE3B3279816ABC66BFF,6AC611763B08EE9DCE1A5E21507CEB665BC266FADA97AC5E6FCD76D7067EC883,FAFF501C515C5F02FD516978F672C7CAF55AB9F35DFB06CE89D44F7CE3502410,,PASS,HASH_VERIFIED_SUPPLEMENT_NOT_STRICT_FINAL
M19,MB-TaylorFormer,D06,3,14.03213425209419,0.2973519545841116,0.930366039276123,0.577927827835083,006F27ABC8E126705555A4285ACD79D314915C77150940E2399ED60F417312FD,5AC49F9CBC4EF1A76ED1E612212C2943CBD487689C04C5E39D9606C85164D22E,6D4BE95C4FA36C906878EB33AC56D0C7FEFA36531136283BBFFBD8AE9E6203E3,,PASS,HASH_VERIFIED_SUPPLEMENT_NOT_STRICT_FINAL
M19,MB-TaylorFormer,D06,4,9.804112715096785,0.17908843204373762,0.8301182389259338,0.5960078835487366,55BD84BE636D6A8BA343BDC6C0DE0584D6889357CB3D34735FF0F78E940AD09F,E082DCCE315F5C0ADBC2EBF1452878836DDA1C622F5A306D2E9E0786999C7D4C,0B8CCAFE71FDECBE0218CC4025D0594F3464B8E3B6FD11FDD24CFE8172AE323B,,PASS,HASH_VERIFIED_SUPPLEMENT_NOT_STRICT_FINAL
M19,MB-TaylorFormer,D06,5,9.073512847531175,0.3789839211312546,0.7942721843719482,0.559543788433075,24EACCED76A470F04D9276F248AAB0C3CFF3C058246792F742E2E3CB7A6380CC,B5400CD64D590E3A6194C4B9A2E56393D5D35B5D117B8F6BCC3928822465D9B6,A6C495A8412DB1130D9D1452D07D971FDA98A376472E8D0E4E1F7A42EADCE35B,,PASS,HASH_VERIFIED_SUPPLEMENT_NOT_STRICT_FINAL
M19,MB-TaylorFormer,D06,6,9.404715370612577,0.38614395446186506,0.7883236408233643,0.5538814663887024,9341A15AA8360794632AED0F593CE4E6541F798AA5B8628F6DCF6D6D0D249BC3,E000DA4B0BF9E38CE6B0618757ACD57D1CEBF5E34EFD182D0EFE3B982A379795,F5E360C7D01BB9A5E10EF0802EEF6B4AC063FA9082DF7F800E8652CC717113A9,,PASS,HASH_VERIFIED_SUPPLEMENT_NOT_STRICT_FINAL
M19,MB-TaylorFormer,D06,7,14.109091512909838,0.3548311147538646,0.6939923763275146,0.5069551467895508,2132E15598A04E4CB042242D3E5DDE1F0FCD5514C57B8725D4C397DB118AB11B,CE62D9856BC056878547F02D8F4544720EC5990C800826BD34717BBF74A319CF,BB7FFE91C68B96FC2DF6EAAF95EE2B8E62692E5FE931266351BC68946478B938,,PASS,HASH_VERIFIED_SUPPLEMENT_NOT_STRICT_FINAL
M19,MB-TaylorFormer,D06,8,9.224033474573698,0.22258727307143977,0.932878851890564,0.6055042743682861,D899B7D6739C06AE2AB1ACB81682AAD5EC7C1374E6381E67C8DF1761BDA7BF7F,CAE7E7C1EDF709DBEF8A0885A2B5389CE2A5FF9D2D1ABA7E8491576D982DF5DC,3D0682A9FA13F2901D4A4FE5D5CBFBF31B1190F144A3385D3DC96526D5288A2E,,PASS,HASH_VERIFIED_SUPPLEMENT_NOT_STRICT_FINAL
M19,MB-TaylorFormer,D06,9,12.172848284588015,0.42251848847165147,0.9086353778839111,0.6227127313613892,EEF4D07864BD7DB244F0A806FCF200ED0288C07FAB8BF3843F6AF1B33B360C58,2B39C36701D4876E7B3AE9400FF1D86AB632239038EB17A2FC3C7A771BC29B54,ADB04EE7EECE05AA14934F938CCCD86BAA9533C0549E4B0C9F29BC086B6C77C1,,PASS,HASH_VERIFIED_SUPPLEMENT_NOT_STRICT_FINAL
M19,MB-TaylorFormer,D06,10,7.522941233159862,0.28384000114597924,0.8276857137680054,0.5949206352233887,EDB9FF85491DE7ACFCF706623ECCC9863C787C3E426763FB1A2CFE0AC143D633,C679364383BAC2EECA0DC6B66F1992840DDC505BD73D093DE5C9C67FA05CC990,994298895292562FDB1F8F52415AE59171C6F807070A9532D4C9835D96E911E9,,PASS,HASH_VERIFIED_SUPPLEMENT_NOT_STRICT_FINAL
M19,MB-TaylorFormer,D06,11,7.984369900460275,0.30641787618371974,0.8290248513221741,0.6028452515602112,36EC563EB560C4735F19351A76A78C09DDE6F9F87549195DD271F447C3684FA3,989839A9FE1DB898EB1E44FD4592EBB962351E077E81409BB6D03C7D8999356E,B911DCFC4EED7E13375643226875D7D8B17090CD8F86B856923D3AE9D0F767F8,,PASS,HASH_VERIFIED_SUPPLEMENT_NOT_STRICT_FINAL
M19,MB-TaylorFormer,D06,12,14.00035884290536,0.506788512888967,0.6846965551376343,0.5772444009780884,C5CA312E60B3650041DFF8DD81C5E9B8BA928535379674BD79773319B65E98DF,8FE85AC8A887DBE584B5B70E4BA908B05569C5E2A6D72C45C88393E109D653E0,B52E5A90CDB33870949D2D762EA00E1A5A686D28C8BB6A7C4ED7396A2A001D3E,,PASS,HASH_VERIFIED_SUPPLEMENT_NOT_STRICT_FINAL
M19,MB-TaylorFormer,D06,13,15.180749389157615,0.41603110087694617,0.8572527170181274,0.628516435623169,3E3CCF370C0E5A20CA86428C3DDDE8EA1990A195A06BEA69FCEDDAAAFA9E5696,546B915EEA0AEB7AB290BB7B6BBFB7E6B67BBB54E56C0937231556ABFAA32ECB,E6DF047B1AA354FB5924CC3B7A892E2CACC2DCA91AD2B645990A1B73085A82EF,,PASS,HASH_VERIFIED_SUPPLEMENT_NOT_STRICT_FINAL
M19,MB-TaylorFormer,D06,14,8.263968857681313,0.3732178013840179,0.8073930740356445,0.581769585609436,CCEE2CDAEFA0A93958EE30031D4B2A39C661737EA1EA983C420674127715AC0E,8932E017C3B59DA3B9202C8133D3CD0D267D05A7C2839875FDAEDB5142998EC7,0F81CAD7814FCA699432D9A5119AB0E7C620B15114D8DA17DE1ECAAA9CDF95D6,,PASS,HASH_VERIFIED_SUPPLEMENT_NOT_STRICT_FINAL
M19,MB-TaylorFormer,D06,15,9.162051900109846,0.4458462212467987,0.7870270609855652,0.5996301174163818,C2B22D2DC3EF07C16936BACE37FD89533DBDA0D65701E97AAF93DB066AEA6056,ED66F848BC19AAF95EA3F836429497324674EFC70C5B201A91A369D2120885C5,6FD5F2D05A2BDF9461001D838A093309529BE9AB8FBDB4392633A547C925790C,,PASS,HASH_VERIFIED_SUPPLEMENT_NOT_STRICT_FINAL
M19,MB-TaylorFormer,D06,16,7.899479976208834,0.21758212075284464,0.9077221155166626,0.6752041578292847,B7D9F5C033B21B3AAC02AD0ACD53F54D232EEB24C4D10E44902419C1BBC400A6,DBF7FFCBC8657C2BCC9E8E47A7EE8DE7B4644223C8DC023B0B3C2BFE6A20C67B,98588D8837E21E81446DDE996D6517FBC3C26FBE62C66A905422004F8A6229E5,,PASS,HASH_VERIFIED_SUPPLEMENT_NOT_STRICT_FINAL
M19,MB-TaylorFormer,D06,17,10.665315811681674,0.23069583431772708,0.8424485921859741,0.6674131155014038,A0F274D8B271C6193552014BAC75F1CC9A6DB1514E67AFE154C755B61AF77ADB,EF795846A7696089899739E9F674AA4B3EA88776EAC373D1B9177846BDAE2BC2,BEFA283E45DFE9E4BEE2565CCC4577999F56DE70113DD05B4D5C02121EE53044,,PASS,HASH_VERIFIED_SUPPLEMENT_NOT_STRICT_FINAL
M19,MB-TaylorFormer,D06,18,12.410059426979165,0.42134368064326644,0.7021169066429138,0.5188040137290955,24E0011E35384905DD680E0D8A4A285D818AF3286B5945F2E3D6FEDDAD0E1AAD,624642F5D30C4D807E4156062BE8D38273DFE0C7993B2230A80F3179880B33A5,FC25DAE86A96822B2998A551DDCD9DFB369775E14550C621F04AD14F0E179E00,,PASS,HASH_VERIFIED_SUPPLEMENT_NOT_STRICT_FINAL
M19,MB-TaylorFormer,D06,19,10.145378697952767,0.42869432204340674,0.7746043801307678,0.6152473092079163,CC351CFCB3246A286EE2AF5245E6253940AF25530C52F9E98267FF9395E412F5,E90FA9E3F510FD18128F9E46253183CD998FCE49F6F9373D03A33B3D39D14BA0,5519BD3F5F932C21EAEFDCF36C4D678E1EF733B58C9DD4DE9B1E551A663C048D,,PASS,HASH_VERIFIED_SUPPLEMENT_NOT_STRICT_FINAL
M19,MB-TaylorFormer,D06,20,11.225185493932043,0.3424996925774231,0.728061854839325,0.532991886138916,987C1D848366DD1B84A7141B5AC2F5452DB7047896FC2A41C121AC259EFF3773,40D87A8EBEAC674460D9CD72E74F9B026716F858F604E6EB1DBB2478208C716D,E7A20347E2177BEB44AE9A88688FAF66FA48090995810DABE943F566515736CC,,PASS,HASH_VERIFIED_SUPPLEMENT_NOT_STRICT_FINAL
M19,MB-TaylorFormer,D06,21,11.036315778299919,0.4215954691234289,0.7737767696380615,0.587992787361145,6307ED17DBEA16BFF63743D58A5371C35781CA68446AA87B7A05D0E838E1CC8A,5C8BC9FFBC8201C16E9BCE5D90A5F161A9C8DA8468748E2FABF80AAB4FCDB643,2F03DEB78292F07100853170A16128BFC853BC94A3403556F6681BE70EC7A804,,PASS,HASH_VERIFIED_SUPPLEMENT_NOT_STRICT_FINAL
M19,MB-TaylorFormer,D06,22,11.707058294955736,0.33561164826966144,0.8225570917129517,0.6532770395278931,658DAB1A00B41191DA6A17878F89EBF1C6EE4B679E76B985B7F5A6178124CB2D,60B2E368C115B017373BB3925BD64F0FFC7489196EFA4F7F2D51B1110EEBBCF6,89EB0DBB15FFA2AEA9E7B47C8E5F4EDD5C9211FA881B4C3B2056CC3196EAF7C5,,PASS,HASH_VERIFIED_SUPPLEMENT_NOT_STRICT_FINAL
M19,MB-TaylorFormer,D06,23,9.319839319532928,0.3606560702936137,0.8616799712181091,0.6509257555007935,2DF3BD74DFE3A4D18ECF6833B7D7FCEAE1FEDAE4039223E1E86DB754951FB8A7,4FB429EA54743E65809DEDD34FE869410472A853F1343D8C0827CC34ED7A4C77,714343D363D575FF4BDDD2F98664D1DAAA6AB52F37F26B4128ADC6EFCBDBF2A5,,PASS,HASH_VERIFIED_SUPPLEMENT_NOT_STRICT_FINAL
M19,MB-TaylorFormer,D06,24,7.8408295166721835,0.2454188780333435,0.9324692487716675,0.6127683520317078,63725360B9BB3B219193A540E9F457AEC2DDFAFA55B5286BA72EA9295CDE274E,52F5674DE315B42A7874D987100F209DF1337734CFF5E8C92FB9ECD104156BF6,54EF77250E453C7EE26D2DD27C70A3491F636F9CE93006D949C54359AA7197EC,,PASS,HASH_VERIFIED_SUPPLEMENT_NOT_STRICT_FINAL
M19,MB-TaylorFormer,D06,25,10.918575700255605,0.4317908340266338,0.7641158103942871,0.5640435814857483,0F2A2FBC80EBBDAD0A61F2FC86EABB120D31DBC05E7C58168098E0C6AACA4720,0BA15C9EBD7688A8A22A10AD657BD31E27ECE3F24B3E8778F0BA5D00AE09BC25,53BDBB23EDB8C0777ABC7FBA29F2561D0724AD2D8E19CD40252C04DB99582A0F,,PASS,HASH_VERIFIED_SUPPLEMENT_NOT_STRICT_FINAL
M19,MB-TaylorFormer,D06,26,13.303713460687137,0.36817472839232424,0.858346164226532,0.6061041951179504,CC1C5D476941198784445EE48CF4A0618B350C1DDF195451C8AFD45306EE7592,06AD8C9C2F0C009268BB287F2C4FBF0119DC85F1831B4FC286DAEF45FD4805C6,8498DBBDFD09D45F726D22E055A755EDDB7E0268373E01A0BE9422F32BDD5DC9,,PASS,HASH_VERIFIED_SUPPLEMENT_NOT_STRICT_FINAL
M19,MB-TaylorFormer,D06,27,8.666872616993315,0.26438406395664343,0.8543921113014221,0.5712382793426514,74B1A368A32180329F912850A4B622FF7CCAF0BFAFBB49931319D018C95CF861,4B8D83C4CDF79AEA0AECE2B70A36F852D458F3963A74AE4256179C946622609D,55C503046569034112779D4D2749D356E61E22EEE6FB761AA4003E86E99076A3,,PASS,HASH_VERIFIED_SUPPLEMENT_NOT_STRICT_FINAL
M19,MB-TaylorFormer,D06,28,12.385901429548605,0.6570099196208592,0.49791958928108215,0.43756788969039917,86CB8BFB9D9B93E243E70A7B06750BB4D600F9824ED1C5413481279F6A3EFEAA,D946AF2A3985F8AABC9657C944591DD577D2D5A34CFBBC2247B328651226AA9B,5C6B8C5D430106B4FF4B0BE5CFEEB78B4BB6DD7BAEFBE24BEA3BC52B4F3F7D98,,PASS,HASH_VERIFIED_SUPPLEMENT_NOT_STRICT_FINAL
M19,MB-TaylorFormer,D06,29,10.963796079306924,0.4157917967321216,0.7455534934997559,0.6017584800720215,2E217089D7DBD0D87A7278BDE3316CC67BB5AA909F0B2C79D37ACAC25D9ACB43,B2A6F36C1346016D992A3AE0F5320976D04A6980828B9BD4626EB5DDCA8BF39F,3B9E2343B7FA76B6E4BBB08A67462C60BA144EBEF60C2A8FE3F191316759D536,,PASS,HASH_VERIFIED_SUPPLEMENT_NOT_STRICT_FINAL
M19,MB-TaylorFormer,D06,30,10.424130231457056,0.4673822789214957,0.718207597732544,0.5530643463134766,F805D7B18D0450840510982C28BB488F49971E13370FEC14BFCCD5D90FA3D55C,1EE74FB57012F24B04F04E826AECE6D29063371B122630F228671E9C662481D8,5700751ECE2EDE5AA975B90CA3E3332C27EA599BC560455BD70E16B3B9A32E2D,,PASS,HASH_VERIFIED_SUPPLEMENT_NOT_STRICT_FINAL
M19,MB-TaylorFormer,D06,31,8.77403439023013,0.4419784694450803,0.7448856234550476,0.6151238679885864,5B4752F6B9AB26B81E82D0F5050D45216E4224B58A5C1BFBA3B1450087522335,23E6DD267CD37701626769B780C7ACF0B1DB9DE5CF948BCE59A254A49DF093E8,477952A5F9C7D1E1BB4157A7651F41CE86B0FCCC309E620A164C7CFA8F9FCBF1,,PASS,HASH_VERIFIED_SUPPLEMENT_NOT_STRICT_FINAL
M19,MB-TaylorFormer,D06,32,15.922040532283347,0.798859316036995,0.4362638294696808,0.4122691750526428,BD6B4F664DBDD67FD65C626D6305C2D749E8BA501BB0B13922AAD0374DE4B68F,EAFCCC0689F0593E9129F67BC528E9505050795EFF27F133FAFA5BA77869174B,52C43B4824DEF4B9CFBDBC432696E1C14F26E35A288922E14CC6BA8CF6C07FB9,,PASS,HASH_VERIFIED_SUPPLEMENT_NOT_STRICT_FINAL
M19,MB-TaylorFormer,D06,33,14.415881172646872,0.4687915722515065,0.655179500579834,0.4245535731315613,351A2056999C9EE643F737E055CC2507C510C7FCF88B602D2EC7B20D12C71330,A0CAF6E489C3E91AC5CE02B14EF77A8F1CA15FA3CACC14E5ABADBD8F56946518,AB6BAD06F1C97454F76AC6312A4353F57D0EB1B1545AB4C6D4D2F3446C952320,,PASS,HASH_VERIFIED_SUPPLEMENT_NOT_STRICT_FINAL
M19,MB-TaylorFormer,D06,34,11.029879422347037,0.5644844121588206,0.6931513547897339,0.5620170831680298,9684809E3D2CEBB9498D368DB76487755B47C918B8AEDA34592F0760827B62E3,3D36540A6E5742D0E0B3A8406747E3DA1C8FD083C4C487266A1CA8F9B55E1104,3E0175EC610FAA35E8E755411500953A26D1AE74E914278D21ACF6E504DA3A49,,PASS,HASH_VERIFIED_SUPPLEMENT_NOT_STRICT_FINAL
M19,MB-TaylorFormer,D06,35,10.44710585969794,0.5385796587161565,0.6922418475151062,0.5579097270965576,42B393C16A0124EBCC5221226C70D3898641E63EE485166FECDFE91DB3D9BE93,5385E420F7F42485979C8E65AC957AE6D7245831CCA02585CA39BD658E562F55,73C7AB12CA9CFEEC730E6970E795AC6B3CD96D6EE335FAB6617EC3057AA7DE76,,PASS,HASH_VERIFIED_SUPPLEMENT_NOT_STRICT_FINAL
M19,MB-TaylorFormer,D06,36,13.65625086662348,0.6614651822984642,0.45487481355667114,0.3875253200531006,6F8DE0ABEF45000A285E3CC6C5210B5BFD2FD1CA972A46D6E1F89B20AF7945DF,AA92DE50B482FEFA542AA9AE0E1084CAD9D988260A3BADB4DEFDFC660A9625CA,A07A329C6E942388F9959FDA0862E424A72991C99D7C1D6EADD3E4DE599CFDE7,,PASS,HASH_VERIFIED_SUPPLEMENT_NOT_STRICT_FINAL
M19,MB-TaylorFormer,D06,37,14.951690539438173,0.7342017032615039,0.4554062485694885,0.301883339881897,E71A9F85D51AF0EA561A9C767B8AE577993B9E08CE0863B6E2B7647501248B14,5C2F4FD63FFE544C64B50E0063B95A445A3BDB6D2B83B06BDA91E19EE861F693,7DCEAF5E3B9B2257E9358D05D99C897AF29DD472B3C1873A49EFA7CDAEF28984,,PASS,HASH_VERIFIED_SUPPLEMENT_NOT_STRICT_FINAL
M19,MB-TaylorFormer,D06,38,11.759308637909129,0.5330764051920376,0.702936589717865,0.500690221786499,AC0E55355FDDCAFA32F131ABD0136E2E3B1AB61B93C0E3A4A13824B63772C476,1D7EB8668E769DD6516FC6F4BDB8EDB78C53CD4A5F4173B345D8B03BDE46590A,83D7CD9FB9576ED81B918072105EC119B18DB852C8BEB20C62F801876C347595,,PASS,HASH_VERIFIED_SUPPLEMENT_NOT_STRICT_FINAL
M19,MB-TaylorFormer,D06,39,11.950472606059808,0.5918670431291199,0.6264370679855347,0.5820263624191284,0D7318F2DA6F596C1867D45AC81CC429EE8B07450F624958D647E820DF6DA61A,2C3C12556AC6868897D75E2E94829F1A650F9665C1375A81601A8850A242ABCA,024C73C05564755C2FEDA3479EA44400C27DADEDB262E0B366DB8010F6E51016,,PASS,HASH_VERIFIED_SUPPLEMENT_NOT_STRICT_FINAL
M19,MB-TaylorFormer,D06,40,10.688797100381906,0.43907555605100607,0.7115119099617004,0.4728861451148987,9340B5F5CD8234A0CBDC2603AD7BA8F01363A80B950414FC357BDF53643F7A50,EE5106C7E5154B941E5198B85C66284A62C8757C87E2E57DEA76A89E886DEE73,4624D2F081BC3EE78B7C8F20DDEF2EB2D0114309C6E176B64055142F038DC735,,PASS,HASH_VERIFIED_SUPPLEMENT_NOT_STRICT_FINAL
M19,MB-TaylorFormer,D06,41,13.6425464532467,0.6251589138324968,0.6352270841598511,0.46602141857147217,414B2CDDE8D201E650CA35FB5F5B5049152549BEF8310307D7FDFAAEB87A933E,58CEAC6ACC041584C7E9B0870F6A9168BA86141CD679ADA25F31DB7B62EC7E7F,CEA18C63D1F3B727DDE3A8B56F0C77D11B0C22B5F3331632A3F8418202780921,,PASS,HASH_VERIFIED_SUPPLEMENT_NOT_STRICT_FINAL
M19,MB-TaylorFormer,D06,42,11.422938781795422,0.47306969098070506,0.7513139247894287,0.5664889216423035,756A2778DC7A36C3D2CE980C5704D3FF28DD9A134F2A5FD8EFA8ED98B5289EE7,C2ED2578BC9F78C25FB211535C4A2971A8C3B431F614D0C9F8780B7CB0790D97,FCADA8A6B421D23C565562926C4A1123269FCF7AF1699FFAE4E9DC3CCF80CD83,,PASS,HASH_VERIFIED_SUPPLEMENT_NOT_STRICT_FINAL
M19,MB-TaylorFormer,D06,43,9.500487248568179,0.42748930001128066,0.8238970637321472,0.5998008251190186,3581C893E71E6CA49BDFCB723B81435EC50078B6E1CF70AF13057AFFCB79FADA,75EE61876685FF3EA4386CEF532CAB226869419C2C5E735A266EC81F73870EE8,3F3496E4E9DCC14AE41C465FB8C0AACCFF2AB6DD87B15599FD9E4D092C97918C,,PASS,HASH_VERIFIED_SUPPLEMENT_NOT_STRICT_FINAL
M19,MB-TaylorFormer,D06,44,10.275121780388798,0.6895337395800469,0.5600653290748596,0.5133774280548096,54849343586BEFADCB455A636AC8A1B4587675EF2ADD444B3A0C88540336967F,4677B2919C21BB427B463704AA14F6E43A31D75CA9F6A386CC93C4BA057976B4,53AA04578A01D581118E71EA211B08CDF140A11D232FCA9B1385C1FB0272266D,,PASS,HASH_VERIFIED_SUPPLEMENT_NOT_STRICT_FINAL
M19,MB-TaylorFormer,D06,45,14.010448292045059,0.6626263115394982,0.5586007237434387,0.4557223916053772,F00E9E30C19105E15A58BB72D8121F667B8A672CAB354083AF93B83E4E6223B2,289DBAAFB99744D36CE926A0E7295347F4CC7EC9046AD3BF6FDAFC350FE13077,12D3072B32D1D194B5034EB2E5EB5BB9A2A1F95CA10F34595EDA34AE59C97EB6,,PASS,HASH_VERIFIED_SUPPLEMENT_NOT_STRICT_FINAL
M19,MB-TaylorFormer,D06,46,7.626968031583826,0.18644943187749838,0.9489150047302246,0.6403404474258423,70C79F4BC69068506F9CE17C15310ECD5F39017A27A72073804342CFC9B0A303,FE99499E05AAA1585150392C3E7CCFC905FC688437457FDFF610DACD025C19DB,AA3751CA430ACEF469519687E34D3BDE6F566CD70E12C3DC256DA4B6266212A2,,PASS,HASH_VERIFIED_SUPPLEMENT_NOT_STRICT_FINAL
M19,MB-TaylorFormer,D06,47,12.986511733790708,0.5554937214273953,0.6086609363555908,0.5070222616195679,BC315CA9E20F6A05B04FA37FDDAB7AACD6BE60AC81C7FD41BB287BD60DAD088C,1CECE3856BF4DFCF4B9C80666D48D912AAE091B90B181F2171A1BDD84994F7F7,5D645FC4AFFA63B9DBF758B9E9B6069C90FAC38399D090180B2564E84DB5FA50,,PASS,HASH_VERIFIED_SUPPLEMENT_NOT_STRICT_FINAL
M19,MB-TaylorFormer,D06,48,14.413353200180897,0.3961169000113338,0.8025822639465332,0.5396624803543091,F571B7AB63B6D6D821DF667AEF1E29805528226E8EEB5CFA9303DF48DF39DCB5,92F152AF6E8FB82985768D781E682CE5D784A44972923AA132A1C13AAA01DE88,AE155E5D650CA70CD41EA93A07E239FFFEC9A6CB551C93BCCC9D8629A629838A,,PASS,HASH_VERIFIED_SUPPLEMENT_NOT_STRICT_FINAL
M19,MB-TaylorFormer,D06,49,10.945821967038205,0.3530755639378323,0.9005160927772522,0.6639533638954163,1115F4A9A191EADBDC45F0F44D4FB0BE368722CFC3A35281BDECC4D38F6C1D7D,3A6934BB503339653653D396FA5108DBB8E1494BEA220B6E6A21718B192AB6C5,0551879820C0F14210C25D22A11BD2DBDB532474528449DAB4027A4B0CF9D26F,,PASS,HASH_VERIFIED_SUPPLEMENT_NOT_STRICT_FINAL
M19,MB-TaylorFormer,D06,50,13.62289308015649,0.5349349043578019,0.6986464858055115,0.5971719026565552,1546122878AD4593E7C1539732427F1EA58D883AD866598610358528D1990CAA,3E75FD29C9B51438209E9418AE82107BF256B9F9A3598518679C898FD1392E4E,8C282628BC4D152A8538B786C8070A3F986758AD0F4AA6663167334E2FEA8B05,,PASS,HASH_VERIFIED_SUPPLEMENT_NOT_STRICT_FINAL
M19,MB-TaylorFormer,D06,51,10.636420701710353,0.38158322091075275,0.8088112473487854,0.6012355089187622,8B58351977C32009FDA9AE77E7B0A48B78F0760415BA62708DE1F062CAE1A3BC,78F7185C2B2575EC6608A760D9FFF23B2C51B9EB6AED7731D27A0F15EE813305,A02BDB30261072E398CE7A4F68293AE0971CE1E53AB7FFF2AEC275B9E2D16296,,PASS,HASH_VERIFIED_SUPPLEMENT_NOT_STRICT_FINAL
M19,MB-TaylorFormer,D06,52,6.882949782849152,0.19799943062110584,0.9208130836486816,0.6597530245780945,E270DC3AE20CB709A9C369A58051984B64CC625BF58F4B16B6A23A0C68C84F77,E3A41F09926449C7149D31717FB0D952C2646CFEA459A225ECA94F3827E1366A,5DB0682B81D8D774FC485DF61A5CD0CAC74746D2967A0BA15690E4360C2EA170,,PASS,HASH_VERIFIED_SUPPLEMENT_NOT_STRICT_FINAL
M19,MB-TaylorFormer,D06,53,7.96355149234956,0.35245467942893133,0.7489686012268066,0.5288897752761841,32D8328FAE01F5B48EC165032C30E7DEA8108B963CC050F39241C2AD0A461CD1,7240309CAFC4252BDF6C2A6939836185D61DCC6D4BC30AE43149D28298D1A85D,B64FA22FA9AF55309C49707F07B916B20985348DA9B310DB7B66F4D95AA08B57,,PASS,HASH_VERIFIED_SUPPLEMENT_NOT_STRICT_FINAL
M19,MB-TaylorFormer,D06,54,10.02499030119502,0.6235203357922288,0.5921942591667175,0.5358320474624634,2789C6F938DAD041AD72E0FE3AB1265D3B0A38C6927952A3F1D4C5EF1EA35993,ED019DFB21462F398F1438F86C9B485CC35EA554AA1E136B62BF915309FDC04D,6514D79D52288553E9BAA89928FF44895A58B9DA359A01F3057A199A042CBC1C,,PASS,HASH_VERIFIED_SUPPLEMENT_NOT_STRICT_FINAL
M19,MB-TaylorFormer,D06,55,8.709630062198928,0.6094570681074578,0.6665979027748108,0.5696771144866943,EAE3612C4E4F36D7F813D764CFA6F8F6BAC2A0C07C4F63664511A3906D9B3F15,DAA30DD018EBF3DD71AA19291AA9A98761FECE772CF96491C05C756E6664AF2D,F29F99D2B8169474503E45A20D9014C0561AB008776BFA4F9A564DAC5AC8F8BF,,PASS,HASH_VERIFIED_SUPPLEMENT_NOT_STRICT_FINAL
M19,MB-TaylorFormer,D07,1,12.829521296322927,0.5575611383416655,0.48468491435050964,0.272585928440094,2F4AC211C76670F483FB4C23D99B792EFC535D60D2F88FCE905E47474AA29927,70DDEA3297F6FCB7E7E5E3142C38719BE0AD8F87AB385A057012AACB5113C68F,74712CFD851510A1C5579C65EF922E391C6134E459A8F08693E73F3BBE4F4425,,PASS,HASH_VERIFIED_SUPPLEMENT_NOT_STRICT_FINAL
M19,MB-TaylorFormer,D07,2,15.055571954205021,0.6157791626132972,0.35810670256614685,0.13174057006835938,DBF9E753F94175E37390DB89FCFF1E0ABE7FAC13C9474DCEE19B03613683021E,CC029A27986DD6463BCD49386723FFE36FE308C9EE5C6463698E4F3F01480998,1CEDC2439CB143737759646989B4B9BDD3327341F230E62129C9B464454F6DD6,,PASS,HASH_VERIFIED_SUPPLEMENT_NOT_STRICT_FINAL
M19,MB-TaylorFormer,D07,3,9.179459094291282,0.4468057171235087,0.5784706473350525,0.3921651244163513,29E32163B37122631BA38311ECF7959DCBBB846FC5709EC1B6D62D17542929F2,76AD76C262F7364714F6B29D836B59238B650B1E5B1E0BD486156CEAB03DC154,B49E344F033B90434AF3FD718B73BF4065BB436E4E719B4545C24264C138C0C2,,PASS,HASH_VERIFIED_SUPPLEMENT_NOT_STRICT_FINAL
M19,MB-TaylorFormer,D07,4,11.08120606285836,0.4966784690600319,0.5552911758422852,0.34300071001052856,808D29FF6D04386D2358AF34F8AADACE4F1FFFE9D54D0626F5DAB18D5EDDCCE5,9387284B38B410CD4C0F89F74527FB1DAEBB683FE6ABC6C62BB59191CE5FD145,CCC8640D6B6CE252EF7C7C2B6A8BE58B274EAD69659DEED13E4AC26AE4569EC9,,PASS,HASH_VERIFIED_SUPPLEMENT_NOT_STRICT_FINAL
M19,MB-TaylorFormer,D07,5,11.068298414002975,0.4256423825363769,0.6134297847747803,0.32801902294158936,7695569A21B066AF399419312F4A06DFEB7EB38A07804B5E41A9FBE4240F3556,4412819E0C0E25B295B131ADC01167CA0D21F1931210DC431914AC0D6A353334,4074B4BE3BC92545731698C947D7072E1B6DE675B5779388123ACC56ED5E6619,,PASS,HASH_VERIFIED_SUPPLEMENT_NOT_STRICT_FINAL
M19,MB-TaylorFormer,D07,6,12.53435427474981,0.4964978121335067,0.5097447633743286,0.28817540407180786,8228520490DA79602D9D4BB21E8BA2334B661A2C119BB4FE6E7C1A903B5BDC80,036D40BD93BD9677A93B0E0A7512980CCC633142FA9768706C5535D2774C9340,7A4EA2A67A27A2A378ACE21C4156CD566790CF774115EE28FE324D16163B0D41,,PASS,HASH_VERIFIED_SUPPLEMENT_NOT_STRICT_FINAL
M19,MB-TaylorFormer,D07,7,11.612729019165265,0.4651684033909054,0.5923936367034912,0.36472809314727783,2D97788E461D52BBAB88A44475C4A5E1875D739E8F4654048F7CD03C5C088431,282F2AFF116AF5DF945814499F5817895B9999F66B8E2AE1CFAF2EBADA3C19EE,5232AD86885DFC8FCF67C91636C124D35D2C5FEC54C0BC8A13BA5EC82FF14096,,PASS,HASH_VERIFIED_SUPPLEMENT_NOT_STRICT_FINAL
M19,MB-TaylorFormer,D07,8,14.631180849702218,0.6303513008040603,0.26831695437431335,0.19846385717391968,C77D35C100AA7B6515B397B780BCE1C4BF88A6CB2B13F6EFFEDCA2025C864A12,E6445594B2275DF4CDE50999ACCA8E938F3C1D1C18621F09933EE7CCE15C6113,48E2934495219E2929399780CD5E08BDD252969507AE558E49E4EBA4F938AD9D,,PASS,HASH_VERIFIED_SUPPLEMENT_NOT_STRICT_FINAL
M19,MB-TaylorFormer,D07,9,12.280970215654108,0.49998894329024335,0.5715108513832092,0.37849950790405273,AFE1125E5AE8C757F8F9F75624A7AD28CA5727748FFFC89F88C3A119D38073E4,FDB65CE15ABC481D61FCF6728B1482FE58576403FD03AB5AEF5099079C3AB3C6,01ADD363229C26E4E7B7C6D47077AF8C78E3E53C7F9F5C6BAD760E165404AD48,,PASS,HASH_VERIFIED_SUPPLEMENT_NOT_STRICT_FINAL
M19,MB-TaylorFormer,D07,10,12.811619902571497,0.5740069604466852,0.40546584129333496,0.24342310428619385,08E9E0A333FDF0CD6AD1651F612CEADFFB47DBC621289AAD7912C0D275D835CA,2AC9F28AFB08A5F2EB1BAB222544E28C62FF0331216508B7B2B361D03C409C77,F7A6378527DB612C6C0B28D4956DD9F693C08DFF97FAC503900B46E4B2228D3C,,PASS,HASH_VERIFIED_SUPPLEMENT_NOT_STRICT_FINAL
M19,MB-TaylorFormer,D07,11,10.742593029473564,0.38746719177081707,0.6815723776817322,0.39177656173706055,CD879322E71DC73881BA394DA129D051C80BC96FB38F62C716C52DA5DD9843CC,DF0AD43890D1D228B6FAEF5336D6128A715E2A350525F7260E6D4C5A900F7DE0,83BA3EF15A4A80BBA66F388A13A0F17A5E3350437A9011804CC1192A2949BDE0,,PASS,HASH_VERIFIED_SUPPLEMENT_NOT_STRICT_FINAL
M19,MB-TaylorFormer,D07,12,11.92705547462883,0.46705498940622875,0.5414556860923767,0.3379324674606323,DF826917978479CB544754875EFB5312388DFFBDEE9AC4AAF4FD19C6BC175BEB,2B9894D7AEC2FFFC8804E4E790E71D455831FA23423831D87875ECF37FB6987B,E0E50F2002B79A457FFF284BA0D9E980443E7DDB6F06A57DEAAB95848653910D,,PASS,HASH_VERIFIED_SUPPLEMENT_NOT_STRICT_FINAL
M19,MB-TaylorFormer,D07,13,12.933728254178096,0.5738778519315549,0.4252498149871826,0.29602181911468506,C5DF23FE4916054042285B1A900B08F4E6933F06962AA6E774B546B1F79A4F1F,3AB5EFEF688E8DF19B1C8A2DC1BD23316ED2EE75EEFEB5B0375166AEDBBD415A,7DC21B22A03A828CBB30CC9F26903F2983DBF6ABAC8F685A917AE7EC2DB7DCBB,,PASS,HASH_VERIFIED_SUPPLEMENT_NOT_STRICT_FINAL
M19,MB-TaylorFormer,D07,14,15.521926783619516,0.6517246487218352,0.4227396845817566,0.22268712520599365,E0BEE00FC3DBD4BB8A2E943525DA05D00D8DD20489AA818171BD3A73BC19143C,A2D892354F97C06A62BDDAC58EC75C94986103486D6CE395707672298D9F573D,3BC9AF60FB689398C68FF1043A41E7387C7F6AF4FA1DD0BC30DC7B3388F1AAC4,,PASS,HASH_VERIFIED_SUPPLEMENT_NOT_STRICT_FINAL
M19,MB-TaylorFormer,D07,15,12.532561220990491,0.6234893985198745,0.3113580048084259,0.16186285018920898,47DC42CC419222ABCC877682642262D615A25954AEE89468F0375D2BE1B25A68,B87B8A8BB2F5B0B370F4D55436305ED02919618BF1FA77369662EA28710AFC2E,0DAA6D4564E98B2774AF6C9BF4F9FB0AE8A43FE64CCC6FE3BCA47B87837348A5,,PASS,HASH_VERIFIED_SUPPLEMENT_NOT_STRICT_FINAL
M19,MB-TaylorFormer,D07,16,16.286088399352153,0.6994444851736902,0.30197834968566895,0.14009058475494385,C6E8CF1214F28475A4DD452F21FF6D0873BB8FEB329AC4F16EFE18497621949E,609B9113CEDC5E3E08ADC4E4510F0260024DEE7547DE4589E9F455469281BD05,CA45D0FE5E409878D2F9C7333D17B18DB5D488AEAE855D69E69E925D2D773522,,PASS,HASH_VERIFIED_SUPPLEMENT_NOT_STRICT_FINAL
M19,MB-TaylorFormer,D07,17,12.634160253921458,0.5464695578120454,0.4872710108757019,0.34523940086364746,6065AB75F4C64FA2B7819F1BB665539086625B585B5121B19A66200F8FBDC963,5950E9BE89EF46EBD6321CA3979B7EFB1908B99D763926192B0F96AACF1066F3,636B1F6BF6902AF1F16FBA5D7550E6D222D50BDC4458DC96C4D477AB547E9D42,,PASS,HASH_VERIFIED_SUPPLEMENT_NOT_STRICT_FINAL
M19,MB-TaylorFormer,D07,18,14.742674539657806,0.5953325432739348,0.4312002658843994,0.2579473853111267,3D22552FC2EB9BE5EA517190DB592B213CA093943A559A7BA520C55CF3FF618A,B24E1E07B2985C4406F26FD22F730432A6F062584C6A83B4C81D6593439C7074,B5E13C89A4192DB6DE3A524B408C8BCECFD1BA872FFEB37DAC39F5CAEE09F725,,PASS,HASH_VERIFIED_SUPPLEMENT_NOT_STRICT_FINAL
M19,MB-TaylorFormer,D07,19,12.9630215765095,0.4451697619899631,0.5971166491508484,0.30507272481918335,7AD7060FAA048C6B435C3F96D294C762BECF6F08D30F9FDD41DA3E1CDA189C7D,4EB4973F803989966ED94BA8909BD94592B9892E6646B6162FE44099AA5AE7F4,37D03A29434E975C5437D9FB5B29366996531C821E92FD3620656F38D0201046,,PASS,HASH_VERIFIED_SUPPLEMENT_NOT_STRICT_FINAL
M19,MB-TaylorFormer,D07,20,13.230796075163545,0.4186884642249331,0.6838255524635315,0.37613677978515625,836386F0CC7777CA7086DAF7E26FC3EAEF4BDB082CCEA9D0286DC323A35015EE,63DA7322D9B38BBE8BB48667D06081E3C3934893315DB595912BE563FE5B4A94,859B71E8709F91188328C58996FBABD6D67A8EF177DC8C7A512E32568BA69D35,,PASS,HASH_VERIFIED_SUPPLEMENT_NOT_STRICT_FINAL
M19,MB-TaylorFormer,D07,21,10.371484516751636,0.5280638857332347,0.49314358830451965,0.266024649143219,36B844AE012712DBC47DAACDA04A81883BE7D259F7D12A2893940AE0A9E685FB,8F6BC70A448EE17D017112E6BD6E1C91713D123406F6FBC3051B91A515D26235,803EF7ABC5A85F5506A4E602C1EF286F4E23579EC5C1AF2BFEA4947A25275847,,PASS,HASH_VERIFIED_SUPPLEMENT_NOT_STRICT_FINAL
M19,MB-TaylorFormer,D07,22,13.34351139258285,0.40291561734927894,0.6579133868217468,0.41072356700897217,16D49FAD720777E427295C31DB5C5E4B8B0803FBDC16489839235468F4F046C7,353441646EC6FA48421EA2C5E9E05C357445B166BBD98A389597D4C9CC35D2E4,94E3F412A56B41049361E5A2833716F5B62AAC2DFF68D5B017E68C0BF6EBD829,,PASS,HASH_VERIFIED_SUPPLEMENT_NOT_STRICT_FINAL
M19,MB-TaylorFormer,D07,23,11.719559913680627,0.6610160577188262,0.3045996427536011,0.14033186435699463,28798CCFE92DAFFFC5ABA451C556C51D1136DCDF9D121FF3398B59F0537C9489,D7C4A37B02CA65482B3B118B5C7947C172E065243600C69CEFB0174305B5CCC0,8BFD0E56E0BB43688563FE887ACE90152AB2E7E3B6112D0BC027845F870C6742,,PASS,HASH_VERIFIED_SUPPLEMENT_NOT_STRICT_FINAL
M19,MB-TaylorFormer,D07,24,10.830669941172289,0.574485026089929,0.4220225214958191,0.20447427034378052,4D9BA936BF2641A98737F01492B7A28497A815FC184FA76435659A955AE42F69,50546ECAB5ACFBD886119A284E96ECBBC93F6E73B3975C556622E320233B1F5D,14AB0B36678B89FE4A95299A13DA503777971D0622C23A344BA5E17FB9B6E318,,PASS,HASH_VERIFIED_SUPPLEMENT_NOT_STRICT_FINAL
M19,MB-TaylorFormer,D07,25,13.075561425391292,0.6118504164351873,0.4827193319797516,0.3050948977470398,0A2F75698628581F29066D462AF1D989A6FD1A59717E196ECCFA4A44FB4D56F8,9301726D8A40EE4C50B58846E24E12A0A35A877A8F17A236A5B0DD3DD71BCEA9,FC45C46CBF679375EFC6609D93638965A4712314DFB5CA7AF6DF719ABA5FEBF1,,PASS,HASH_VERIFIED_SUPPLEMENT_NOT_STRICT_FINAL
M19,MB-TaylorFormer,D07,26,9.649916145630021,0.3694404960169855,0.6782269477844238,0.3921082615852356,276BEB466013030724769518F4FD0A6E15D815926F48583878C8076757F2C583,38206ED528109618D498071A4A50D26D80E2B00F7BD8243E56ACCC12D964216F,283D161F8A755804D37BBAF90C60013B6F7AF6092BC6EB0FE77E5C72617F9F2B,,PASS,HASH_VERIFIED_SUPPLEMENT_NOT_STRICT_FINAL
M19,MB-TaylorFormer,D07,27,13.832746725844242,0.39948344788510964,0.5932615995407104,0.36453694105148315,518E1B7213E350E8E195C5096C1CAED00808607DAAC253615B72BA443EDE4FBE,1D6A7ABDD4679CF924EA3E980ED410ED01C9F78C965FDC51668117B8A457A63F,0D3C9CE8B22912436123F6EEC35E2DF9AE2A8FFC68B9C4C5EB5A7F380DFCCF4F,,PASS,HASH_VERIFIED_SUPPLEMENT_NOT_STRICT_FINAL
M19,MB-TaylorFormer,D07,28,10.989325603928982,0.3700318995620515,0.6229568123817444,0.37111538648605347,9DF77BBF1FFFE2759CA8C270FBF4F0D5174E5E36A5E14414D2C854874B26D0F6,4B81F25AACBDC6F63448BCDAAF39F393EFB34F16CBCEFEB2870F8D027718F852,A82EEAD74AB21927BF757DAFB61024780710D158F1A7B7BBFFB68215762D50B9,,PASS,HASH_VERIFIED_SUPPLEMENT_NOT_STRICT_FINAL
M19,MB-TaylorFormer,D07,29,13.414724089033108,0.34416736772437256,0.5785930156707764,0.41826188564300537,203AFE68E56155636E21647CC997FC236BD0BF6C44A8F12BD325DA6B7E89A673,74AAADE504E46014B29AD28EB27BB5ED8D46D83BD7B9C229B3F6E3BC1EAA8176,CE81A49EDF1158A123892759EEB9884DBC253A9401056F737B0457F0D28EBFD8,,PASS,HASH_VERIFIED_SUPPLEMENT_NOT_STRICT_FINAL
M19,MB-TaylorFormer,D07,30,10.125210929226409,0.421498786966983,0.5597233176231384,0.3949747085571289,60580134EF6404C81DE70DEEDC69F09D5D57DF48E553EE30408122F9DFC3D8A2,EEA6210CEE42147E41CEF0485060596DEC20D7815E1EBAF22526B00DE0D56BE2,8DBA84936C915063121C6EA6B12978D6B80D61EACCEADD40B4D7FC5F54389D6B,,PASS,HASH_VERIFIED_SUPPLEMENT_NOT_STRICT_FINAL
M19,MB-TaylorFormer,D07,31,14.183538357768796,0.4355171436711414,0.4454704821109772,0.2661578059196472,69E44A874A0857D29438461534818DBA226DDF909FC3D1F08E913F7C2AB1D7E2,2E390F7E2161DC0142F4E4213A34E33DB5B189F38E6E155978F492C110905C18,FC9A4DBCCF7A0AFFF09D65F0981B1F9896FA58F3E959AF3B57D9DADAA5EEC7ED,,PASS,HASH_VERIFIED_SUPPLEMENT_NOT_STRICT_FINAL
M19,MB-TaylorFormer,D07,32,11.49598399576137,0.5126009019224822,0.49138712882995605,0.32599300146102905,785A8522D94594A5C3C96DD313D91152E4F302AB89D79B4F60E50D19F3C0A5DC,BF820C55B092C9B475A93B12097314C4EF7739C8ADAA423687FFA29FD1892CA7,C4FD6BD7D1E129FF23AFD7E6006728F8EAF62D90E8F3FEC9F25F3F5F48402DD7,,PASS,HASH_VERIFIED_SUPPLEMENT_NOT_STRICT_FINAL
M19,MB-TaylorFormer,D07,33,12.785301136905185,0.2837865079527975,0.6904520392417908,0.4684940576553345,28FD01B20F1A8356E628EB9D28DCD947EED1D2B306E297103AEBCC5F88CD91BF,2F9270F190B25D17B714CC31996610236CA1BAF3FEE80DADE6F0877DDD1A48AF,1BB1136748E263EAA63E8CE387BB8C9EA107B19DE494BBBF8B849C8A7F349322,,PASS,HASH_VERIFIED_SUPPLEMENT_NOT_STRICT_FINAL
M19,MB-TaylorFormer,D07,34,12.046241542322074,0.40060669638291385,0.5525221824645996,0.3783787488937378,FCF8ED69DE46A6E886F1600F8948140D776B73085E4866C75616774146580865,E22F3265C8232C5DBD4148A02EC2B2CB3BC481448EFA777318694E10C5E89213,D05C68712C8B069DBDBD62E16746C88DF29B86ECC14C49DC846D413623CB4F82,,PASS,HASH_VERIFIED_SUPPLEMENT_NOT_STRICT_FINAL
M19,MB-TaylorFormer,D07,35,13.301529107190488,0.47288588414357674,0.4759979844093323,0.2963126301765442,495F36A7350B3E1C12238E1869EE47D0183311EB5AA9863617FD08611A8B71D8,3041F0511BA5CB03C5A1DA424D7C196C2BEC7FDFB73911F5A484D14441217A30,F1C65CB4A89CA0CB23028F6F8C546D73AD5FA371EE2B72D7F8760B4D42F05E9A,,PASS,HASH_VERIFIED_SUPPLEMENT_NOT_STRICT_FINAL
M19,MB-TaylorFormer,D07,36,15.075028354987214,0.4924981988682357,0.504796028137207,0.3427587151527405,DDC8377A47258EFBDE852FCD939462785827A0167C60CBCF2D5E1388EE93AFF7,DDDB9A267B83683FF4C57BBB891C541CCBD03F36D283CD226BB110934B40EF2E,0F60352A294574ED556B835BD30E490C88AC3D6FDC0DCEAE9D82EE516FACF61F,,PASS,HASH_VERIFIED_SUPPLEMENT_NOT_STRICT_FINAL
M19,MB-TaylorFormer,D07,37,14.0049792754244,0.5502627784897723,0.40895774960517883,0.31978780031204224,BD1340B4AFD561C8663A29EB5A58FD79AA0401E00745CD7C67677FE7CB2ED66D,08DDAA7E314A757BF36ACBBF5E362E590F975073794A60B073EA712A7E195824,ED421F960352228AF2E54C839ABBC201429E980113C3185ACABE11B096216791,,PASS,HASH_VERIFIED_SUPPLEMENT_NOT_STRICT_FINAL
M19,MB-TaylorFormer,D07,38,10.881161619119851,0.48437773319271765,0.5077415704727173,0.34455692768096924,55D7DFB7916278DABEA6FF7342C68C6B5CFB49EED2550379B234B2B1E91BC55A,DF5C03B04D078FF0117E4BC6C80A3639B3893FDEFE5D44EB057F9828194ED071,3B11783ECA2DB8282CA13DF08CF0D219EA2C8309B3CD76763D3D2332F5430E71,,PASS,HASH_VERIFIED_SUPPLEMENT_NOT_STRICT_FINAL
M19,MB-TaylorFormer,D07,39,10.55490490138008,0.30278963062577935,0.6909053921699524,0.41513586044311523,AC903D81C1866E88888171F76B15B4294FBAB89460F9BC823BE67B83F48A304B,AAF4009568AC96ADD356C940833D0DB1CD92D68E5E22F7171C998D044025CA67,A731FCFBC3E86D2EB4C2CDE9C46A60189DA60B578B518917F291D1A1F8B19BDD,,PASS,HASH_VERIFIED_SUPPLEMENT_NOT_STRICT_FINAL
M19,MB-TaylorFormer,D07,40,12.147064418881868,0.5603880038278329,0.4604564309120178,0.30937230587005615,7C2CDA7D34C8ECA64BF9BD048926A1AA3BC891D2B5121322D8676DFEF983AA4E,F84040D4A7208B1382EEDF84A3519460B560BA376A49929E4C17843A13AA03E7,90F4D075A7A44DB1B139E11671BC51A0AE2DAED98B492358EE337F392F01923D,,PASS,HASH_VERIFIED_SUPPLEMENT_NOT_STRICT_FINAL
M19,MB-TaylorFormer,D07,41,10.033676120585977,0.49222545599699696,0.555210530757904,0.3424105644226074,276CD8550FB2A5D93B8FC9B3AA70F03F4F2DB0994E5AE3956F102D113F0C0653,1B746A2E1FEA7EF34A182FC03C48FF5598197754AF767165E364E8E7E736F1F3,F0E72C52AEF17B31359C1C18B68E0AB8F7A0B52095E750F5D9B885736C9F3DE7,,PASS,HASH_VERIFIED_SUPPLEMENT_NOT_STRICT_FINAL
M19,MB-TaylorFormer,D07,42,10.429644645305826,0.5257925723208084,0.4853261113166809,0.3186016082763672,96D0D46DB26CE8069CC040C544B03466B78BDE82990EEF47BCE5268DC85786D8,1FA6871B81CE5A13EF3C9CB4AD41578E1DED901976EE7FD81B193E6B159E6E34,40FCEBA7C76DD536887D38B0BAC485AE8EEDB170407BB3CFDC2E7E85A379AC54,,PASS,HASH_VERIFIED_SUPPLEMENT_NOT_STRICT_FINAL
M19,MB-TaylorFormer,D07,43,12.875193233442769,0.5047275350098313,0.45545363426208496,0.3116919994354248,92E86C4F14A09D2FF33D03600292979095602F12C890019FC284131E29ABA6AD,760B8C97FDC44758E1D0D966D9C9C2BC6080AE2B37F6A240413AE929F96DF260,D05F6A597ABE98F88357D45E7709CCF84F33DB88B0C42D2BDBF24A0099F6D37E,,PASS,HASH_VERIFIED_SUPPLEMENT_NOT_STRICT_FINAL
M19,MB-TaylorFormer,D07,44,9.668792384527617,0.47814861657688956,0.5372871160507202,0.3379738926887512,6FAB41B0239CB4EECFAE696EF12C66667CFB23E69797CA5D5001301179ACF265,EE03F159BFF1E0B5CF0FA9792C26DA85D951A46BE2996DD4EE5E38CCDBD11063,583D7A0BC9873642A51EEEA9966E52894E34A33CCF05F9287FEDF5FE1C5F4AFE,,PASS,HASH_VERIFIED_SUPPLEMENT_NOT_STRICT_FINAL
M19,MB-TaylorFormer,D07,45,12.444896404278847,0.5074535143917895,0.498715341091156,0.3352028727531433,25E657687F02DEFF18C74AF29EE167F04C7F360C8F6AE40CD005E2F6B93B22F8,40B2C27DAA91346E8DAE0634F58B1908F4C9947BC5A4AC1B292060021AD63F48,096203A690A6C39366CFEC1D5E2A0413EC40B882D6632DE0C336774752FEA971,,PASS,HASH_VERIFIED_SUPPLEMENT_NOT_STRICT_FINAL
M19,MB-TaylorFormer,D07,46,8.245959729032087,0.4180252419082838,0.6685796976089478,0.41407889127731323,BF25D291BC088BDBB4589980E3A456B95580947393BBC4361B86B2A856275469,DAFDD0CCA03EDC3FDDECC00BE107C7BEF6CF7324B8CBFEE47BDB1A1C62BDA2B9,31220C3CA75AC1A5E3952E849614203D2CF2A0F36566E0E1BDAEDEBFC36C01B3,,PASS,HASH_VERIFIED_SUPPLEMENT_NOT_STRICT_FINAL
M19,MB-TaylorFormer,D07,47,7.402253399876374,0.41101709229501554,0.6549967527389526,0.3788735866546631,DF0FA40FD6104B249E475516FB131D1EEB075B4686516E27E2913C05B3A85EE6,D8A0D21C5F0F0D012F2131175A37811616DD6D606A28A25093213DB79404A585,149CB90FA789068F5C7824DFCC9B728A5B8763A39A702C90DAE25082B86335BE,,PASS,HASH_VERIFIED_SUPPLEMENT_NOT_STRICT_FINAL
M19,MB-TaylorFormer,D07,48,11.400936649465104,0.31809642566806406,0.6586208343505859,0.39649438858032227,3B301E07DE8F14832F593EBE8491B039EE7C9D289CF991F9788A0DB7B20095E8,6B74FC289D89DE2B69A6ECCB274AEBB570FBCF4802BDEAAAE711C8AA74F1214D,7183E03395DB41EB3A217FBD838AD68C4AC406B3B46DA9E2723FF17DACE5BF15,,PASS,HASH_VERIFIED_SUPPLEMENT_NOT_STRICT_FINAL
M19,MB-TaylorFormer,D07,49,12.87798855686869,0.5553440675038027,0.4514721632003784,0.2775171995162964,C42F9377AA6CA30FC45067B98D33ABD11EAC3FB614BEABE92473F4DC6E6D81C1,75E7F67309BD2A83D503756C0BACAD4F3DDC7D5C571644F16F8A310E3E05D152,1CA6DAC15EFECE0D7E919D588AA099FFD731FAC35F28BB0A047AC8FB1F807231,,PASS,HASH_VERIFIED_SUPPLEMENT_NOT_STRICT_FINAL
M19,MB-TaylorFormer,D07,50,13.081980167270968,0.4344344853236337,0.5141556859016418,0.3137092590332031,6EE7CFAB524B06C8FB85816E4904C25426693FD1DAE0624D52EE106FFE336D84,078C6B1C923459F568D242F12819DC727F4C83744D353DD439CF3D217F790E2B,0355F75074A5CD97E1BB881E4AA0763EDECBE36C730A5D2EE8A1F4E4CE6532E2,,PASS,HASH_VERIFIED_SUPPLEMENT_NOT_STRICT_FINAL
M19,MB-TaylorFormer,D07,51,11.546273676617428,0.3981504112485901,0.6225281953811646,0.4537246823310852,DC66B010FA0B129995CD5BC405EB0DBEB4F0AB69EA9DE677527C274EFF456074,F1272787458CB07FEE6D5FBF60372A17135EFFE21624E0F5399AF5417DD7F33F,DDD81D4383393AF02DF76D45ED59860D7FE1E1DC00F806AF7A6A22FCAC1387F5,,PASS,HASH_VERIFIED_SUPPLEMENT_NOT_STRICT_FINAL
M19,MB-TaylorFormer,D07,52,12.433408559911914,0.5075884318827183,0.5216343402862549,0.28591108322143555,0B357FE8678B05CF3108C1B9C3F17369BE95E1296EA6D0BBBC2CF32511D6D1F1,E0293C9563B13300E5CCFBC3AA9B1A08C37F790AFAD174C032E7931B6047AE41,DF3391D2471118711B59C513507987ED99506A2316D7D7ED25CBA06F9F139DAE,,PASS,HASH_VERIFIED_SUPPLEMENT_NOT_STRICT_FINAL
M19,MB-TaylorFormer,D07,53,10.356503993915743,0.4768752742837104,0.5569673180580139,0.310344934463501,B45310A5C6D3B5B8A41FF1C91FF949016FC4A30599E76F5F3B691FE25928EEAB,6E0248CBF1F21BAB1A1DC4A8C461B8F4E8A46801364735D08B51A61B6CD24F7F,E681CC5860BC739482904AF9EAEC98ED9658F089827D425DFAAB8E31139099F4,,PASS,HASH_VERIFIED_SUPPLEMENT_NOT_STRICT_FINAL
M19,MB-TaylorFormer,D07,54,13.183524695196045,0.44638017378876144,0.5452997088432312,0.2672683000564575,CA3DE5F9ECAE90CD1F2279FBA3522E283E1C16F8B85FEFA8C041705203C33AB6,834DAEF81393AFC39AC73411D5F59542911D7F9DC23B19C999E3A4F2EC8BF28B,83C2979E462E27AB3EA3E395CFD5859681B81C8592EF993F52832E3E059B6E38,,PASS,HASH_VERIFIED_SUPPLEMENT_NOT_STRICT_FINAL
M19,MB-TaylorFormer,D07,55,13.353078181824095,0.4357756854917228,0.5138360261917114,0.2877558469772339,0ACA5791D2F797CDAE61691DC15A70A4070BE4303E25B976F1CA530779D0ACFC,5AB38AD0A643FEC9C67CB841646B0CEE2EBC0946A50C80F5EF9C721297BCD023,3AEA3335980D9B8C807941727E88959CA2C02CED37A37423C352F69D4D325DB1,,PASS,HASH_VERIFIED_SUPPLEMENT_NOT_STRICT_FINAL
S01,PromptIR,D04,1,16.547660786491235,0.8327097204717114,0.20290707051753998,0.11906230449676514,3C0D534654C7A4365A783B3C11FF6659728B8A26A0F7E3F47ECAC37018CEF9A5,2EDBB4125D4247BEE1342B2C65FA0B5D03FAB855BD24B00CFAA7A3A74F1076C7,626F916812855E9981B2480CE3C99CA390AFA71E304F74E46DF5E489DC875BFD,,PASS,HASH_VERIFIED_SUPPLEMENT_NOT_STRICT_FINAL
S01,PromptIR,D04,2,14.64548473977696,0.7951234347610393,0.23727352917194366,0.10983574390411377,83ACE0385ABAAEB78FF8646BA8C0431B42C1F1E9824382A8B29E86CED190C10C,B051CF55CA912DB2DEFDD68017A476C8F9DAF25E3981B2E4F855DAF6025DE403,655108B9038E8DB425F0F774B89C362E7DC3DA5BA03F0967DF69A2538B453E7A,,PASS,HASH_VERIFIED_SUPPLEMENT_NOT_STRICT_FINAL
S01,PromptIR,D04,3,13.731190733577328,0.6038198497490673,0.32185879349708557,0.27229809761047363,7EF116779779E7182354FA2428EDEFDFDBEF1CF7E767FFDB4ABCEBE5A26048EE,B6F7D05A209EDD9D0793F97EA607B9C6EE002C6C4B280B615F08C7D1CBB8E367,DB28971AC0BAFFAC3F0F7F80758C73D58CF68B94E09FC329454A2C2022D46386,,PASS,HASH_VERIFIED_SUPPLEMENT_NOT_STRICT_FINAL
S01,PromptIR,D04,4,15.343008235974922,0.7091288037629893,0.3356238603591919,0.2556583881378174,CC7A0ACD6AB58D7E211B155F5F31948B25CBFD1164F9AB19AEF5B3696A134446,D504F0C3AF6CD202E5FE35A7345B0CDC80502BE8E14214D8BE98644E3088B385,9558FEE4D17528A3D5A5AB25C0D6C756DD0200163035F33B9685FDF8902B465C,,PASS,HASH_VERIFIED_SUPPLEMENT_NOT_STRICT_FINAL
S01,PromptIR,D04,5,12.785157312247444,0.6169148304117161,0.2408713549375534,0.13320785760879517,69D75429BD63BDEAD8FC8391B02E51F23668508335060122D005C8A3911B0A81,69A65B307D4138E1B5F96FD220D9F1B31590AC6D5E290C8795988D4BC715EF97,982EA308B09DFCE0BDEFC2F7467D0965359B58945EB538029C06248FBAB69CC5,,PASS,HASH_VERIFIED_SUPPLEMENT_NOT_STRICT_FINAL
S01,PromptIR,D04,6,12.958750824145053,0.5873145643496935,0.3829687833786011,0.22803038358688354,369A9A7C7774DDC377084A7574F799872C847F35343EFAEBBB03BE17D2290BF7,7E091171C393BB46508BB725BFD30B1BF6FCD51A1A8FA591CE3DAD1233794C61,109A45A8C1EB08AAA933DD1604963A0554E6882ADEE942D6072C76D081C6C310,,PASS,HASH_VERIFIED_SUPPLEMENT_NOT_STRICT_FINAL
S01,PromptIR,D04,7,14.352222143966674,0.7562967226292256,0.3539288341999054,0.2262975573539734,21185097E3161D618C0AB213C8755B6502C750A759B5ECB3EFB9F51CF9E978B4,F8C284D1AF8EEADD80B4940577AA7B3A3AD9BB3E189B5B6BBF293E9595204C30,191B52B26C5B1F73C45EC0BE39361DD7A10A6193B8C5E61E5F9289AAEA662FD0,,PASS,HASH_VERIFIED_SUPPLEMENT_NOT_STRICT_FINAL
S01,PromptIR,D04,8,12.91918453416219,0.7472171217241285,0.26168882846832275,0.14008647203445435,05A6B22C5C127DE881D22D83B43BD43F91A574C38BADE064ACEA9DB34EB44E99,B5E686FC6B20002BF82549EEC3FFF547E8AC27923DED754F062856C325333A8E,66E5D7B892366ACA7EBB7934A0ECAC7E9F39E1BE22A325A2790A1499213E75AF,,PASS,HASH_VERIFIED_SUPPLEMENT_NOT_STRICT_FINAL
S01,PromptIR,D04,9,17.44987855417123,0.8175036302636558,0.18502816557884216,0.08634114265441895,718DE8A6C7D21A51C15C11097E571B3E4F0930279C690822FE98D0D95993A651,C4B2609121116B2C8C654C5E5E80D25BD588EC9CBFCD04B9013B57B8145EBFAB,DE8E00CC15256BC9756CEA8BBB64ED77A410B665BDBAB4876C03E05BBD374127,,PASS,HASH_VERIFIED_SUPPLEMENT_NOT_STRICT_FINAL
S01,PromptIR,D04,10,15.238973255965933,0.8107386848321059,0.18693457543849945,0.14477276802062988,34D9A2C5323D2FC655B846B6EF110D8A823A4F60CB617990ADE76D9DFBA418D8,5CA247E0447645686F13A31E3FE129CCE1E3A4BD8CDF731993132DC2594D58D7,CCCBC4E2FFC437FBA4A49B99162DE09F6762081EF79EE0346E5E673A8171F178,,PASS,HASH_VERIFIED_SUPPLEMENT_NOT_STRICT_FINAL
S01,PromptIR,D04,11,19.666368292743556,0.7938580493324038,0.1971496194601059,0.11415088176727295,5F54EB6EF0E843EB589BD7597C5990F010AFD78D6F850B0C831A380AD4897B5E,B7569C5C5A38F7B57AEE79603DCBE4C5FEF3AAABBDE31B67D12DA65C66963B9D,92376DC257F0C057DF72FB7C76670AD247D253188BC5E90AAA510C1D19225A56,,PASS,HASH_VERIFIED_SUPPLEMENT_NOT_STRICT_FINAL
S01,PromptIR,D04,12,14.181908496768044,0.7640541478202043,0.2557930648326874,0.16395485401153564,6CF81158987FED6BB4BFDC4DBECEDE31245E6A33DD1D67BE95824F24578B5D7F,3BFF920AF4640D93B95BC805614BD7BD38924B30CCCA62C797F7BD79F4A973B7,31C034E767F35FEA2716EB2ECA7459E107BFD635B574A4E46CF1694039D5F1FD,,PASS,HASH_VERIFIED_SUPPLEMENT_NOT_STRICT_FINAL
S01,PromptIR,D04,13,14.731257187682276,0.7165737117433166,0.18165460228919983,0.11255145072937012,24BDBCC4C024B4FAAED275344A0C60794C306F405620AE5F2EA0C9E9C48DBD33,BAA97DD4006D01E1761AA8B55545E698B899CF088F087E09E3B4897555272817,221F35875F2CCEDF139BCC4FB38BBFA5899B4985BD84D7CBE9821D53C56A1837,,PASS,HASH_VERIFIED_SUPPLEMENT_NOT_STRICT_FINAL
S01,PromptIR,D04,14,20.547640173726997,0.8871826196293129,0.15224917232990265,0.07823365926742554,66D2E2061C54CD5F5173CE90A57D302124E8943EFA217DF6B82DB6C67020B38E,162C9550C57E3E348277D3CB4567347B06FAEC07FB6BA6E03DB37F77C0F83FDE,9FF46955F68CD781F7BADDFBF76CCE6812A95ECA677B1EC252B8DB6A17AC4C51,,PASS,HASH_VERIFIED_SUPPLEMENT_NOT_STRICT_FINAL
S01,PromptIR,D04,15,16.771846826467083,0.8686692882172687,0.13933901488780975,0.07378888130187988,0A660F46D64370E6A21D9D553AD5F98EB82B6D7DF6E006F9A016F9AFFCAC60EE,1DD2B182975351D661F1E303F63F755F08A1EA7DF43F5FF173D62E149042563A,961C0316C76C0951F94044BB0782B7A5B6E57E7588A58D97EC764D81656359D3,,PASS,HASH_VERIFIED_SUPPLEMENT_NOT_STRICT_FINAL
S01,PromptIR,D04,16,16.17876080779801,0.7705881442064269,0.16631625592708588,0.08551543951034546,958326DCEE63E40F1DF57EEBE91A219DCF762E1B7FC4DB195C8235CC300EC7E0,DF75E8E547D61499452679F92FC17B26447D47C7888CA7F2FA83B150ECBB4A10,1F3E1FF9256A5A87BFAC38CDF6CB75C553C56C0F3C31D7774E927C13A16B397B,,PASS,HASH_VERIFIED_SUPPLEMENT_NOT_STRICT_FINAL
S01,PromptIR,D04,17,13.89502815527419,0.6670322193913819,0.3447754979133606,0.18671900033950806,E56C54F6F4211814D4A4700E2C51E3C911668E99A51C28C0F3C20BABB7E82A2A,B5CDDB706C2DCFAFC53DCED1FA7F704B77173B02F9890D8F2E1FD75FFEF2C254,2FD9503AF6EF58FD176BD940EFFF615101CB707656B9BFC0AFB200667D01435D,,PASS,HASH_VERIFIED_SUPPLEMENT_NOT_STRICT_FINAL
S01,PromptIR,D04,18,20.590608249598652,0.7651904495539027,0.35185137391090393,0.18025660514831543,43FC7E8F922DA9A7B2A02F0745081828713B87528BFD99FA88DCFE2C369152C1,675F029BCE112FB122C527350EF0C2381F0D7E66272A214D2995C564317E5DC9,671259D14BDFE1FBBB3F1E2BA776C2F731B6DA79D72792E6A664190CF3A58DF4,,PASS,HASH_VERIFIED_SUPPLEMENT_NOT_STRICT_FINAL
S01,PromptIR,D04,19,10.661848634129065,0.6502248927704507,0.3853979706764221,0.2621939182281494,3E65DADC65D687C514E78D0EF8207075BFC577F07581E878BED238D76C392DBF,5408A4C8607E8C201D9EBFBE41184DEF6270FC5766DDFA6F07202044A2CBEAFB,5DB487AFA9A443DF538AA8D7D1BA6259DFCA352E36AFA42C950AD86EE628B7CA,,PASS,HASH_VERIFIED_SUPPLEMENT_NOT_STRICT_FINAL
S01,PromptIR,D04,20,15.393028555893482,0.8411971972345439,0.17578722536563873,0.08063232898712158,8BBF8198B78B76A647AD3A7CD0E73CDC213CA3E395FEEC095A1F96BDEBE98741,AB2DCA787F588E801409AB469BB4A59FE4288AD426AF4806DF8223B9629C366D,7C20E642559C6633575CBEA8AD0D6AEDEDE538A51F3C73D3A29A1F9F8B454846,,PASS,HASH_VERIFIED_SUPPLEMENT_NOT_STRICT_FINAL
S01,PromptIR,D04,21,20.974590857539198,0.885467279464526,0.12601876258850098,0.09845662117004395,36A476105357D29E915CB02FCC4733514C1420DBEF320EBC971BBEABAAE905D0,1AB05A60150CCF7587104B3924BAC1DB81A9B6F870475AD6069FB33F08F41A2A,C2CF7207C77C96A7C2F99D0BE62831CD58D564ABED4D8F3779DC25B68F5ED49C,,PASS,HASH_VERIFIED_SUPPLEMENT_NOT_STRICT_FINAL
S01,PromptIR,D04,22,21.667124558625144,0.9211463783143442,0.07928131520748138,0.06082510948181152,6A582E7EFCF08A71219226CB73B73A27C003D99301784D5378EF2A6D14101973,47F4AB2C93B9C83088E2DB40A410900DAC738B1503DB25D0423FA33B4FE83225,9FA376DA0D2C251754DA5B2F14B49A21FCAEA2D84358BD2255A081A5C628DB5E,,PASS,HASH_VERIFIED_SUPPLEMENT_NOT_STRICT_FINAL
S01,PromptIR,D04,23,10.167701959655373,0.5801411902437769,0.41538676619529724,0.30834466218948364,CCB31930CB34AB7FF04304C7AAFFFB7C7341559008015754666CF2D3D4D578CA,434B68AA01184DA16DD93DB83CD9473F9BDDAA7236E46F29707A26D62E77D034,673AE60480F351DC75B7C6F2309C1E1F3AE8B0FCB7F6106C7197DCCEC4CDF580,,PASS,HASH_VERIFIED_SUPPLEMENT_NOT_STRICT_FINAL
S01,PromptIR,D04,24,14.12595099431841,0.7628146858657199,0.30065441131591797,0.24689781665802002,7396208903EEF483C8C5234A53114F0BB96B6766840771C2009F2EE47C08D0E5,2F94F1D924C537644814F82C9F78DD2901ADEE578F21C87DA409FD5879B1F3FC,2466FC3DA36B02E97648C976CCD2E238F6C8DAFA2A1B92F1D06FC6C5240715A2,,PASS,HASH_VERIFIED_SUPPLEMENT_NOT_STRICT_FINAL
S01,PromptIR,D04,25,12.17731993399575,0.6966225515038197,0.3084743022918701,0.170151948928833,7F7E3B1EB104CBBC246EC8788E300A27F5DF60D0F267FFE992A9D0AFC198CF8C,923C0F0EDEC357692FEA84FE1E2BAAE77FD890F2D8294098694D83C5D7BF2F5B,3B1291D55CB26F3534795F10384B48C5F3A393329360C7A54945395CAE6F193B,,PASS,HASH_VERIFIED_SUPPLEMENT_NOT_STRICT_FINAL
S01,PromptIR,D04,31,22.100304889848164,0.895981006565633,0.11789700388908386,0.059925377368927,C0FD0023EAC765BD9E77E4699C65E6F52F06382C395EA7A8A7DCB02EFFC8466F,CE7E848FDD9B9A8E53CEE8A80540A02E19017CB82656E4DBD934C84AB8192C79,81BB9F11E3E6218A331412C21B5C24FEDF4940ADFCC6913505FCECC09D620A17,,PASS,HASH_VERIFIED_SUPPLEMENT_NOT_STRICT_FINAL
S01,PromptIR,D04,32,16.424444267627585,0.71791581972174,0.3021015524864197,0.21088320016860962,C95071845DE2EC5A78E782C6611DA84AA42187C31A792D0B8909F51451B602D8,A5E6C4C1E13B6ED7E0E743E0045B52988EBE8835D4220C7BF5D0FA98E2411DF7,429201CACC77DC4FC38FE34588958A2D130FC9A7F24C481E87B3E9F78F84D90A,,PASS,HASH_VERIFIED_SUPPLEMENT_NOT_STRICT_FINAL
S01,PromptIR,D04,33,11.913094264185428,0.7173270307692179,0.2718595266342163,0.15503990650177002,3B555B91195CFD0222CA505B5ED0A372019BBBCFC9063D4D062F88750FAA72D8,47F2C549DAFF442A3F77ADAD6C7C3F05A85E250AE22754117BB873CC2CA13DEC,CF0B3F7C3FA855DE9D75BD16F131BB4F8AC4D27E2A84A8D038891DC52CC9776E,,PASS,HASH_VERIFIED_SUPPLEMENT_NOT_STRICT_FINAL
S01,PromptIR,D04,34,13.919449198050764,0.6481216902043467,0.2181895673274994,0.13212013244628906,49905E56427BFF302B4BFC724C35952837F0FB9423C91A44A15A04062AF871CD,45D9B0C3BAD9B62EC6033EE3933AE05A29CF7CCC1C8A3E5104650132044FBBF4,832A1A1C3BBDBE66F323D4221538457C8448BE1EACF5C403939B504E9D766D13,,PASS,HASH_VERIFIED_SUPPLEMENT_NOT_STRICT_FINAL
S01,PromptIR,D04,35,13.62961448893148,0.7082230040196901,0.3634905219078064,0.28690457344055176,7AE0BE8849F040A52755C6CCD03C1E7C04611CCED8AE2D2FFA6040116E3B1913,AA6632D2E7508666959D0D0D0B9F3E8FAEC29043C23CE2EC7D4A650A4B1083A3,E2865F95B1308E74D08A70EE260C23A579EC1ED3B92F0434532560599CEEF8DD,,PASS,HASH_VERIFIED_SUPPLEMENT_NOT_STRICT_FINAL
S01,PromptIR,D05,1,14.909058206734006,0.7181786397388903,0.337763249874115,0.18228375911712646,5617E822CEAA1E52407BCF8D0E1835EED14A86F589EC7BC01495E8864BDC7B88,53DCBFDC4EBD977C01654DABFE04CC2246570B1541BDAC6E9699BA15C17ECD88,D3672FF9475F4C55065655B3D19F8D396C3EB7C420DAEAAE45D4E6EAE489D969,,PASS,HASH_VERIFIED_SUPPLEMENT_NOT_STRICT_FINAL
S01,PromptIR,D05,2,17.06599672847381,0.7735344074793807,0.2531435489654541,0.1210222840309143,048C2C0A7B3BCA9C974BF8CE047C73288DE209B9E8B13CC84DA00E1E7062FB40,5C667FCCE9A1ECCA7DEAED221128B2C73F7B105C4DFAA7BFE7EE5BC909057F5F,4061BE4E0121BD703056757BC94EAE61BB8470286A66D55B542089823B8ADCEA,,PASS,HASH_VERIFIED_SUPPLEMENT_NOT_STRICT_FINAL
S01,PromptIR,D05,3,17.527712512232988,0.7935385360596295,0.2446669191122055,0.20992571115493774,3FD16E4347F28400F4A0AFC544C7BF1D7F476733565D2CD3BB02F72F1B9E7DA1,0EA8C6409C916E0336E1CFA98B31C63D7D0A28127A46E0FEFDFA25691CB91B76,656915CD9C16218E13E5D038A548005074ECB228B22053C13A2F1F15BD13EFB4,,PASS,HASH_VERIFIED_SUPPLEMENT_NOT_STRICT_FINAL
S01,PromptIR,D05,4,17.48022040248123,0.7533406232163845,0.28781700134277344,0.17874884605407715,A2DB1328B3F4F6F760C551ABAB19099465B7C3082F629E9BC04E893B9C8A0605,70FA3CA85DA8C2153E084C303AE5110635C6D9D3D8A2FA10593B90D029C6F570,BFBACFA40117C498563C6126AC04C088F587A30E1D8F75E3E690C7307D5BF9EF,,PASS,HASH_VERIFIED_SUPPLEMENT_NOT_STRICT_FINAL
S01,PromptIR,D05,5,14.478534762795356,0.42819489146667383,0.566979706287384,0.3947679400444031,F521C0A2A6A0A8D3BD9041F050C167E97F6FB8B3590F958BD86467A5FC1357AB,F0F01C9A961FF272D7AB18E571CE9FC78F35FB33B29493649138458DDC2DAF3A,BD4F05F84D74D4C23DE91A74DD03D60DE48075C63806A93AB2B861A8E6166FDA,,PASS,HASH_VERIFIED_SUPPLEMENT_NOT_STRICT_FINAL
S01,PromptIR,D05,6,15.186833029988808,0.6104388357803798,0.39436545968055725,0.31283557415008545,F0C64D7A3ACC73E13829DDD822E8D2544329D707DF31FD3C150D1191AB772271,284F692ABE83C7D7F26F5075BF7A7D3302F954305DD8B06C2D41294F790661CB,C355B461FB9D9411A9CB35931D1B3E99373225159CC0CF45675B2F2529848716,,PASS,HASH_VERIFIED_SUPPLEMENT_NOT_STRICT_FINAL
S01,PromptIR,D05,7,22.046974040243015,0.8574440525334602,0.1663150191307068,0.1415104866027832,64E571161C50D7A886CC22F7D31E6CBF038CE4CDEA3B5F9EFA23F65BFDE3B86D,3576D3A3C1EF68992D1E5EBE696CF03FD821C1ABF70A5DBFAB9EA687D9F67F6F,1991747B9ABD76111585034CAE7CC95F66F0327DED389C43F3DE2EC12C8DECE5,,PASS,HASH_VERIFIED_SUPPLEMENT_NOT_STRICT_FINAL
S01,PromptIR,D05,8,12.454813878624725,0.49635415612168515,0.5752792954444885,0.28030872344970703,6434DAA4F8C01279D6B92DAD6831E8AAFEC6CD3F23666D0715D72287DE8B77D3,A7EF48823C56AFA9F2CF44DEF8787391E89F3D84641BD1B920C60D90B717FDE4,FFC728623F4BE86E88C290234583982FDA997D34273E60F502DF35DBF24C1505,,PASS,HASH_VERIFIED_SUPPLEMENT_NOT_STRICT_FINAL
S01,PromptIR,D05,9,14.304846832384657,0.4195882805764867,0.6256205439567566,0.47108620405197144,19AD82CF7EB8055796A0E7948F51430EE9B57BA6F03890D1D418CDD8905245AB,F2F9EE2966C2BA1676947AC453F226689E435A398A31A9D87C601B23F6D33785,F19BA8F5F7DAF00C6B2B0F1B241A57ECFD23E0CCC8253B1CB95145C66577E3F1,,PASS,HASH_VERIFIED_SUPPLEMENT_NOT_STRICT_FINAL
S01,PromptIR,D05,10,13.945630062528194,0.7154101309833827,0.36153775453567505,0.2369939088821411,A34C1732598E8B49083335EE8E030A0116FF11942E8E6D678CE3634E543A361F,F5BB3CDD8067CBC211ED4897EB8008B353205AECFE648D732F33C569E8BEFE33,B871EF41695315025BC50E50C7DF5E26DEF67B5757916EA507D8364EB9C4E64B,,PASS,HASH_VERIFIED_SUPPLEMENT_NOT_STRICT_FINAL
S01,PromptIR,D05,11,13.796517283969001,0.6288219659807174,0.38368165493011475,0.27689534425735474,7B1A936B06A0B8463FEB093F131E640E40624749382F524DB69E9BBE52B37173,B07169B798FF75F9CFD2AA2DB20325DF8825562D800728E1B8E4555CD4C80C7A,B6F54FCDC062D62B3E3C9CD540217F39D38534E75FF18F970A4E0BCE75517B8A,,PASS,HASH_VERIFIED_SUPPLEMENT_NOT_STRICT_FINAL
S01,PromptIR,D05,12,15.197217715799685,0.7192944050878946,0.35475847125053406,0.2274000644683838,4222656C62CC3E571F6B1E4C5B4C71B2E21517BBBD9CA3AA381B56332B267EDD,806555EDB0833D98300224F41559E43535B567775FC013E802AC7640CBE05BC7,FC88544B3EF4D130683A519D615A4C895386BB7B02F66DA65FDBFE92822005C9,,PASS,HASH_VERIFIED_SUPPLEMENT_NOT_STRICT_FINAL
S01,PromptIR,D05,13,12.885907300926554,0.6007955395602037,0.4971737265586853,0.3377876877784729,977ABD49F66B81417E9174BCBCE868608C31751C9FC4BFA866EF34FD802DCE40,15503F04C2CB5B2DCB5113AE8AA8D8AA89E802BEAD6B6DA16D5F324AD80777AC,9C6EF5A1035629CCCB0F71F5370835F345E46D5385EE72ED83EDF23F949F2A0B,,PASS,HASH_VERIFIED_SUPPLEMENT_NOT_STRICT_FINAL
S01,PromptIR,D05,14,18.33920340736909,0.7904464747029798,0.26524409651756287,0.2259763479232788,246FC0415F51A607CECAFBD82622B91C70329BB2FE6320F137D15944F41BAB6B,A5CB1D302D65F4DF8AF4D46EEF441F7275E76895C28C3529C7AD2126F6599C95,F074D6547526A2B5F973289712F437CD4BA896E8DFC4BAA67733BBA0269D7444,,PASS,HASH_VERIFIED_SUPPLEMENT_NOT_STRICT_FINAL
S01,PromptIR,D05,15,13.600729334841402,0.6481669670345277,0.4078921675682068,0.29814016819000244,AA650654D043422CA7CA33540D52712645D9DE0A1C11EE3550443ACEB01304D2,2399AF2F70BB47D7AAE26101C974F7C99C910619F31ED199FA4F84A94BF2E8A0,BCE18B037CFF80C3DDA674C3650BB179718699C3AF6C7F36D3DA80E052BE86FC,,PASS,HASH_VERIFIED_SUPPLEMENT_NOT_STRICT_FINAL
S01,PromptIR,D05,16,11.98809400409737,0.5250608383490499,0.6167118549346924,0.47192448377609253,A34D3094453208AFDBA0E80FF00D0B8723227CF6B8AE8965EC23104E99FCA9DF,F56B229B99E57C2F8617F6652238124FD8C0186E77BEF491F2121C541529E1EC,9C9F77E43EC2CC3CA516D179B064DEF91B154DA493B7846F26289230663735F2,,PASS,HASH_VERIFIED_SUPPLEMENT_NOT_STRICT_FINAL
S01,PromptIR,D05,17,10.95314298166619,0.5248772759927977,0.5583222508430481,0.38170111179351807,7F2CC1E4D3CF76F5F4A8E2AF50B82457D6773ECBCF451C9A17DEA6DA9FA65838,95FB456377FF9E1A41A33A46FA19AD8CEC61F3AC3DCC66117350C328AE5DD15D,58594BFFE46ACF731B6C53707BA6F60045F9D8445DF0F775F125C3DDD329779A,,PASS,HASH_VERIFIED_SUPPLEMENT_NOT_STRICT_FINAL
S01,PromptIR,D05,18,16.288037674890944,0.709771942014407,0.31483766436576843,0.18491947650909424,E50EB742F07CAE64CEE4A4DE3628928D6335F4F5B0A541D64D2A9B555FE57078,2E1D305A4C94E175FD80E3E5167BE6BC7D8130D913F3DADFCF77E75152124584,416D330D4B1C572CA60230504CBC89D62E936C6EB9E7BD01A0BC2D5F1C2F384F,,PASS,HASH_VERIFIED_SUPPLEMENT_NOT_STRICT_FINAL
S01,PromptIR,D05,19,15.183132613086984,0.7573015284800269,0.2963768243789673,0.15652084350585938,6C5CAC2066ECAFC48120FEBDAF0B2FD62E554D960EC79821579BE7B0B93C886B,C4F0695123F82C180D583489F57C8D065DF7EAA148F4ACBE9E38AFDBC0FF034C,72D94A9D7B6098A249F98790477D1F4221D3402C2CE08C38B005C1F28127896B,,PASS,HASH_VERIFIED_SUPPLEMENT_NOT_STRICT_FINAL
S01,PromptIR,D05,20,11.350857891886562,0.5393519674133245,0.4944009482860565,0.28226155042648315,BC66561B39C77894D5DA42F1760D11A1C255FA2E6D9CECBF1C60C2EBEA9A5B1E,0F243A6FF42B176D7FD505B0F9369023BF724498CE555D16BF5C96E8728C6AEE,46FC5348059F438AB76D7578ED7E4A18A95EDE087A43A9E57A14F509CB87B6A1,,PASS,HASH_VERIFIED_SUPPLEMENT_NOT_STRICT_FINAL
S01,PromptIR,D05,21,16.43276160106362,0.7017512917706469,0.41256266832351685,0.27749788761138916,069F11F974157E01D0C205B3BB74787838DCB6C9F572675EF8BE52973749CF88,259240824FF511C499487549ACBBB54D4B22A0EF45F6A31288656DED08467352,5E3BE7AB317B60749736E3FFCE1FFAF7031875684F64764ABFECB75F1F0E8307,,PASS,HASH_VERIFIED_SUPPLEMENT_NOT_STRICT_FINAL
S01,PromptIR,D05,22,25.080186809738052,0.9339666145653425,0.07797084003686905,0.04321187734603882,027F98CC74B5071544C780C4BF27BE6C33F02E6BB80F7B32E19B49280AA57647,15B7A7B47BB42977437541F8497F69D14985F3C88E72775FDAC4CFF963529E26,40BB2F2C83424133E756EAB421DA408EB1C5FB9F32FE7389F50D752834EDB455,,PASS,HASH_VERIFIED_SUPPLEMENT_NOT_STRICT_FINAL
S01,PromptIR,D05,23,21.97131694860683,0.8941833103565789,0.12790672481060028,0.07822626829147339,AD2E2E1D351ADC63E72C962050AD1C5E4649585F5E843EB5B0E4BE18A4EB25CB,2BE0C3921A195D62219DDF3DEFE8D85BC03C0E5C811B4C79E89B5595DF6B9C88,285D53DA777BFEE99FE387DCE03DCAC5AB50D4DE6099588E68D18449E5F40D9F,,PASS,HASH_VERIFIED_SUPPLEMENT_NOT_STRICT_FINAL
S01,PromptIR,D05,24,16.869168771975847,0.7529383729001085,0.31416934728622437,0.1929965615272522,FFB1C16B59AABCE6B64480A23E2E805760C05B8F229D6209FC97EB459A71333A,23939243C8F40539CAB9B3FEB8CD6A7CC003511C759FDB133CE06BB44F5BAD21,D5BD68BBC251C092C5014640BE6A282872B5A17DA6666317D5D58DB969D58392,,PASS,HASH_VERIFIED_SUPPLEMENT_NOT_STRICT_FINAL
S01,PromptIR,D05,25,15.116795914913313,0.5757952822449894,0.4956088662147522,0.3784193992614746,7AADDD9526587BCF8EF52FF204DF7A8F7FCBAFBD07129F8135AEB43FF219EAA3,18A3324C132B01DAEDE2926101B3438A0EC51F25A9668B517A50353B9EE533BB,B168EFB14D37AB03AFEC323843376B42B3C0384AEAB0F265CDA9413DA3B31F86,,PASS,HASH_VERIFIED_SUPPLEMENT_NOT_STRICT_FINAL
S01,PromptIR,D05,26,12.347250169697375,0.5235795043247425,0.4312492311000824,0.30274099111557007,C08AF8D3B58809F658DD29ED6462DF1B3000142F9F0EDDE8126E18E26CE36A7A,11B17173970FB5039C2339518355CCB4EF4604735792D2DE8A87695AAD27C5CF,E7678C7655B88E330FBF28D178B6FFF3A79FDBFCA5EBA6282F64813AF703F26B,,PASS,HASH_VERIFIED_SUPPLEMENT_NOT_STRICT_FINAL
S01,PromptIR,D05,27,16.016409331703926,0.6532394704155484,0.35967108607292175,0.22192174196243286,935155512B2D2C193E1E068BB4119B09DED1E575C02785EE73DB4B4568732545,BCC47F54E74F8215F4E023D7356919B108FC232A9B466228D1608F10C29D8749,80544FABFDBB483FD91ADBDA75E86D6FAB4EEB252C7BE74DA1756F49944135DA,,PASS,HASH_VERIFIED_SUPPLEMENT_NOT_STRICT_FINAL
S01,PromptIR,D05,28,12.676531007981229,0.5654384734543906,0.4907139539718628,0.39135921001434326,3F50871D11D92AF7B087677B261E27599FCFEC8F87B5C2676BFB8A161A72741B,25CED5C3A0869E998FB089305E6DB04B964A6DF09211177B7146F2D8EE75019C,A7E655928EE9D0CD3A9B1AD56C1727C3E46C09CD08DD08DAD478A0B1C3FC8093,,PASS,HASH_VERIFIED_SUPPLEMENT_NOT_STRICT_FINAL
S01,PromptIR,D05,29,14.235506745607625,0.5165406995372529,0.5478679537773132,0.3974127769470215,81EC091E78B674E82712EAE54F17CE3989A013C3165C42E7E4351164EBC3A1B8,3A02340286A32C2221E2047C6A1B982701F4680E050FAB2D6B2195D167518373,9C37703A6DF9D3B26E7EC52BD0276E787F885CD330C38AC2D4F37AF7B3ED1D58,,PASS,HASH_VERIFIED_SUPPLEMENT_NOT_STRICT_FINAL
S01,PromptIR,D05,30,19.67605537395682,0.7377778418029551,0.2559848129749298,0.21895456314086914,14E10933E531932CAA59CFF583C77F6477A386864ABE63586A9EB798A79FFBC1,2C939BAF94BBD4ADD2421C272D192D45EF8261498DDAE27082ABF608944275D1,646729964962C9385FAB7DE20BDA5477F2A9F4B926E2D0218EB9F4F3121FB801,,PASS,HASH_VERIFIED_SUPPLEMENT_NOT_STRICT_FINAL
S01,PromptIR,D05,31,18.686670735256868,0.775312688298134,0.2622728645801544,0.18505173921585083,4EB5F6115066B5B44F89B71158CA65ECA5606E07B7EE76D18F9DB017DF02017E,93B5BDDB161F5AC8635C560711F86E9D50007B821AC42AD66EBCFF47A7ABC847,8B25E54E7EB735FF1143EA3AF1F71192EB0CEC037CE30660C04CA2D9B01C1785,,PASS,HASH_VERIFIED_SUPPLEMENT_NOT_STRICT_FINAL
S01,PromptIR,D05,32,21.404302976899924,0.8384465015721156,0.19430239498615265,0.17667347192764282,3A0AF12C5C9A38E04AD9E40F558C7EF82299C20A09EB055373A75EF5AF1BC091,2DC61724CB89511613BDE3E46281E159DFBD81A52948E5FD75839D70EA3D5770,EA8AB108E189B5EF3685B6627CAE365F76E6FE52EA579AE8D46D2F7E5EAF934B,,PASS,HASH_VERIFIED_SUPPLEMENT_NOT_STRICT_FINAL
S01,PromptIR,D05,33,19.858144491998072,0.7974416469896349,0.210313081741333,0.20188021659851074,F9A149793D9210C8B1D19D2030C8106B0D8CAD20C2D5C00F5DCF7D7205E2BE3C,F3D6CA89C17499CF57A027570E3D5138A9C3A7ACDCF5C1C05846829D3C8396DD,C65BD47E5F4A4ED7D7CAA85F51085A7323FD1C7BDC63920C9B2F4BB6FB60F013,,PASS,HASH_VERIFIED_SUPPLEMENT_NOT_STRICT_FINAL
S01,PromptIR,D05,34,18.238112928592468,0.7766508811424674,0.22685039043426514,0.12177920341491699,3E232BF58CAFD8FE975659C3F23A303E0369F8077CFEB0EA029806D14B42E1A6,A9F0E2350D12597C0152B1F9980A5B9C04110998A7CE9C7BAE1848BF76327726,D3BC6E7A559CB52E15FB3AA2C61125AB43925E05B9761313F2123D7F96209D10,,PASS,HASH_VERIFIED_SUPPLEMENT_NOT_STRICT_FINAL
S01,PromptIR,D05,35,21.285906319659848,0.8701298236346716,0.15498316287994385,0.11706757545471191,4C40A00796111F3D0635D323AA05935B18A9E06E1957092F716CD9DB97505EF4,5BBE34BCAAD603A755F20863D53AC35DF8ACC78DA7ED12696113D088AD97A3E7,B8966727546F374649AF61B7D20BA0C3A85CFC9B2D074905C4B48700A703EB79,,PASS,HASH_VERIFIED_SUPPLEMENT_NOT_STRICT_FINAL
S01,PromptIR,D05,36,17.7113281654706,0.7361822543364064,0.2930988669395447,0.212243914604187,72AC49F3AF6F23430C86734FE016FA596D8DAC5634E2536D4B90A23486FB9CBA,ADDE3C96E7C2EA4DB5A80D36EB25AE68014581FBF29C19ABB45E7451D209F37E,9D83DD8A0265F40BF3C48CA6D041926F5CF56EA4629AB65A139329C92D909D2B,,PASS,HASH_VERIFIED_SUPPLEMENT_NOT_STRICT_FINAL
S01,PromptIR,D05,37,16.27304192444643,0.6522126927894702,0.3676741421222687,0.239915668964386,A06B19F2ADC72BC1DBEFDE55003F9E242F07638B7EADE116AFF1F7E1A59B615E,E9AF481F2A1E0ADDC74030F128BDC11E062BFAD1F343A4F1E5320D034F1E2B75,977008F1116D638529AADAE0D40DA0CB7D7A25B0876E75DFC47F8EFA658B0CF2,,PASS,HASH_VERIFIED_SUPPLEMENT_NOT_STRICT_FINAL
S01,PromptIR,D05,38,14.438787508747577,0.6774844167387646,0.4158877730369568,0.2774171829223633,EDC53095283E1B2282CF0FEDA9F362CA7FFAB4A83410E12A271910824FF6E8BC,016A1A7EDF273F874151ED98B065B6FCA3017CE6B95FDCDECAAD56D0EA29722A,3A4E8DCA9C7C97723280EA4B1AF23A9A068069BA8496ABC6AFDBFF82A5BD5CAF,,PASS,HASH_VERIFIED_SUPPLEMENT_NOT_STRICT_FINAL
S01,PromptIR,D05,39,14.509951233937404,0.6370587693108908,0.39943015575408936,0.28592920303344727,43FD00FA723E0672D4D94C57F199D45C562EEBC216C8761B6D4D72F35C295C04,D706B271E3C8AAAD4FE78FE8A767559DEED87E60E5DC9D2D4A658A24C72A45D6,2DD6AF44816A1D53E3870E4F3415D80458A2ED54F2173D2DE4425C82E5FCC0D4,,PASS,HASH_VERIFIED_SUPPLEMENT_NOT_STRICT_FINAL
S01,PromptIR,D05,40,18.299084029068137,0.7410937554644293,0.280556321144104,0.2132810354232788,C793D6DACD5C674335DFCEF325448614442663A1E1A41041782741B484E54AF8,8CA115FF13D678E9184FB1C278BDF92F86524BDC7BCFD420808F76CB0CD4E965,2DB8974472AF9E05393862111678801D991A3B9EB989FEEA2B0C734F9847C3AA,,PASS,HASH_VERIFIED_SUPPLEMENT_NOT_STRICT_FINAL
S01,PromptIR,D05,41,21.30057065158608,0.8644189489623018,0.20708146691322327,0.15317881107330322,26548992D267C16A04787BFBB4CC18DBF1F9D4A9C9C32AD6DF9E8272F9BA5779,0F1C00F69C4DB273F46256558A67C5EFF9C558C4D7F538B02BB9A7DEF52615C9,F29320DB6D724E076F7F75E299614ADF4CF6C52A092ABB79D6D20FDF45F74C96,,PASS,HASH_VERIFIED_SUPPLEMENT_NOT_STRICT_FINAL
S01,PromptIR,D05,42,15.463221435997195,0.6099694955577079,0.3739681541919708,0.2688562870025635,88055862A2A7D024A0B87A2D896143C5810303ECE53AA3ED01608ECAE9437C7F,CEC706EB619E86F00AABEFE0A57151AA402010FB282F3393535A535E27378736,869D0E8D7D4243B4CD25C1E02BC728250D14E64FDA82BD302FA66863D6867A0E,,PASS,HASH_VERIFIED_SUPPLEMENT_NOT_STRICT_FINAL
S01,PromptIR,D05,43,21.808169074114552,0.8731934002213125,0.17219895124435425,0.14816468954086304,AA762707340C64BF3375CFB66E8ECDAC5657540024BD837242352D994E6E974D,ACC6AD03B3CF01552BD1D8ECC1CDDA971B039FE9AF79B2732A8B3BF6F62C6E49,DA9204DAF1FC0B2E59AF1F5C0A1E8C62B0B3B4A3EBF89057EDFC1F4C7754FE75,,PASS,HASH_VERIFIED_SUPPLEMENT_NOT_STRICT_FINAL
S01,PromptIR,D05,44,19.98104748583379,0.8119762751818129,0.21610289812088013,0.1740553379058838,C9C9AD279E573FA522A7D1C5DC015133AFDA31A3A692C9855818F9FB7754E0E1,6F55F38E564BB18AB0B91ADB42953D417A03DE44382B1E4AAF9367F17F869223,FF6144DAC065BFBA7208344190C94067D03392676C17C73B0B2BEF656849659C,,PASS,HASH_VERIFIED_SUPPLEMENT_NOT_STRICT_FINAL
S01,PromptIR,D05,45,16.226817250889503,0.5870899673836343,0.44583773612976074,0.35038119554519653,71F257B3B2CFA7945536825D9F1296024F8F9FA150AEE2D73CCEDE854E6A2EC7,2C139A4592AD739977A27D4DD7AB459FA20139838CFA7796BD15AD5792D543E1,242293E4538CA2821B3C8DC823BA0741C8B30FC3DA602954439BD42CA8CAC1BB,,PASS,HASH_VERIFIED_SUPPLEMENT_NOT_STRICT_FINAL
S01,PromptIR,D06,1,10.660646833492828,0.4037339076400262,0.8231216073036194,0.5194144248962402,28D483EE2ECAE7E22E4DAB43E74216587FF6604AD354609815567F0716FE3713,9ED841651FF20BF8F8636345BA3366395A5317A51C4FBEE6720445349B695377,0597160ED2B99355931C0BBB91D93C01A728C7DD265CE9FBDC3BBAF60AF3ECE7,,PASS,HASH_VERIFIED_SUPPLEMENT_NOT_STRICT_FINAL
S01,PromptIR,D06,2,16.53919114922018,0.3735421848153278,0.8524250388145447,0.4829396605491638,134860C6C2DA0FCE9A97C8BB53E91039FF661CE28A074FE3B3279816ABC66BFF,6AC611763B08EE9DCE1A5E21507CEB665BC266FADA97AC5E6FCD76D7067EC883,318192F1E92002E076CE66A6771F69C8208EFBE406FC5AAD2D8DA4A37314EC95,,PASS,HASH_VERIFIED_SUPPLEMENT_NOT_STRICT_FINAL
S01,PromptIR,D06,3,13.727802356463815,0.29694668826815884,0.9076579809188843,0.5597399473190308,006F27ABC8E126705555A4285ACD79D314915C77150940E2399ED60F417312FD,5AC49F9CBC4EF1A76ED1E612212C2943CBD487689C04C5E39D9606C85164D22E,ACB66B9CD33F5CAC5B90E5CD05E580E64D815225E46AD6D602C8771F1D270856,,PASS,HASH_VERIFIED_SUPPLEMENT_NOT_STRICT_FINAL
S01,PromptIR,D06,4,10.257824072374241,0.18787872154775873,0.8167635202407837,0.5742141604423523,55BD84BE636D6A8BA343BDC6C0DE0584D6889357CB3D34735FF0F78E940AD09F,E082DCCE315F5C0ADBC2EBF1452878836DDA1C622F5A306D2E9E0786999C7D4C,1C40AF5E48DBED020D7006F530A8503870C2AD28E14489624B6E826A37E9D506,,PASS,HASH_VERIFIED_SUPPLEMENT_NOT_STRICT_FINAL
S01,PromptIR,D06,5,9.65690283686679,0.3896828293982639,0.7879951000213623,0.5513403415679932,24EACCED76A470F04D9276F248AAB0C3CFF3C058246792F742E2E3CB7A6380CC,B5400CD64D590E3A6194C4B9A2E56393D5D35B5D117B8F6BCC3928822465D9B6,9397AC15D590503E22AC8A9330F72331D4393169F58B4D71B9C7F7774D1DF8A8,,PASS,HASH_VERIFIED_SUPPLEMENT_NOT_STRICT_FINAL
S01,PromptIR,D06,6,9.44110758856981,0.38669956558730645,0.7849447131156921,0.5459542870521545,9341A15AA8360794632AED0F593CE4E6541F798AA5B8628F6DCF6D6D0D249BC3,E000DA4B0BF9E38CE6B0618757ACD57D1CEBF5E34EFD182D0EFE3B982A379795,7940E23CBD229F6C572C757639A88315E2164677B09D55A3E6301BF5FAB4A213,,PASS,HASH_VERIFIED_SUPPLEMENT_NOT_STRICT_FINAL
S01,PromptIR,D06,7,14.36549121756178,0.357419543725834,0.6802513003349304,0.4940621256828308,2132E15598A04E4CB042242D3E5DDE1F0FCD5514C57B8725D4C397DB118AB11B,CE62D9856BC056878547F02D8F4544720EC5990C800826BD34717BBF74A319CF,A2555E0984564391E86E1361E3CCDF784B78BC7F550E25D9D39FCAA497CF65C1,,PASS,HASH_VERIFIED_SUPPLEMENT_NOT_STRICT_FINAL
S01,PromptIR,D06,8,9.620234405191665,0.22320839338974494,0.9342598915100098,0.5894061326980591,D899B7D6739C06AE2AB1ACB81682AAD5EC7C1374E6381E67C8DF1761BDA7BF7F,CAE7E7C1EDF709DBEF8A0885A2B5389CE2A5FF9D2D1ABA7E8491576D982DF5DC,92154626C9D3C78CF65A594E022CE225D3EB477B55C085ED664070312A33139F,,PASS,HASH_VERIFIED_SUPPLEMENT_NOT_STRICT_FINAL
S01,PromptIR,D06,9,14.221987986199638,0.45241108830538684,0.9238860011100769,0.6007175445556641,EEF4D07864BD7DB244F0A806FCF200ED0288C07FAB8BF3843F6AF1B33B360C58,2B39C36701D4876E7B3AE9400FF1D86AB632239038EB17A2FC3C7A771BC29B54,324D55B9A7DF91CFBFE568DFFF23BE435016FBDC59C3E41E337B2E4469391368,,PASS,HASH_VERIFIED_SUPPLEMENT_NOT_STRICT_FINAL
S01,PromptIR,D06,10,8.090164902555584,0.2957303911357378,0.8277816772460938,0.5795712471008301,EDB9FF85491DE7ACFCF706623ECCC9863C787C3E426763FB1A2CFE0AC143D633,C679364383BAC2EECA0DC6B66F1992840DDC505BD73D093DE5C9C67FA05CC990,E8C2824CA3640D79003587A3B4FDE6B7CD126C45E7202302C4AE27F2C7808657,,PASS,HASH_VERIFIED_SUPPLEMENT_NOT_STRICT_FINAL
S01,PromptIR,D06,11,8.564888122417209,0.3160778709769801,0.8084883689880371,0.5742155313491821,36EC563EB560C4735F19351A76A78C09DDE6F9F87549195DD271F447C3684FA3,989839A9FE1DB898EB1E44FD4592EBB962351E077E81409BB6D03C7D8999356E,47DA913D1B8CD8202383AE15E6E4156078F0155085D4FB47FB2376809CF93F83,,PASS,HASH_VERIFIED_SUPPLEMENT_NOT_STRICT_FINAL
S01,PromptIR,D06,12,14.721209173121965,0.5154222843017173,0.6692404747009277,0.5633660554885864,C5CA312E60B3650041DFF8DD81C5E9B8BA928535379674BD79773319B65E98DF,8FE85AC8A887DBE584B5B70E4BA908B05569C5E2A6D72C45C88393E109D653E0,8A63738FEB1A863045962BB3B5C0EE36236C4192EF6A13973D64D4017E682D05,,PASS,HASH_VERIFIED_SUPPLEMENT_NOT_STRICT_FINAL
S01,PromptIR,D06,13,14.382135516598396,0.4252901543792443,0.783663272857666,0.5688720345497131,3E3CCF370C0E5A20CA86428C3DDDE8EA1990A195A06BEA69FCEDDAAAFA9E5696,546B915EEA0AEB7AB290BB7B6BBFB7E6B67BBB54E56C0937231556ABFAA32ECB,1E9E00B1BC5BF72CD5EF3704CADF1C33068090D82DB63063D723778FB46FFEF7,,PASS,HASH_VERIFIED_SUPPLEMENT_NOT_STRICT_FINAL
S01,PromptIR,D06,14,8.584965906641015,0.3799391424496977,0.7979663610458374,0.5622731447219849,CCEE2CDAEFA0A93958EE30031D4B2A39C661737EA1EA983C420674127715AC0E,8932E017C3B59DA3B9202C8133D3CD0D267D05A7C2839875FDAEDB5142998EC7,AB4CA741CB2B8C05520155BBF3B16C77FF9AFEB0A41BA344862FBE8018694A53,,PASS,HASH_VERIFIED_SUPPLEMENT_NOT_STRICT_FINAL
S01,PromptIR,D06,15,9.491531167867805,0.45209659922076306,0.7625853419303894,0.5669825077056885,C2B22D2DC3EF07C16936BACE37FD89533DBDA0D65701E97AAF93DB066AEA6056,ED66F848BC19AAF95EA3F836429497324674EFC70C5B201A91A369D2120885C5,C89A2C14FA759FF987B290822383E4B369A39817E627BACDE6A47CA1B4000176,,PASS,HASH_VERIFIED_SUPPLEMENT_NOT_STRICT_FINAL
S01,PromptIR,D06,16,8.110908417207813,0.22006062118671266,0.8969765305519104,0.644517183303833,B7D9F5C033B21B3AAC02AD0ACD53F54D232EEB24C4D10E44902419C1BBC400A6,DBF7FFCBC8657C2BCC9E8E47A7EE8DE7B4644223C8DC023B0B3C2BFE6A20C67B,D5F3C2481A8AB1180115754B3E9C51F96EE9B2085BC34A3B1FE143DA0BC753FB,,PASS,HASH_VERIFIED_SUPPLEMENT_NOT_STRICT_FINAL
S01,PromptIR,D06,17,11.048162904667109,0.23470509200922804,0.8331953287124634,0.6555509567260742,A0F274D8B271C6193552014BAC75F1CC9A6DB1514E67AFE154C755B61AF77ADB,EF795846A7696089899739E9F674AA4B3EA88776EAC373D1B9177846BDAE2BC2,14FA04F50B05960CFF976D4E21394A4B4887386EB7412F456FE220D1BEA06E07,,PASS,HASH_VERIFIED_SUPPLEMENT_NOT_STRICT_FINAL
S01,PromptIR,D06,18,13.20174447706081,0.4320036652429926,0.6927404999732971,0.49361175298690796,24E0011E35384905DD680E0D8A4A285D818AF3286B5945F2E3D6FEDDAD0E1AAD,624642F5D30C4D807E4156062BE8D38273DFE0C7993B2230A80F3179880B33A5,B3368A797A0A0D9FB3178E06B4024B6A9A3CA48DB8AB85710870A80785DFA7CE,,PASS,HASH_VERIFIED_SUPPLEMENT_NOT_STRICT_FINAL
S01,PromptIR,D06,19,10.686107922383243,0.43837204183334166,0.7467883229255676,0.5651195049285889,CC351CFCB3246A286EE2AF5245E6253940AF25530C52F9E98267FF9395E412F5,E90FA9E3F510FD18128F9E46253183CD998FCE49F6F9373D03A33B3D39D14BA0,C7D95FEC17A0AB0958B3A16556DEF177E35E43EF45B19FDA5B19267CCF981DE1,,PASS,HASH_VERIFIED_SUPPLEMENT_NOT_STRICT_FINAL
S01,PromptIR,D06,20,12.256466193950349,0.3557052962952963,0.7077751159667969,0.5161636471748352,987C1D848366DD1B84A7141B5AC2F5452DB7047896FC2A41C121AC259EFF3773,40D87A8EBEAC674460D9CD72E74F9B026716F858F604E6EB1DBB2478208C716D,724B1343BA411AC03509DC3EA677BA2EF5AD0F29D60BD9B40C611C2608BEE065,,PASS,HASH_VERIFIED_SUPPLEMENT_NOT_STRICT_FINAL
S01,PromptIR,D06,21,12.647274853950405,0.43396142636735213,0.7495932579040527,0.5587440133094788,6307ED17DBEA16BFF63743D58A5371C35781CA68446AA87B7A05D0E838E1CC8A,5C8BC9FFBC8201C16E9BCE5D90A5F161A9C8DA8468748E2FABF80AAB4FCDB643,93C84AE8DE105A039E4CD00A8F6D64B628A1D4A562D40063CDBE42F2A1043038,,PASS,HASH_VERIFIED_SUPPLEMENT_NOT_STRICT_FINAL
S01,PromptIR,D06,22,14.267671398706096,0.38101411386516143,0.8352859020233154,0.6286126375198364,658DAB1A00B41191DA6A17878F89EBF1C6EE4B679E76B985B7F5A6178124CB2D,60B2E368C115B017373BB3925BD64F0FFC7489196EFA4F7F2D51B1110EEBBCF6,B097E3C555B8BCF9CFEE616AC7B2EFDB569A67D16125E50F05DE2DDB8C88BBF3,,PASS,HASH_VERIFIED_SUPPLEMENT_NOT_STRICT_FINAL
S01,PromptIR,D06,23,10.58202929541477,0.3723346701607828,0.8540040850639343,0.6168842315673828,2DF3BD74DFE3A4D18ECF6833B7D7FCEAE1FEDAE4039223E1E86DB754951FB8A7,4FB429EA54743E65809DEDD34FE869410472A853F1343D8C0827CC34ED7A4C77,DA50A7F13AD08CFBFA39247750668739CE385879F1320735CC99A2D6560D9757,,PASS,HASH_VERIFIED_SUPPLEMENT_NOT_STRICT_FINAL
S01,PromptIR,D06,24,8.130123383675498,0.25411829252749296,0.911654531955719,0.5903192758560181,63725360B9BB3B219193A540E9F457AEC2DDFAFA55B5286BA72EA9295CDE274E,52F5674DE315B42A7874D987100F209DF1337734CFF5E8C92FB9ECD104156BF6,54837A397A4E8CCF49337F164153626825CC9164F3D994C840CB4AC333B3B81A,,PASS,HASH_VERIFIED_SUPPLEMENT_NOT_STRICT_FINAL
S01,PromptIR,D06,25,11.391757265265227,0.43902966911149993,0.7526145577430725,0.547348141670227,0F2A2FBC80EBBDAD0A61F2FC86EABB120D31DBC05E7C58168098E0C6AACA4720,0BA15C9EBD7688A8A22A10AD657BD31E27ECE3F24B3E8778F0BA5D00AE09BC25,C7B6436C597FA203AFEF0F93099819DEC78C1D8510DD3F90D7F4E698E52DC9B6,,PASS,HASH_VERIFIED_SUPPLEMENT_NOT_STRICT_FINAL
S01,PromptIR,D06,26,13.275599441400608,0.3846459188564175,0.7990810871124268,0.5639427304267883,CC1C5D476941198784445EE48CF4A0618B350C1DDF195451C8AFD45306EE7592,06AD8C9C2F0C009268BB287F2C4FBF0119DC85F1831B4FC286DAEF45FD4805C6,287F13BC417D5635CB8D9BE1F55D3F59A4DCEBBC8345DAC4FAE54DEB9978AF7F,,PASS,HASH_VERIFIED_SUPPLEMENT_NOT_STRICT_FINAL
S01,PromptIR,D06,27,9.243132823003585,0.2766246361227393,0.8468030691146851,0.5470057725906372,74B1A368A32180329F912850A4B622FF7CCAF0BFAFBB49931319D018C95CF861,4B8D83C4CDF79AEA0AECE2B70A36F852D458F3963A74AE4256179C946622609D,ADBD2910C88F8A1C18347602907DAE620AE433B9CCBA4FA57CD0A54741AF74F5,,PASS,HASH_VERIFIED_SUPPLEMENT_NOT_STRICT_FINAL
S01,PromptIR,D06,28,11.515574060084086,0.6199627898986165,0.5170015096664429,0.3525044322013855,86CB8BFB9D9B93E243E70A7B06750BB4D600F9824ED1C5413481279F6A3EFEAA,D946AF2A3985F8AABC9657C944591DD577D2D5A34CFBBC2247B328651226AA9B,85D08E6BAE3CCCEC8BFB252DFC78DED78C1C34E0C3F7F04F90440EC6485D108D,,PASS,HASH_VERIFIED_SUPPLEMENT_NOT_STRICT_FINAL
S01,PromptIR,D06,29,11.75742997212933,0.4267296654885959,0.7621920704841614,0.5619802474975586,2E217089D7DBD0D87A7278BDE3316CC67BB5AA909F0B2C79D37ACAC25D9ACB43,B2A6F36C1346016D992A3AE0F5320976D04A6980828B9BD4626EB5DDCA8BF39F,0771EF55C84E017C249002BCF3142DB0B08743FD451775F76C51556B2A9C057D,,PASS,HASH_VERIFIED_SUPPLEMENT_NOT_STRICT_FINAL
S01,PromptIR,D06,30,13.056664578450913,0.4832757140515945,0.6818754076957703,0.4674617648124695,F805D7B18D0450840510982C28BB488F49971E13370FEC14BFCCD5D90FA3D55C,1EE74FB57012F24B04F04E826AECE6D29063371B122630F228671E9C662481D8,80EA3913E4EC159FF4DAF9F966BBCA030140D89D8D9596F8CD65602B59610DC4,,PASS,HASH_VERIFIED_SUPPLEMENT_NOT_STRICT_FINAL
S01,PromptIR,D06,31,9.394018407709163,0.4589869816517444,0.714590847492218,0.5553600788116455,5B4752F6B9AB26B81E82D0F5050D45216E4224B58A5C1BFBA3B1450087522335,23E6DD267CD37701626769B780C7ACF0B1DB9DE5CF948BCE59A254A49DF093E8,6974DE6109E3550E23434529826D1DFDD3D96E27A573CCB642AED6610D424E0B,,PASS,HASH_VERIFIED_SUPPLEMENT_NOT_STRICT_FINAL
S01,PromptIR,D06,32,11.562708312337888,0.6935029189994241,0.4873652458190918,0.31251072883605957,BD6B4F664DBDD67FD65C626D6305C2D749E8BA501BB0B13922AAD0374DE4B68F,EAFCCC0689F0593E9129F67BC528E9505050795EFF27F133FAFA5BA77869174B,8E5C46A89BCF141ED4D7E28E0C37BD0736BADFEBBE892A25B8FEF351FC7C7F79,,PASS,HASH_VERIFIED_SUPPLEMENT_NOT_STRICT_FINAL
S01,PromptIR,D06,33,11.943051966768083,0.479736845101945,0.5603848695755005,0.33205026388168335,351A2056999C9EE643F737E055CC2507C510C7FCF88B602D2EC7B20D12C71330,A0CAF6E489C3E91AC5CE02B14EF77A8F1CA15FA3CACC14E5ABADBD8F56946518,B5A700A7D0574BBB176F606528F5E44DB16215EDC5A5EA76695E2D9347D443C1,,PASS,HASH_VERIFIED_SUPPLEMENT_NOT_STRICT_FINAL
S01,PromptIR,D06,34,11.36701649565676,0.5731816797721603,0.686955451965332,0.5393462181091309,9684809E3D2CEBB9498D368DB76487755B47C918B8AEDA34592F0760827B62E3,3D36540A6E5742D0E0B3A8406747E3DA1C8FD083C4C487266A1CA8F9B55E1104,BBBCE76009B916781F5C0F8CDE4878844874816C84CF13F9A6E6AC315BFC2E0E,,PASS,HASH_VERIFIED_SUPPLEMENT_NOT_STRICT_FINAL
S01,PromptIR,D06,35,11.001162699186494,0.5601008030637074,0.6619724035263062,0.47610390186309814,42B393C16A0124EBCC5221226C70D3898641E63EE485166FECDFE91DB3D9BE93,5385E420F7F42485979C8E65AC957AE6D7245831CCA02585CA39BD658E562F55,F31A6EEBFB606DC8E7D0D4649F02344ECAC59E1D7E3B9EC2B9DA9CC2D1089438,,PASS,HASH_VERIFIED_SUPPLEMENT_NOT_STRICT_FINAL
S01,PromptIR,D06,36,9.703232023031568,0.5956904215518011,0.48288679122924805,0.31064385175704956,6F8DE0ABEF45000A285E3CC6C5210B5BFD2FD1CA972A46D6E1F89B20AF7945DF,AA92DE50B482FEFA542AA9AE0E1084CAD9D988260A3BADB4DEFDFC660A9625CA,F11B357517ECBD785AD8A1452FC91A4B4921CE85B86E0B7F12F68469CCACA96B,,PASS,HASH_VERIFIED_SUPPLEMENT_NOT_STRICT_FINAL
S01,PromptIR,D06,37,12.936369758447285,0.636544491912816,0.43296337127685547,0.25266146659851074,E71A9F85D51AF0EA561A9C767B8AE577993B9E08CE0863B6E2B7647501248B14,5C2F4FD63FFE544C64B50E0063B95A445A3BDB6D2B83B06BDA91E19EE861F693,5A408D05D9941026E9A9153A05C292DE8AD51CE8B9A14905A0B0E1789898037C,,PASS,HASH_VERIFIED_SUPPLEMENT_NOT_STRICT_FINAL
S01,PromptIR,D06,38,11.371461948750516,0.5358595217612506,0.666310727596283,0.4450204372406006,AC0E55355FDDCAFA32F131ABD0136E2E3B1AB61B93C0E3A4A13824B63772C476,1D7EB8668E769DD6516FC6F4BDB8EDB78C53CD4A5F4173B345D8B03BDE46590A,8DAF3EDA19F313706C1B43A4002759A505276099EFE9CA5BD4D5FB50FBD0A2D2,,PASS,HASH_VERIFIED_SUPPLEMENT_NOT_STRICT_FINAL
S01,PromptIR,D06,39,9.853482503253217,0.5132960288930616,0.6147932410240173,0.5358432531356812,0D7318F2DA6F596C1867D45AC81CC429EE8B07450F624958D647E820DF6DA61A,2C3C12556AC6868897D75E2E94829F1A650F9665C1375A81601A8850A242ABCA,A7AC5A9BC3F17691AD5B53DE9C3F7BB71B00458A515A0F89714A994F5C5C2460,,PASS,HASH_VERIFIED_SUPPLEMENT_NOT_STRICT_FINAL
S01,PromptIR,D06,40,11.286769726689094,0.4953980699706595,0.6201440691947937,0.3653620481491089,9340B5F5CD8234A0CBDC2603AD7BA8F01363A80B950414FC357BDF53643F7A50,EE5106C7E5154B941E5198B85C66284A62C8757C87E2E57DEA76A89E886DEE73,318AC1E10BA89619715C0C9682D9C388326CFE2C14F6A29CB4F99CBEA1CE60F1,,PASS,HASH_VERIFIED_SUPPLEMENT_NOT_STRICT_FINAL
S01,PromptIR,D06,41,13.658203866055523,0.6402016384452475,0.6304055452346802,0.4422611594200134,414B2CDDE8D201E650CA35FB5F5B5049152549BEF8310307D7FDFAAEB87A933E,58CEAC6ACC041584C7E9B0870F6A9168BA86141CD679ADA25F31DB7B62EC7E7F,9236C352B73CB87CC4D6F77FEE71EF1F5999C19C8B98AF7E84FC9A72BEFE2135,,PASS,HASH_VERIFIED_SUPPLEMENT_NOT_STRICT_FINAL
S01,PromptIR,D06,42,10.553434542537822,0.4315352138737305,0.7404782176017761,0.5111801624298096,756A2778DC7A36C3D2CE980C5704D3FF28DD9A134F2A5FD8EFA8ED98B5289EE7,C2ED2578BC9F78C25FB211535C4A2971A8C3B431F614D0C9F8780B7CB0790D97,4900B6BE7AD2339C13FE0BE59B1CB7B039631FB5077254A77060FFB94F3B482D,,PASS,HASH_VERIFIED_SUPPLEMENT_NOT_STRICT_FINAL
S01,PromptIR,D06,43,10.85243605326255,0.4475126297904411,0.7700586318969727,0.5525966882705688,3581C893E71E6CA49BDFCB723B81435EC50078B6E1CF70AF13057AFFCB79FADA,75EE61876685FF3EA4386CEF532CAB226869419C2C5E735A266EC81F73870EE8,E05C2CE665F7C39CD0E1EB0533522B2A353C10606D51E45C714725619A548259,,PASS,HASH_VERIFIED_SUPPLEMENT_NOT_STRICT_FINAL
S01,PromptIR,D06,44,11.34763156124771,0.699490937549376,0.5602391362190247,0.44231218099594116,54849343586BEFADCB455A636AC8A1B4587675EF2ADD444B3A0C88540336967F,4677B2919C21BB427B463704AA14F6E43A31D75CA9F6A386CC93C4BA057976B4,F65A9536FF3CE1C01E38045BBF3014C9649F5E9A50F0D6A9E9D4B3343A6B52D4,,PASS,HASH_VERIFIED_SUPPLEMENT_NOT_STRICT_FINAL
S01,PromptIR,D06,45,13.984581715314782,0.6708730614040123,0.5087935924530029,0.3879420757293701,F00E9E30C19105E15A58BB72D8121F667B8A672CAB354083AF93B83E4E6223B2,289DBAAFB99744D36CE926A0E7295347F4CC7EC9046AD3BF6FDAFC350FE13077,88D28CCD843B7FCBC55A4537C5981FD3642CC4117468D00F6096020989F1CF48,,PASS,HASH_VERIFIED_SUPPLEMENT_NOT_STRICT_FINAL
S01,PromptIR,D06,46,7.798154643587079,0.1885907027480648,0.9446853399276733,0.6298290491104126,70C79F4BC69068506F9CE17C15310ECD5F39017A27A72073804342CFC9B0A303,FE99499E05AAA1585150392C3E7CCFC905FC688437457FDFF610DACD025C19DB,2C143532389EB976065260C5FD6BF48886EDE9F891218E03945180AA7F897007,,PASS,HASH_VERIFIED_SUPPLEMENT_NOT_STRICT_FINAL
S01,PromptIR,D06,47,14.17490361900146,0.5707806350314932,0.587701678276062,0.47170352935791016,BC315CA9E20F6A05B04FA37FDDAB7AACD6BE60AC81C7FD41BB287BD60DAD088C,1CECE3856BF4DFCF4B9C80666D48D912AAE091B90B181F2171A1BDD84994F7F7,5055A114665C32771D71443C9429D2BD1E64A944EC09CFEEF0BDDBAF4FFD2F48,,PASS,HASH_VERIFIED_SUPPLEMENT_NOT_STRICT_FINAL
S01,PromptIR,D06,48,12.842636456214509,0.38283392774875474,0.7404683828353882,0.4985926151275635,F571B7AB63B6D6D821DF667AEF1E29805528226E8EEB5CFA9303DF48DF39DCB5,92F152AF6E8FB82985768D781E682CE5D784A44972923AA132A1C13AAA01DE88,3DCE552029A6C61DF4AAB2F604DFDE1F76895231A15F75500CD50AA85B77FEC5,,PASS,HASH_VERIFIED_SUPPLEMENT_NOT_STRICT_FINAL
S01,PromptIR,D06,49,9.84438175782798,0.3510681996721852,0.8505229949951172,0.636690616607666,1115F4A9A191EADBDC45F0F44D4FB0BE368722CFC3A35281BDECC4D38F6C1D7D,3A6934BB503339653653D396FA5108DBB8E1494BEA220B6E6A21718B192AB6C5,697B51D1890347ACDF42DAAB5F3F053487B932994714E1F151CD7CC552CDA887,,PASS,HASH_VERIFIED_SUPPLEMENT_NOT_STRICT_FINAL
S01,PromptIR,D06,50,11.821642585834468,0.4627378125838321,0.7280039191246033,0.577033281326294,1546122878AD4593E7C1539732427F1EA58D883AD866598610358528D1990CAA,3E75FD29C9B51438209E9418AE82107BF256B9F9A3598518679C898FD1392E4E,93B8B38014A138E7A05F84B9336D20A174C73690D7889D36E086FB19AA5487E7,,PASS,HASH_VERIFIED_SUPPLEMENT_NOT_STRICT_FINAL
S01,PromptIR,D06,51,11.030568259970742,0.3889668490454768,0.7903636693954468,0.5748617053031921,8B58351977C32009FDA9AE77E7B0A48B78F0760415BA62708DE1F062CAE1A3BC,78F7185C2B2575EC6608A760D9FFF23B2C51B9EB6AED7731D27A0F15EE813305,685F69F4E382FCF1E4E1CF350A7DF14B2B1112094C2F317E4CCE7E7FDB08EF10,,PASS,HASH_VERIFIED_SUPPLEMENT_NOT_STRICT_FINAL
S01,PromptIR,D06,52,7.155728721679429,0.20327862044897235,0.9063958525657654,0.646194338798523,E270DC3AE20CB709A9C369A58051984B64CC625BF58F4B16B6A23A0C68C84F77,E3A41F09926449C7149D31717FB0D952C2646CFEA459A225ECA94F3827E1366A,BF332EA36C841A4B3ED5093F61886CD84E98864A9139868843E3F52E38423842,,PASS,HASH_VERIFIED_SUPPLEMENT_NOT_STRICT_FINAL
S01,PromptIR,D06,53,8.400150433989058,0.3739202613560842,0.734687089920044,0.5083537101745605,32D8328FAE01F5B48EC165032C30E7DEA8108B963CC050F39241C2AD0A461CD1,7240309CAFC4252BDF6C2A6939836185D61DCC6D4BC30AE43149D28298D1A85D,E205327B587BD75916FC6B9DDDE3D781F01EC49DED4FE471A3D8C7B034DF8C7F,,PASS,HASH_VERIFIED_SUPPLEMENT_NOT_STRICT_FINAL
S01,PromptIR,D06,54,9.18032267153595,0.5929649622866685,0.5931873917579651,0.5245362520217896,2789C6F938DAD041AD72E0FE3AB1265D3B0A38C6927952A3F1D4C5EF1EA35993,ED019DFB21462F398F1438F86C9B485CC35EA554AA1E136B62BF915309FDC04D,455D3DDD768D632967F9A585E4F9E06D3DCBDEA4A328D83A4056D1E639A4CFE9,,PASS,HASH_VERIFIED_SUPPLEMENT_NOT_STRICT_FINAL
S01,PromptIR,D06,55,8.930340415399037,0.6215801740464066,0.6580089926719666,0.46092015504837036,EAE3612C4E4F36D7F813D764CFA6F8F6BAC2A0C07C4F63664511A3906D9B3F15,DAA30DD018EBF3DD71AA19291AA9A98761FECE772CF96491C05C756E6664AF2D,CF1E94D49F019B29FD6CDA346E64AB06132C0AD17A5C6198F1E9C5CBC5B38781,,PASS,HASH_VERIFIED_SUPPLEMENT_NOT_STRICT_FINAL
S01,PromptIR,D07,1,13.57116205923979,0.5745778759815279,0.4749448895454407,0.2646660804748535,2F4AC211C76670F483FB4C23D99B792EFC535D60D2F88FCE905E47474AA29927,70DDEA3297F6FCB7E7E5E3142C38719BE0AD8F87AB385A057012AACB5113C68F,46B1B950AABA122C1FCE622C4215373888A41192A33A56AD6BCC9B1B742EA0EC,,PASS,HASH_VERIFIED_SUPPLEMENT_NOT_STRICT_FINAL
S01,PromptIR,D07,2,15.069664010631236,0.6148481701661801,0.3635770082473755,0.13363975286483765,DBF9E753F94175E37390DB89FCFF1E0ABE7FAC13C9474DCEE19B03613683021E,CC029A27986DD6463BCD49386723FFE36FE308C9EE5C6463698E4F3F01480998,975ABF5BEAFC23BA7EBDE9F91441239DA5BF75AC5C0A8AD1C7527E69112FD473,,PASS,HASH_VERIFIED_SUPPLEMENT_NOT_STRICT_FINAL
S01,PromptIR,D07,3,9.902122743942849,0.4684446191664109,0.563407301902771,0.3744300603866577,29E32163B37122631BA38311ECF7959DCBBB846FC5709EC1B6D62D17542929F2,76AD76C262F7364714F6B29D836B59238B650B1E5B1E0BD486156CEAB03DC154,BFE2E96132692E0EAB2D0D995B81E2F5766A6A22114A898C8B3AE91E62ED220E,,PASS,HASH_VERIFIED_SUPPLEMENT_NOT_STRICT_FINAL
S01,PromptIR,D07,4,11.587094264647344,0.5038894034191214,0.5427584648132324,0.33550095558166504,808D29FF6D04386D2358AF34F8AADACE4F1FFFE9D54D0626F5DAB18D5EDDCCE5,9387284B38B410CD4C0F89F74527FB1DAEBB683FE6ABC6C62BB59191CE5FD145,66D837E8C1D04ED74B64FB8DC6AF1498496AB63F2F541AC938BE90FFF06A11AA,,PASS,HASH_VERIFIED_SUPPLEMENT_NOT_STRICT_FINAL
S01,PromptIR,D07,5,11.086964240550067,0.43335208116297563,0.6086509227752686,0.3274218440055847,7695569A21B066AF399419312F4A06DFEB7EB38A07804B5E41A9FBE4240F3556,4412819E0C0E25B295B131ADC01167CA0D21F1931210DC431914AC0D6A353334,CDB9F0B39056E8829FC1ECCF7B5C0CC91072E61A328F57AF20240326B80AB1E5,,PASS,HASH_VERIFIED_SUPPLEMENT_NOT_STRICT_FINAL
S01,PromptIR,D07,6,10.70453006357215,0.46228174835390684,0.4808505177497864,0.26869696378707886,8228520490DA79602D9D4BB21E8BA2334B661A2C119BB4FE6E7C1A903B5BDC80,036D40BD93BD9677A93B0E0A7512980CCC633142FA9768706C5535D2774C9340,C19C8897030C1233BBEFD38CB17A1095435BDDD4FAD4A61BF38646DAAF09B531,,PASS,HASH_VERIFIED_SUPPLEMENT_NOT_STRICT_FINAL
S01,PromptIR,D07,7,10.499702507958562,0.4568221467605089,0.5739507079124451,0.34114348888397217,2D97788E461D52BBAB88A44475C4A5E1875D739E8F4654048F7CD03C5C088431,282F2AFF116AF5DF945814499F5817895B9999F66B8E2AE1CFAF2EBADA3C19EE,CD3AB8F496118EFA6914A83571D490B72E3B621C7B8446C732840A083AAB29BF,,PASS,HASH_VERIFIED_SUPPLEMENT_NOT_STRICT_FINAL
S01,PromptIR,D07,8,13.59854077028974,0.6498839769555701,0.23721690475940704,0.17621302604675293,C77D35C100AA7B6515B397B780BCE1C4BF88A6CB2B13F6EFFEDCA2025C864A12,E6445594B2275DF4CDE50999ACCA8E938F3C1D1C18621F09933EE7CCE15C6113,FD0B3178E20E8CD899C95E0934395C625A4A59F69ACA4149FE2290CFF4B96EAC,,PASS,HASH_VERIFIED_SUPPLEMENT_NOT_STRICT_FINAL
S01,PromptIR,D07,9,10.156134561937582,0.4778844263710056,0.5552000999450684,0.34310442209243774,AFE1125E5AE8C757F8F9F75624A7AD28CA5727748FFFC89F88C3A119D38073E4,FDB65CE15ABC481D61FCF6728B1482FE58576403FD03AB5AEF5099079C3AB3C6,0639CC2359C47339915CD754ABFF0A9DA9D7DDFF556306287FC57C176A0C7CA5,,PASS,HASH_VERIFIED_SUPPLEMENT_NOT_STRICT_FINAL
S01,PromptIR,D07,10,14.200709422622914,0.6121224899792969,0.37320858240127563,0.21659302711486816,08E9E0A333FDF0CD6AD1651F612CEADFFB47DBC621289AAD7912C0D275D835CA,2AC9F28AFB08A5F2EB1BAB222544E28C62FF0331216508B7B2B361D03C409C77,CBBE99B235A940FC5F20FE352C864D6025FA07FF3F7835C3EE4723DAF859CCE6,,PASS,HASH_VERIFIED_SUPPLEMENT_NOT_STRICT_FINAL
S01,PromptIR,D07,11,11.021347030244202,0.3982950385650426,0.6747405529022217,0.3846883773803711,CD879322E71DC73881BA394DA129D051C80BC96FB38F62C716C52DA5DD9843CC,DF0AD43890D1D228B6FAEF5336D6128A715E2A350525F7260E6D4C5A900F7DE0,C3ED5D264CF4B6545204BC0598CAA0C82B731E025965D81625967DF7B6534C95,,PASS,HASH_VERIFIED_SUPPLEMENT_NOT_STRICT_FINAL
S01,PromptIR,D07,12,12.198969234454637,0.48559582802590745,0.5308361649513245,0.3285254240036011,DF826917978479CB544754875EFB5312388DFFBDEE9AC4AAF4FD19C6BC175BEB,2B9894D7AEC2FFFC8804E4E790E71D455831FA23423831D87875ECF37FB6987B,70DEAAA6D8CC01FB9E24AB99198330902B040F344DED7B4A80126F238B30A6B7,,PASS,HASH_VERIFIED_SUPPLEMENT_NOT_STRICT_FINAL
S01,PromptIR,D07,13,13.045502095275904,0.568361651957033,0.4306367039680481,0.30148541927337646,C5DF23FE4916054042285B1A900B08F4E6933F06962AA6E774B546B1F79A4F1F,3AB5EFEF688E8DF19B1C8A2DC1BD23316ED2EE75EEFEB5B0375166AEDBBD415A,8F88F0D94EA679B0B438426C4E5B8C1F56874CB5F9E1AFABFAF503C1DC064BDE,,PASS,HASH_VERIFIED_SUPPLEMENT_NOT_STRICT_FINAL
S01,PromptIR,D07,14,15.467787751071349,0.6503839483961528,0.42740878462791443,0.21776580810546875,E0BEE00FC3DBD4BB8A2E943525DA05D00D8DD20489AA818171BD3A73BC19143C,A2D892354F97C06A62BDDAC58EC75C94986103486D6CE395707672298D9F573D,FD288FD23C5E1069F6FCFE47BBCDB43061F9960BFE8DF40DB57BD1ABC337A213,,PASS,HASH_VERIFIED_SUPPLEMENT_NOT_STRICT_FINAL
S01,PromptIR,D07,15,12.923365189717389,0.6327919040684625,0.3074670732021332,0.15550708770751953,47DC42CC419222ABCC877682642262D615A25954AEE89468F0375D2BE1B25A68,B87B8A8BB2F5B0B370F4D55436305ED02919618BF1FA77369662EA28710AFC2E,8707EBB2BD8DCCD6E2C32B42E9092F4204390E4D416BF23CF199497826A93ABD,,PASS,HASH_VERIFIED_SUPPLEMENT_NOT_STRICT_FINAL
S01,PromptIR,D07,16,16.618755985111463,0.7080253451763824,0.29226598143577576,0.13555848598480225,C6E8CF1214F28475A4DD452F21FF6D0873BB8FEB329AC4F16EFE18497621949E,609B9113CEDC5E3E08ADC4E4510F0260024DEE7547DE4589E9F455469281BD05,A9E295771B9932E97F1336F3CE0DDFCEA41637C318355957EA94569103C120B5,,PASS,HASH_VERIFIED_SUPPLEMENT_NOT_STRICT_FINAL
S01,PromptIR,D07,17,13.163571554382882,0.5583446613058243,0.47629985213279724,0.33890873193740845,6065AB75F4C64FA2B7819F1BB665539086625B585B5121B19A66200F8FBDC963,5950E9BE89EF46EBD6321CA3979B7EFB1908B99D763926192B0F96AACF1066F3,C28869F2BD463C85DEAE88855FE919B0D2C603CF97CFD2F1102B0696FBA8AD65,,PASS,HASH_VERIFIED_SUPPLEMENT_NOT_STRICT_FINAL
S01,PromptIR,D07,18,15.41990719596125,0.6135872861303615,0.4164848327636719,0.24822086095809937,3D22552FC2EB9BE5EA517190DB592B213CA093943A559A7BA520C55CF3FF618A,B24E1E07B2985C4406F26FD22F730432A6F062584C6A83B4C81D6593439C7074,1FEE63194429391A14D9EBB97A0124A6387915DA5C61222F8C1EBBC9CE49E430,,PASS,HASH_VERIFIED_SUPPLEMENT_NOT_STRICT_FINAL
S01,PromptIR,D07,19,13.510084316826083,0.454841078834791,0.5845420360565186,0.29219210147857666,7AD7060FAA048C6B435C3F96D294C762BECF6F08D30F9FDD41DA3E1CDA189C7D,4EB4973F803989966ED94BA8909BD94592B9892E6646B6162FE44099AA5AE7F4,050EC3D61420E793FB2AA163CE9B4F142C5D9D1786E6EE9941CB6BF57848CB1E,,PASS,HASH_VERIFIED_SUPPLEMENT_NOT_STRICT_FINAL
S01,PromptIR,D07,20,13.26482254446557,0.42221453765290756,0.680533766746521,0.3658236861228943,836386F0CC7777CA7086DAF7E26FC3EAEF4BDB082CCEA9D0286DC323A35015EE,63DA7322D9B38BBE8BB48667D06081E3C3934893315DB595912BE563FE5B4A94,D17E456B771A4FB6FDF172691A9DF2A8726091A9C6753FCB89C6FF214476FAB5,,PASS,HASH_VERIFIED_SUPPLEMENT_NOT_STRICT_FINAL
S01,PromptIR,D07,21,10.77631098977285,0.5356593034411654,0.48669353127479553,0.25372087955474854,36B844AE012712DBC47DAACDA04A81883BE7D259F7D12A2893940AE0A9E685FB,8F6BC70A448EE17D017112E6BD6E1C91713D123406F6FBC3051B91A515D26235,6C9216E6EDEF93E48F793EA07C6FBD682CEC005F9608774ECA7E19C766960CAE,,PASS,HASH_VERIFIED_SUPPLEMENT_NOT_STRICT_FINAL
S01,PromptIR,D07,22,13.73202270524792,0.4124000896893274,0.6588984727859497,0.40043604373931885,16D49FAD720777E427295C31DB5C5E4B8B0803FBDC16489839235468F4F046C7,353441646EC6FA48421EA2C5E9E05C357445B166BBD98A389597D4C9CC35D2E4,6887638EE6827555D504AFB776511A9D551AB55E117C01F2535D6192E513FEE3,,PASS,HASH_VERIFIED_SUPPLEMENT_NOT_STRICT_FINAL
S01,PromptIR,D07,23,11.78685722382372,0.6611915100973745,0.3040992319583893,0.14489269256591797,28798CCFE92DAFFFC5ABA451C556C51D1136DCDF9D121FF3398B59F0537C9489,D7C4A37B02CA65482B3B118B5C7947C172E065243600C69CEFB0174305B5CCC0,875A0E0442EFFF6F6C8134726BB6C66F4640525B0AFFB970E7E01DC4E5477895,,PASS,HASH_VERIFIED_SUPPLEMENT_NOT_STRICT_FINAL
S01,PromptIR,D07,24,11.19277511965528,0.5910301386451172,0.4121530055999756,0.20097965002059937,4D9BA936BF2641A98737F01492B7A28497A815FC184FA76435659A955AE42F69,50546ECAB5ACFBD886119A284E96ECBBC93F6E73B3975C556622E320233B1F5D,69FB90E2C135F13D8BE6FD8EDC89D4744F2E1B78FAB5D267BCDF4383316C0622,,PASS,HASH_VERIFIED_SUPPLEMENT_NOT_STRICT_FINAL
S01,PromptIR,D07,25,13.124422703135279,0.6108267827888453,0.4875476062297821,0.3042065501213074,0A2F75698628581F29066D462AF1D989A6FD1A59717E196ECCFA4A44FB4D56F8,9301726D8A40EE4C50B58846E24E12A0A35A877A8F17A236A5B0DD3DD71BCEA9,3DEE372562AC098A0DD2A5EA15CA00D84B6D53C88CC91D7ABF0DD49BD6ACF824,,PASS,HASH_VERIFIED_SUPPLEMENT_NOT_STRICT_FINAL
S01,PromptIR,D07,26,10.045192834649402,0.38609291307850624,0.6717118620872498,0.38566774129867554,276BEB466013030724769518F4FD0A6E15D815926F48583878C8076757F2C583,38206ED528109618D498071A4A50D26D80E2B00F7BD8243E56ACCC12D964216F,1A7B927F717722EE8849FE52C5D97224EDD3EC53C2CC51D271AB83C83CC242E0,,PASS,HASH_VERIFIED_SUPPLEMENT_NOT_STRICT_FINAL
S01,PromptIR,D07,27,13.680787120151049,0.40634520411905917,0.5874030590057373,0.3534942865371704,518E1B7213E350E8E195C5096C1CAED00808607DAAC253615B72BA443EDE4FBE,1D6A7ABDD4679CF924EA3E980ED410ED01C9F78C965FDC51668117B8A457A63F,833A2D5582AD4B55FFCEA9E3C26CDC7956D4B84CD58923C1BF815C58B7B90C2E,,PASS,HASH_VERIFIED_SUPPLEMENT_NOT_STRICT_FINAL
S01,PromptIR,D07,28,10.322600329571266,0.36353920968486086,0.6083657145500183,0.35824650526046753,9DF77BBF1FFFE2759CA8C270FBF4F0D5174E5E36A5E14414D2C854874B26D0F6,4B81F25AACBDC6F63448BCDAAF39F393EFB34F16CBCEFEB2870F8D027718F852,1E169F489E73746A049138761B2396531853AC191CEC1A06E4452535F56AA4AB,,PASS,HASH_VERIFIED_SUPPLEMENT_NOT_STRICT_FINAL
S01,PromptIR,D07,29,13.185924891528343,0.3551521766635041,0.5631764531135559,0.4082949757575989,203AFE68E56155636E21647CC997FC236BD0BF6C44A8F12BD325DA6B7E89A673,74AAADE504E46014B29AD28EB27BB5ED8D46D83BD7B9C229B3F6E3BC1EAA8176,B5623BAC22A8EE5FA7894051CACD0D5EF637C68676670D9E5F775766F38C9AE4,,PASS,HASH_VERIFIED_SUPPLEMENT_NOT_STRICT_FINAL
S01,PromptIR,D07,30,9.824706239202243,0.41174805764880906,0.5550859570503235,0.3782871961593628,60580134EF6404C81DE70DEEDC69F09D5D57DF48E553EE30408122F9DFC3D8A2,EEA6210CEE42147E41CEF0485060596DEC20D7815E1EBAF22526B00DE0D56BE2,111A4530B2468157378D9A7454ABC5071A8F85379E042DB5647F48A5408D2229,,PASS,HASH_VERIFIED_SUPPLEMENT_NOT_STRICT_FINAL
S01,PromptIR,D07,31,13.268954672223924,0.41312494979221476,0.44492220878601074,0.26689809560775757,69E44A874A0857D29438461534818DBA226DDF909FC3D1F08E913F7C2AB1D7E2,2E390F7E2161DC0142F4E4213A34E33DB5B189F38E6E155978F492C110905C18,12E8044197A4674C704D55891A294836572B645623E1BF7931E194C35E9E0970,,PASS,HASH_VERIFIED_SUPPLEMENT_NOT_STRICT_FINAL
S01,PromptIR,D07,32,11.13482296743056,0.5083407474571456,0.4913814961910248,0.33569300174713135,785A8522D94594A5C3C96DD313D91152E4F302AB89D79B4F60E50D19F3C0A5DC,BF820C55B092C9B475A93B12097314C4EF7739C8ADAA423687FFA29FD1892CA7,CB16208963F080F1B47A334D849BE6F64CF7676295AEBFBB56F83B5F49E2A52B,,PASS,HASH_VERIFIED_SUPPLEMENT_NOT_STRICT_FINAL
S01,PromptIR,D07,33,12.752632131307863,0.2872967522769628,0.68223637342453,0.45938313007354736,28FD01B20F1A8356E628EB9D28DCD947EED1D2B306E297103AEBCC5F88CD91BF,2F9270F190B25D17B714CC31996610236CA1BAF3FEE80DADE6F0877DDD1A48AF,AFC864168C17CC681C187BE7D961CD0C910446EC04E2C1282C4CD8F01CE74296,,PASS,HASH_VERIFIED_SUPPLEMENT_NOT_STRICT_FINAL
S01,PromptIR,D07,34,12.511449189714908,0.4077098258611402,0.5371556282043457,0.3743153214454651,FCF8ED69DE46A6E886F1600F8948140D776B73085E4866C75616774146580865,E22F3265C8232C5DBD4148A02EC2B2CB3BC481448EFA777318694E10C5E89213,106BA21D8CBA0743242D0A3053D15E5A135A7052DCED8744D18C89C59F17AFB7,,PASS,HASH_VERIFIED_SUPPLEMENT_NOT_STRICT_FINAL
S01,PromptIR,D07,35,13.113036576579727,0.478078024177026,0.45740148425102234,0.29077452421188354,495F36A7350B3E1C12238E1869EE47D0183311EB5AA9863617FD08611A8B71D8,3041F0511BA5CB03C5A1DA424D7C196C2BEC7FDFB73911F5A484D14441217A30,2E1FE667D22106F7AC86DD20B3EB75DF88A7C1DB84D8FCC0CF0429203E2E9B0E,,PASS,HASH_VERIFIED_SUPPLEMENT_NOT_STRICT_FINAL
S01,PromptIR,D07,36,14.284459332431915,0.5046521720093923,0.48201805353164673,0.3291800618171692,DDC8377A47258EFBDE852FCD939462785827A0167C60CBCF2D5E1388EE93AFF7,DDDB9A267B83683FF4C57BBB891C541CCBD03F36D283CD226BB110934B40EF2E,7AAE1996690ED45590CA07BD19BB2ADE63C453032A25EA583B650748769299FD,,PASS,HASH_VERIFIED_SUPPLEMENT_NOT_STRICT_FINAL
S01,PromptIR,D07,37,13.53219817509407,0.5441718198757223,0.41239285469055176,0.3214447498321533,BD1340B4AFD561C8663A29EB5A58FD79AA0401E00745CD7C67677FE7CB2ED66D,08DDAA7E314A757BF36ACBBF5E362E590F975073794A60B073EA712A7E195824,7A981AB4288AF519AC22A093221BCAD170609541CB1BCBA71EEC66F036668E4C,,PASS,HASH_VERIFIED_SUPPLEMENT_NOT_STRICT_FINAL
S01,PromptIR,D07,38,10.317668139693634,0.47648447305701835,0.5156989693641663,0.35388457775115967,55D7DFB7916278DABEA6FF7342C68C6B5CFB49EED2550379B234B2B1E91BC55A,DF5C03B04D078FF0117E4BC6C80A3639B3893FDEFE5D44EB057F9828194ED071,3CD853120124310F38D745BE421441E3A4758D8F485195C0D0AA07055A7DA95B,,PASS,HASH_VERIFIED_SUPPLEMENT_NOT_STRICT_FINAL
S01,PromptIR,D07,39,10.769471176165787,0.3031431023570991,0.6939540505409241,0.4197704792022705,AC903D81C1866E88888171F76B15B4294FBAB89460F9BC823BE67B83F48A304B,AAF4009568AC96ADD356C940833D0DB1CD92D68E5E22F7171C998D044025CA67,722222E8AEF8D083A447829D1795B1F410953ECE83CB7877B6163BF27148F5DB,,PASS,HASH_VERIFIED_SUPPLEMENT_NOT_STRICT_FINAL
S01,PromptIR,D07,40,12.805151154208565,0.578649776596389,0.45818108320236206,0.28728002309799194,7C2CDA7D34C8ECA64BF9BD048926A1AA3BC891D2B5121322D8676DFEF983AA4E,F84040D4A7208B1382EEDF84A3519460B560BA376A49929E4C17843A13AA03E7,5F7EE13866F0538B2AA41388E885CC2B244710C4FE3E32914B1E1242C4203E57,,PASS,HASH_VERIFIED_SUPPLEMENT_NOT_STRICT_FINAL
S01,PromptIR,D07,41,10.565076668667912,0.5053135192802846,0.5387430191040039,0.33303946256637573,276CD8550FB2A5D93B8FC9B3AA70F03F4F2DB0994E5AE3956F102D113F0C0653,1B746A2E1FEA7EF34A182FC03C48FF5598197754AF767165E364E8E7E736F1F3,00341073126A3452CE52C1FCFFF203E7A90D7134971E5B0F38EF8BDA93CB7750,,PASS,HASH_VERIFIED_SUPPLEMENT_NOT_STRICT_FINAL
S01,PromptIR,D07,42,10.36484873874527,0.5272948924060135,0.48719891905784607,0.31885987520217896,96D0D46DB26CE8069CC040C544B03466B78BDE82990EEF47BCE5268DC85786D8,1FA6871B81CE5A13EF3C9CB4AD41578E1DED901976EE7FD81B193E6B159E6E34,6B7385EFBE1101E9B09B9870CC3AC4E083B4E0EED0C817880BD08C2A1DE4E865,,PASS,HASH_VERIFIED_SUPPLEMENT_NOT_STRICT_FINAL
S01,PromptIR,D07,43,12.239330164185267,0.5224431177775634,0.43128105998039246,0.28260040283203125,92E86C4F14A09D2FF33D03600292979095602F12C890019FC284131E29ABA6AD,760B8C97FDC44758E1D0D966D9C9C2BC6080AE2B37F6A240413AE929F96DF260,2C78CCB2C12F1A7C0720EB99D50649CEA9B96B8968FBE458A4B50B89AAF921E9,,PASS,HASH_VERIFIED_SUPPLEMENT_NOT_STRICT_FINAL
S01,PromptIR,D07,44,8.829564176931076,0.4629126104096404,0.5488433837890625,0.3294077515602112,6FAB41B0239CB4EECFAE696EF12C66667CFB23E69797CA5D5001301179ACF265,EE03F159BFF1E0B5CF0FA9792C26DA85D951A46BE2996DD4EE5E38CCDBD11063,F77FAAD42AFF705DAD7F2110629D35791821F598BABE210B084CB772A1E44F78,,PASS,HASH_VERIFIED_SUPPLEMENT_NOT_STRICT_FINAL
S01,PromptIR,D07,45,12.277932677775425,0.5083157406022814,0.499703586101532,0.33519840240478516,25E657687F02DEFF18C74AF29EE167F04C7F360C8F6AE40CD005E2F6B93B22F8,40B2C27DAA91346E8DAE0634F58B1908F4C9947BC5A4AC1B292060021AD63F48,3C31C01389EC0675FBA7F6151AF928EFDF40392937F3229BF4FDF50FD816FD1A,,PASS,HASH_VERIFIED_SUPPLEMENT_NOT_STRICT_FINAL
S01,PromptIR,D07,46,8.909832434203487,0.4392758442824752,0.6420742273330688,0.39594465494155884,BF25D291BC088BDBB4589980E3A456B95580947393BBC4361B86B2A856275469,DAFDD0CCA03EDC3FDDECC00BE107C7BEF6CF7324B8CBFEE47BDB1A1C62BDA2B9,BD0EBD1895A5136537322D911C36B7946DB0960CF76BDFE0E976FD279177CE41,,PASS,HASH_VERIFIED_SUPPLEMENT_NOT_STRICT_FINAL
S01,PromptIR,D07,47,7.873824610848282,0.42335744606065945,0.638412356376648,0.3750373125076294,DF0FA40FD6104B249E475516FB131D1EEB075B4686516E27E2913C05B3A85EE6,D8A0D21C5F0F0D012F2131175A37811616DD6D606A28A25093213DB79404A585,638328542A90613AF8945F9C8194FE453CCC313792CF076115B326D48FB80984,,PASS,HASH_VERIFIED_SUPPLEMENT_NOT_STRICT_FINAL
S01,PromptIR,D07,48,11.568087698118525,0.31989207868050895,0.6509490609169006,0.3873823285102844,3B301E07DE8F14832F593EBE8491B039EE7C9D289CF991F9788A0DB7B20095E8,6B74FC289D89DE2B69A6ECCB274AEBB570FBCF4802BDEAAAE711C8AA74F1214D,7C021F70E5D87D8A633C51D5BB4376627BBA9CA6A262906E340B22370BAD6B6E,,PASS,HASH_VERIFIED_SUPPLEMENT_NOT_STRICT_FINAL
S01,PromptIR,D07,49,13.068770271381478,0.5633566336531216,0.4414937496185303,0.2782618999481201,C42F9377AA6CA30FC45067B98D33ABD11EAC3FB614BEABE92473F4DC6E6D81C1,75E7F67309BD2A83D503756C0BACAD4F3DDC7D5C571644F16F8A310E3E05D152,E1B85A47BA8995F7A43AD13D484E920BD357E2B054909930FB28F2F7688BE2D4,,PASS,HASH_VERIFIED_SUPPLEMENT_NOT_STRICT_FINAL
S01,PromptIR,D07,50,13.245922735922742,0.444160583884158,0.5034217834472656,0.3106846213340759,6EE7CFAB524B06C8FB85816E4904C25426693FD1DAE0624D52EE106FFE336D84,078C6B1C923459F568D242F12819DC727F4C83744D353DD439CF3D217F790E2B,33B50580441172C5E37377A4FD18C785557750F0DBCC4D4E8A51314343387EB6,,PASS,HASH_VERIFIED_SUPPLEMENT_NOT_STRICT_FINAL
S01,PromptIR,D07,51,11.909105072686707,0.40502942867901687,0.6060713529586792,0.4483504891395569,DC66B010FA0B129995CD5BC405EB0DBEB4F0AB69EA9DE677527C274EFF456074,F1272787458CB07FEE6D5FBF60372A17135EFFE21624E0F5399AF5417DD7F33F,2F71E293C0DAB580FFFF1A87CA925ECC27894A23B26B57B35E31C0BB8DAD082D,,PASS,HASH_VERIFIED_SUPPLEMENT_NOT_STRICT_FINAL
S01,PromptIR,D07,52,12.682093691846683,0.5082880717903105,0.5240201354026794,0.2817639708518982,0B357FE8678B05CF3108C1B9C3F17369BE95E1296EA6D0BBBC2CF32511D6D1F1,E0293C9563B13300E5CCFBC3AA9B1A08C37F790AFAD174C032E7931B6047AE41,64B346326046E0E62E6519C843549D8A24DE6A067416821ADBE326A30E2216CA,,PASS,HASH_VERIFIED_SUPPLEMENT_NOT_STRICT_FINAL
S01,PromptIR,D07,53,10.312278667838422,0.4691977755750147,0.5648688077926636,0.3076550364494324,B45310A5C6D3B5B8A41FF1C91FF949016FC4A30599E76F5F3B691FE25928EEAB,6E0248CBF1F21BAB1A1DC4A8C461B8F4E8A46801364735D08B51A61B6CD24F7F,2FE79C058665299AA417EE06EF78251D8715FB3A4ACD21F4B5120BA6561BAF4C,,PASS,HASH_VERIFIED_SUPPLEMENT_NOT_STRICT_FINAL
S01,PromptIR,D07,54,13.55156403129829,0.4529989248515833,0.5402216911315918,0.2636375427246094,CA3DE5F9ECAE90CD1F2279FBA3522E283E1C16F8B85FEFA8C041705203C33AB6,834DAEF81393AFC39AC73411D5F59542911D7F9DC23B19C999E3A4F2EC8BF28B,BFCB1DF0595B1461CEE611C4CA5139EAF2D889046D451943AEB3D17ADF6AAE14,,PASS,HASH_VERIFIED_SUPPLEMENT_NOT_STRICT_FINAL
S01,PromptIR,D07,55,13.668201627885221,0.44328262863205836,0.4995529055595398,0.27651649713516235,0ACA5791D2F797CDAE61691DC15A70A4070BE4303E25B976F1CA530779D0ACFC,5AB38AD0A643FEC9C67CB841646B0CEE2EBC0946A50C80F5EF9C721297BCD023,DEDA0BE40CAF11AB7F5D675A0110D7FA1855D9461A89ECE3D5331DC68247705B,,PASS,HASH_VERIFIED_SUPPLEMENT_NOT_STRICT_FINAL
S14,MixDehazeNet,D04,1,16.10850063350519,0.8356284407838442,0.19312097132205963,0.12229430675506592,3C0D534654C7A4365A783B3C11FF6659728B8A26A0F7E3F47ECAC37018CEF9A5,2EDBB4125D4247BEE1342B2C65FA0B5D03FAB855BD24B00CFAA7A3A74F1076C7,969951522847B584FBA20B6981393C4C05FE944B9CBC803EF54023FC39B027ED,,PASS,HASH_VERIFIED_SUPPLEMENT_NOT_STRICT_FINAL
S14,MixDehazeNet,D04,2,16.36380632596184,0.8433641065632255,0.2037985771894455,0.09963369369506836,83ACE0385ABAAEB78FF8646BA8C0431B42C1F1E9824382A8B29E86CED190C10C,B051CF55CA912DB2DEFDD68017A476C8F9DAF25E3981B2E4F855DAF6025DE403,1B3BEA076109A9589C12A0A988653B449A30D925DFC12E663307D08E77C6E09F,,PASS,HASH_VERIFIED_SUPPLEMENT_NOT_STRICT_FINAL
S14,MixDehazeNet,D04,3,14.474910935919832,0.6312295250822193,0.2995634078979492,0.26117581129074097,7EF116779779E7182354FA2428EDEFDFDBEF1CF7E767FFDB4ABCEBE5A26048EE,B6F7D05A209EDD9D0793F97EA607B9C6EE002C6C4B280B615F08C7D1CBB8E367,61128634570D200177AC006DFEA8BDB4C83F7C3C164C451F6DBB5B86062D7D04,,PASS,HASH_VERIFIED_SUPPLEMENT_NOT_STRICT_FINAL
S14,MixDehazeNet,D04,4,14.274118304405985,0.7091791438433935,0.32556864619255066,0.24470168352127075,CC7A0ACD6AB58D7E211B155F5F31948B25CBFD1164F9AB19AEF5B3696A134446,D504F0C3AF6CD202E5FE35A7345B0CDC80502BE8E14214D8BE98644E3088B385,2120D4A9C20D2E76FA401261221CA54B0A51226F1EEB1289F365959BD7704DD7,,PASS,HASH_VERIFIED_SUPPLEMENT_NOT_STRICT_FINAL
S14,MixDehazeNet,D04,5,13.859989553683787,0.6755935385769795,0.21558237075805664,0.1162034273147583,69D75429BD63BDEAD8FC8391B02E51F23668508335060122D005C8A3911B0A81,69A65B307D4138E1B5F96FD220D9F1B31590AC6D5E290C8795988D4BC715EF97,5F8EB2CE7B61A2905E33AFFB2B0F3DA6D41708D01F8203ED6D2C24BB230C31DD,,PASS,HASH_VERIFIED_SUPPLEMENT_NOT_STRICT_FINAL
S14,MixDehazeNet,D04,6,13.708751461394137,0.6201727979648369,0.34768611192703247,0.2173783779144287,369A9A7C7774DDC377084A7574F799872C847F35343EFAEBBB03BE17D2290BF7,7E091171C393BB46508BB725BFD30B1BF6FCD51A1A8FA591CE3DAD1233794C61,F8AD92AB94036612FE61BD87CB11B98385F9D63B46C74136C0E7F25A32B776EA,,PASS,HASH_VERIFIED_SUPPLEMENT_NOT_STRICT_FINAL
S14,MixDehazeNet,D04,7,15.956201133738874,0.7840696008333653,0.31339380145072937,0.22181075811386108,21185097E3161D618C0AB213C8755B6502C750A759B5ECB3EFB9F51CF9E978B4,F8C284D1AF8EEADD80B4940577AA7B3A3AD9BB3E189B5B6BBF293E9595204C30,A70D3EAF1BC9D0446407BBE97B056608A09B0C3F80F6595960A6892773D2DD78,,PASS,HASH_VERIFIED_SUPPLEMENT_NOT_STRICT_FINAL
S14,MixDehazeNet,D04,8,14.181265108740376,0.7949416611038597,0.23392435908317566,0.1368146538734436,05A6B22C5C127DE881D22D83B43BD43F91A574C38BADE064ACEA9DB34EB44E99,B5E686FC6B20002BF82549EEC3FFF547E8AC27923DED754F062856C325333A8E,A369F333AD223FE8C29C382343A032D59984D177FEC1C67DE98645538086AFB1,,PASS,HASH_VERIFIED_SUPPLEMENT_NOT_STRICT_FINAL
S14,MixDehazeNet,D04,9,17.922957885668115,0.8211342423438239,0.18684124946594238,0.09185647964477539,718DE8A6C7D21A51C15C11097E571B3E4F0930279C690822FE98D0D95993A651,C4B2609121116B2C8C654C5E5E80D25BD588EC9CBFCD04B9013B57B8145EBFAB,47F765A38EDA759E17C5EC9EF6CB21768A3C4D11C1A22B66D52E4B741FCA89F4,,PASS,HASH_VERIFIED_SUPPLEMENT_NOT_STRICT_FINAL
S14,MixDehazeNet,D04,10,16.42156264536368,0.8380874194069562,0.16168303787708282,0.13813316822052002,34D9A2C5323D2FC655B846B6EF110D8A823A4F60CB617990ADE76D9DFBA418D8,5CA247E0447645686F13A31E3FE129CCE1E3A4BD8CDF731993132DC2594D58D7,7054C2DA594EFF2729FD3B1B985B2EB60D2F14936591594CE7E9E9AAAA5ACE70,,PASS,HASH_VERIFIED_SUPPLEMENT_NOT_STRICT_FINAL
S14,MixDehazeNet,D04,11,16.547196472711324,0.7388754372543046,0.21429762244224548,0.13601619005203247,5F54EB6EF0E843EB589BD7597C5990F010AFD78D6F850B0C831A380AD4897B5E,B7569C5C5A38F7B57AEE79603DCBE4C5FEF3AAABBDE31B67D12DA65C66963B9D,C381B4E717F2D8CD1EEA5371FBDA208056B323E657672B4640264E97D44AFBAE,,PASS,HASH_VERIFIED_SUPPLEMENT_NOT_STRICT_FINAL
S14,MixDehazeNet,D04,12,14.306073596984819,0.7450874366564911,0.233595073223114,0.14476096630096436,6CF81158987FED6BB4BFDC4DBECEDE31245E6A33DD1D67BE95824F24578B5D7F,3BFF920AF4640D93B95BC805614BD7BD38924B30CCCA62C797F7BD79F4A973B7,01A9AA48B80298B8402383BD07BE3B35B5047854C94243B78835A6EF5DDE5CE6,,PASS,HASH_VERIFIED_SUPPLEMENT_NOT_STRICT_FINAL
S14,MixDehazeNet,D04,13,18.24729800483733,0.8144369876393885,0.1802266240119934,0.13572335243225098,24BDBCC4C024B4FAAED275344A0C60794C306F405620AE5F2EA0C9E9C48DBD33,BAA97DD4006D01E1761AA8B55545E698B899CF088F087E09E3B4897555272817,F5BF4939B2F96B0A361105606C0E6361B9B68FC92B4BF70F31EC80E41DA904DE,,PASS,HASH_VERIFIED_SUPPLEMENT_NOT_STRICT_FINAL
S14,MixDehazeNet,D04,14,17.91898680581683,0.857994808422427,0.15243597328662872,0.10695582628250122,66D2E2061C54CD5F5173CE90A57D302124E8943EFA217DF6B82DB6C67020B38E,162C9550C57E3E348277D3CB4567347B06FAEC07FB6BA6E03DB37F77C0F83FDE,38864A746FD4A2EE57A6D137081B7CA77FD86C012855CD9EFD66A48D2380AE50,,PASS,HASH_VERIFIED_SUPPLEMENT_NOT_STRICT_FINAL
S14,MixDehazeNet,D04,15,20.259656841821887,0.900732206527814,0.10465598851442337,0.06634628772735596,0A660F46D64370E6A21D9D553AD5F98EB82B6D7DF6E006F9A016F9AFFCAC60EE,1DD2B182975351D661F1E303F63F755F08A1EA7DF43F5FF173D62E149042563A,04C393A71B60254352871CD2ACD8CB54491D54E2BE49138538AC8A627DB2DCE6,,PASS,HASH_VERIFIED_SUPPLEMENT_NOT_STRICT_FINAL
S14,MixDehazeNet,D04,16,18.349472909470148,0.8327639178485099,0.15049012005329132,0.08843272924423218,958326DCEE63E40F1DF57EEBE91A219DCF762E1B7FC4DB195C8235CC300EC7E0,DF75E8E547D61499452679F92FC17B26447D47C7888CA7F2FA83B150ECBB4A10,035497B2C4ECAB6CEDC559EFF75499DBE7C2872313B1569D786D205EDD48FE74,,PASS,HASH_VERIFIED_SUPPLEMENT_NOT_STRICT_FINAL
S14,MixDehazeNet,D04,17,16.525431147608714,0.6788877118355607,0.35121428966522217,0.21887409687042236,E56C54F6F4211814D4A4700E2C51E3C911668E99A51C28C0F3C20BABB7E82A2A,B5CDDB706C2DCFAFC53DCED1FA7F704B77173B02F9890D8F2E1FD75FFEF2C254,BCDFB67997D6B9E2E4F352F7F6B942FBB5DA56CB2BA77542CCAFA26EF3FB367D,,PASS,HASH_VERIFIED_SUPPLEMENT_NOT_STRICT_FINAL
S14,MixDehazeNet,D04,18,14.305860553040937,0.6931116650514398,0.3927145004272461,0.24465417861938477,43FC7E8F922DA9A7B2A02F0745081828713B87528BFD99FA88DCFE2C369152C1,675F029BCE112FB122C527350EF0C2381F0D7E66272A214D2995C564317E5DC9,2ECC3E84A3A513F20D79B25920F5C707665AAB733F7DF18D1A4694F780EA2DFD,,PASS,HASH_VERIFIED_SUPPLEMENT_NOT_STRICT_FINAL
S14,MixDehazeNet,D04,19,13.467862084340783,0.7403773263877671,0.3173496127128601,0.24347716569900513,3E65DADC65D687C514E78D0EF8207075BFC577F07581E878BED238D76C392DBF,5408A4C8607E8C201D9EBFBE41184DEF6270FC5766DDFA6F07202044A2CBEAFB,009D2D23CC52F08321CED73998F2FD70B03E27CC3F27A1A0CE5151D01B793BD6,,PASS,HASH_VERIFIED_SUPPLEMENT_NOT_STRICT_FINAL
S14,MixDehazeNet,D04,20,14.793374946714824,0.8208111694100699,0.1682097166776657,0.07864391803741455,8BBF8198B78B76A647AD3A7CD0E73CDC213CA3E395FEEC095A1F96BDEBE98741,AB2DCA787F588E801409AB469BB4A59FE4288AD426AF4806DF8223B9629C366D,A3DA45523CF52D195FCFF9A0E8D49E48834342C815A7A1E1623A423A14E24AD8,,PASS,HASH_VERIFIED_SUPPLEMENT_NOT_STRICT_FINAL
S14,MixDehazeNet,D04,21,21.7813506241824,0.8777882814543987,0.1281481385231018,0.10963648557662964,36A476105357D29E915CB02FCC4733514C1420DBEF320EBC971BBEABAAE905D0,1AB05A60150CCF7587104B3924BAC1DB81A9B6F870475AD6069FB33F08F41A2A,4E173A596ACBABC27E633AB1873F0DB9802997C98F1E3807F7B1DB7514EE9881,,PASS,HASH_VERIFIED_SUPPLEMENT_NOT_STRICT_FINAL
S14,MixDehazeNet,D04,22,19.24867992509349,0.9044818072725983,0.07875420153141022,0.08348280191421509,6A582E7EFCF08A71219226CB73B73A27C003D99301784D5378EF2A6D14101973,47F4AB2C93B9C83088E2DB40A410900DAC738B1503DB25D0423FA33B4FE83225,4B62FA902DDA08B812BA558009D906195237005C350A1A7ADA538C5B7A4C1275,,PASS,HASH_VERIFIED_SUPPLEMENT_NOT_STRICT_FINAL
S14,MixDehazeNet,D04,23,11.508632977739559,0.6856394936073359,0.36475756764411926,0.2958294749259949,CCB31930CB34AB7FF04304C7AAFFFB7C7341559008015754666CF2D3D4D578CA,434B68AA01184DA16DD93DB83CD9473F9BDDAA7236E46F29707A26D62E77D034,2E3CB7D42FAB1CE2F914B74FC112AFDC336A4D87696C1FB9E354B1F1CF7052FB,,PASS,HASH_VERIFIED_SUPPLEMENT_NOT_STRICT_FINAL
S14,MixDehazeNet,D04,24,16.45714437910009,0.8197593105528241,0.27033787965774536,0.25520479679107666,7396208903EEF483C8C5234A53114F0BB96B6766840771C2009F2EE47C08D0E5,2F94F1D924C537644814F82C9F78DD2901ADEE578F21C87DA409FD5879B1F3FC,108F9F495986B51FBE83286682FE485E39CE60DB5A0C55BCF5A2AA29ED55BDB4,,PASS,HASH_VERIFIED_SUPPLEMENT_NOT_STRICT_FINAL
S14,MixDehazeNet,D04,25,16.56763906912319,0.8336443014636193,0.18166586756706238,0.16456782817840576,7F7E3B1EB104CBBC246EC8788E300A27F5DF60D0F267FFE992A9D0AFC198CF8C,923C0F0EDEC357692FEA84FE1E2BAAE77FD890F2D8294098694D83C5D7BF2F5B,32975DE4688EB553D39E51C16D002C1B730D985909716D64EFFDA6944A50CCE2,,PASS,HASH_VERIFIED_SUPPLEMENT_NOT_STRICT_FINAL
S14,MixDehazeNet,D04,31,23.89500745661939,0.919776553934002,0.10758897662162781,0.05234646797180176,C0FD0023EAC765BD9E77E4699C65E6F52F06382C395EA7A8A7DCB02EFFC8466F,CE7E848FDD9B9A8E53CEE8A80540A02E19017CB82656E4DBD934C84AB8192C79,9D6F492986DF354B0FEE5E425659B1F30A6140B633E8E44759F9D4862D790CD5,,PASS,HASH_VERIFIED_SUPPLEMENT_NOT_STRICT_FINAL
S14,MixDehazeNet,D04,32,13.383133534872432,0.6894173676585424,0.2759099304676056,0.21444708108901978,C95071845DE2EC5A78E782C6611DA84AA42187C31A792D0B8909F51451B602D8,A5E6C4C1E13B6ED7E0E743E0045B52988EBE8835D4220C7BF5D0FA98E2411DF7,B6E6E1A213B3B3E3358588B3A3881D2BBA3070E8918BDE23FDCB05256AC5244F,,PASS,HASH_VERIFIED_SUPPLEMENT_NOT_STRICT_FINAL
S14,MixDehazeNet,D04,33,14.051393926928684,0.7870008617454571,0.23215728998184204,0.134515643119812,3B555B91195CFD0222CA505B5ED0A372019BBBCFC9063D4D062F88750FAA72D8,47F2C549DAFF442A3F77ADAD6C7C3F05A85E250AE22754117BB873CC2CA13DEC,4CE9D5E8782A7653057267C32130C9F1193ABC9D3916AB1B5E235494356CFF72,,PASS,HASH_VERIFIED_SUPPLEMENT_NOT_STRICT_FINAL
S14,MixDehazeNet,D04,34,15.732764081585916,0.8078005784481316,0.16687491536140442,0.12447512149810791,49905E56427BFF302B4BFC724C35952837F0FB9423C91A44A15A04062AF871CD,45D9B0C3BAD9B62EC6033EE3933AE05A29CF7CCC1C8A3E5104650132044FBBF4,EBDD8F069A8C6035AD24B69B44144DB933B993EFF13BA8A5BDF920FC530C03D1,,PASS,HASH_VERIFIED_SUPPLEMENT_NOT_STRICT_FINAL
S14,MixDehazeNet,D04,35,13.976534318139906,0.7135847547981835,0.3394072651863098,0.3018340468406677,7AE0BE8849F040A52755C6CCD03C1E7C04611CCED8AE2D2FFA6040116E3B1913,AA6632D2E7508666959D0D0D0B9F3E8FAEC29043C23CE2EC7D4A650A4B1083A3,F911875C30ECCE96428E2A891E97B0F55E825BD9306E36C69252EDC00AC0F1B4,,PASS,HASH_VERIFIED_SUPPLEMENT_NOT_STRICT_FINAL
S14,MixDehazeNet,D05,1,14.880466039760245,0.703331053826961,0.3512367308139801,0.1917499303817749,5617E822CEAA1E52407BCF8D0E1835EED14A86F589EC7BC01495E8864BDC7B88,53DCBFDC4EBD977C01654DABFE04CC2246570B1541BDAC6E9699BA15C17ECD88,AE3509D7D1B3E0D263EA5F64AD34903C5B0251E19071DBC60AA652148A794763,,PASS,HASH_VERIFIED_SUPPLEMENT_NOT_STRICT_FINAL
S14,MixDehazeNet,D05,2,16.1817174704831,0.7580483268655412,0.25968748331069946,0.1251024603843689,048C2C0A7B3BCA9C974BF8CE047C73288DE209B9E8B13CC84DA00E1E7062FB40,5C667FCCE9A1ECCA7DEAED221128B2C73F7B105C4DFAA7BFE7EE5BC909057F5F,A0F62D709CAB21C3BF29B8CC76B397655CBBF4BB87B756F299AE3B6C959B537B,,PASS,HASH_VERIFIED_SUPPLEMENT_NOT_STRICT_FINAL
S14,MixDehazeNet,D05,3,18.175506596313856,0.8102814057862613,0.21710480749607086,0.19958317279815674,3FD16E4347F28400F4A0AFC544C7BF1D7F476733565D2CD3BB02F72F1B9E7DA1,0EA8C6409C916E0336E1CFA98B31C63D7D0A28127A46E0FEFDFA25691CB91B76,2E36E6B85A6FC0DAACAD110821E27ABDCF7FAA63B77FD79B09163D8EB907B0EE,,PASS,HASH_VERIFIED_SUPPLEMENT_NOT_STRICT_FINAL
S14,MixDehazeNet,D05,4,19.645329369588232,0.7926073151061755,0.2564845681190491,0.16436898708343506,A2DB1328B3F4F6F760C551ABAB19099465B7C3082F629E9BC04E893B9C8A0605,70FA3CA85DA8C2153E084C303AE5110635C6D9D3D8A2FA10593B90D029C6F570,AE19695B63B19AC059A08C924061E509D1244D487259D54347149885884591E9,,PASS,HASH_VERIFIED_SUPPLEMENT_NOT_STRICT_FINAL
S14,MixDehazeNet,D05,5,16.32642647261749,0.4785142612982234,0.541081964969635,0.3686061501502991,F521C0A2A6A0A8D3BD9041F050C167E97F6FB8B3590F958BD86467A5FC1357AB,F0F01C9A961FF272D7AB18E571CE9FC78F35FB33B29493649138458DDC2DAF3A,4239B80724074FEA3763D4DBE96EF7C8DC282F3AA7D7FFD6497898A54F32C985,,PASS,HASH_VERIFIED_SUPPLEMENT_NOT_STRICT_FINAL
S14,MixDehazeNet,D05,6,13.980639774484207,0.578659441945579,0.414658784866333,0.3307849168777466,F0C64D7A3ACC73E13829DDD822E8D2544329D707DF31FD3C150D1191AB772271,284F692ABE83C7D7F26F5075BF7A7D3302F954305DD8B06C2D41294F790661CB,A85AEF32C1450D95810CF8C3421868E1A4AE33F85096621219AC73044D9DB38A,,PASS,HASH_VERIFIED_SUPPLEMENT_NOT_STRICT_FINAL
S14,MixDehazeNet,D05,7,20.907753028414223,0.8359412430113192,0.1764199137687683,0.15024924278259277,64E571161C50D7A886CC22F7D31E6CBF038CE4CDEA3B5F9EFA23F65BFDE3B86D,3576D3A3C1EF68992D1E5EBE696CF03FD821C1ABF70A5DBFAB9EA687D9F67F6F,BCA81575C427F3CE73CDC8C2397460A3F89CB56F6C6E681E7EF628769FDB2AD5,,PASS,HASH_VERIFIED_SUPPLEMENT_NOT_STRICT_FINAL
S14,MixDehazeNet,D05,8,11.650834346101016,0.4833933643070079,0.597821831703186,0.2959187626838684,6434DAA4F8C01279D6B92DAD6831E8AAFEC6CD3F23666D0715D72287DE8B77D3,A7EF48823C56AFA9F2CF44DEF8787391E89F3D84641BD1B920C60D90B717FDE4,615176BE1CF1DA2703E8C8CEC64267F7ED4567308A178FBEE38FF66364ED4F3A,,PASS,HASH_VERIFIED_SUPPLEMENT_NOT_STRICT_FINAL
S14,MixDehazeNet,D05,9,15.361453082086227,0.443570142300806,0.6062376499176025,0.4537370800971985,19AD82CF7EB8055796A0E7948F51430EE9B57BA6F03890D1D418CDD8905245AB,F2F9EE2966C2BA1676947AC453F226689E435A398A31A9D87C601B23F6D33785,093A6139866212684694A5E257F5CD6D110F64CA7EDA6C9CBEFFE9E5FCA08474,,PASS,HASH_VERIFIED_SUPPLEMENT_NOT_STRICT_FINAL
S14,MixDehazeNet,D05,10,13.1830191458015,0.6952003935154779,0.3755461871623993,0.24550551176071167,A34C1732598E8B49083335EE8E030A0116FF11942E8E6D678CE3634E543A361F,F5BB3CDD8067CBC211ED4897EB8008B353205AECFE648D732F33C569E8BEFE33,41B2ACAEF4B347D523C878EA9B38AFC8BCEDA36C4D772F6A06175EB75F05E586,,PASS,HASH_VERIFIED_SUPPLEMENT_NOT_STRICT_FINAL
S14,MixDehazeNet,D05,11,13.704519452372493,0.6130688291933014,0.3938845992088318,0.2742811441421509,7B1A936B06A0B8463FEB093F131E640E40624749382F524DB69E9BBE52B37173,B07169B798FF75F9CFD2AA2DB20325DF8825562D800728E1B8E4555CD4C80C7A,68350250B43862EBF4028D4ED75E9507A9E140F3247D9AA2FD45B7859BB1CBF1,,PASS,HASH_VERIFIED_SUPPLEMENT_NOT_STRICT_FINAL
S14,MixDehazeNet,D05,12,16.013640392176374,0.7252892510770108,0.3591124415397644,0.21332144737243652,4222656C62CC3E571F6B1E4C5B4C71B2E21517BBBD9CA3AA381B56332B267EDD,806555EDB0833D98300224F41559E43535B567775FC013E802AC7640CBE05BC7,7BB554BF97C4EA9939A7EF6CBF1A44B8DA70CA128AF5C26ED3CBB44489E2EFC8,,PASS,HASH_VERIFIED_SUPPLEMENT_NOT_STRICT_FINAL
S14,MixDehazeNet,D05,13,13.009666352591125,0.6035484544545583,0.5001723170280457,0.3285973072052002,977ABD49F66B81417E9174BCBCE868608C31751C9FC4BFA866EF34FD802DCE40,15503F04C2CB5B2DCB5113AE8AA8D8AA89E802BEAD6B6DA16D5F324AD80777AC,58A4AEC7FBF2CCE713704283AB8D62755CFE2534ED31524360F8ABC1A9228AEB,,PASS,HASH_VERIFIED_SUPPLEMENT_NOT_STRICT_FINAL
S14,MixDehazeNet,D05,14,18.365942300974808,0.8165618762331294,0.252300500869751,0.20555853843688965,246FC0415F51A607CECAFBD82622B91C70329BB2FE6320F137D15944F41BAB6B,A5CB1D302D65F4DF8AF4D46EEF441F7275E76895C28C3529C7AD2126F6599C95,332EFEDC46101F699D0DBEE04B701680CDDB216F06AB0D8A081BF1B6D3C1167F,,PASS,HASH_VERIFIED_SUPPLEMENT_NOT_STRICT_FINAL
S14,MixDehazeNet,D05,15,13.36306398320177,0.6458789749203381,0.4009943902492523,0.29952675104141235,AA650654D043422CA7CA33540D52712645D9DE0A1C11EE3550443ACEB01304D2,2399AF2F70BB47D7AAE26101C974F7C99C910619F31ED199FA4F84A94BF2E8A0,B2E1E7B4416C71EE65C118F603C9201E6E2EE650EAA81C30F8454CB805589D03,,PASS,HASH_VERIFIED_SUPPLEMENT_NOT_STRICT_FINAL
S14,MixDehazeNet,D05,16,11.353384939427793,0.5073583538924417,0.6347579956054688,0.4800992012023926,A34D3094453208AFDBA0E80FF00D0B8723227CF6B8AE8965EC23104E99FCA9DF,F56B229B99E57C2F8617F6652238124FD8C0186E77BEF491F2121C541529E1EC,EFC9F822E408B2E93B864021EE8833CF1CF62940124F276D156A9B01237845BF,,PASS,HASH_VERIFIED_SUPPLEMENT_NOT_STRICT_FINAL
S14,MixDehazeNet,D05,17,11.902335441722382,0.5577527557825485,0.5291861295700073,0.3558570146560669,7F2CC1E4D3CF76F5F4A8E2AF50B82457D6773ECBCF451C9A17DEA6DA9FA65838,95FB456377FF9E1A41A33A46FA19AD8CEC61F3AC3DCC66117350C328AE5DD15D,C0A5C10D27D89180BD7FCECEF15C004B8DF350F4A7C5DB81A39D480FE2D84FDA,,PASS,HASH_VERIFIED_SUPPLEMENT_NOT_STRICT_FINAL
S14,MixDehazeNet,D05,18,15.647764859480805,0.6939921987604108,0.32436472177505493,0.19110876321792603,E50EB742F07CAE64CEE4A4DE3628928D6335F4F5B0A541D64D2A9B555FE57078,2E1D305A4C94E175FD80E3E5167BE6BC7D8130D913F3DADFCF77E75152124584,3A44F584E90C058BCA6F7528E059BF2832C43371FBE9043488B36355A5A7F810,,PASS,HASH_VERIFIED_SUPPLEMENT_NOT_STRICT_FINAL
S14,MixDehazeNet,D05,19,13.90721752235808,0.7257466846100561,0.31665879487991333,0.16984230279922485,6C5CAC2066ECAFC48120FEBDAF0B2FD62E554D960EC79821579BE7B0B93C886B,C4F0695123F82C180D583489F57C8D065DF7EAA148F4ACBE9E38AFDBC0FF034C,7DCF6EDB3465A3881BFFEE8C94CA602C446A60D5565EB976E219BDD8D50F2746,,PASS,HASH_VERIFIED_SUPPLEMENT_NOT_STRICT_FINAL
S14,MixDehazeNet,D05,20,10.608930288173022,0.5061092418543818,0.5174963474273682,0.2951781153678894,BC66561B39C77894D5DA42F1760D11A1C255FA2E6D9CECBF1C60C2EBEA9A5B1E,0F243A6FF42B176D7FD505B0F9369023BF724498CE555D16BF5C96E8728C6AEE,AA906C0FFB59E22F3DC688EE88CC3499715E91191081FBB10FB69474C24BEB36,,PASS,HASH_VERIFIED_SUPPLEMENT_NOT_STRICT_FINAL
S14,MixDehazeNet,D05,21,16.33760739168588,0.7093348594713883,0.39697426557540894,0.27719050645828247,069F11F974157E01D0C205B3BB74787838DCB6C9F572675EF8BE52973749CF88,259240824FF511C499487549ACBBB54D4B22A0EF45F6A31288656DED08467352,63B03E907507B8812CE12BDF52D5E49702DDCB248F8A3FD7CE47039CA0317FFC,,PASS,HASH_VERIFIED_SUPPLEMENT_NOT_STRICT_FINAL
S14,MixDehazeNet,D05,22,25.547589455930016,0.9351835164595873,0.07954196631908417,0.044224321842193604,027F98CC74B5071544C780C4BF27BE6C33F02E6BB80F7B32E19B49280AA57647,15B7A7B47BB42977437541F8497F69D14985F3C88E72775FDAC4CFF963529E26,3418AC11C7FB9502DD8A0E9488B0B97F7AA5581D24A92E0B337D9C9345ED1336,,PASS,HASH_VERIFIED_SUPPLEMENT_NOT_STRICT_FINAL
S14,MixDehazeNet,D05,23,18.4162182230003,0.8455151465326148,0.15546706318855286,0.096774160861969,AD2E2E1D351ADC63E72C962050AD1C5E4649585F5E843EB5B0E4BE18A4EB25CB,2BE0C3921A195D62219DDF3DEFE8D85BC03C0E5C811B4C79E89B5595DF6B9C88,F3FEA301C676CA25B04BA7E0B57C4B1B11CA12BD5F2D16E579FD43B573B6136D,,PASS,HASH_VERIFIED_SUPPLEMENT_NOT_STRICT_FINAL
S14,MixDehazeNet,D05,24,15.834581397468597,0.7383027725263656,0.32474908232688904,0.19803380966186523,FFB1C16B59AABCE6B64480A23E2E805760C05B8F229D6209FC97EB459A71333A,23939243C8F40539CAB9B3FEB8CD6A7CC003511C759FDB133CE06BB44F5BAD21,E9B676FE3F3597A8FF5D03F5E4F7B5FE82DB11232B6E6A0CB47D6BCF5976D5A4,,PASS,HASH_VERIFIED_SUPPLEMENT_NOT_STRICT_FINAL
S14,MixDehazeNet,D05,25,14.400542453690024,0.5628358479888075,0.49444520473480225,0.3773057460784912,7AADDD9526587BCF8EF52FF204DF7A8F7FCBAFBD07129F8135AEB43FF219EAA3,18A3324C132B01DAEDE2926101B3438A0EC51F25A9668B517A50353B9EE533BB,961FA08D3256A13584570085D07B274FAEC3A6DF6C740DCCF0B2A5AA9862FFE9,,PASS,HASH_VERIFIED_SUPPLEMENT_NOT_STRICT_FINAL
S14,MixDehazeNet,D05,26,14.456291334809181,0.5702340903792785,0.4096357524394989,0.2951510548591614,C08AF8D3B58809F658DD29ED6462DF1B3000142F9F0EDDE8126E18E26CE36A7A,11B17173970FB5039C2339518355CCB4EF4604735792D2DE8A87695AAD27C5CF,48B39EEF1AC321A66B7398757E8EB0691E1FDE8292090BEFCC222911B2B636DC,,PASS,HASH_VERIFIED_SUPPLEMENT_NOT_STRICT_FINAL
S14,MixDehazeNet,D05,27,16.768169714260004,0.6640706336299423,0.3502263128757477,0.21428954601287842,935155512B2D2C193E1E068BB4119B09DED1E575C02785EE73DB4B4568732545,BCC47F54E74F8215F4E023D7356919B108FC232A9B466228D1608F10C29D8749,313D659B98F8CBCB32116CB735C5280D0D36C03E817A61DD39442B7D4FE84541,,PASS,HASH_VERIFIED_SUPPLEMENT_NOT_STRICT_FINAL
S14,MixDehazeNet,D05,28,12.395941351614464,0.5601390571442637,0.49764370918273926,0.4002331495285034,3F50871D11D92AF7B087677B261E27599FCFEC8F87B5C2676BFB8A161A72741B,25CED5C3A0869E998FB089305E6DB04B964A6DF09211177B7146F2D8EE75019C,7CCD78D108136BB1F411038D9204786A02DBFD92A9D206A4D88C5B79EBEF49E5,,PASS,HASH_VERIFIED_SUPPLEMENT_NOT_STRICT_FINAL
S14,MixDehazeNet,D05,29,12.858806560647606,0.4896810816742952,0.5912766456604004,0.4324524998664856,81EC091E78B674E82712EAE54F17CE3989A013C3165C42E7E4351164EBC3A1B8,3A02340286A32C2221E2047C6A1B982701F4680E050FAB2D6B2195D167518373,7D99173BC7F929C2B6C701CEA5B45C97C023A2E6FF2B06E83856E1774E593C8F,,PASS,HASH_VERIFIED_SUPPLEMENT_NOT_STRICT_FINAL
S14,MixDehazeNet,D05,30,20.078788661569348,0.7262095334259498,0.2635031044483185,0.20995473861694336,14E10933E531932CAA59CFF583C77F6477A386864ABE63586A9EB798A79FFBC1,2C939BAF94BBD4ADD2421C272D192D45EF8261498DDAE27082ABF608944275D1,40BFEEDD9805F7B53CCD3455A2BA0FE8244770CEF1921316894F817F2684F514,,PASS,HASH_VERIFIED_SUPPLEMENT_NOT_STRICT_FINAL
S14,MixDehazeNet,D05,31,17.95219685124777,0.7519832192686535,0.2773078382015228,0.19134318828582764,4EB5F6115066B5B44F89B71158CA65ECA5606E07B7EE76D18F9DB017DF02017E,93B5BDDB161F5AC8635C560711F86E9D50007B821AC42AD66EBCFF47A7ABC847,9BD7AF28817C365758F8E0B343078B4020FC6030746D2700E627D1F48F9066F4,,PASS,HASH_VERIFIED_SUPPLEMENT_NOT_STRICT_FINAL
S14,MixDehazeNet,D05,32,20.598580126249892,0.8154066368110188,0.21567636728286743,0.18351441621780396,3A0AF12C5C9A38E04AD9E40F558C7EF82299C20A09EB055373A75EF5AF1BC091,2DC61724CB89511613BDE3E46281E159DFBD81A52948E5FD75839D70EA3D5770,DCBFF24A86C68E88EEE1D9D12995260CBCCCB97E0AFA1CFAC009722F3696A4D7,,PASS,HASH_VERIFIED_SUPPLEMENT_NOT_STRICT_FINAL
S14,MixDehazeNet,D05,33,20.057804475910267,0.8008721315472518,0.21337491273880005,0.19734668731689453,F9A149793D9210C8B1D19D2030C8106B0D8CAD20C2D5C00F5DCF7D7205E2BE3C,F3D6CA89C17499CF57A027570E3D5138A9C3A7ACDCF5C1C05846829D3C8396DD,935EB39922D2D554A7DC79116A6659925B8043822368CBFECA7D71AE14225BBB,,PASS,HASH_VERIFIED_SUPPLEMENT_NOT_STRICT_FINAL
S14,MixDehazeNet,D05,34,16.321302489433386,0.7520061984210992,0.23193490505218506,0.1380857229232788,3E232BF58CAFD8FE975659C3F23A303E0369F8077CFEB0EA029806D14B42E1A6,A9F0E2350D12597C0152B1F9980A5B9C04110998A7CE9C7BAE1848BF76327726,B9024617D38AC738D7A3DDEF1D7B563BFC922D1C4867DA4952B4403EC2E587F5,,PASS,HASH_VERIFIED_SUPPLEMENT_NOT_STRICT_FINAL
S14,MixDehazeNet,D05,35,22.721903791002596,0.8607063147561601,0.17240360379219055,0.12904232740402222,4C40A00796111F3D0635D323AA05935B18A9E06E1957092F716CD9DB97505EF4,5BBE34BCAAD603A755F20863D53AC35DF8ACC78DA7ED12696113D088AD97A3E7,6CD7A44E32A18B31AF9E38C9159A3F0E2A5AC80367472CC32978F998437FC9C4,,PASS,HASH_VERIFIED_SUPPLEMENT_NOT_STRICT_FINAL
S14,MixDehazeNet,D05,36,17.337767254670055,0.7231022571868807,0.3070756793022156,0.21284019947052002,72AC49F3AF6F23430C86734FE016FA596D8DAC5634E2536D4B90A23486FB9CBA,ADDE3C96E7C2EA4DB5A80D36EB25AE68014581FBF29C19ABB45E7451D209F37E,AE6CB0AE08728B4DD79B4333D8239A0D8F195F4A510B90FA2401FEB04AA76891,,PASS,HASH_VERIFIED_SUPPLEMENT_NOT_STRICT_FINAL
S14,MixDehazeNet,D05,37,15.655811437955464,0.6264785490698349,0.3870636820793152,0.2425600290298462,A06B19F2ADC72BC1DBEFDE55003F9E242F07638B7EADE116AFF1F7E1A59B615E,E9AF481F2A1E0ADDC74030F128BDC11E062BFAD1F343A4F1E5320D034F1E2B75,2DF264935959CE7BAC1E37A2745AA08C0457C88E4454AD2917917D966DAABEE9,,PASS,HASH_VERIFIED_SUPPLEMENT_NOT_STRICT_FINAL
S14,MixDehazeNet,D05,38,14.098266031394221,0.6556486942150851,0.4322468638420105,0.27677881717681885,EDC53095283E1B2282CF0FEDA9F362CA7FFAB4A83410E12A271910824FF6E8BC,016A1A7EDF273F874151ED98B065B6FCA3017CE6B95FDCDECAAD56D0EA29722A,791492F1D4EF0067EDC1C530057D2C1E703E46C60C2BF5D3316D305AA914BE84,,PASS,HASH_VERIFIED_SUPPLEMENT_NOT_STRICT_FINAL
S14,MixDehazeNet,D05,39,14.251131019814856,0.6330774358831989,0.40273669362068176,0.2769543528556824,43FD00FA723E0672D4D94C57F199D45C562EEBC216C8761B6D4D72F35C295C04,D706B271E3C8AAAD4FE78FE8A767559DEED87E60E5DC9D2D4A658A24C72A45D6,1AC04A29C2F3BA5EA0CDD4443B2454160F1C2ADA5C7E9667EF6E32B295EE517F,,PASS,HASH_VERIFIED_SUPPLEMENT_NOT_STRICT_FINAL
S14,MixDehazeNet,D05,40,18.176706575637965,0.7487169407691656,0.2721332311630249,0.21034711599349976,C793D6DACD5C674335DFCEF325448614442663A1E1A41041782741B484E54AF8,8CA115FF13D678E9184FB1C278BDF92F86524BDC7BCFD420808F76CB0CD4E965,E03542E56765F7168CA24E0824F132D09E6FE5BC14E72447E2DD40855B7A0C5E,,PASS,HASH_VERIFIED_SUPPLEMENT_NOT_STRICT_FINAL
S14,MixDehazeNet,D05,41,21.79926112526573,0.8578345358903032,0.215215265750885,0.1603398323059082,26548992D267C16A04787BFBB4CC18DBF1F9D4A9C9C32AD6DF9E8272F9BA5779,0F1C00F69C4DB273F46256558A67C5EFF9C558C4D7F538B02BB9A7DEF52615C9,F5393BB0E63AC3613BF0A37A88DA77D8A9E4187A9D87D8DABCD634AC4D82E75C,,PASS,HASH_VERIFIED_SUPPLEMENT_NOT_STRICT_FINAL
S14,MixDehazeNet,D05,42,13.638305262040944,0.548323875696949,0.429499089717865,0.29971450567245483,88055862A2A7D024A0B87A2D896143C5810303ECE53AA3ED01608ECAE9437C7F,CEC706EB619E86F00AABEFE0A57151AA402010FB282F3393535A535E27378736,19B00CD9685787B4E0F985B29759A719136993D7EF6B0FF21CCC665C9CE0BA07,,PASS,HASH_VERIFIED_SUPPLEMENT_NOT_STRICT_FINAL
S14,MixDehazeNet,D05,43,19.92065338430897,0.822780315381843,0.20377831161022186,0.17033487558364868,AA762707340C64BF3375CFB66E8ECDAC5657540024BD837242352D994E6E974D,ACC6AD03B3CF01552BD1D8ECC1CDDA971B039FE9AF79B2732A8B3BF6F62C6E49,645126846219C1C7403CC0397A4B9835B58599F01F2673775491E12951230D40,,PASS,HASH_VERIFIED_SUPPLEMENT_NOT_STRICT_FINAL
S14,MixDehazeNet,D05,44,19.085292108874192,0.7886010749472613,0.22529719769954681,0.18371576070785522,C9C9AD279E573FA522A7D1C5DC015133AFDA31A3A692C9855818F9FB7754E0E1,6F55F38E564BB18AB0B91ADB42953D417A03DE44382B1E4AAF9367F17F869223,7258C2BC78912D57347D9E49FEC27C52FB6054A3FA2C395D79887C3BFCEFAF82,,PASS,HASH_VERIFIED_SUPPLEMENT_NOT_STRICT_FINAL
S14,MixDehazeNet,D05,45,16.21634941714621,0.5969518785164817,0.4394571781158447,0.33727550506591797,71F257B3B2CFA7945536825D9F1296024F8F9FA150AEE2D73CCEDE854E6A2EC7,2C139A4592AD739977A27D4DD7AB459FA20139838CFA7796BD15AD5792D543E1,10E9098BC5170CFF86B36E5CBF2AA20433F892FCD6ED26BD5944587A99192366,,PASS,HASH_VERIFIED_SUPPLEMENT_NOT_STRICT_FINAL
S14,MixDehazeNet,D06,1,10.648944358402954,0.4043704040080432,0.8058652281761169,0.5265536308288574,28D483EE2ECAE7E22E4DAB43E74216587FF6604AD354609815567F0716FE3713,9ED841651FF20BF8F8636345BA3366395A5317A51C4FBEE6720445349B695377,07777D0E8F27487CA265635189E570AA11D2A590351029AA6AF4817C35CB4F7F,,PASS,HASH_VERIFIED_SUPPLEMENT_NOT_STRICT_FINAL
S14,MixDehazeNet,D06,2,15.414408098992956,0.36462166775891935,0.8679333925247192,0.4960177540779114,134860C6C2DA0FCE9A97C8BB53E91039FF661CE28A074FE3B3279816ABC66BFF,6AC611763B08EE9DCE1A5E21507CEB665BC266FADA97AC5E6FCD76D7067EC883,95B1EA379B77406409CCA9EA730F0D540C1659B27E8D6652C78D47497C63DD60,,PASS,HASH_VERIFIED_SUPPLEMENT_NOT_STRICT_FINAL
S14,MixDehazeNet,D06,3,14.232795817888565,0.30136671780515084,0.9309952259063721,0.580997109413147,006F27ABC8E126705555A4285ACD79D314915C77150940E2399ED60F417312FD,5AC49F9CBC4EF1A76ED1E612212C2943CBD487689C04C5E39D9606C85164D22E,BAACE5ADD5B884A799D30F90BDBA5402D377C97BBF7D2B8E5C841DBDFB36981C,,PASS,HASH_VERIFIED_SUPPLEMENT_NOT_STRICT_FINAL
S14,MixDehazeNet,D06,4,9.860496625751752,0.1890238764213256,0.800979495048523,0.5763963460922241,55BD84BE636D6A8BA343BDC6C0DE0584D6889357CB3D34735FF0F78E940AD09F,E082DCCE315F5C0ADBC2EBF1452878836DDA1C622F5A306D2E9E0786999C7D4C,2D4E1851A06A186BB65E50E93859465010C8A0495F75C4713A23DD1115015972,,PASS,HASH_VERIFIED_SUPPLEMENT_NOT_STRICT_FINAL
S14,MixDehazeNet,D06,5,9.153761108658303,0.3847717351181285,0.7846916317939758,0.5556117296218872,24EACCED76A470F04D9276F248AAB0C3CFF3C058246792F742E2E3CB7A6380CC,B5400CD64D590E3A6194C4B9A2E56393D5D35B5D117B8F6BCC3928822465D9B6,CBE0056AB71C277A81290A9EB32110F9E5FF88AD5246E1D2092CBA10765EF34D,,PASS,HASH_VERIFIED_SUPPLEMENT_NOT_STRICT_FINAL
S14,MixDehazeNet,D06,6,9.19138047837573,0.39775655205600113,0.7673333287239075,0.5365517139434814,9341A15AA8360794632AED0F593CE4E6541F798AA5B8628F6DCF6D6D0D249BC3,E000DA4B0BF9E38CE6B0618757ACD57D1CEBF5E34EFD182D0EFE3B982A379795,3C4B60E4E5C52C4EBE0CE2ED4C2DDFE90FF18E769FC41EE17A897CAB63172842,,PASS,HASH_VERIFIED_SUPPLEMENT_NOT_STRICT_FINAL
S14,MixDehazeNet,D06,7,14.803454453983473,0.36981730315685774,0.659913957118988,0.49621498584747314,2132E15598A04E4CB042242D3E5DDE1F0FCD5514C57B8725D4C397DB118AB11B,CE62D9856BC056878547F02D8F4544720EC5990C800826BD34717BBF74A319CF,8C5CFF85B6486135BD84EF25E3A35F937AB9094B512A0CA8BF6FF9677A1B9819,,PASS,HASH_VERIFIED_SUPPLEMENT_NOT_STRICT_FINAL
S14,MixDehazeNet,D06,8,9.384901253493437,0.22392302142912213,0.9314277172088623,0.607701301574707,D899B7D6739C06AE2AB1ACB81682AAD5EC7C1374E6381E67C8DF1761BDA7BF7F,CAE7E7C1EDF709DBEF8A0885A2B5389CE2A5FF9D2D1ABA7E8491576D982DF5DC,EFDED91EBE71B3BABCBF26DB235813C6E86E9707596A6AD36053C9DEC25191B1,,PASS,HASH_VERIFIED_SUPPLEMENT_NOT_STRICT_FINAL
S14,MixDehazeNet,D06,9,13.613066226180354,0.4503683690543085,0.895636796951294,0.6126594543457031,EEF4D07864BD7DB244F0A806FCF200ED0288C07FAB8BF3843F6AF1B33B360C58,2B39C36701D4876E7B3AE9400FF1D86AB632239038EB17A2FC3C7A771BC29B54,311CA365C79CC5B5D6FAE850D58AF94D6C7BB7A9850AEF7C0E6184AEDC922F13,,PASS,HASH_VERIFIED_SUPPLEMENT_NOT_STRICT_FINAL
S14,MixDehazeNet,D06,10,7.302545594884892,0.292460471681943,0.8058881163597107,0.5834221839904785,EDB9FF85491DE7ACFCF706623ECCC9863C787C3E426763FB1A2CFE0AC143D633,C679364383BAC2EECA0DC6B66F1992840DDC505BD73D093DE5C9C67FA05CC990,4C486BE2EA8589FF4ACA815A64A36B5AC0C2A6170F05797D8763CCE4BDD60ABF,,PASS,HASH_VERIFIED_SUPPLEMENT_NOT_STRICT_FINAL
S14,MixDehazeNet,D06,11,8.316092925635527,0.31243433489770256,0.8130359649658203,0.5995581746101379,36EC563EB560C4735F19351A76A78C09DDE6F9F87549195DD271F447C3684FA3,989839A9FE1DB898EB1E44FD4592EBB962351E077E81409BB6D03C7D8999356E,E005E3A7B2AA667CA8C208AC431AE08053A1EADA0458244C41C7FDC3A1447684,,PASS,HASH_VERIFIED_SUPPLEMENT_NOT_STRICT_FINAL
S14,MixDehazeNet,D06,12,14.542640188348841,0.5197305601648697,0.654096782207489,0.5599708557128906,C5CA312E60B3650041DFF8DD81C5E9B8BA928535379674BD79773319B65E98DF,8FE85AC8A887DBE584B5B70E4BA908B05569C5E2A6D72C45C88393E109D653E0,7BE6E949CFFF86900A3F6EC352DF22FB20F9A6F7FB12CB81EDA0601BDFD85916,,PASS,HASH_VERIFIED_SUPPLEMENT_NOT_STRICT_FINAL
S14,MixDehazeNet,D06,13,15.327953501189482,0.429479226561366,0.804422914981842,0.5903403759002686,3E3CCF370C0E5A20CA86428C3DDDE8EA1990A195A06BEA69FCEDDAAAFA9E5696,546B915EEA0AEB7AB290BB7B6BBFB7E6B67BBB54E56C0937231556ABFAA32ECB,4D08FBE885C80883BDF81B7530851570120D9AD1E7EF6E4462EE542302000142,,PASS,HASH_VERIFIED_SUPPLEMENT_NOT_STRICT_FINAL
S14,MixDehazeNet,D06,14,8.414193182136211,0.3810041722402638,0.7942181825637817,0.5683668851852417,CCEE2CDAEFA0A93958EE30031D4B2A39C661737EA1EA983C420674127715AC0E,8932E017C3B59DA3B9202C8133D3CD0D267D05A7C2839875FDAEDB5142998EC7,DF32F9F0F5271744C2D9EC24B5A447C00B203DC19F911E9C744F0C52A6416021,,PASS,HASH_VERIFIED_SUPPLEMENT_NOT_STRICT_FINAL
S14,MixDehazeNet,D06,15,9.312391858237799,0.45208038891772273,0.7745649218559265,0.5838472247123718,C2B22D2DC3EF07C16936BACE37FD89533DBDA0D65701E97AAF93DB066AEA6056,ED66F848BC19AAF95EA3F836429497324674EFC70C5B201A91A369D2120885C5,A8767030E934D57AE155D1556FABE94046EFA85CFA5A2D014D72FC18BBC7E93C,,PASS,HASH_VERIFIED_SUPPLEMENT_NOT_STRICT_FINAL
S14,MixDehazeNet,D06,16,7.91861747735177,0.21896745270745302,0.903249204158783,0.6735281944274902,B7D9F5C033B21B3AAC02AD0ACD53F54D232EEB24C4D10E44902419C1BBC400A6,DBF7FFCBC8657C2BCC9E8E47A7EE8DE7B4644223C8DC023B0B3C2BFE6A20C67B,48E8D92DA2A7354450C10EAD9BC5849557AE4D52678A67FFBF99CFB765DAD5DC,,PASS,HASH_VERIFIED_SUPPLEMENT_NOT_STRICT_FINAL
S14,MixDehazeNet,D06,17,10.71338369875178,0.23144903141336667,0.8309347629547119,0.6635696291923523,A0F274D8B271C6193552014BAC75F1CC9A6DB1514E67AFE154C755B61AF77ADB,EF795846A7696089899739E9F674AA4B3EA88776EAC373D1B9177846BDAE2BC2,94B9307F5FFCA710F1F5B6EC289E4CD408232682E3F869A7051342160F6B7D9E,,PASS,HASH_VERIFIED_SUPPLEMENT_NOT_STRICT_FINAL
S14,MixDehazeNet,D06,18,12.769955601253065,0.4337543601483909,0.6718027591705322,0.501491367816925,24E0011E35384905DD680E0D8A4A285D818AF3286B5945F2E3D6FEDDAD0E1AAD,624642F5D30C4D807E4156062BE8D38273DFE0C7993B2230A80F3179880B33A5,EDCF62552E725C4D506A9DF666BB116C97DB29BF82F0B97AAEEA343892412B35,,PASS,HASH_VERIFIED_SUPPLEMENT_NOT_STRICT_FINAL
S14,MixDehazeNet,D06,19,10.363133816138088,0.4403505682038049,0.7329804301261902,0.5970482230186462,CC351CFCB3246A286EE2AF5245E6253940AF25530C52F9E98267FF9395E412F5,E90FA9E3F510FD18128F9E46253183CD998FCE49F6F9373D03A33B3D39D14BA0,0D1BBDB7E2CA1610FAEAE632AA39C4DFA30609A0DDBCF4F97BB441A221C1A1E1,,PASS,HASH_VERIFIED_SUPPLEMENT_NOT_STRICT_FINAL
S14,MixDehazeNet,D06,20,11.807042796452173,0.3551643316210607,0.701692521572113,0.5237281918525696,987C1D848366DD1B84A7141B5AC2F5452DB7047896FC2A41C121AC259EFF3773,40D87A8EBEAC674460D9CD72E74F9B026716F858F604E6EB1DBB2478208C716D,73C8172F7E369C90F87B22FCFF43DC9F4594CC817F1D3A51D9675BDB983E5280,,PASS,HASH_VERIFIED_SUPPLEMENT_NOT_STRICT_FINAL
S14,MixDehazeNet,D06,21,11.98973741752891,0.4341988083522166,0.7349642515182495,0.5724380016326904,6307ED17DBEA16BFF63743D58A5371C35781CA68446AA87B7A05D0E838E1CC8A,5C8BC9FFBC8201C16E9BCE5D90A5F161A9C8DA8468748E2FABF80AAB4FCDB643,D5C1CF92A40C4E4CB43B73CD4ED260D50C822E13F71BE21F6B86919295BAE12A,,PASS,HASH_VERIFIED_SUPPLEMENT_NOT_STRICT_FINAL
S14,MixDehazeNet,D06,22,13.199853883612533,0.36704774814298985,0.8035343289375305,0.6399625539779663,658DAB1A00B41191DA6A17878F89EBF1C6EE4B679E76B985B7F5A6178124CB2D,60B2E368C115B017373BB3925BD64F0FFC7489196EFA4F7F2D51B1110EEBBCF6,9648D2860587888A7DA5AD65A180A97747799D538EC65B10779C1C14D3B10848,,PASS,HASH_VERIFIED_SUPPLEMENT_NOT_STRICT_FINAL
S14,MixDehazeNet,D06,23,9.504064714938972,0.3633373768186543,0.8528817296028137,0.6523982882499695,2DF3BD74DFE3A4D18ECF6833B7D7FCEAE1FEDAE4039223E1E86DB754951FB8A7,4FB429EA54743E65809DEDD34FE869410472A853F1343D8C0827CC34ED7A4C77,E268DD105353566DAB853528D68CDBE7A0BE6C9BEE37780A57085984780B2340,,PASS,HASH_VERIFIED_SUPPLEMENT_NOT_STRICT_FINAL
S14,MixDehazeNet,D06,24,7.5614643875957235,0.2472287604019651,0.9192628264427185,0.607067883014679,63725360B9BB3B219193A540E9F457AEC2DDFAFA55B5286BA72EA9295CDE274E,52F5674DE315B42A7874D987100F209DF1337734CFF5E8C92FB9ECD104156BF6,20C4C4BBD14DCDDEDEDD0FB472A8C8979502AF68F9C7C1CC88673C3F353144CA,,PASS,HASH_VERIFIED_SUPPLEMENT_NOT_STRICT_FINAL
S14,MixDehazeNet,D06,25,10.934056226284072,0.43670287685376225,0.7484219074249268,0.5553015470504761,0F2A2FBC80EBBDAD0A61F2FC86EABB120D31DBC05E7C58168098E0C6AACA4720,0BA15C9EBD7688A8A22A10AD657BD31E27ECE3F24B3E8778F0BA5D00AE09BC25,4E3CF6F71D6A4684810372BFA10038B6D47DE3C00FC5A495E864D363D09DB592,,PASS,HASH_VERIFIED_SUPPLEMENT_NOT_STRICT_FINAL
S14,MixDehazeNet,D06,26,13.814943552664186,0.3884673822407685,0.7910359501838684,0.5596568584442139,CC1C5D476941198784445EE48CF4A0618B350C1DDF195451C8AFD45306EE7592,06AD8C9C2F0C009268BB287F2C4FBF0119DC85F1831B4FC286DAEF45FD4805C6,89BF700A5BD1040160196FAE011F178F4C27FEE19ACB9F07C85531AE5ACD2B87,,PASS,HASH_VERIFIED_SUPPLEMENT_NOT_STRICT_FINAL
S14,MixDehazeNet,D06,27,8.77103431172079,0.27437641648579547,0.8324615955352783,0.5637543797492981,74B1A368A32180329F912850A4B622FF7CCAF0BFAFBB49931319D018C95CF861,4B8D83C4CDF79AEA0AECE2B70A36F852D458F3963A74AE4256179C946622609D,CA1A912CF34252044B10DD571C2C02090B585498C686ACF41CE1B7B40A57FA1B,,PASS,HASH_VERIFIED_SUPPLEMENT_NOT_STRICT_FINAL
S14,MixDehazeNet,D06,28,10.983965483554336,0.6008476808174583,0.4896736443042755,0.38395875692367554,86CB8BFB9D9B93E243E70A7B06750BB4D600F9824ED1C5413481279F6A3EFEAA,D946AF2A3985F8AABC9657C944591DD577D2D5A34CFBBC2247B328651226AA9B,89D8CE27563534F9ADEF480B5E51715028074041F28C9663E564F52F357AAD06,,PASS,HASH_VERIFIED_SUPPLEMENT_NOT_STRICT_FINAL
S14,MixDehazeNet,D06,29,11.840914976035645,0.4356554229701139,0.7504045367240906,0.56089186668396,2E217089D7DBD0D87A7278BDE3316CC67BB5AA909F0B2C79D37ACAC25D9ACB43,B2A6F36C1346016D992A3AE0F5320976D04A6980828B9BD4626EB5DDCA8BF39F,0BF1807096DEA58E400348413FB7331DE308970184A7C81AFA95553913161A6C,,PASS,HASH_VERIFIED_SUPPLEMENT_NOT_STRICT_FINAL
S14,MixDehazeNet,D06,30,10.35825102969339,0.47486944779299733,0.6751977801322937,0.5143335461616516,F805D7B18D0450840510982C28BB488F49971E13370FEC14BFCCD5D90FA3D55C,1EE74FB57012F24B04F04E826AECE6D29063371B122630F228671E9C662481D8,B21D4A2E4C345FC109F18AB00353205EC244F2041ABB54CED346D5318AE03B8A,,PASS,HASH_VERIFIED_SUPPLEMENT_NOT_STRICT_FINAL
S14,MixDehazeNet,D06,31,9.539406161065962,0.4606596601853285,0.7047077417373657,0.5612024068832397,5B4752F6B9AB26B81E82D0F5050D45216E4224B58A5C1BFBA3B1450087522335,23E6DD267CD37701626769B780C7ACF0B1DB9DE5CF948BCE59A254A49DF093E8,525A13DED37F049FA6321C9F95576B7487A9980A6268959F7223C11A5640CCBD,,PASS,HASH_VERIFIED_SUPPLEMENT_NOT_STRICT_FINAL
S14,MixDehazeNet,D06,32,16.211788492875225,0.8123092896809364,0.40684711933135986,0.3521340489387512,BD6B4F664DBDD67FD65C626D6305C2D749E8BA501BB0B13922AAD0374DE4B68F,EAFCCC0689F0593E9129F67BC528E9505050795EFF27F133FAFA5BA77869174B,67BB4F8EEB32880D027A0E2474B0E2F0A403F42FAB1958B0556D7835FEB150E2,,PASS,HASH_VERIFIED_SUPPLEMENT_NOT_STRICT_FINAL
S14,MixDehazeNet,D06,33,15.021114273999821,0.49105757344011813,0.6092984676361084,0.39769691228866577,351A2056999C9EE643F737E055CC2507C510C7FCF88B602D2EC7B20D12C71330,A0CAF6E489C3E91AC5CE02B14EF77A8F1CA15FA3CACC14E5ABADBD8F56946518,780086AEF585272A4F7E530E27D27207318AEE2C3337CD6BAEE1EEA04C07BD5C,,PASS,HASH_VERIFIED_SUPPLEMENT_NOT_STRICT_FINAL
S14,MixDehazeNet,D06,34,11.261394115131004,0.5778054701087308,0.6909657716751099,0.5355167388916016,9684809E3D2CEBB9498D368DB76487755B47C918B8AEDA34592F0760827B62E3,3D36540A6E5742D0E0B3A8406747E3DA1C8FD083C4C487266A1CA8F9B55E1104,EA211C4B0742FCBB11E80CD836BC238FDDC976880D7972283BD70507069894FD,,PASS,HASH_VERIFIED_SUPPLEMENT_NOT_STRICT_FINAL
S14,MixDehazeNet,D06,35,11.187847255336179,0.5637476437476715,0.656108021736145,0.5110719203948975,42B393C16A0124EBCC5221226C70D3898641E63EE485166FECDFE91DB3D9BE93,5385E420F7F42485979C8E65AC957AE6D7245831CCA02585CA39BD658E562F55,C9748FB015145F1BA2C3AA95F38067C6D6DBB0046B47B18D44657759BBC7C695,,PASS,HASH_VERIFIED_SUPPLEMENT_NOT_STRICT_FINAL
S14,MixDehazeNet,D06,36,12.912213305670221,0.664685767144189,0.42675673961639404,0.3188455104827881,6F8DE0ABEF45000A285E3CC6C5210B5BFD2FD1CA972A46D6E1F89B20AF7945DF,AA92DE50B482FEFA542AA9AE0E1084CAD9D988260A3BADB4DEFDFC660A9625CA,FDDDC54AC449D5019A4D13434D3B56E3130F5BF0BBBC84794EF9A771310EA727,,PASS,HASH_VERIFIED_SUPPLEMENT_NOT_STRICT_FINAL
S14,MixDehazeNet,D06,37,14.939705717213268,0.734003132596211,0.4345743656158447,0.29846543073654175,E71A9F85D51AF0EA561A9C767B8AE577993B9E08CE0863B6E2B7647501248B14,5C2F4FD63FFE544C64B50E0063B95A445A3BDB6D2B83B06BDA91E19EE861F693,D1B13C6F5D0CCB58360129CCCE12D519F536E5A169685FCB544A44289703E41A,,PASS,HASH_VERIFIED_SUPPLEMENT_NOT_STRICT_FINAL
S14,MixDehazeNet,D06,38,12.06790949808202,0.5496199442452648,0.668715238571167,0.4610115885734558,AC0E55355FDDCAFA32F131ABD0136E2E3B1AB61B93C0E3A4A13824B63772C476,1D7EB8668E769DD6516FC6F4BDB8EDB78C53CD4A5F4173B345D8B03BDE46590A,374D56684F166AB80A85E89C90078F1BA5C31AB9072D6D0E291DE8CA46CB054D,,PASS,HASH_VERIFIED_SUPPLEMENT_NOT_STRICT_FINAL
S14,MixDehazeNet,D06,39,9.346519421262592,0.4845552211761059,0.6343425512313843,0.537990927696228,0D7318F2DA6F596C1867D45AC81CC429EE8B07450F624958D647E820DF6DA61A,2C3C12556AC6868897D75E2E94829F1A650F9665C1375A81601A8850A242ABCA,10B3E19DD678EE9457A5997AEA98C97E1F0327979CD16E40A0801A1088052263,,PASS,HASH_VERIFIED_SUPPLEMENT_NOT_STRICT_FINAL
S14,MixDehazeNet,D06,40,10.962628895174332,0.4679935663807471,0.6476651430130005,0.426525354385376,9340B5F5CD8234A0CBDC2603AD7BA8F01363A80B950414FC357BDF53643F7A50,EE5106C7E5154B941E5198B85C66284A62C8757C87E2E57DEA76A89E886DEE73,CE9134CB80DA9E58CCF182850C9F95C894E79CD883E6142A60C082B987C0C107,,PASS,HASH_VERIFIED_SUPPLEMENT_NOT_STRICT_FINAL
S14,MixDehazeNet,D06,41,15.016184468479825,0.6651399991008682,0.5801066160202026,0.4111151099205017,414B2CDDE8D201E650CA35FB5F5B5049152549BEF8310307D7FDFAAEB87A933E,58CEAC6ACC041584C7E9B0870F6A9168BA86141CD679ADA25F31DB7B62EC7E7F,D1306C54A725F282A5655985A321E8EAB4F56CEFA56CD19422FD71E157AB0EDC,,PASS,HASH_VERIFIED_SUPPLEMENT_NOT_STRICT_FINAL
S14,MixDehazeNet,D06,42,11.166496982735552,0.4676105113315147,0.7243910431861877,0.5282424688339233,756A2778DC7A36C3D2CE980C5704D3FF28DD9A134F2A5FD8EFA8ED98B5289EE7,C2ED2578BC9F78C25FB211535C4A2971A8C3B431F614D0C9F8780B7CB0790D97,B199AAD67AAF59DCFFAD7EE9A932D4B0A649ADA3874FB82365B90381D3654418,,PASS,HASH_VERIFIED_SUPPLEMENT_NOT_STRICT_FINAL
S14,MixDehazeNet,D06,43,9.332946074425433,0.43533358064607786,0.8163314461708069,0.6187676191329956,3581C893E71E6CA49BDFCB723B81435EC50078B6E1CF70AF13057AFFCB79FADA,75EE61876685FF3EA4386CEF532CAB226869419C2C5E735A266EC81F73870EE8,4ABB76902371012E5AB317135A2A3EAF93B0DA4FD08C3B2BA35978CD1CC2D31D,,PASS,HASH_VERIFIED_SUPPLEMENT_NOT_STRICT_FINAL
S14,MixDehazeNet,D06,44,10.728553454809235,0.6970508121607213,0.5617459416389465,0.4883285164833069,54849343586BEFADCB455A636AC8A1B4587675EF2ADD444B3A0C88540336967F,4677B2919C21BB427B463704AA14F6E43A31D75CA9F6A386CC93C4BA057976B4,05A32369CFEDB2F06E86CBFB086F1B20C1C46A8A90ADAF626E0A0441A395E6F3,,PASS,HASH_VERIFIED_SUPPLEMENT_NOT_STRICT_FINAL
S14,MixDehazeNet,D06,45,16.662590331376105,0.705845720011773,0.49073493480682373,0.3951391577720642,F00E9E30C19105E15A58BB72D8121F667B8A672CAB354083AF93B83E4E6223B2,289DBAAFB99744D36CE926A0E7295347F4CC7EC9046AD3BF6FDAFC350FE13077,82183C59CEF558E29AB24C4B0E9E37E19DF8CD9E28CBB23A0FD157509298E9DB,,PASS,HASH_VERIFIED_SUPPLEMENT_NOT_STRICT_FINAL
S14,MixDehazeNet,D06,46,7.283084331766487,0.18786405302607223,0.9387174844741821,0.6342628002166748,70C79F4BC69068506F9CE17C15310ECD5F39017A27A72073804342CFC9B0A303,FE99499E05AAA1585150392C3E7CCFC905FC688437457FDFF610DACD025C19DB,C0F5D5020DDAD6426E7C06200A96A2AC5472B9570B6AA504D4A258751D06EC64,,PASS,HASH_VERIFIED_SUPPLEMENT_NOT_STRICT_FINAL
S14,MixDehazeNet,D06,47,13.474934408454356,0.5841317972464457,0.5475021600723267,0.46607011556625366,BC315CA9E20F6A05B04FA37FDDAB7AACD6BE60AC81C7FD41BB287BD60DAD088C,1CECE3856BF4DFCF4B9C80666D48D912AAE091B90B181F2171A1BDD84994F7F7,57962126AAFF1C90D2465E9018E39753FF7A5B4DEAA663CFC513483922576DCB,,PASS,HASH_VERIFIED_SUPPLEMENT_NOT_STRICT_FINAL
S14,MixDehazeNet,D06,48,14.262775195578016,0.40654986860586734,0.739955723285675,0.4953896403312683,F571B7AB63B6D6D821DF667AEF1E29805528226E8EEB5CFA9303DF48DF39DCB5,92F152AF6E8FB82985768D781E682CE5D784A44972923AA132A1C13AAA01DE88,F7F32CD4ACA3FA7E244993D542A665ABFD1A596A0480D749338F1B8A09FB70B2,,PASS,HASH_VERIFIED_SUPPLEMENT_NOT_STRICT_FINAL
S14,MixDehazeNet,D06,49,10.214072329174508,0.35758453415372343,0.8303037881851196,0.6441677212715149,1115F4A9A191EADBDC45F0F44D4FB0BE368722CFC3A35281BDECC4D38F6C1D7D,3A6934BB503339653653D396FA5108DBB8E1494BEA220B6E6A21718B192AB6C5,1335D807640D64F0899CC4CE226A3717E852FA24E688E7CCA93C4D3E48E1D4AE,,PASS,HASH_VERIFIED_SUPPLEMENT_NOT_STRICT_FINAL
S14,MixDehazeNet,D06,50,11.813707493873535,0.4728752244421048,0.7294124364852905,0.583420991897583,1546122878AD4593E7C1539732427F1EA58D883AD866598610358528D1990CAA,3E75FD29C9B51438209E9418AE82107BF256B9F9A3598518679C898FD1392E4E,3F38C59270360C96B58DE7A142A9948A12127114F92016764E2E192603ADCA2D,,PASS,HASH_VERIFIED_SUPPLEMENT_NOT_STRICT_FINAL
S14,MixDehazeNet,D06,51,10.797773157533728,0.38831596351649167,0.7885975241661072,0.5871367454528809,8B58351977C32009FDA9AE77E7B0A48B78F0760415BA62708DE1F062CAE1A3BC,78F7185C2B2575EC6608A760D9FFF23B2C51B9EB6AED7731D27A0F15EE813305,293A13043E6326DF374CB2079ED07527A49CDB8243479FF5400D48925B51D02A,,PASS,HASH_VERIFIED_SUPPLEMENT_NOT_STRICT_FINAL
S14,MixDehazeNet,D06,52,6.851644477921567,0.20243146143459068,0.9021508097648621,0.6518282890319824,E270DC3AE20CB709A9C369A58051984B64CC625BF58F4B16B6A23A0C68C84F77,E3A41F09926449C7149D31717FB0D952C2646CFEA459A225ECA94F3827E1366A,02FCC34F53E12C8BA5449B81AE80BF87CC1A8105117A27BBE27B5A0322F4BDB0,,PASS,HASH_VERIFIED_SUPPLEMENT_NOT_STRICT_FINAL
S14,MixDehazeNet,D06,53,8.084726913569227,0.3820470737130545,0.7087347507476807,0.5013281106948853,32D8328FAE01F5B48EC165032C30E7DEA8108B963CC050F39241C2AD0A461CD1,7240309CAFC4252BDF6C2A6939836185D61DCC6D4BC30AE43149D28298D1A85D,512BA76517444088A5C907150E77AE47B178225AC4BE19EDEA785CF5ABB2C8F2,,PASS,HASH_VERIFIED_SUPPLEMENT_NOT_STRICT_FINAL
S14,MixDehazeNet,D06,54,9.273628765517962,0.5949729989149373,0.594838559627533,0.5402387380599976,2789C6F938DAD041AD72E0FE3AB1265D3B0A38C6927952A3F1D4C5EF1EA35993,ED019DFB21462F398F1438F86C9B485CC35EA554AA1E136B62BF915309FDC04D,E43D7ACEE7158407FF854FD037D5FA98FCF14FBFFC1D8EC9EADB908AF8338BC4,,PASS,HASH_VERIFIED_SUPPLEMENT_NOT_STRICT_FINAL
S14,MixDehazeNet,D06,55,9.705389751684702,0.6358555960389185,0.6359868049621582,0.5350257754325867,EAE3612C4E4F36D7F813D764CFA6F8F6BAC2A0C07C4F63664511A3906D9B3F15,DAA30DD018EBF3DD71AA19291AA9A98761FECE772CF96491C05C756E6664AF2D,65338C34E3BE42786B6362EB97B69003975F4D02BAD929825C1B8456A3D4B1D4,,PASS,HASH_VERIFIED_SUPPLEMENT_NOT_STRICT_FINAL
S14,MixDehazeNet,D07,1,13.02041312237874,0.5608622895398283,0.4818469285964966,0.2699317932128906,2F4AC211C76670F483FB4C23D99B792EFC535D60D2F88FCE905E47474AA29927,70DDEA3297F6FCB7E7E5E3142C38719BE0AD8F87AB385A057012AACB5113C68F,996E543954A1F7A337FDE4E60E4EE5C02D411450F1D0AD31AB2F7B1B5F6C5DF6,,PASS,HASH_VERIFIED_SUPPLEMENT_NOT_STRICT_FINAL
S14,MixDehazeNet,D07,2,14.80381524323266,0.6120541610685171,0.3609403669834137,0.1330438256263733,DBF9E753F94175E37390DB89FCFF1E0ABE7FAC13C9474DCEE19B03613683021E,CC029A27986DD6463BCD49386723FFE36FE308C9EE5C6463698E4F3F01480998,345299A93E3894C192863904ABD7C86220663627B6F3E91C4371DF9FB80B1169,,PASS,HASH_VERIFIED_SUPPLEMENT_NOT_STRICT_FINAL
S14,MixDehazeNet,D07,3,9.23660071294987,0.4444772923753985,0.5800135731697083,0.38907426595687866,29E32163B37122631BA38311ECF7959DCBBB846FC5709EC1B6D62D17542929F2,76AD76C262F7364714F6B29D836B59238B650B1E5B1E0BD486156CEAB03DC154,8EDD1327931998DF46DC268ADCFF9A6E3D0DEA0DC643E130218ECF26B20A6F40,,PASS,HASH_VERIFIED_SUPPLEMENT_NOT_STRICT_FINAL
S14,MixDehazeNet,D07,4,10.953233540543472,0.5035021232981131,0.5460101366043091,0.3355059027671814,808D29FF6D04386D2358AF34F8AADACE4F1FFFE9D54D0626F5DAB18D5EDDCCE5,9387284B38B410CD4C0F89F74527FB1DAEBB683FE6ABC6C62BB59191CE5FD145,898AEDEC1469CC9FABF25C0363EE3586DD020A601E66D3AA25F753D4E3EDF4E6,,PASS,HASH_VERIFIED_SUPPLEMENT_NOT_STRICT_FINAL
S14,MixDehazeNet,D07,5,11.148867912291196,0.4266223620646418,0.612802267074585,0.32888686656951904,7695569A21B066AF399419312F4A06DFEB7EB38A07804B5E41A9FBE4240F3556,4412819E0C0E25B295B131ADC01167CA0D21F1931210DC431914AC0D6A353334,16F597079C4117529CE1ADD7C1FC46447219A339E0E4339EBADBB442C2E68346,,PASS,HASH_VERIFIED_SUPPLEMENT_NOT_STRICT_FINAL
S14,MixDehazeNet,D07,6,12.294719330047322,0.4910082928368829,0.4961531162261963,0.2811378240585327,8228520490DA79602D9D4BB21E8BA2334B661A2C119BB4FE6E7C1A903B5BDC80,036D40BD93BD9677A93B0E0A7512980CCC633142FA9768706C5535D2774C9340,CEA9D98FDA0C4F516379021B04D2A1B994F07DCE9F07ED6ABD77DD87D0E97165,,PASS,HASH_VERIFIED_SUPPLEMENT_NOT_STRICT_FINAL
S14,MixDehazeNet,D07,7,11.626799212736579,0.4637296666059885,0.5956652164459229,0.3743895888328552,2D97788E461D52BBAB88A44475C4A5E1875D739E8F4654048F7CD03C5C088431,282F2AFF116AF5DF945814499F5817895B9999F66B8E2AE1CFAF2EBADA3C19EE,9A90102D39071436EF1BEFAC7C8EB6F86E8CC16B9BE5EC407F83767290FE329D,,PASS,HASH_VERIFIED_SUPPLEMENT_NOT_STRICT_FINAL
S14,MixDehazeNet,D07,8,14.490858555566868,0.6342448509818712,0.26047202944755554,0.18816697597503662,C77D35C100AA7B6515B397B780BCE1C4BF88A6CB2B13F6EFFEDCA2025C864A12,E6445594B2275DF4CDE50999ACCA8E938F3C1D1C18621F09933EE7CCE15C6113,D5D91427588384DEB9FD6C7F9D26B474D52629E2FD5D4D617DDF10BD92299901,,PASS,HASH_VERIFIED_SUPPLEMENT_NOT_STRICT_FINAL
S14,MixDehazeNet,D07,9,12.29389695986628,0.49788531387369067,0.5748724937438965,0.38119375705718994,AFE1125E5AE8C757F8F9F75624A7AD28CA5727748FFFC89F88C3A119D38073E4,FDB65CE15ABC481D61FCF6728B1482FE58576403FD03AB5AEF5099079C3AB3C6,75EB2CFD657F44217CCDD04571C9856BF631A401DF3B32CC18A0DAAB8E8A6CBF,,PASS,HASH_VERIFIED_SUPPLEMENT_NOT_STRICT_FINAL
S14,MixDehazeNet,D07,10,13.103468036418757,0.5816764876274733,0.3893835246562958,0.226496160030365,08E9E0A333FDF0CD6AD1651F612CEADFFB47DBC621289AAD7912C0D275D835CA,2AC9F28AFB08A5F2EB1BAB222544E28C62FF0331216508B7B2B361D03C409C77,2CDAE4F3AC6F380B520308278EF9A1AD8989C9F9598D94B88A96C3853F12F6A1,,PASS,HASH_VERIFIED_SUPPLEMENT_NOT_STRICT_FINAL
S14,MixDehazeNet,D07,11,11.016422286131464,0.4187150037303083,0.6530079245567322,0.37098538875579834,CD879322E71DC73881BA394DA129D051C80BC96FB38F62C716C52DA5DD9843CC,DF0AD43890D1D228B6FAEF5336D6128A715E2A350525F7260E6D4C5A900F7DE0,61D64A7623D8E4D787E233767396EA2AD7939D10E2AED81CD4CBAD52FA867160,,PASS,HASH_VERIFIED_SUPPLEMENT_NOT_STRICT_FINAL
S14,MixDehazeNet,D07,12,12.013676483212905,0.4633723064764806,0.5416236519813538,0.3366866111755371,DF826917978479CB544754875EFB5312388DFFBDEE9AC4AAF4FD19C6BC175BEB,2B9894D7AEC2FFFC8804E4E790E71D455831FA23423831D87875ECF37FB6987B,5667ADA2E494B3571CADC54FD467675D29AF1D4B7E668031CF1A27AAACB5C483,,PASS,HASH_VERIFIED_SUPPLEMENT_NOT_STRICT_FINAL
S14,MixDehazeNet,D07,13,12.981909401992024,0.561067564024509,0.43148934841156006,0.2942236065864563,C5DF23FE4916054042285B1A900B08F4E6933F06962AA6E774B546B1F79A4F1F,3AB5EFEF688E8DF19B1C8A2DC1BD23316ED2EE75EEFEB5B0375166AEDBBD415A,0013E382C7C04FBA16FAB545AF42B91B691AB7D55AE68DC43C729129853941F4,,PASS,HASH_VERIFIED_SUPPLEMENT_NOT_STRICT_FINAL
S14,MixDehazeNet,D07,14,15.631294054679405,0.6493325029172684,0.4273548722267151,0.22852516174316406,E0BEE00FC3DBD4BB8A2E943525DA05D00D8DD20489AA818171BD3A73BC19143C,A2D892354F97C06A62BDDAC58EC75C94986103486D6CE395707672298D9F573D,0F4F8B093C3C9E959B637AC620C2C16D616F397B6453793EB3E58385400D30E9,,PASS,HASH_VERIFIED_SUPPLEMENT_NOT_STRICT_FINAL
S14,MixDehazeNet,D07,15,12.432116050967181,0.6179606003904917,0.31409427523612976,0.16865968704223633,47DC42CC419222ABCC877682642262D615A25954AEE89468F0375D2BE1B25A68,B87B8A8BB2F5B0B370F4D55436305ED02919618BF1FA77369662EA28710AFC2E,C5FD698C8C4BE265A38697DA42CCA7A7C891446EE847F8096FE9F1A949CEC85C,,PASS,HASH_VERIFIED_SUPPLEMENT_NOT_STRICT_FINAL
S14,MixDehazeNet,D07,16,16.252394696550823,0.6952426716585225,0.30505508184432983,0.1455070972442627,C6E8CF1214F28475A4DD452F21FF6D0873BB8FEB329AC4F16EFE18497621949E,609B9113CEDC5E3E08ADC4E4510F0260024DEE7547DE4589E9F455469281BD05,67FA3B06D9A782F7C7C89A0E7B4117D84BA8EB1F728252323EF81B9CA3ED97AE,,PASS,HASH_VERIFIED_SUPPLEMENT_NOT_STRICT_FINAL
S14,MixDehazeNet,D07,17,13.050450160852218,0.5679026275714351,0.4650646448135376,0.33037543296813965,6065AB75F4C64FA2B7819F1BB665539086625B585B5121B19A66200F8FBDC963,5950E9BE89EF46EBD6321CA3979B7EFB1908B99D763926192B0F96AACF1066F3,6D1F622E3445429652C9A1702AC58AFC5E52238E476096E594CB8942B61D4552,,PASS,HASH_VERIFIED_SUPPLEMENT_NOT_STRICT_FINAL
S14,MixDehazeNet,D07,18,14.718016440349647,0.591949953437454,0.43147093057632446,0.261338472366333,3D22552FC2EB9BE5EA517190DB592B213CA093943A559A7BA520C55CF3FF618A,B24E1E07B2985C4406F26FD22F730432A6F062584C6A83B4C81D6593439C7074,E023E885D31AC55782CE7D276649510D76756FCBAEA704A7DA7606598775F784,,PASS,HASH_VERIFIED_SUPPLEMENT_NOT_STRICT_FINAL
S14,MixDehazeNet,D07,19,12.927398883424548,0.44160390897743906,0.6013290286064148,0.3086860775947571,7AD7060FAA048C6B435C3F96D294C762BECF6F08D30F9FDD41DA3E1CDA189C7D,4EB4973F803989966ED94BA8909BD94592B9892E6646B6162FE44099AA5AE7F4,A45A42ABA45B008F7C80952582FD95E9A94C437CE6C97F84CC2E062D5EAF0244,,PASS,HASH_VERIFIED_SUPPLEMENT_NOT_STRICT_FINAL
S14,MixDehazeNet,D07,20,13.515605052227189,0.42192264683446923,0.6793017387390137,0.3716128468513489,836386F0CC7777CA7086DAF7E26FC3EAEF4BDB082CCEA9D0286DC323A35015EE,63DA7322D9B38BBE8BB48667D06081E3C3934893315DB595912BE563FE5B4A94,418ACA4DC2FB5E87DC316B3BE9FD259ACCE4FD8D3C26785D64C56ADD0C2F7A24,,PASS,HASH_VERIFIED_SUPPLEMENT_NOT_STRICT_FINAL
S14,MixDehazeNet,D07,21,10.42971156636257,0.5228044708316145,0.4973044991493225,0.27059537172317505,36B844AE012712DBC47DAACDA04A81883BE7D259F7D12A2893940AE0A9E685FB,8F6BC70A448EE17D017112E6BD6E1C91713D123406F6FBC3051B91A515D26235,F793E1A495D2E94DB12EAA7FA00D13E733CF241276BED3098FBF846FF369C926,,PASS,HASH_VERIFIED_SUPPLEMENT_NOT_STRICT_FINAL
S14,MixDehazeNet,D07,22,13.606343866418504,0.4082352598440806,0.6533775329589844,0.40351414680480957,16D49FAD720777E427295C31DB5C5E4B8B0803FBDC16489839235468F4F046C7,353441646EC6FA48421EA2C5E9E05C357445B166BBD98A389597D4C9CC35D2E4,C67657C7DBFB90272530A1ECAC1E0646FAF19BC4DD70523BF9034E0213E06DCF,,PASS,HASH_VERIFIED_SUPPLEMENT_NOT_STRICT_FINAL
S14,MixDehazeNet,D07,23,11.675528685834566,0.6542448408964466,0.307326078414917,0.1409263014793396,28798CCFE92DAFFFC5ABA451C556C51D1136DCDF9D121FF3398B59F0537C9489,D7C4A37B02CA65482B3B118B5C7947C172E065243600C69CEFB0174305B5CCC0,37B5619214BC2AFF79ECD9BC96C015446ED49DDCAE3E47E005A27D290453F174,,PASS,HASH_VERIFIED_SUPPLEMENT_NOT_STRICT_FINAL
S14,MixDehazeNet,D07,24,10.647693090189245,0.5637424401340679,0.42669087648391724,0.2099151611328125,4D9BA936BF2641A98737F01492B7A28497A815FC184FA76435659A955AE42F69,50546ECAB5ACFBD886119A284E96ECBBC93F6E73B3975C556622E320233B1F5D,FD883BED7E005B09EDBD7CC3A02585403A2B516A46517D9C31CF74E8E58B98B1,,PASS,HASH_VERIFIED_SUPPLEMENT_NOT_STRICT_FINAL
S14,MixDehazeNet,D07,25,13.373144314687757,0.6115868673814469,0.482736736536026,0.30727386474609375,0A2F75698628581F29066D462AF1D989A6FD1A59717E196ECCFA4A44FB4D56F8,9301726D8A40EE4C50B58846E24E12A0A35A877A8F17A236A5B0DD3DD71BCEA9,EF1DB7557FF27187F59E0B4E896614693EFE23589985476215F6A9A1DC6D5DFE,,PASS,HASH_VERIFIED_SUPPLEMENT_NOT_STRICT_FINAL
S14,MixDehazeNet,D07,26,9.573990746385686,0.36179976992652413,0.6821809411048889,0.39481639862060547,276BEB466013030724769518F4FD0A6E15D815926F48583878C8076757F2C583,38206ED528109618D498071A4A50D26D80E2B00F7BD8243E56ACCC12D964216F,A0D8AFE3A18535C4F38045E69E542FE55521357D872B89C2162D989D918866D9,,PASS,HASH_VERIFIED_SUPPLEMENT_NOT_STRICT_FINAL
S14,MixDehazeNet,D07,27,13.913200514315223,0.3980780116681943,0.5895994901657104,0.3616766333580017,518E1B7213E350E8E195C5096C1CAED00808607DAAC253615B72BA443EDE4FBE,1D6A7ABDD4679CF924EA3E980ED410ED01C9F78C965FDC51668117B8A457A63F,4D23BFC697C39FEEF72C6D5229C8B3A69AD50D9C2F848EDCBE8463D0B8821564,,PASS,HASH_VERIFIED_SUPPLEMENT_NOT_STRICT_FINAL
S14,MixDehazeNet,D07,28,10.88460822165854,0.3746287680795429,0.6058028340339661,0.3630257844924927,9DF77BBF1FFFE2759CA8C270FBF4F0D5174E5E36A5E14414D2C854874B26D0F6,4B81F25AACBDC6F63448BCDAAF39F393EFB34F16CBCEFEB2870F8D027718F852,5E2E1A08155148B5C8001BF49DB72C8CB5EBD869E41BDE83DF2700AEDAB74D76,,PASS,HASH_VERIFIED_SUPPLEMENT_NOT_STRICT_FINAL
S14,MixDehazeNet,D07,29,13.57485979209746,0.34350094074284065,0.5772565007209778,0.4145876169204712,203AFE68E56155636E21647CC997FC236BD0BF6C44A8F12BD325DA6B7E89A673,74AAADE504E46014B29AD28EB27BB5ED8D46D83BD7B9C229B3F6E3BC1EAA8176,D3F2951959A5549EBFE5CB1125645589AB202628250EF019EB18EA2671FBC4BE,,PASS,HASH_VERIFIED_SUPPLEMENT_NOT_STRICT_FINAL
S14,MixDehazeNet,D07,30,10.252594497463303,0.422781372888744,0.5547933578491211,0.3924068212509155,60580134EF6404C81DE70DEEDC69F09D5D57DF48E553EE30408122F9DFC3D8A2,EEA6210CEE42147E41CEF0485060596DEC20D7815E1EBAF22526B00DE0D56BE2,281C20129AF4F12960C62FCB2DE445A5F8E3FAA3553851360FC98355378E9290,,PASS,HASH_VERIFIED_SUPPLEMENT_NOT_STRICT_FINAL
S14,MixDehazeNet,D07,31,14.154429133969405,0.43389291904978156,0.4444272518157959,0.2654834985733032,69E44A874A0857D29438461534818DBA226DDF909FC3D1F08E913F7C2AB1D7E2,2E390F7E2161DC0142F4E4213A34E33DB5B189F38E6E155978F492C110905C18,EF1921E5107BA435F64A9DF589F745DC0CB854230958ABDF70BDCBC7A2701547,,PASS,HASH_VERIFIED_SUPPLEMENT_NOT_STRICT_FINAL
S14,MixDehazeNet,D07,32,11.526953436000893,0.5188759981424723,0.4879337251186371,0.32078200578689575,785A8522D94594A5C3C96DD313D91152E4F302AB89D79B4F60E50D19F3C0A5DC,BF820C55B092C9B475A93B12097314C4EF7739C8ADAA423687FFA29FD1892CA7,A7A0375F757F92640E94DB3CC5BFD371113E717903D35895F070C139A803A336,,PASS,HASH_VERIFIED_SUPPLEMENT_NOT_STRICT_FINAL
S14,MixDehazeNet,D07,33,12.969369061673985,0.2934809485812602,0.6679691672325134,0.45960766077041626,28FD01B20F1A8356E628EB9D28DCD947EED1D2B306E297103AEBCC5F88CD91BF,2F9270F190B25D17B714CC31996610236CA1BAF3FEE80DADE6F0877DDD1A48AF,604F6BEB2B8994E880BCAE312F906063979799F71651A600F02255CA8288D71D,,PASS,HASH_VERIFIED_SUPPLEMENT_NOT_STRICT_FINAL
S14,MixDehazeNet,D07,34,11.926741292841186,0.3851781484058361,0.5618011355400085,0.3834313750267029,FCF8ED69DE46A6E886F1600F8948140D776B73085E4866C75616774146580865,E22F3265C8232C5DBD4148A02EC2B2CB3BC481448EFA777318694E10C5E89213,3BB22ADBE1D249634DADDC1B70FFDA0FA1F1D74F73FC3174EFA4E6210D7053B6,,PASS,HASH_VERIFIED_SUPPLEMENT_NOT_STRICT_FINAL
S14,MixDehazeNet,D07,35,13.42311517777313,0.482878415453824,0.46412593126296997,0.289065420627594,495F36A7350B3E1C12238E1869EE47D0183311EB5AA9863617FD08611A8B71D8,3041F0511BA5CB03C5A1DA424D7C196C2BEC7FDFB73911F5A484D14441217A30,731143460BBC31A1B39BE7091FA97666F3477D3C456AF5DAFB6F25B60EBD1144,,PASS,HASH_VERIFIED_SUPPLEMENT_NOT_STRICT_FINAL
S14,MixDehazeNet,D07,36,15.194201439006996,0.5035159524280356,0.4908612072467804,0.33165472745895386,DDC8377A47258EFBDE852FCD939462785827A0167C60CBCF2D5E1388EE93AFF7,DDDB9A267B83683FF4C57BBB891C541CCBD03F36D283CD226BB110934B40EF2E,D1CEEA73534DD007F4B257AD5B7D29323CA77B84B11200B0BD3C417EACDC4254,,PASS,HASH_VERIFIED_SUPPLEMENT_NOT_STRICT_FINAL
S14,MixDehazeNet,D07,37,13.959201032756056,0.5689586461188504,0.39438295364379883,0.30882710218429565,BD1340B4AFD561C8663A29EB5A58FD79AA0401E00745CD7C67677FE7CB2ED66D,08DDAA7E314A757BF36ACBBF5E362E590F975073794A60B073EA712A7E195824,542BECD77E7FE944B23F04716933E68596403989FED05A14DA00FFCA5E294785,,PASS,HASH_VERIFIED_SUPPLEMENT_NOT_STRICT_FINAL
S14,MixDehazeNet,D07,38,10.837399393780096,0.4732842298198801,0.5121094584465027,0.3515933156013489,55D7DFB7916278DABEA6FF7342C68C6B5CFB49EED2550379B234B2B1E91BC55A,DF5C03B04D078FF0117E4BC6C80A3639B3893FDEFE5D44EB057F9828194ED071,5F0CCDECDDC3CE887DF29FADA85894469C0335884CC9849A4A400168890DCBD2,,PASS,HASH_VERIFIED_SUPPLEMENT_NOT_STRICT_FINAL
S14,MixDehazeNet,D07,39,10.673172579143246,0.3256021407627528,0.6665998101234436,0.39642834663391113,AC903D81C1866E88888171F76B15B4294FBAB89460F9BC823BE67B83F48A304B,AAF4009568AC96ADD356C940833D0DB1CD92D68E5E22F7171C998D044025CA67,EE13579D1F36C2154932AC56DF503FE2C22BDA44637DA4B1FCC5F10718558EDA,,PASS,HASH_VERIFIED_SUPPLEMENT_NOT_STRICT_FINAL
S14,MixDehazeNet,D07,40,12.327958676408748,0.5837623070446766,0.4340433180332184,0.28984689712524414,7C2CDA7D34C8ECA64BF9BD048926A1AA3BC891D2B5121322D8676DFEF983AA4E,F84040D4A7208B1382EEDF84A3519460B560BA376A49929E4C17843A13AA03E7,30EBCA4B621BCDFC1178581934B94D4654EBDF3F163B26E8904D15D170740322,,PASS,HASH_VERIFIED_SUPPLEMENT_NOT_STRICT_FINAL
S14,MixDehazeNet,D07,41,9.888481028376804,0.48857145744996516,0.5588743686676025,0.3441014289855957,276CD8550FB2A5D93B8FC9B3AA70F03F4F2DB0994E5AE3956F102D113F0C0653,1B746A2E1FEA7EF34A182FC03C48FF5598197754AF767165E364E8E7E736F1F3,AF1C71D4D6A3BFBE0AFD45E0391AC002AD4B2A1CF82918ADB7D78508C3D5A811,,PASS,HASH_VERIFIED_SUPPLEMENT_NOT_STRICT_FINAL
S14,MixDehazeNet,D07,42,10.370474000441112,0.5245990681239939,0.484984815120697,0.3168870806694031,96D0D46DB26CE8069CC040C544B03466B78BDE82990EEF47BCE5268DC85786D8,1FA6871B81CE5A13EF3C9CB4AD41578E1DED901976EE7FD81B193E6B159E6E34,A18D94C3D8D53513CE32F16F5FAF0B4F6A4BE2D1960C577E7816ED9783A6AB24,,PASS,HASH_VERIFIED_SUPPLEMENT_NOT_STRICT_FINAL
S14,MixDehazeNet,D07,43,12.947586787317162,0.5091209603378813,0.4446636140346527,0.3042246699333191,92E86C4F14A09D2FF33D03600292979095602F12C890019FC284131E29ABA6AD,760B8C97FDC44758E1D0D966D9C9C2BC6080AE2B37F6A240413AE929F96DF260,AD240CC9090049CEA0383F487493306603DBDB53BCC7CFBF6C9379B760D6D8DF,,PASS,HASH_VERIFIED_SUPPLEMENT_NOT_STRICT_FINAL
S14,MixDehazeNet,D07,44,9.679751267506653,0.48385971977999537,0.5273222327232361,0.32299208641052246,6FAB41B0239CB4EECFAE696EF12C66667CFB23E69797CA5D5001301179ACF265,EE03F159BFF1E0B5CF0FA9792C26DA85D951A46BE2996DD4EE5E38CCDBD11063,8CFE6F51DA07E36696E59BB844C999746D002468802645ED89A12A51E70271A4,,PASS,HASH_VERIFIED_SUPPLEMENT_NOT_STRICT_FINAL
S14,MixDehazeNet,D07,45,12.59492693327028,0.5072738632204616,0.4965739846229553,0.33467257022857666,25E657687F02DEFF18C74AF29EE167F04C7F360C8F6AE40CD005E2F6B93B22F8,40B2C27DAA91346E8DAE0634F58B1908F4C9947BC5A4AC1B292060021AD63F48,BD743ADAF87881EBF112301ED96F93637F2861B0BB96EE9FC086F630920E3216,,PASS,HASH_VERIFIED_SUPPLEMENT_NOT_STRICT_FINAL
S14,MixDehazeNet,D07,46,8.184723598740394,0.4211409655170361,0.6601718068122864,0.40994465351104736,BF25D291BC088BDBB4589980E3A456B95580947393BBC4361B86B2A856275469,DAFDD0CCA03EDC3FDDECC00BE107C7BEF6CF7324B8CBFEE47BDB1A1C62BDA2B9,16D571817B2657A20A6343C07E40504B3C5D2284C7DCB569802D551257DD47DC,,PASS,HASH_VERIFIED_SUPPLEMENT_NOT_STRICT_FINAL
S14,MixDehazeNet,D07,47,7.260832193494152,0.40360943022351603,0.6608029007911682,0.3789921998977661,DF0FA40FD6104B249E475516FB131D1EEB075B4686516E27E2913C05B3A85EE6,D8A0D21C5F0F0D012F2131175A37811616DD6D606A28A25093213DB79404A585,A69A5D392F33A95006CDACA07AFA79F7A665EED962E40450A95491E9BFBDD2D9,,PASS,HASH_VERIFIED_SUPPLEMENT_NOT_STRICT_FINAL
S14,MixDehazeNet,D07,48,11.436584088366327,0.3135791955170175,0.6631028652191162,0.40024662017822266,3B301E07DE8F14832F593EBE8491B039EE7C9D289CF991F9788A0DB7B20095E8,6B74FC289D89DE2B69A6ECCB274AEBB570FBCF4802BDEAAAE711C8AA74F1214D,AAB25A1ECD078F807D2053B416631A307FA8099E7D18975E25AEB34AD5EBEA06,,PASS,HASH_VERIFIED_SUPPLEMENT_NOT_STRICT_FINAL
S14,MixDehazeNet,D07,49,12.600716934626535,0.5336686591250643,0.46302419900894165,0.2857974171638489,C42F9377AA6CA30FC45067B98D33ABD11EAC3FB614BEABE92473F4DC6E6D81C1,75E7F67309BD2A83D503756C0BACAD4F3DDC7D5C571644F16F8A310E3E05D152,4836513D07909F0AB74C30A1F6F0DB880E04094306FC649E69D335E69C5A41E7,,PASS,HASH_VERIFIED_SUPPLEMENT_NOT_STRICT_FINAL
S14,MixDehazeNet,D07,50,13.099216641928155,0.42920851551150957,0.5175111889839172,0.3132931590080261,6EE7CFAB524B06C8FB85816E4904C25426693FD1DAE0624D52EE106FFE336D84,078C6B1C923459F568D242F12819DC727F4C83744D353DD439CF3D217F790E2B,F723D260010F2D62E958ACF69DA4571672E82E1E4A64CF0A9272E191F8D5864C,,PASS,HASH_VERIFIED_SUPPLEMENT_NOT_STRICT_FINAL
S14,MixDehazeNet,D07,51,11.6775522980383,0.3979640404696209,0.6160078644752502,0.45616722106933594,DC66B010FA0B129995CD5BC405EB0DBEB4F0AB69EA9DE677527C274EFF456074,F1272787458CB07FEE6D5FBF60372A17135EFFE21624E0F5399AF5417DD7F33F,01C6CF5822F0F38069EF6265A74A601A8F5CBEE2C01192004CC14D6672166B0E,,PASS,HASH_VERIFIED_SUPPLEMENT_NOT_STRICT_FINAL
S14,MixDehazeNet,D07,52,12.449550121538348,0.5018589887623719,0.5225577354431152,0.288752019405365,0B357FE8678B05CF3108C1B9C3F17369BE95E1296EA6D0BBBC2CF32511D6D1F1,E0293C9563B13300E5CCFBC3AA9B1A08C37F790AFAD174C032E7931B6047AE41,6A732C94D2720A3DF2E557BF2E40558DF5CE5B244B3AF1C30EED539B673D50DD,,PASS,HASH_VERIFIED_SUPPLEMENT_NOT_STRICT_FINAL
S14,MixDehazeNet,D07,53,10.4187271775079,0.47828354255899136,0.5530855655670166,0.30760008096694946,B45310A5C6D3B5B8A41FF1C91FF949016FC4A30599E76F5F3B691FE25928EEAB,6E0248CBF1F21BAB1A1DC4A8C461B8F4E8A46801364735D08B51A61B6CD24F7F,143D30BD546AA5DC42187602F8DF99AE576A2C6EDA0A202F2E9270477F1E171F,,PASS,HASH_VERIFIED_SUPPLEMENT_NOT_STRICT_FINAL
S14,MixDehazeNet,D07,54,13.093831139075236,0.4393087596509724,0.5504159927368164,0.26862633228302,CA3DE5F9ECAE90CD1F2279FBA3522E283E1C16F8B85FEFA8C041705203C33AB6,834DAEF81393AFC39AC73411D5F59542911D7F9DC23B19C999E3A4F2EC8BF28B,7ADBFEB461F8908C7B35BCFDE067FDE8F62C1B2F0DB1B2250C4480BDEDD60958,,PASS,HASH_VERIFIED_SUPPLEMENT_NOT_STRICT_FINAL
S14,MixDehazeNet,D07,55,13.39263655478579,0.43290710086912876,0.5143492817878723,0.2870008945465088,0ACA5791D2F797CDAE61691DC15A70A4070BE4303E25B976F1CA530779D0ACFC,5AB38AD0A643FEC9C67CB841646B0CEE2EBC0946A50C80F5EF9C721297BCD023,BD9417408AC7598AED15A1636C2FE8B8CCC03C2B3BE09B96212E1109A67F67EC,,PASS,HASH_VERIFIED_SUPPLEMENT_NOT_STRICT_FINAL
ODCR-D696,ODCR-Mamba,D04,1,16.418526003778524,0.832551126104412,0.2089805006980896,0.1485784649848938,3C0D534654C7A4365A783B3C11FF6659728B8A26A0F7E3F47ECAC37018CEF9A5,2EDBB4125D4247BEE1342B2C65FA0B5D03FAB855BD24B00CFAA7A3A74F1076C7,7A5DD0C18F978B12387309F0D15CB0A444AAF53C47C2FDF326A182EC2013B455,D696BBFA42DD1A840708B9C42E824036862ED17D538B2B47551641D8145854DB,SAVED_FIXED_OUTPUT,HASH_VERIFIED_SUPPLEMENT_NOT_STRICT_FINAL
ODCR-D696,ODCR-Mamba,D04,2,17.293446980326014,0.817332748612866,0.22188833355903625,0.14696002006530762,83ACE0385ABAAEB78FF8646BA8C0431B42C1F1E9824382A8B29E86CED190C10C,B051CF55CA912DB2DEFDD68017A476C8F9DAF25E3981B2E4F855DAF6025DE403,2544A9713532C1ECE8C2457256529957A2B15E85D7A93CA999071E6D8823DC1E,D696BBFA42DD1A840708B9C42E824036862ED17D538B2B47551641D8145854DB,SAVED_FIXED_OUTPUT,HASH_VERIFIED_SUPPLEMENT_NOT_STRICT_FINAL
ODCR-D696,ODCR-Mamba,D04,3,16.134986824682308,0.5777602404841496,0.42240673303604126,0.31046247482299805,7EF116779779E7182354FA2428EDEFDFDBEF1CF7E767FFDB4ABCEBE5A26048EE,B6F7D05A209EDD9D0793F97EA607B9C6EE002C6C4B280B615F08C7D1CBB8E367,770ADF5C2365523A25BDEB76D6C209827562D14C2328BF97A820D6537212D457,D696BBFA42DD1A840708B9C42E824036862ED17D538B2B47551641D8145854DB,SAVED_FIXED_OUTPUT,HASH_VERIFIED_SUPPLEMENT_NOT_STRICT_FINAL
ODCR-D696,ODCR-Mamba,D04,4,11.641055760187536,0.6332128015116775,0.396505206823349,0.3002314567565918,CC7A0ACD6AB58D7E211B155F5F31948B25CBFD1164F9AB19AEF5B3696A134446,D504F0C3AF6CD202E5FE35A7345B0CDC80502BE8E14214D8BE98644E3088B385,BF22A50BD751B7841A7918A08DFBB95CF6EB7AE8684739DAE427A710CD4C01DD,D696BBFA42DD1A840708B9C42E824036862ED17D538B2B47551641D8145854DB,SAVED_FIXED_OUTPUT,HASH_VERIFIED_SUPPLEMENT_NOT_STRICT_FINAL
ODCR-D696,ODCR-Mamba,D04,5,17.35544184442945,0.7993521224815557,0.2465277463197708,0.1631445288658142,69D75429BD63BDEAD8FC8391B02E51F23668508335060122D005C8A3911B0A81,69A65B307D4138E1B5F96FD220D9F1B31590AC6D5E290C8795988D4BC715EF97,6CEA3E56F54E486505C12DF5538275AD6E3344F054EBDDE88CD740848FC60868,D696BBFA42DD1A840708B9C42E824036862ED17D538B2B47551641D8145854DB,SAVED_FIXED_OUTPUT,HASH_VERIFIED_SUPPLEMENT_NOT_STRICT_FINAL
ODCR-D696,ODCR-Mamba,D04,6,15.878901974945688,0.6870605398777903,0.38175901770591736,0.20782411098480225,369A9A7C7774DDC377084A7574F799872C847F35343EFAEBBB03BE17D2290BF7,7E091171C393BB46508BB725BFD30B1BF6FCD51A1A8FA591CE3DAD1233794C61,27276F48C0939743D6DDA4F386B75E7414AF84D1A501B84B3BD4F6086F45174B,D696BBFA42DD1A840708B9C42E824036862ED17D538B2B47551641D8145854DB,SAVED_FIXED_OUTPUT,HASH_VERIFIED_SUPPLEMENT_NOT_STRICT_FINAL
ODCR-D696,ODCR-Mamba,D04,7,17.81830337614196,0.7715898055781398,0.28106164932250977,0.18103468418121338,21185097E3161D618C0AB213C8755B6502C750A759B5ECB3EFB9F51CF9E978B4,F8C284D1AF8EEADD80B4940577AA7B3A3AD9BB3E189B5B6BBF293E9595204C30,878EDD9E1BCBAB8CAC04EF7581278CB5B0B7FAE32BAE6B5EA903F2964FA3BE6C,D696BBFA42DD1A840708B9C42E824036862ED17D538B2B47551641D8145854DB,SAVED_FIXED_OUTPUT,HASH_VERIFIED_SUPPLEMENT_NOT_STRICT_FINAL
ODCR-D696,ODCR-Mamba,D04,8,16.624795106477446,0.808301585036645,0.22143244743347168,0.13033974170684814,05A6B22C5C127DE881D22D83B43BD43F91A574C38BADE064ACEA9DB34EB44E99,B5E686FC6B20002BF82549EEC3FFF547E8AC27923DED754F062856C325333A8E,992857268D362E07426F13C36BBD89DCAD18CD63829D867565A224C185F39541,D696BBFA42DD1A840708B9C42E824036862ED17D538B2B47551641D8145854DB,SAVED_FIXED_OUTPUT,HASH_VERIFIED_SUPPLEMENT_NOT_STRICT_FINAL
ODCR-D696,ODCR-Mamba,D04,9,19.828346756697023,0.8569117052355674,0.16813750565052032,0.08052772283554077,718DE8A6C7D21A51C15C11097E571B3E4F0930279C690822FE98D0D95993A651,C4B2609121116B2C8C654C5E5E80D25BD588EC9CBFCD04B9013B57B8145EBFAB,6B705112764B1435EEA3261FA8404957337FA5D6ACCD77FDCA3EE8787A515D1A,D696BBFA42DD1A840708B9C42E824036862ED17D538B2B47551641D8145854DB,SAVED_FIXED_OUTPUT,HASH_VERIFIED_SUPPLEMENT_NOT_STRICT_FINAL
ODCR-D696,ODCR-Mamba,D04,10,19.739111086429677,0.8291584011008645,0.17929990589618683,0.15804994106292725,34D9A2C5323D2FC655B846B6EF110D8A823A4F60CB617990ADE76D9DFBA418D8,5CA247E0447645686F13A31E3FE129CCE1E3A4BD8CDF731993132DC2594D58D7,BE3636D402B5CFB1D3C41BCDF1CA464FE888F371FA51B48D4A2182A8D41DD4E3,D696BBFA42DD1A840708B9C42E824036862ED17D538B2B47551641D8145854DB,SAVED_FIXED_OUTPUT,HASH_VERIFIED_SUPPLEMENT_NOT_STRICT_FINAL
ODCR-D696,ODCR-Mamba,D04,11,13.330656578764906,0.611863990670001,0.30748575925827026,0.17965197563171387,5F54EB6EF0E843EB589BD7597C5990F010AFD78D6F850B0C831A380AD4897B5E,B7569C5C5A38F7B57AEE79603DCBE4C5FEF3AAABBDE31B67D12DA65C66963B9D,5BC8141E0BE15BA2A2DFF046FF44D22360D5ECAD747321ABE4C5612D4EA3EC78,D696BBFA42DD1A840708B9C42E824036862ED17D538B2B47551641D8145854DB,SAVED_FIXED_OUTPUT,HASH_VERIFIED_SUPPLEMENT_NOT_STRICT_FINAL
ODCR-D696,ODCR-Mamba,D04,12,18.557284589894365,0.7910798751343266,0.28573930263519287,0.19409936666488647,6CF81158987FED6BB4BFDC4DBECEDE31245E6A33DD1D67BE95824F24578B5D7F,3BFF920AF4640D93B95BC805614BD7BD38924B30CCCA62C797F7BD79F4A973B7,DB79E1FE86AE2081E92CC3DB395DE8A2A38D5D1F9C775A9B950F6593ABEAC0D3,D696BBFA42DD1A840708B9C42E824036862ED17D538B2B47551641D8145854DB,SAVED_FIXED_OUTPUT,HASH_VERIFIED_SUPPLEMENT_NOT_STRICT_FINAL
ODCR-D696,ODCR-Mamba,D04,13,17.912775039391438,0.760814261737549,0.19991125166416168,0.12963086366653442,24BDBCC4C024B4FAAED275344A0C60794C306F405620AE5F2EA0C9E9C48DBD33,BAA97DD4006D01E1761AA8B55545E698B899CF088F087E09E3B4897555272817,BE1EE3274B4E1E647CB1583CA2BCACCAF3FA6C03A314A84B28C22B7C6586D9F2,D696BBFA42DD1A840708B9C42E824036862ED17D538B2B47551641D8145854DB,SAVED_FIXED_OUTPUT,HASH_VERIFIED_SUPPLEMENT_NOT_STRICT_FINAL
ODCR-D696,ODCR-Mamba,D04,14,14.933529667182334,0.7786914143207714,0.2190382480621338,0.14749908447265625,66D2E2061C54CD5F5173CE90A57D302124E8943EFA217DF6B82DB6C67020B38E,162C9550C57E3E348277D3CB4567347B06FAEC07FB6BA6E03DB37F77C0F83FDE,D1EE773D728146179926EDFFA9C03C99E24401FB2EBF42FAFD3099B87949100B,D696BBFA42DD1A840708B9C42E824036862ED17D538B2B47551641D8145854DB,SAVED_FIXED_OUTPUT,HASH_VERIFIED_SUPPLEMENT_NOT_STRICT_FINAL
ODCR-D696,ODCR-Mamba,D04,15,22.256842285193276,0.8763920318901653,0.14558590948581696,0.09824776649475098,0A660F46D64370E6A21D9D553AD5F98EB82B6D7DF6E006F9A016F9AFFCAC60EE,1DD2B182975351D661F1E303F63F755F08A1EA7DF43F5FF173D62E149042563A,D6382CD7EBB5F6266A06355652117DA8001532D0E7CE77FEEDBDAC4A4CB5D8FC,D696BBFA42DD1A840708B9C42E824036862ED17D538B2B47551641D8145854DB,SAVED_FIXED_OUTPUT,HASH_VERIFIED_SUPPLEMENT_NOT_STRICT_FINAL
ODCR-D696,ODCR-Mamba,D04,16,19.55809088307069,0.8631471124079075,0.2079986333847046,0.1200682520866394,958326DCEE63E40F1DF57EEBE91A219DCF762E1B7FC4DB195C8235CC300EC7E0,DF75E8E547D61499452679F92FC17B26447D47C7888CA7F2FA83B150ECBB4A10,0F6E947ABEB3513B9DC9FA89D1C658D7E1CE4B8D508AE58094FC5E2F58E2A3A5,D696BBFA42DD1A840708B9C42E824036862ED17D538B2B47551641D8145854DB,SAVED_FIXED_OUTPUT,HASH_VERIFIED_SUPPLEMENT_NOT_STRICT_FINAL
ODCR-D696,ODCR-Mamba,D04,17,15.287518260799022,0.6604906771941209,0.3934208154678345,0.21149343252182007,E56C54F6F4211814D4A4700E2C51E3C911668E99A51C28C0F3C20BABB7E82A2A,B5CDDB706C2DCFAFC53DCED1FA7F704B77173B02F9890D8F2E1FD75FFEF2C254,A3B6CE4A6458BD2A1D3BF242E238D5B235BA06E06BFF88452A44CA287B5107EB,D696BBFA42DD1A840708B9C42E824036862ED17D538B2B47551641D8145854DB,SAVED_FIXED_OUTPUT,HASH_VERIFIED_SUPPLEMENT_NOT_STRICT_FINAL
ODCR-D696,ODCR-Mamba,D04,18,11.817807526195612,0.6522209837317973,0.46284031867980957,0.2318631410598755,43FC7E8F922DA9A7B2A02F0745081828713B87528BFD99FA88DCFE2C369152C1,675F029BCE112FB122C527350EF0C2381F0D7E66272A214D2995C564317E5DC9,1B71DE67E98C31D528F76E42585F294A67841310F136A1E43240E0FDE76FB6FB,D696BBFA42DD1A840708B9C42E824036862ED17D538B2B47551641D8145854DB,SAVED_FIXED_OUTPUT,HASH_VERIFIED_SUPPLEMENT_NOT_STRICT_FINAL
ODCR-D696,ODCR-Mamba,D04,19,13.901757262363708,0.7301620237052714,0.33484798669815063,0.2129068374633789,3E65DADC65D687C514E78D0EF8207075BFC577F07581E878BED238D76C392DBF,5408A4C8607E8C201D9EBFBE41184DEF6270FC5766DDFA6F07202044A2CBEAFB,3B5D1BA7CA5A50F535F89209BD3D408D2C5F1C56FEADD7C3C4A900A048BB3FBC,D696BBFA42DD1A840708B9C42E824036862ED17D538B2B47551641D8145854DB,SAVED_FIXED_OUTPUT,HASH_VERIFIED_SUPPLEMENT_NOT_STRICT_FINAL
ODCR-D696,ODCR-Mamba,D04,20,20.57737921796956,0.8934647000123364,0.14936372637748718,0.08925390243530273,8BBF8198B78B76A647AD3A7CD0E73CDC213CA3E395FEEC095A1F96BDEBE98741,AB2DCA787F588E801409AB469BB4A59FE4288AD426AF4806DF8223B9629C366D,3DD427F83223B3BCDA9B750442004F1E43D5F7AA876703D52EC6662D2A9BDB88,D696BBFA42DD1A840708B9C42E824036862ED17D538B2B47551641D8145854DB,SAVED_FIXED_OUTPUT,HASH_VERIFIED_SUPPLEMENT_NOT_STRICT_FINAL
ODCR-D696,ODCR-Mamba,D04,21,21.80042185742569,0.8635818202739857,0.15274298191070557,0.12264841794967651,36A476105357D29E915CB02FCC4733514C1420DBEF320EBC971BBEABAAE905D0,1AB05A60150CCF7587104B3924BAC1DB81A9B6F870475AD6069FB33F08F41A2A,E478FF15F3B09B9B43DF0CDFBBB38313FD86309CD8D176C1A3D5E87355A47174,D696BBFA42DD1A840708B9C42E824036862ED17D538B2B47551641D8145854DB,SAVED_FIXED_OUTPUT,HASH_VERIFIED_SUPPLEMENT_NOT_STRICT_FINAL
ODCR-D696,ODCR-Mamba,D04,22,17.46256272862447,0.8423981574716924,0.1443440020084381,0.09414702653884888,6A582E7EFCF08A71219226CB73B73A27C003D99301784D5378EF2A6D14101973,47F4AB2C93B9C83088E2DB40A410900DAC738B1503DB25D0423FA33B4FE83225,0713FD59F2B843F8BE70220EEF0A28A3FF26962239C1070DE61614B7066121F1,D696BBFA42DD1A840708B9C42E824036862ED17D538B2B47551641D8145854DB,SAVED_FIXED_OUTPUT,HASH_VERIFIED_SUPPLEMENT_NOT_STRICT_FINAL
ODCR-D696,ODCR-Mamba,D04,23,13.131108412343075,0.6648386319552045,0.40744659304618835,0.23733383417129517,CCB31930CB34AB7FF04304C7AAFFFB7C7341559008015754666CF2D3D4D578CA,434B68AA01184DA16DD93DB83CD9473F9BDDAA7236E46F29707A26D62E77D034,92A0786E3E5F083332D40C313C51440E4889AE18AFA17579901ADB6C7A18838C,D696BBFA42DD1A840708B9C42E824036862ED17D538B2B47551641D8145854DB,SAVED_FIXED_OUTPUT,HASH_VERIFIED_SUPPLEMENT_NOT_STRICT_FINAL
ODCR-D696,ODCR-Mamba,D04,24,17.639642537755897,0.8173982465141556,0.30305224657058716,0.25290149450302124,7396208903EEF483C8C5234A53114F0BB96B6766840771C2009F2EE47C08D0E5,2F94F1D924C537644814F82C9F78DD2901ADEE578F21C87DA409FD5879B1F3FC,C854F52DC76D528741C88562E26A200D745330CB9A04C7603B278B9D0994090C,D696BBFA42DD1A840708B9C42E824036862ED17D538B2B47551641D8145854DB,SAVED_FIXED_OUTPUT,HASH_VERIFIED_SUPPLEMENT_NOT_STRICT_FINAL
ODCR-D696,ODCR-Mamba,D04,25,12.108273967713608,0.5809272518860995,0.41178855299949646,0.21925902366638184,7F7E3B1EB104CBBC246EC8788E300A27F5DF60D0F267FFE992A9D0AFC198CF8C,923C0F0EDEC357692FEA84FE1E2BAAE77FD890F2D8294098694D83C5D7BF2F5B,68705191CA2A0A764F3901BCBF6BEE0034CB8B9FD92AED672D9FFA3309143449,D696BBFA42DD1A840708B9C42E824036862ED17D538B2B47551641D8145854DB,SAVED_FIXED_OUTPUT,HASH_VERIFIED_SUPPLEMENT_NOT_STRICT_FINAL
ODCR-D696,ODCR-Mamba,D04,31,21.405127996317972,0.8648273249329813,0.17317909002304077,0.085945725440979,C0FD0023EAC765BD9E77E4699C65E6F52F06382C395EA7A8A7DCB02EFFC8466F,CE7E848FDD9B9A8E53CEE8A80540A02E19017CB82656E4DBD934C84AB8192C79,AA0561095D3C238D6E9DD8AB88D3DF0B70C6B8A42539B4FD36F8F86811907EEA,D696BBFA42DD1A840708B9C42E824036862ED17D538B2B47551641D8145854DB,SAVED_FIXED_OUTPUT,HASH_VERIFIED_SUPPLEMENT_NOT_STRICT_FINAL
ODCR-D696,ODCR-Mamba,D04,32,13.298658572130824,0.6620497772447732,0.3199443221092224,0.2260999083518982,C95071845DE2EC5A78E782C6611DA84AA42187C31A792D0B8909F51451B602D8,A5E6C4C1E13B6ED7E0E743E0045B52988EBE8835D4220C7BF5D0FA98E2411DF7,D037EA952E835E18A9D46C4CFEB84C347A362C2CC87F883D68AA5EDA37CF759D,D696BBFA42DD1A840708B9C42E824036862ED17D538B2B47551641D8145854DB,SAVED_FIXED_OUTPUT,HASH_VERIFIED_SUPPLEMENT_NOT_STRICT_FINAL
ODCR-D696,ODCR-Mamba,D04,33,17.49473543864353,0.7642836169684362,0.2754131853580475,0.2089342474937439,3B555B91195CFD0222CA505B5ED0A372019BBBCFC9063D4D062F88750FAA72D8,47F2C549DAFF442A3F77ADAD6C7C3F05A85E250AE22754117BB873CC2CA13DEC,470AD170CAEBF46DC1AE9B34441810A732F22089EA3F299489C07E68DC706D1D,D696BBFA42DD1A840708B9C42E824036862ED17D538B2B47551641D8145854DB,SAVED_FIXED_OUTPUT,HASH_VERIFIED_SUPPLEMENT_NOT_STRICT_FINAL
ODCR-D696,ODCR-Mamba,D04,34,15.766972906506687,0.8335405907240427,0.2263745665550232,0.1697513461112976,49905E56427BFF302B4BFC724C35952837F0FB9423C91A44A15A04062AF871CD,45D9B0C3BAD9B62EC6033EE3933AE05A29CF7CCC1C8A3E5104650132044FBBF4,3452756AE8DF965513131A9EFC14FF797115DE41A2942D7AB943605704D5EA66,D696BBFA42DD1A840708B9C42E824036862ED17D538B2B47551641D8145854DB,SAVED_FIXED_OUTPUT,HASH_VERIFIED_SUPPLEMENT_NOT_STRICT_FINAL
ODCR-D696,ODCR-Mamba,D04,35,13.425824295709175,0.6804195211081393,0.3650779128074646,0.2532554864883423,7AE0BE8849F040A52755C6CCD03C1E7C04611CCED8AE2D2FFA6040116E3B1913,AA6632D2E7508666959D0D0D0B9F3E8FAEC29043C23CE2EC7D4A650A4B1083A3,46DD765DB6B66013254AE8A41B9663942B76CFC9D5FD38EEAAB7F898825E149B,D696BBFA42DD1A840708B9C42E824036862ED17D538B2B47551641D8145854DB,SAVED_FIXED_OUTPUT,HASH_VERIFIED_SUPPLEMENT_NOT_STRICT_FINAL
ODCR-D696,ODCR-Mamba,D05,1,14.059465262042366,0.7320742767232815,0.3280572295188904,0.1667768359184265,5617E822CEAA1E52407BCF8D0E1835EED14A86F589EC7BC01495E8864BDC7B88,53DCBFDC4EBD977C01654DABFE04CC2246570B1541BDAC6E9699BA15C17ECD88,49B836518444911E17D1ADD557EF826ED96E80436B69A4C22D34D0CCE48A0EF5,D696BBFA42DD1A840708B9C42E824036862ED17D538B2B47551641D8145854DB,SAVED_FIXED_OUTPUT,HASH_VERIFIED_SUPPLEMENT_NOT_STRICT_FINAL
ODCR-D696,ODCR-Mamba,D05,2,16.97492646985433,0.7721200562614928,0.25119489431381226,0.12059104442596436,048C2C0A7B3BCA9C974BF8CE047C73288DE209B9E8B13CC84DA00E1E7062FB40,5C667FCCE9A1ECCA7DEAED221128B2C73F7B105C4DFAA7BFE7EE5BC909057F5F,0C771ED66A1FB64A9EBCB9DB046AD364C398652ED1F1034C4C372B525FE9AF25,D696BBFA42DD1A840708B9C42E824036862ED17D538B2B47551641D8145854DB,SAVED_FIXED_OUTPUT,HASH_VERIFIED_SUPPLEMENT_NOT_STRICT_FINAL
ODCR-D696,ODCR-Mamba,D05,3,17.284190246632946,0.8438893813051377,0.18374842405319214,0.15800011157989502,3FD16E4347F28400F4A0AFC544C7BF1D7F476733565D2CD3BB02F72F1B9E7DA1,0EA8C6409C916E0336E1CFA98B31C63D7D0A28127A46E0FEFDFA25691CB91B76,0569FFF37AE264422115B4E0F6733E34BDC6F0823BC75E391E397799092C9FE2,D696BBFA42DD1A840708B9C42E824036862ED17D538B2B47551641D8145854DB,SAVED_FIXED_OUTPUT,HASH_VERIFIED_SUPPLEMENT_NOT_STRICT_FINAL
ODCR-D696,ODCR-Mamba,D05,4,16.494891180020225,0.6956376449025393,0.355228990316391,0.16081523895263672,A2DB1328B3F4F6F760C551ABAB19099465B7C3082F629E9BC04E893B9C8A0605,70FA3CA85DA8C2153E084C303AE5110635C6D9D3D8A2FA10593B90D029C6F570,072A489A387B07AFA97D6E707476EFA838A816A0FB915582D7060CD082A72A22,D696BBFA42DD1A840708B9C42E824036862ED17D538B2B47551641D8145854DB,SAVED_FIXED_OUTPUT,HASH_VERIFIED_SUPPLEMENT_NOT_STRICT_FINAL
ODCR-D696,ODCR-Mamba,D05,5,17.447160074979205,0.47445791937655274,0.5639816522598267,0.35478675365448,F521C0A2A6A0A8D3BD9041F050C167E97F6FB8B3590F958BD86467A5FC1357AB,F0F01C9A961FF272D7AB18E571CE9FC78F35FB33B29493649138458DDC2DAF3A,03506458819EA2E667A7E367A0CFD5161AB299E753726F911EF2DF7F3C774C0D,D696BBFA42DD1A840708B9C42E824036862ED17D538B2B47551641D8145854DB,SAVED_FIXED_OUTPUT,HASH_VERIFIED_SUPPLEMENT_NOT_STRICT_FINAL
ODCR-D696,ODCR-Mamba,D05,6,14.040825294058735,0.6367852026020095,0.35238558053970337,0.2453000545501709,F0C64D7A3ACC73E13829DDD822E8D2544329D707DF31FD3C150D1191AB772271,284F692ABE83C7D7F26F5075BF7A7D3302F954305DD8B06C2D41294F790661CB,E6472D3B26879A0102B26C0FD84DB88A9374495C5CCB9C0DDC6861D4C949B487,D696BBFA42DD1A840708B9C42E824036862ED17D538B2B47551641D8145854DB,SAVED_FIXED_OUTPUT,HASH_VERIFIED_SUPPLEMENT_NOT_STRICT_FINAL
ODCR-D696,ODCR-Mamba,D05,7,22.037252880578087,0.8614674353339337,0.1435510665178299,0.11928796768188477,64E571161C50D7A886CC22F7D31E6CBF038CE4CDEA3B5F9EFA23F65BFDE3B86D,3576D3A3C1EF68992D1E5EBE696CF03FD821C1ABF70A5DBFAB9EA687D9F67F6F,F3A27712A8A48D9411DF17265D3ACB1B589A7BA925EF566739A2D184EFE10F35,D696BBFA42DD1A840708B9C42E824036862ED17D538B2B47551641D8145854DB,SAVED_FIXED_OUTPUT,HASH_VERIFIED_SUPPLEMENT_NOT_STRICT_FINAL
ODCR-D696,ODCR-Mamba,D05,8,12.57228520255671,0.5364207340654857,0.5322462916374207,0.26792240142822266,6434DAA4F8C01279D6B92DAD6831E8AAFEC6CD3F23666D0715D72287DE8B77D3,A7EF48823C56AFA9F2CF44DEF8787391E89F3D84641BD1B920C60D90B717FDE4,ACEAAC1253724F99CDD6A1B5750266477F480E020AF9CED699D4B36135194834,D696BBFA42DD1A840708B9C42E824036862ED17D538B2B47551641D8145854DB,SAVED_FIXED_OUTPUT,HASH_VERIFIED_SUPPLEMENT_NOT_STRICT_FINAL
ODCR-D696,ODCR-Mamba,D05,9,16.718049044771615,0.5007862829282163,0.5392447113990784,0.37630563974380493,19AD82CF7EB8055796A0E7948F51430EE9B57BA6F03890D1D418CDD8905245AB,F2F9EE2966C2BA1676947AC453F226689E435A398A31A9D87C601B23F6D33785,70520DBE75E57994D2BC1442D05299425B23501C680EA2878F857194D4C187F9,D696BBFA42DD1A840708B9C42E824036862ED17D538B2B47551641D8145854DB,SAVED_FIXED_OUTPUT,HASH_VERIFIED_SUPPLEMENT_NOT_STRICT_FINAL
ODCR-D696,ODCR-Mamba,D05,10,12.137847917267413,0.7212251810823723,0.37520545721054077,0.19229590892791748,A34C1732598E8B49083335EE8E030A0116FF11942E8E6D678CE3634E543A361F,F5BB3CDD8067CBC211ED4897EB8008B353205AECFE648D732F33C569E8BEFE33,61B027600B87EB08CC4D42323BEA053CA5EF8E91DBB54E2526AE0A5695626B32,D696BBFA42DD1A840708B9C42E824036862ED17D538B2B47551641D8145854DB,SAVED_FIXED_OUTPUT,HASH_VERIFIED_SUPPLEMENT_NOT_STRICT_FINAL
ODCR-D696,ODCR-Mamba,D05,11,11.947580989362173,0.6476536114561394,0.39176228642463684,0.2534595727920532,7B1A936B06A0B8463FEB093F131E640E40624749382F524DB69E9BBE52B37173,B07169B798FF75F9CFD2AA2DB20325DF8825562D800728E1B8E4555CD4C80C7A,87CC121D800825580D7C2E9724B3833ABDD49CC682BACA2644D966387410479D,D696BBFA42DD1A840708B9C42E824036862ED17D538B2B47551641D8145854DB,SAVED_FIXED_OUTPUT,HASH_VERIFIED_SUPPLEMENT_NOT_STRICT_FINAL
ODCR-D696,ODCR-Mamba,D05,12,16.265191331170396,0.7844871315648024,0.32087892293930054,0.15642166137695312,4222656C62CC3E571F6B1E4C5B4C71B2E21517BBBD9CA3AA381B56332B267EDD,806555EDB0833D98300224F41559E43535B567775FC013E802AC7640CBE05BC7,86F3C8EFC9B01D8EC35C186773E86E3FDD8DC90D3A7027B8205C32761FC7B397,D696BBFA42DD1A840708B9C42E824036862ED17D538B2B47551641D8145854DB,SAVED_FIXED_OUTPUT,HASH_VERIFIED_SUPPLEMENT_NOT_STRICT_FINAL
ODCR-D696,ODCR-Mamba,D05,13,13.179432363387045,0.669664986067931,0.44326886534690857,0.26750898361206055,977ABD49F66B81417E9174BCBCE868608C31751C9FC4BFA866EF34FD802DCE40,15503F04C2CB5B2DCB5113AE8AA8D8AA89E802BEAD6B6DA16D5F324AD80777AC,092FE5B2617763FBD414DA8372439732F6AB7E959D4A7F034363B09BBE7C8B1D,D696BBFA42DD1A840708B9C42E824036862ED17D538B2B47551641D8145854DB,SAVED_FIXED_OUTPUT,HASH_VERIFIED_SUPPLEMENT_NOT_STRICT_FINAL
ODCR-D696,ODCR-Mamba,D05,14,16.822634103326752,0.7878431074670257,0.26972222328186035,0.20309358835220337,246FC0415F51A607CECAFBD82622B91C70329BB2FE6320F137D15944F41BAB6B,A5CB1D302D65F4DF8AF4D46EEF441F7275E76895C28C3529C7AD2126F6599C95,C9704B7087F23C5B5ADE23549A0727F74E06BB748656CD389FF796E42C561387,D696BBFA42DD1A840708B9C42E824036862ED17D538B2B47551641D8145854DB,SAVED_FIXED_OUTPUT,HASH_VERIFIED_SUPPLEMENT_NOT_STRICT_FINAL
ODCR-D696,ODCR-Mamba,D05,15,13.664609535787339,0.6470522591677169,0.3989308476448059,0.28054821491241455,AA650654D043422CA7CA33540D52712645D9DE0A1C11EE3550443ACEB01304D2,2399AF2F70BB47D7AAE26101C974F7C99C910619F31ED199FA4F84A94BF2E8A0,927D6BC7F60D6C330C23C748054B19C647BE39D9E093953B46B94BFB3DBFAE53,D696BBFA42DD1A840708B9C42E824036862ED17D538B2B47551641D8145854DB,SAVED_FIXED_OUTPUT,HASH_VERIFIED_SUPPLEMENT_NOT_STRICT_FINAL
ODCR-D696,ODCR-Mamba,D05,16,12.479180502314524,0.5436088353268343,0.5837426781654358,0.4315124750137329,A34D3094453208AFDBA0E80FF00D0B8723227CF6B8AE8965EC23104E99FCA9DF,F56B229B99E57C2F8617F6652238124FD8C0186E77BEF491F2121C541529E1EC,5C1D300AB41CEAF7600089F18ACA0B9390405C205EB3A3437B35C605F5AD5359,D696BBFA42DD1A840708B9C42E824036862ED17D538B2B47551641D8145854DB,SAVED_FIXED_OUTPUT,HASH_VERIFIED_SUPPLEMENT_NOT_STRICT_FINAL
ODCR-D696,ODCR-Mamba,D05,17,11.415916946560428,0.5627513293181188,0.517448365688324,0.30372583866119385,7F2CC1E4D3CF76F5F4A8E2AF50B82457D6773ECBCF451C9A17DEA6DA9FA65838,95FB456377FF9E1A41A33A46FA19AD8CEC61F3AC3DCC66117350C328AE5DD15D,B3AEBF3213CC1DAFB7A10D24E4E41468104B597684BF16DA458B8EF0EC7DC4BC,D696BBFA42DD1A840708B9C42E824036862ED17D538B2B47551641D8145854DB,SAVED_FIXED_OUTPUT,HASH_VERIFIED_SUPPLEMENT_NOT_STRICT_FINAL
ODCR-D696,ODCR-Mamba,D05,18,17.527546467716274,0.7378794472722991,0.2870160937309265,0.16950726509094238,E50EB742F07CAE64CEE4A4DE3628928D6335F4F5B0A541D64D2A9B555FE57078,2E1D305A4C94E175FD80E3E5167BE6BC7D8130D913F3DADFCF77E75152124584,8C22FE3B82EE96E334E57209754F2F700B3959E9B4145BDEFD10AF3E33F9C6F0,D696BBFA42DD1A840708B9C42E824036862ED17D538B2B47551641D8145854DB,SAVED_FIXED_OUTPUT,HASH_VERIFIED_SUPPLEMENT_NOT_STRICT_FINAL
ODCR-D696,ODCR-Mamba,D05,19,14.26896721552219,0.7894441265358711,0.2810417413711548,0.13982588052749634,6C5CAC2066ECAFC48120FEBDAF0B2FD62E554D960EC79821579BE7B0B93C886B,C4F0695123F82C180D583489F57C8D065DF7EAA148F4ACBE9E38AFDBC0FF034C,702A144DB8E1F310F81D29DF9A6CB5E3805833B33AAC5223AEB53629E7D310C9,D696BBFA42DD1A840708B9C42E824036862ED17D538B2B47551641D8145854DB,SAVED_FIXED_OUTPUT,HASH_VERIFIED_SUPPLEMENT_NOT_STRICT_FINAL
ODCR-D696,ODCR-Mamba,D05,20,12.144027638468138,0.6054748913182695,0.44175437092781067,0.2322118878364563,BC66561B39C77894D5DA42F1760D11A1C255FA2E6D9CECBF1C60C2EBEA9A5B1E,0F243A6FF42B176D7FD505B0F9369023BF724498CE555D16BF5C96E8728C6AEE,FD37820A7FD90CD09665B0E5368248967ED215DFDBE960CD8973B8D27AA6157B,D696BBFA42DD1A840708B9C42E824036862ED17D538B2B47551641D8145854DB,SAVED_FIXED_OUTPUT,HASH_VERIFIED_SUPPLEMENT_NOT_STRICT_FINAL
ODCR-D696,ODCR-Mamba,D05,21,15.675568667524658,0.7004256108896111,0.4060693681240082,0.25117433071136475,069F11F974157E01D0C205B3BB74787838DCB6C9F572675EF8BE52973749CF88,259240824FF511C499487549ACBBB54D4B22A0EF45F6A31288656DED08467352,FC9BB9E29C2F515FCA7BCD1220BE3045D39F35776EC68B7FF6AD887031B21AD4,D696BBFA42DD1A840708B9C42E824036862ED17D538B2B47551641D8145854DB,SAVED_FIXED_OUTPUT,HASH_VERIFIED_SUPPLEMENT_NOT_STRICT_FINAL
ODCR-D696,ODCR-Mamba,D05,22,21.595439474862413,0.8608245432549042,0.11520339548587799,0.05949294567108154,027F98CC74B5071544C780C4BF27BE6C33F02E6BB80F7B32E19B49280AA57647,15B7A7B47BB42977437541F8497F69D14985F3C88E72775FDAC4CFF963529E26,361023D570959A8CF394F4DAD5C429D30BE8CC84E7A4803DD779FB4E86559D3F,D696BBFA42DD1A840708B9C42E824036862ED17D538B2B47551641D8145854DB,SAVED_FIXED_OUTPUT,HASH_VERIFIED_SUPPLEMENT_NOT_STRICT_FINAL
ODCR-D696,ODCR-Mamba,D05,23,20.666499082784156,0.8886298330268767,0.13979803025722504,0.07842051982879639,AD2E2E1D351ADC63E72C962050AD1C5E4649585F5E843EB5B0E4BE18A4EB25CB,2BE0C3921A195D62219DDF3DEFE8D85BC03C0E5C811B4C79E89B5595DF6B9C88,86C465690E8E1F9C28F62231AB4D29900D87A9C019AEF00BB31628AD8A41D756,D696BBFA42DD1A840708B9C42E824036862ED17D538B2B47551641D8145854DB,SAVED_FIXED_OUTPUT,HASH_VERIFIED_SUPPLEMENT_NOT_STRICT_FINAL
ODCR-D696,ODCR-Mamba,D05,24,17.130828683095057,0.7610513638514362,0.27758753299713135,0.17179304361343384,FFB1C16B59AABCE6B64480A23E2E805760C05B8F229D6209FC97EB459A71333A,23939243C8F40539CAB9B3FEB8CD6A7CC003511C759FDB133CE06BB44F5BAD21,9464D2E49CA431E28976AA97A9DE6057A2E747A5C9C5E3AF6750A0769CA9936A,D696BBFA42DD1A840708B9C42E824036862ED17D538B2B47551641D8145854DB,SAVED_FIXED_OUTPUT,HASH_VERIFIED_SUPPLEMENT_NOT_STRICT_FINAL
ODCR-D696,ODCR-Mamba,D05,25,14.72368081889771,0.6111436338505526,0.41418248414993286,0.33051615953445435,7AADDD9526587BCF8EF52FF204DF7A8F7FCBAFBD07129F8135AEB43FF219EAA3,18A3324C132B01DAEDE2926101B3438A0EC51F25A9668B517A50353B9EE533BB,DD3BB6CA7749AA5A3C1DDFDB57C5E0448826D6A3D681D68B079DD205D64E67B2,D696BBFA42DD1A840708B9C42E824036862ED17D538B2B47551641D8145854DB,SAVED_FIXED_OUTPUT,HASH_VERIFIED_SUPPLEMENT_NOT_STRICT_FINAL
ODCR-D696,ODCR-Mamba,D05,26,13.860061903023626,0.5641385766186935,0.4225787818431854,0.27326464653015137,C08AF8D3B58809F658DD29ED6462DF1B3000142F9F0EDDE8126E18E26CE36A7A,11B17173970FB5039C2339518355CCB4EF4604735792D2DE8A87695AAD27C5CF,C9EE74F75EBCC71A5B84F9E7A0C3BA60C11BB7FCD2DCF5130495119D2033505F,D696BBFA42DD1A840708B9C42E824036862ED17D538B2B47551641D8145854DB,SAVED_FIXED_OUTPUT,HASH_VERIFIED_SUPPLEMENT_NOT_STRICT_FINAL
ODCR-D696,ODCR-Mamba,D05,27,18.418474718235057,0.7056390834579981,0.3373456597328186,0.17385470867156982,935155512B2D2C193E1E068BB4119B09DED1E575C02785EE73DB4B4568732545,BCC47F54E74F8215F4E023D7356919B108FC232A9B466228D1608F10C29D8749,FB9CEC675E54BD27EBDA1A641F9AA8375B80EEA9B7117FFE1E94A75A4B405E1C,D696BBFA42DD1A840708B9C42E824036862ED17D538B2B47551641D8145854DB,SAVED_FIXED_OUTPUT,HASH_VERIFIED_SUPPLEMENT_NOT_STRICT_FINAL
ODCR-D696,ODCR-Mamba,D05,28,13.628598052047547,0.6045267490729106,0.43696513772010803,0.33233535289764404,3F50871D11D92AF7B087677B261E27599FCFEC8F87B5C2676BFB8A161A72741B,25CED5C3A0869E998FB089305E6DB04B964A6DF09211177B7146F2D8EE75019C,D51240EB04906293243D159064AAF6F52C8127CFA36075925CCE2DEBB34B6A17,D696BBFA42DD1A840708B9C42E824036862ED17D538B2B47551641D8145854DB,SAVED_FIXED_OUTPUT,HASH_VERIFIED_SUPPLEMENT_NOT_STRICT_FINAL
ODCR-D696,ODCR-Mamba,D05,29,14.846401542452734,0.5429224856096149,0.5162460207939148,0.3624100685119629,81EC091E78B674E82712EAE54F17CE3989A013C3165C42E7E4351164EBC3A1B8,3A02340286A32C2221E2047C6A1B982701F4680E050FAB2D6B2195D167518373,5F9C135501EF3894D47BA711ACCBAFCBFC3E3797539EA03DD719BBE47259EC9B,D696BBFA42DD1A840708B9C42E824036862ED17D538B2B47551641D8145854DB,SAVED_FIXED_OUTPUT,HASH_VERIFIED_SUPPLEMENT_NOT_STRICT_FINAL
ODCR-D696,ODCR-Mamba,D05,30,20.179725002081245,0.781398369475777,0.22013884782791138,0.169084370136261,14E10933E531932CAA59CFF583C77F6477A386864ABE63586A9EB798A79FFBC1,2C939BAF94BBD4ADD2421C272D192D45EF8261498DDAE27082ABF608944275D1,F5C22AFE6A2381F6B442E78DE7BFF146FF902CCED2341F759487CD13DBB501B9,D696BBFA42DD1A840708B9C42E824036862ED17D538B2B47551641D8145854DB,SAVED_FIXED_OUTPUT,HASH_VERIFIED_SUPPLEMENT_NOT_STRICT_FINAL
ODCR-D696,ODCR-Mamba,D05,31,19.732558153680003,0.8147869145722386,0.2283722460269928,0.13174045085906982,4EB5F6115066B5B44F89B71158CA65ECA5606E07B7EE76D18F9DB017DF02017E,93B5BDDB161F5AC8635C560711F86E9D50007B821AC42AD66EBCFF47A7ABC847,7E41A10B1F04D0F1987F0AAC40359FA67EB87F774124FB1653A04C26DFB8B9D8,D696BBFA42DD1A840708B9C42E824036862ED17D538B2B47551641D8145854DB,SAVED_FIXED_OUTPUT,HASH_VERIFIED_SUPPLEMENT_NOT_STRICT_FINAL
ODCR-D696,ODCR-Mamba,D05,32,20.60337002316941,0.8472712086759634,0.1907026767730713,0.13472062349319458,3A0AF12C5C9A38E04AD9E40F558C7EF82299C20A09EB055373A75EF5AF1BC091,2DC61724CB89511613BDE3E46281E159DFBD81A52948E5FD75839D70EA3D5770,155140767B1A57A27B9C9F4D630FEF7A984D2104B832955C951B9771797B059D,D696BBFA42DD1A840708B9C42E824036862ED17D538B2B47551641D8145854DB,SAVED_FIXED_OUTPUT,HASH_VERIFIED_SUPPLEMENT_NOT_STRICT_FINAL
ODCR-D696,ODCR-Mamba,D05,33,20.790576426106263,0.8140485939888258,0.2037709355354309,0.16841953992843628,F9A149793D9210C8B1D19D2030C8106B0D8CAD20C2D5C00F5DCF7D7205E2BE3C,F3D6CA89C17499CF57A027570E3D5138A9C3A7ACDCF5C1C05846829D3C8396DD,061D18E6756F5FB1BF9C33DBC026F0DE8E20FA159212CC8D2A6E4C8AB3307B73,D696BBFA42DD1A840708B9C42E824036862ED17D538B2B47551641D8145854DB,SAVED_FIXED_OUTPUT,HASH_VERIFIED_SUPPLEMENT_NOT_STRICT_FINAL
ODCR-D696,ODCR-Mamba,D05,34,17.203807217982657,0.8086334935934966,0.2204698920249939,0.11724650859832764,3E232BF58CAFD8FE975659C3F23A303E0369F8077CFEB0EA029806D14B42E1A6,A9F0E2350D12597C0152B1F9980A5B9C04110998A7CE9C7BAE1848BF76327726,D366B35E7417AFA95CE95BCC21099DC3A76E98AC4C12A54475185AA577878F8A,D696BBFA42DD1A840708B9C42E824036862ED17D538B2B47551641D8145854DB,SAVED_FIXED_OUTPUT,HASH_VERIFIED_SUPPLEMENT_NOT_STRICT_FINAL
ODCR-D696,ODCR-Mamba,D05,35,23.623747910855535,0.8907725688767862,0.18486154079437256,0.1314144730567932,4C40A00796111F3D0635D323AA05935B18A9E06E1957092F716CD9DB97505EF4,5BBE34BCAAD603A755F20863D53AC35DF8ACC78DA7ED12696113D088AD97A3E7,D4F1CACF7475181C4BA64AD3AF4C202795BB557DEED43970B2F39829E56E6B8A,D696BBFA42DD1A840708B9C42E824036862ED17D538B2B47551641D8145854DB,SAVED_FIXED_OUTPUT,HASH_VERIFIED_SUPPLEMENT_NOT_STRICT_FINAL
ODCR-D696,ODCR-Mamba,D05,36,18.081047124453516,0.7812681288673652,0.25682926177978516,0.15147709846496582,72AC49F3AF6F23430C86734FE016FA596D8DAC5634E2536D4B90A23486FB9CBA,ADDE3C96E7C2EA4DB5A80D36EB25AE68014581FBF29C19ABB45E7451D209F37E,AC2F7368A6724F1CC32DCB77AF87EECD75A2B01C534C3E9285C55B8097262784,D696BBFA42DD1A840708B9C42E824036862ED17D538B2B47551641D8145854DB,SAVED_FIXED_OUTPUT,HASH_VERIFIED_SUPPLEMENT_NOT_STRICT_FINAL
ODCR-D696,ODCR-Mamba,D05,37,15.514272263202981,0.7018533688172929,0.33558306097984314,0.20214056968688965,A06B19F2ADC72BC1DBEFDE55003F9E242F07638B7EADE116AFF1F7E1A59B615E,E9AF481F2A1E0ADDC74030F128BDC11E062BFAD1F343A4F1E5320D034F1E2B75,8F3D2B6EA86FA5E4C7D33A8B5B7EF9CC66A2D844916A6F468BD7E8105AB38F20,D696BBFA42DD1A840708B9C42E824036862ED17D538B2B47551641D8145854DB,SAVED_FIXED_OUTPUT,HASH_VERIFIED_SUPPLEMENT_NOT_STRICT_FINAL
ODCR-D696,ODCR-Mamba,D05,38,14.733250560538648,0.7458203540466258,0.36619776487350464,0.2142864465713501,EDC53095283E1B2282CF0FEDA9F362CA7FFAB4A83410E12A271910824FF6E8BC,016A1A7EDF273F874151ED98B065B6FCA3017CE6B95FDCDECAAD56D0EA29722A,17724FBAC4FA562526E3ADE3219C5EC97A6BAF567E0DCE0D502EC0B2D5898522,D696BBFA42DD1A840708B9C42E824036862ED17D538B2B47551641D8145854DB,SAVED_FIXED_OUTPUT,HASH_VERIFIED_SUPPLEMENT_NOT_STRICT_FINAL
ODCR-D696,ODCR-Mamba,D05,39,14.579112001727857,0.6715639918235176,0.37278100848197937,0.2440645694732666,43FD00FA723E0672D4D94C57F199D45C562EEBC216C8761B6D4D72F35C295C04,D706B271E3C8AAAD4FE78FE8A767559DEED87E60E5DC9D2D4A658A24C72A45D6,936432A4A4B0B3F639E0563F10CD444D9B3655BEE0EC889978754F785931677C,D696BBFA42DD1A840708B9C42E824036862ED17D538B2B47551641D8145854DB,SAVED_FIXED_OUTPUT,HASH_VERIFIED_SUPPLEMENT_NOT_STRICT_FINAL
ODCR-D696,ODCR-Mamba,D05,40,19.347548447498504,0.7586752242346234,0.2733843922615051,0.17441141605377197,C793D6DACD5C674335DFCEF325448614442663A1E1A41041782741B484E54AF8,8CA115FF13D678E9184FB1C278BDF92F86524BDC7BCFD420808F76CB0CD4E965,BF6B11E88BDCB75D5B503E90FD2F1BC8BF4E288AE7E9459DB7BE327590BAA213,D696BBFA42DD1A840708B9C42E824036862ED17D538B2B47551641D8145854DB,SAVED_FIXED_OUTPUT,HASH_VERIFIED_SUPPLEMENT_NOT_STRICT_FINAL
ODCR-D696,ODCR-Mamba,D05,41,20.228844461555727,0.8438334777423117,0.21523654460906982,0.15543001890182495,26548992D267C16A04787BFBB4CC18DBF1F9D4A9C9C32AD6DF9E8272F9BA5779,0F1C00F69C4DB273F46256558A67C5EFF9C558C4D7F538B02BB9A7DEF52615C9,AEDD4463B84DDC59B60E9D070EDF00047BAF9AFAC64478E98758AC2DD4C84ABD,D696BBFA42DD1A840708B9C42E824036862ED17D538B2B47551641D8145854DB,SAVED_FIXED_OUTPUT,HASH_VERIFIED_SUPPLEMENT_NOT_STRICT_FINAL
ODCR-D696,ODCR-Mamba,D05,42,15.408110907773063,0.6716578720884532,0.33946967124938965,0.22665178775787354,88055862A2A7D024A0B87A2D896143C5810303ECE53AA3ED01608ECAE9437C7F,CEC706EB619E86F00AABEFE0A57151AA402010FB282F3393535A535E27378736,6A512BD2CCB00A21007A48858E7CBD850F22825EA63AC72C504EADB17E4D4C88,D696BBFA42DD1A840708B9C42E824036862ED17D538B2B47551641D8145854DB,SAVED_FIXED_OUTPUT,HASH_VERIFIED_SUPPLEMENT_NOT_STRICT_FINAL
ODCR-D696,ODCR-Mamba,D05,43,22.4106956166051,0.87038731098143,0.1785808950662613,0.1270747184753418,AA762707340C64BF3375CFB66E8ECDAC5657540024BD837242352D994E6E974D,ACC6AD03B3CF01552BD1D8ECC1CDDA971B039FE9AF79B2732A8B3BF6F62C6E49,1E307811C963D586EE2C776E6952C8BF0177EDF34E0B8476A2C9C414A37F18C9,D696BBFA42DD1A840708B9C42E824036862ED17D538B2B47551641D8145854DB,SAVED_FIXED_OUTPUT,HASH_VERIFIED_SUPPLEMENT_NOT_STRICT_FINAL
ODCR-D696,ODCR-Mamba,D05,44,19.52313189850407,0.8135551336071966,0.2146734595298767,0.149139404296875,C9C9AD279E573FA522A7D1C5DC015133AFDA31A3A692C9855818F9FB7754E0E1,6F55F38E564BB18AB0B91ADB42953D417A03DE44382B1E4AAF9367F17F869223,155192DCA2ECE31AF06BE9A6DC0B11DA7F0EF21256300ECEAB0F4F038CD84905,D696BBFA42DD1A840708B9C42E824036862ED17D538B2B47551641D8145854DB,SAVED_FIXED_OUTPUT,HASH_VERIFIED_SUPPLEMENT_NOT_STRICT_FINAL
ODCR-D696,ODCR-Mamba,D05,45,16.23084296070577,0.6051684544844124,0.41541311144828796,0.3074883818626404,71F257B3B2CFA7945536825D9F1296024F8F9FA150AEE2D73CCEDE854E6A2EC7,2C139A4592AD739977A27D4DD7AB459FA20139838CFA7796BD15AD5792D543E1,43775DF7703341B45CE7960D1CA4DAD688374D68AE9782B25DEC90A5EB66FD06,D696BBFA42DD1A840708B9C42E824036862ED17D538B2B47551641D8145854DB,SAVED_FIXED_OUTPUT,HASH_VERIFIED_SUPPLEMENT_NOT_STRICT_FINAL
ODCR-D696,ODCR-Mamba,D06,1,12.281561547264303,0.42788360416082916,0.8386346101760864,0.5098481178283691,28D483EE2ECAE7E22E4DAB43E74216587FF6604AD354609815567F0716FE3713,9ED841651FF20BF8F8636345BA3366395A5317A51C4FBEE6720445349B695377,880CAA0C304336A95CDFA42182CDD8587D18034C93E7C18C6609E8C2D1C0D58B,D696BBFA42DD1A840708B9C42E824036862ED17D538B2B47551641D8145854DB,SAVED_FIXED_OUTPUT,HASH_VERIFIED_SUPPLEMENT_NOT_STRICT_FINAL
ODCR-D696,ODCR-Mamba,D06,2,13.245007560198632,0.30388499169252386,0.892047107219696,0.5051126480102539,134860C6C2DA0FCE9A97C8BB53E91039FF661CE28A074FE3B3279816ABC66BFF,6AC611763B08EE9DCE1A5E21507CEB665BC266FADA97AC5E6FCD76D7067EC883,DF4D3E3EE600EB4A03AEAEB496ED9FB7255454F42FCDB21DC55CFCB0F0D00F73,D696BBFA42DD1A840708B9C42E824036862ED17D538B2B47551641D8145854DB,SAVED_FIXED_OUTPUT,HASH_VERIFIED_SUPPLEMENT_NOT_STRICT_FINAL
ODCR-D696,ODCR-Mamba,D06,3,14.543573781955777,0.30314327702035593,0.9105790257453918,0.5194334387779236,006F27ABC8E126705555A4285ACD79D314915C77150940E2399ED60F417312FD,5AC49F9CBC4EF1A76ED1E612212C2943CBD487689C04C5E39D9606C85164D22E,E71A4B63FE65B9199A0F95B51AEB39D70EC24358D97DBFB27F449DD9ECF99C1C,D696BBFA42DD1A840708B9C42E824036862ED17D538B2B47551641D8145854DB,SAVED_FIXED_OUTPUT,HASH_VERIFIED_SUPPLEMENT_NOT_STRICT_FINAL
ODCR-D696,ODCR-Mamba,D06,4,12.462450573114488,0.20323198336743611,0.7996780276298523,0.5616875886917114,55BD84BE636D6A8BA343BDC6C0DE0584D6889357CB3D34735FF0F78E940AD09F,E082DCCE315F5C0ADBC2EBF1452878836DDA1C622F5A306D2E9E0786999C7D4C,C42E3424832033510483DC796DE0D83A9DF4C387F89F3EE7C5E5D1E448B74ADA,D696BBFA42DD1A840708B9C42E824036862ED17D538B2B47551641D8145854DB,SAVED_FIXED_OUTPUT,HASH_VERIFIED_SUPPLEMENT_NOT_STRICT_FINAL
ODCR-D696,ODCR-Mamba,D06,5,10.764539251251925,0.4021833196310404,0.799253523349762,0.5366811752319336,24EACCED76A470F04D9276F248AAB0C3CFF3C058246792F742E2E3CB7A6380CC,B5400CD64D590E3A6194C4B9A2E56393D5D35B5D117B8F6BCC3928822465D9B6,51D4BA8F26798BD0E3C4473A9C83DEB99C151BD096A837B89B402F132E0D10F4,D696BBFA42DD1A840708B9C42E824036862ED17D538B2B47551641D8145854DB,SAVED_FIXED_OUTPUT,HASH_VERIFIED_SUPPLEMENT_NOT_STRICT_FINAL
ODCR-D696,ODCR-Mamba,D06,6,13.540266008577603,0.44406372909514746,0.7393161058425903,0.4663986563682556,9341A15AA8360794632AED0F593CE4E6541F798AA5B8628F6DCF6D6D0D249BC3,E000DA4B0BF9E38CE6B0618757ACD57D1CEBF5E34EFD182D0EFE3B982A379795,24F338AA35ABA1361BBB77536F26858DCE2E565918AB60FC86D84F0500FC0F9D,D696BBFA42DD1A840708B9C42E824036862ED17D538B2B47551641D8145854DB,SAVED_FIXED_OUTPUT,HASH_VERIFIED_SUPPLEMENT_NOT_STRICT_FINAL
ODCR-D696,ODCR-Mamba,D06,7,16.124264880918105,0.3912671591123778,0.7211848497390747,0.4287761449813843,2132E15598A04E4CB042242D3E5DDE1F0FCD5514C57B8725D4C397DB118AB11B,CE62D9856BC056878547F02D8F4544720EC5990C800826BD34717BBF74A319CF,C35484E71E409C2D76788EE99CE52B19DDE70D7291D6DAEE5CDA318CD55BB480,D696BBFA42DD1A840708B9C42E824036862ED17D538B2B47551641D8145854DB,SAVED_FIXED_OUTPUT,HASH_VERIFIED_SUPPLEMENT_NOT_STRICT_FINAL
ODCR-D696,ODCR-Mamba,D06,8,11.887285041563496,0.23658113525336355,0.9161666035652161,0.5674971342086792,D899B7D6739C06AE2AB1ACB81682AAD5EC7C1374E6381E67C8DF1761BDA7BF7F,CAE7E7C1EDF709DBEF8A0885A2B5389CE2A5FF9D2D1ABA7E8491576D982DF5DC,1A1EB98209BE96376F74F891E80E001A3F3BCB987B514EE1F5671F5BCBA8FE42,D696BBFA42DD1A840708B9C42E824036862ED17D538B2B47551641D8145854DB,SAVED_FIXED_OUTPUT,HASH_VERIFIED_SUPPLEMENT_NOT_STRICT_FINAL
ODCR-D696,ODCR-Mamba,D06,9,14.309834821441473,0.4530728705316305,0.9064209461212158,0.5838207006454468,EEF4D07864BD7DB244F0A806FCF200ED0288C07FAB8BF3843F6AF1B33B360C58,2B39C36701D4876E7B3AE9400FF1D86AB632239038EB17A2FC3C7A771BC29B54,0F4CB85EF23195F7D14E77BE247915075D8374F28AB7224203E2263611D0F601,D696BBFA42DD1A840708B9C42E824036862ED17D538B2B47551641D8145854DB,SAVED_FIXED_OUTPUT,HASH_VERIFIED_SUPPLEMENT_NOT_STRICT_FINAL
ODCR-D696,ODCR-Mamba,D06,10,10.982250599563784,0.3234249623157263,0.8287913799285889,0.5614248514175415,EDB9FF85491DE7ACFCF706623ECCC9863C787C3E426763FB1A2CFE0AC143D633,C679364383BAC2EECA0DC6B66F1992840DDC505BD73D093DE5C9C67FA05CC990,6D9005698F91DE0537024DDDBB9EB85BA814F18DAA3DF57A6029712747ACAD05,D696BBFA42DD1A840708B9C42E824036862ED17D538B2B47551641D8145854DB,SAVED_FIXED_OUTPUT,HASH_VERIFIED_SUPPLEMENT_NOT_STRICT_FINAL
ODCR-D696,ODCR-Mamba,D06,11,12.841457532746182,0.3596158994121627,0.823633074760437,0.5014503002166748,36EC563EB560C4735F19351A76A78C09DDE6F9F87549195DD271F447C3684FA3,989839A9FE1DB898EB1E44FD4592EBB962351E077E81409BB6D03C7D8999356E,FD5BBE33579B77419082352C8502CD8BAE920101F54E8C399EE181CFC5BDC6C9,D696BBFA42DD1A840708B9C42E824036862ED17D538B2B47551641D8145854DB,SAVED_FIXED_OUTPUT,HASH_VERIFIED_SUPPLEMENT_NOT_STRICT_FINAL
ODCR-D696,ODCR-Mamba,D06,12,12.615478018853823,0.4799133192470972,0.7794286012649536,0.5374249219894409,C5CA312E60B3650041DFF8DD81C5E9B8BA928535379674BD79773319B65E98DF,8FE85AC8A887DBE584B5B70E4BA908B05569C5E2A6D72C45C88393E109D653E0,F6BF28BBD7A926BF1776A75B4CF36E0D0D9A8C9FB3AB8293729BFE2D09137AA9,D696BBFA42DD1A840708B9C42E824036862ED17D538B2B47551641D8145854DB,SAVED_FIXED_OUTPUT,HASH_VERIFIED_SUPPLEMENT_NOT_STRICT_FINAL
ODCR-D696,ODCR-Mamba,D06,13,12.686751809640803,0.4141088711190171,0.802516758441925,0.5133439898490906,3E3CCF370C0E5A20CA86428C3DDDE8EA1990A195A06BEA69FCEDDAAAFA9E5696,546B915EEA0AEB7AB290BB7B6BBFB7E6B67BBB54E56C0937231556ABFAA32ECB,0201D0F0992877CCABE473F45961A2FDA7EC7E71FDF7E6750552011A6BBF8CD2,D696BBFA42DD1A840708B9C42E824036862ED17D538B2B47551641D8145854DB,SAVED_FIXED_OUTPUT,HASH_VERIFIED_SUPPLEMENT_NOT_STRICT_FINAL
ODCR-D696,ODCR-Mamba,D06,14,11.288575754084135,0.40987339496243386,0.78901207447052,0.5363571643829346,CCEE2CDAEFA0A93958EE30031D4B2A39C661737EA1EA983C420674127715AC0E,8932E017C3B59DA3B9202C8133D3CD0D267D05A7C2839875FDAEDB5142998EC7,BA91EA2CF2E6D91E4020CA4D288E22003B7ABDE53245919A5C6C3529B8ED9373,D696BBFA42DD1A840708B9C42E824036862ED17D538B2B47551641D8145854DB,SAVED_FIXED_OUTPUT,HASH_VERIFIED_SUPPLEMENT_NOT_STRICT_FINAL
ODCR-D696,ODCR-Mamba,D06,15,9.636394748644301,0.46265290467866294,0.7652620077133179,0.519659161567688,C2B22D2DC3EF07C16936BACE37FD89533DBDA0D65701E97AAF93DB066AEA6056,ED66F848BC19AAF95EA3F836429497324674EFC70C5B201A91A369D2120885C5,55D1E1B8634117E57E221D5C783BAD5CC0ACFC91C7501EA6B871524B70E729DF,D696BBFA42DD1A840708B9C42E824036862ED17D538B2B47551641D8145854DB,SAVED_FIXED_OUTPUT,HASH_VERIFIED_SUPPLEMENT_NOT_STRICT_FINAL
ODCR-D696,ODCR-Mamba,D06,16,12.014346614071435,0.25788539982201014,0.8603494763374329,0.5254780650138855,B7D9F5C033B21B3AAC02AD0ACD53F54D232EEB24C4D10E44902419C1BBC400A6,DBF7FFCBC8657C2BCC9E8E47A7EE8DE7B4644223C8DC023B0B3C2BFE6A20C67B,D1E59EF0F205EAB812F662272B216A6F722A0C7C5C6ADEA08385B1CF80C19DFF,D696BBFA42DD1A840708B9C42E824036862ED17D538B2B47551641D8145854DB,SAVED_FIXED_OUTPUT,HASH_VERIFIED_SUPPLEMENT_NOT_STRICT_FINAL
ODCR-D696,ODCR-Mamba,D06,17,10.663943989176282,0.23315940958598294,0.8361212015151978,0.6385129690170288,A0F274D8B271C6193552014BAC75F1CC9A6DB1514E67AFE154C755B61AF77ADB,EF795846A7696089899739E9F674AA4B3EA88776EAC373D1B9177846BDAE2BC2,DEE221E7713B691C1E1373992A900AD8A8D62B7E67A1BBCB83D6C1D38DD35D98,D696BBFA42DD1A840708B9C42E824036862ED17D538B2B47551641D8145854DB,SAVED_FIXED_OUTPUT,HASH_VERIFIED_SUPPLEMENT_NOT_STRICT_FINAL
ODCR-D696,ODCR-Mamba,D06,18,13.733397277821224,0.4315413331852213,0.7636202573776245,0.4348887801170349,24E0011E35384905DD680E0D8A4A285D818AF3286B5945F2E3D6FEDDAD0E1AAD,624642F5D30C4D807E4156062BE8D38273DFE0C7993B2230A80F3179880B33A5,DC4984C1521F203B422CF7E87091EC24B8762F4353224608345ED83D50F280CB,D696BBFA42DD1A840708B9C42E824036862ED17D538B2B47551641D8145854DB,SAVED_FIXED_OUTPUT,HASH_VERIFIED_SUPPLEMENT_NOT_STRICT_FINAL
ODCR-D696,ODCR-Mamba,D06,19,13.360956159740205,0.4707486735973014,0.7041385173797607,0.4989362359046936,CC351CFCB3246A286EE2AF5245E6253940AF25530C52F9E98267FF9395E412F5,E90FA9E3F510FD18128F9E46253183CD998FCE49F6F9373D03A33B3D39D14BA0,4D9ED04E53B6B8BABECA57EBE9BC27E6DD96E73CA03014C27ABB40BFF2EDCC54,D696BBFA42DD1A840708B9C42E824036862ED17D538B2B47551641D8145854DB,SAVED_FIXED_OUTPUT,HASH_VERIFIED_SUPPLEMENT_NOT_STRICT_FINAL
ODCR-D696,ODCR-Mamba,D06,20,15.368957409538153,0.39921308033765185,0.6966100335121155,0.45649850368499756,987C1D848366DD1B84A7141B5AC2F5452DB7047896FC2A41C121AC259EFF3773,40D87A8EBEAC674460D9CD72E74F9B026716F858F604E6EB1DBB2478208C716D,E74A3F27E45380D0007FE51ABF64A75F49BE4B4ED7B331B5434FE4B2F6FE18D4,D696BBFA42DD1A840708B9C42E824036862ED17D538B2B47551641D8145854DB,SAVED_FIXED_OUTPUT,HASH_VERIFIED_SUPPLEMENT_NOT_STRICT_FINAL
ODCR-D696,ODCR-Mamba,D06,21,12.30612824407075,0.4157393508750626,0.7256884574890137,0.4971054196357727,6307ED17DBEA16BFF63743D58A5371C35781CA68446AA87B7A05D0E838E1CC8A,5C8BC9FFBC8201C16E9BCE5D90A5F161A9C8DA8468748E2FABF80AAB4FCDB643,E3336ACFF71C32B15254578AB9607ACCE70C9F1198C8669A0865095787AFE7B8,D696BBFA42DD1A840708B9C42E824036862ED17D538B2B47551641D8145854DB,SAVED_FIXED_OUTPUT,HASH_VERIFIED_SUPPLEMENT_NOT_STRICT_FINAL
ODCR-D696,ODCR-Mamba,D06,22,13.433670838273796,0.3628995322884591,0.8370364904403687,0.619486927986145,658DAB1A00B41191DA6A17878F89EBF1C6EE4B679E76B985B7F5A6178124CB2D,60B2E368C115B017373BB3925BD64F0FFC7489196EFA4F7F2D51B1110EEBBCF6,736B69DB71E39F925C902F29DABD2F19A9B12370F0BE27F90832DEAB7F1EF974,D696BBFA42DD1A840708B9C42E824036862ED17D538B2B47551641D8145854DB,SAVED_FIXED_OUTPUT,HASH_VERIFIED_SUPPLEMENT_NOT_STRICT_FINAL
ODCR-D696,ODCR-Mamba,D06,23,15.14840700429112,0.3813156543654761,0.8960559964179993,0.6016654372215271,2DF3BD74DFE3A4D18ECF6833B7D7FCEAE1FEDAE4039223E1E86DB754951FB8A7,4FB429EA54743E65809DEDD34FE869410472A853F1343D8C0827CC34ED7A4C77,0E8451EC6228DE5B5262F3122366F37E08C74836BCB10DEA6FA562D32B171305,D696BBFA42DD1A840708B9C42E824036862ED17D538B2B47551641D8145854DB,SAVED_FIXED_OUTPUT,HASH_VERIFIED_SUPPLEMENT_NOT_STRICT_FINAL
ODCR-D696,ODCR-Mamba,D06,24,10.486937363108574,0.31727426985656676,0.8502720594406128,0.5156749486923218,63725360B9BB3B219193A540E9F457AEC2DDFAFA55B5286BA72EA9295CDE274E,52F5674DE315B42A7874D987100F209DF1337734CFF5E8C92FB9ECD104156BF6,5C14D99EBBB56DC90D151141BE612E4EC53EA8BDF914CAFB48BDCF041B32754D,D696BBFA42DD1A840708B9C42E824036862ED17D538B2B47551641D8145854DB,SAVED_FIXED_OUTPUT,HASH_VERIFIED_SUPPLEMENT_NOT_STRICT_FINAL
ODCR-D696,ODCR-Mamba,D06,25,13.6582811929058,0.45559996439098294,0.7366116642951965,0.4919694662094116,0F2A2FBC80EBBDAD0A61F2FC86EABB120D31DBC05E7C58168098E0C6AACA4720,0BA15C9EBD7688A8A22A10AD657BD31E27ECE3F24B3E8778F0BA5D00AE09BC25,C612D75E75F593B5A6870684CA37B5FD51FDD0040BD88E46BABEDFF61296E9B0,D696BBFA42DD1A840708B9C42E824036862ED17D538B2B47551641D8145854DB,SAVED_FIXED_OUTPUT,HASH_VERIFIED_SUPPLEMENT_NOT_STRICT_FINAL
ODCR-D696,ODCR-Mamba,D06,26,12.168474701318303,0.36388316146002103,0.8071243762969971,0.5017786026000977,CC1C5D476941198784445EE48CF4A0618B350C1DDF195451C8AFD45306EE7592,06AD8C9C2F0C009268BB287F2C4FBF0119DC85F1831B4FC286DAEF45FD4805C6,BAAA365786125CDF45119EA64F072C964C856D09A2A108F5500292631424A2FE,D696BBFA42DD1A840708B9C42E824036862ED17D538B2B47551641D8145854DB,SAVED_FIXED_OUTPUT,HASH_VERIFIED_SUPPLEMENT_NOT_STRICT_FINAL
ODCR-D696,ODCR-Mamba,D06,27,14.52039873420247,0.31078778426816017,0.8221606016159058,0.5258638262748718,74B1A368A32180329F912850A4B622FF7CCAF0BFAFBB49931319D018C95CF861,4B8D83C4CDF79AEA0AECE2B70A36F852D458F3963A74AE4256179C946622609D,6F70C64E041974338273D288905795DCE4290EC6F9592E6C03FA0FAF7D88C2D3,D696BBFA42DD1A840708B9C42E824036862ED17D538B2B47551641D8145854DB,SAVED_FIXED_OUTPUT,HASH_VERIFIED_SUPPLEMENT_NOT_STRICT_FINAL
ODCR-D696,ODCR-Mamba,D06,28,11.968544179026487,0.67845427694362,0.5084980726242065,0.4527100920677185,86CB8BFB9D9B93E243E70A7B06750BB4D600F9824ED1C5413481279F6A3EFEAA,D946AF2A3985F8AABC9657C944591DD577D2D5A34CFBBC2247B328651226AA9B,D25142800BD9558887C3C5D499347B8F3206CAFD18715226DA0097EE707685EB,D696BBFA42DD1A840708B9C42E824036862ED17D538B2B47551641D8145854DB,SAVED_FIXED_OUTPUT,HASH_VERIFIED_SUPPLEMENT_NOT_STRICT_FINAL
ODCR-D696,ODCR-Mamba,D06,29,10.424245871909223,0.39842241812453266,0.7564241886138916,0.6133421659469604,2E217089D7DBD0D87A7278BDE3316CC67BB5AA909F0B2C79D37ACAC25D9ACB43,B2A6F36C1346016D992A3AE0F5320976D04A6980828B9BD4626EB5DDCA8BF39F,8AF182DEA31241775B4E52BB153FE07907B10A3A66040F570A49855BAEAE869B,D696BBFA42DD1A840708B9C42E824036862ED17D538B2B47551641D8145854DB,SAVED_FIXED_OUTPUT,HASH_VERIFIED_SUPPLEMENT_NOT_STRICT_FINAL
ODCR-D696,ODCR-Mamba,D06,30,9.43771217569525,0.45351083217688676,0.7499975562095642,0.49778926372528076,F805D7B18D0450840510982C28BB488F49971E13370FEC14BFCCD5D90FA3D55C,1EE74FB57012F24B04F04E826AECE6D29063371B122630F228671E9C662481D8,2773C4C7902183A98C8C3E7F96CB53B0273B41FF6772D9FA9EA859E554081978,D696BBFA42DD1A840708B9C42E824036862ED17D538B2B47551641D8145854DB,SAVED_FIXED_OUTPUT,HASH_VERIFIED_SUPPLEMENT_NOT_STRICT_FINAL
ODCR-D696,ODCR-Mamba,D06,31,8.364775963469826,0.43846070609267457,0.7492151856422424,0.5585734844207764,5B4752F6B9AB26B81E82D0F5050D45216E4224B58A5C1BFBA3B1450087522335,23E6DD267CD37701626769B780C7ACF0B1DB9DE5CF948BCE59A254A49DF093E8,22996FFA0A36C9817246DC3A96F49E1065C1C2F6F1D3B4F6124F90D91CC26384,D696BBFA42DD1A840708B9C42E824036862ED17D538B2B47551641D8145854DB,SAVED_FIXED_OUTPUT,HASH_VERIFIED_SUPPLEMENT_NOT_STRICT_FINAL
ODCR-D696,ODCR-Mamba,D06,32,15.941277961129046,0.7985585115608927,0.44666793942451477,0.37537437677383423,BD6B4F664DBDD67FD65C626D6305C2D749E8BA501BB0B13922AAD0374DE4B68F,EAFCCC0689F0593E9129F67BC528E9505050795EFF27F133FAFA5BA77869174B,863B71ED43268D50D179C1821826D09D5B2A3ADCEA4F023CF1F44A5C10CBCB89,D696BBFA42DD1A840708B9C42E824036862ED17D538B2B47551641D8145854DB,SAVED_FIXED_OUTPUT,HASH_VERIFIED_SUPPLEMENT_NOT_STRICT_FINAL
ODCR-D696,ODCR-Mamba,D06,33,13.424011775285653,0.48563227217293026,0.6451094150543213,0.36761724948883057,351A2056999C9EE643F737E055CC2507C510C7FCF88B602D2EC7B20D12C71330,A0CAF6E489C3E91AC5CE02B14EF77A8F1CA15FA3CACC14E5ABADBD8F56946518,0A855B6CC461C019FF74F1EA335245DBFF54E205E211AD7E6CDC884BB8546FD0,D696BBFA42DD1A840708B9C42E824036862ED17D538B2B47551641D8145854DB,SAVED_FIXED_OUTPUT,HASH_VERIFIED_SUPPLEMENT_NOT_STRICT_FINAL
ODCR-D696,ODCR-Mamba,D06,34,10.081137864114877,0.5300047402977164,0.7572037577629089,0.4906701445579529,9684809E3D2CEBB9498D368DB76487755B47C918B8AEDA34592F0760827B62E3,3D36540A6E5742D0E0B3A8406747E3DA1C8FD083C4C487266A1CA8F9B55E1104,72A3E4AC4895153DDE56B84B9EAE877327E209D9BB22A368367869B2EB6FCD1E,D696BBFA42DD1A840708B9C42E824036862ED17D538B2B47551641D8145854DB,SAVED_FIXED_OUTPUT,HASH_VERIFIED_SUPPLEMENT_NOT_STRICT_FINAL
ODCR-D696,ODCR-Mamba,D06,35,10.09694566046226,0.5540337515664077,0.6672853231430054,0.47455692291259766,42B393C16A0124EBCC5221226C70D3898641E63EE485166FECDFE91DB3D9BE93,5385E420F7F42485979C8E65AC957AE6D7245831CCA02585CA39BD658E562F55,D8F703B67F8A2F92ED5AD92F65020B7C7BB3931EE827AE08461D10B1F8D8D35C,D696BBFA42DD1A840708B9C42E824036862ED17D538B2B47551641D8145854DB,SAVED_FIXED_OUTPUT,HASH_VERIFIED_SUPPLEMENT_NOT_STRICT_FINAL
ODCR-D696,ODCR-Mamba,D06,36,15.090125487949837,0.7042935247362657,0.4130792021751404,0.2859872579574585,6F8DE0ABEF45000A285E3CC6C5210B5BFD2FD1CA972A46D6E1F89B20AF7945DF,AA92DE50B482FEFA542AA9AE0E1084CAD9D988260A3BADB4DEFDFC660A9625CA,4E93F758D429357D11FD2B3676F5E38C73DD70EC7F4EDEEDB709D6F6DCD5BCC3,D696BBFA42DD1A840708B9C42E824036862ED17D538B2B47551641D8145854DB,SAVED_FIXED_OUTPUT,HASH_VERIFIED_SUPPLEMENT_NOT_STRICT_FINAL
ODCR-D696,ODCR-Mamba,D06,37,14.18388842695026,0.7243110897672168,0.5034877061843872,0.3210248351097107,E71A9F85D51AF0EA561A9C767B8AE577993B9E08CE0863B6E2B7647501248B14,5C2F4FD63FFE544C64B50E0063B95A445A3BDB6D2B83B06BDA91E19EE861F693,0F538366617B7A7E7398AA5CDAA5BF3BE43290C369D44B75914C5209AB4CF0C8,D696BBFA42DD1A840708B9C42E824036862ED17D538B2B47551641D8145854DB,SAVED_FIXED_OUTPUT,HASH_VERIFIED_SUPPLEMENT_NOT_STRICT_FINAL
ODCR-D696,ODCR-Mamba,D06,38,10.361217560796444,0.5293757523779666,0.7077819108963013,0.4557153582572937,AC0E55355FDDCAFA32F131ABD0136E2E3B1AB61B93C0E3A4A13824B63772C476,1D7EB8668E769DD6516FC6F4BDB8EDB78C53CD4A5F4173B345D8B03BDE46590A,101F3B57983A3024279E9953D837479C74A3E3D9CA395CB14F8CDFB495A04F0E,D696BBFA42DD1A840708B9C42E824036862ED17D538B2B47551641D8145854DB,SAVED_FIXED_OUTPUT,HASH_VERIFIED_SUPPLEMENT_NOT_STRICT_FINAL
ODCR-D696,ODCR-Mamba,D06,39,12.463961600504811,0.6038200670467987,0.6413964033126831,0.5388204455375671,0D7318F2DA6F596C1867D45AC81CC429EE8B07450F624958D647E820DF6DA61A,2C3C12556AC6868897D75E2E94829F1A650F9665C1375A81601A8850A242ABCA,5325F19AC426971B5219816D4E43AE4FAC1C03F5FD99A36AB3F67739A69F4D07,D696BBFA42DD1A840708B9C42E824036862ED17D538B2B47551641D8145854DB,SAVED_FIXED_OUTPUT,HASH_VERIFIED_SUPPLEMENT_NOT_STRICT_FINAL
ODCR-D696,ODCR-Mamba,D06,40,8.239569134424393,0.38869941876093755,0.7653021812438965,0.49689793586730957,9340B5F5CD8234A0CBDC2603AD7BA8F01363A80B950414FC357BDF53643F7A50,EE5106C7E5154B941E5198B85C66284A62C8757C87E2E57DEA76A89E886DEE73,DFF976893FD977A6655FC2CCA896294915046D39EF596B1D6679A403DB85DE99,D696BBFA42DD1A840708B9C42E824036862ED17D538B2B47551641D8145854DB,SAVED_FIXED_OUTPUT,HASH_VERIFIED_SUPPLEMENT_NOT_STRICT_FINAL
ODCR-D696,ODCR-Mamba,D06,41,11.688793742215571,0.6020386194956644,0.6377504467964172,0.4385772943496704,414B2CDDE8D201E650CA35FB5F5B5049152549BEF8310307D7FDFAAEB87A933E,58CEAC6ACC041584C7E9B0870F6A9168BA86141CD679ADA25F31DB7B62EC7E7F,C83E139CD6CE45B2427998580C2D151FF948A93E43A5DD378B1940E7CEFD1026,D696BBFA42DD1A840708B9C42E824036862ED17D538B2B47551641D8145854DB,SAVED_FIXED_OUTPUT,HASH_VERIFIED_SUPPLEMENT_NOT_STRICT_FINAL
ODCR-D696,ODCR-Mamba,D06,42,11.142818452333916,0.462884053950084,0.7728971242904663,0.5587789416313171,756A2778DC7A36C3D2CE980C5704D3FF28DD9A134F2A5FD8EFA8ED98B5289EE7,C2ED2578BC9F78C25FB211535C4A2971A8C3B431F614D0C9F8780B7CB0790D97,877A4C89C09483DDA9EECAB7959F254AEBBE14D223114E3F7E4FFFEEF275A06F,D696BBFA42DD1A840708B9C42E824036862ED17D538B2B47551641D8145854DB,SAVED_FIXED_OUTPUT,HASH_VERIFIED_SUPPLEMENT_NOT_STRICT_FINAL
ODCR-D696,ODCR-Mamba,D06,43,9.491048122341367,0.4040757151775549,0.8571727871894836,0.5460513830184937,3581C893E71E6CA49BDFCB723B81435EC50078B6E1CF70AF13057AFFCB79FADA,75EE61876685FF3EA4386CEF532CAB226869419C2C5E735A266EC81F73870EE8,87F7923BE7062FE198DEF8BABF4C9BCD12AD1E3A5ED6D4828D95DF04BC20411C,D696BBFA42DD1A840708B9C42E824036862ED17D538B2B47551641D8145854DB,SAVED_FIXED_OUTPUT,HASH_VERIFIED_SUPPLEMENT_NOT_STRICT_FINAL
ODCR-D696,ODCR-Mamba,D06,44,9.665060935766324,0.6826055081921464,0.5660132765769958,0.4787639379501343,54849343586BEFADCB455A636AC8A1B4587675EF2ADD444B3A0C88540336967F,4677B2919C21BB427B463704AA14F6E43A31D75CA9F6A386CC93C4BA057976B4,D59835925BCE53786FD7BEDDD1BF10D63A17DAC8B002AE10DDA0BB1F040E8B84,D696BBFA42DD1A840708B9C42E824036862ED17D538B2B47551641D8145854DB,SAVED_FIXED_OUTPUT,HASH_VERIFIED_SUPPLEMENT_NOT_STRICT_FINAL
ODCR-D696,ODCR-Mamba,D06,45,14.945559215795729,0.6909618682379319,0.5380105376243591,0.3862461447715759,F00E9E30C19105E15A58BB72D8121F667B8A672CAB354083AF93B83E4E6223B2,289DBAAFB99744D36CE926A0E7295347F4CC7EC9046AD3BF6FDAFC350FE13077,DDA814871A163AF7B83FD2BCC11FCEC71E2678E03E1CD1EA1ECB56743CBE24E5,D696BBFA42DD1A840708B9C42E824036862ED17D538B2B47551641D8145854DB,SAVED_FIXED_OUTPUT,HASH_VERIFIED_SUPPLEMENT_NOT_STRICT_FINAL
ODCR-D696,ODCR-Mamba,D06,46,13.237191956622658,0.22339946882564768,0.9052417278289795,0.4938591718673706,70C79F4BC69068506F9CE17C15310ECD5F39017A27A72073804342CFC9B0A303,FE99499E05AAA1585150392C3E7CCFC905FC688437457FDFF610DACD025C19DB,8C5B918E90A99F0D558CEA8AA269F173D19708ACD24A6DE15F36CC2FCE32B860,D696BBFA42DD1A840708B9C42E824036862ED17D538B2B47551641D8145854DB,SAVED_FIXED_OUTPUT,HASH_VERIFIED_SUPPLEMENT_NOT_STRICT_FINAL
ODCR-D696,ODCR-Mamba,D06,47,15.95909631407682,0.6041798555740371,0.5298759937286377,0.4265119433403015,BC315CA9E20F6A05B04FA37FDDAB7AACD6BE60AC81C7FD41BB287BD60DAD088C,1CECE3856BF4DFCF4B9C80666D48D912AAE091B90B181F2171A1BDD84994F7F7,D16E3F87904BE85940A067A38CA7A39F90041FA682FA0227A36B44638D2F32AA,D696BBFA42DD1A840708B9C42E824036862ED17D538B2B47551641D8145854DB,SAVED_FIXED_OUTPUT,HASH_VERIFIED_SUPPLEMENT_NOT_STRICT_FINAL
ODCR-D696,ODCR-Mamba,D06,48,11.16779598548912,0.3236879631925433,0.8167464137077332,0.48111993074417114,F571B7AB63B6D6D821DF667AEF1E29805528226E8EEB5CFA9303DF48DF39DCB5,92F152AF6E8FB82985768D781E682CE5D784A44972923AA132A1C13AAA01DE88,F7E905C515007AA52CED9E11693EB05E2FD8C0A5E3D879098C95AA7502E88F89,D696BBFA42DD1A840708B9C42E824036862ED17D538B2B47551641D8145854DB,SAVED_FIXED_OUTPUT,HASH_VERIFIED_SUPPLEMENT_NOT_STRICT_FINAL
ODCR-D696,ODCR-Mamba,D06,49,10.968470436837492,0.3587608774878616,0.9055191874504089,0.6505523324012756,1115F4A9A191EADBDC45F0F44D4FB0BE368722CFC3A35281BDECC4D38F6C1D7D,3A6934BB503339653653D396FA5108DBB8E1494BEA220B6E6A21718B192AB6C5,73FC0DD705F9A51CB54739DB87EC9DAD9BCED153D10ADDECB6F3B30E2EB20698,D696BBFA42DD1A840708B9C42E824036862ED17D538B2B47551641D8145854DB,SAVED_FIXED_OUTPUT,HASH_VERIFIED_SUPPLEMENT_NOT_STRICT_FINAL
ODCR-D696,ODCR-Mamba,D06,50,11.484482004057114,0.42107530774273316,0.77657151222229,0.5798210501670837,1546122878AD4593E7C1539732427F1EA58D883AD866598610358528D1990CAA,3E75FD29C9B51438209E9418AE82107BF256B9F9A3598518679C898FD1392E4E,65D1631A3114570D167495ACA905A520770B3AE7B4CBCFEA03600D6B3F4EC060,D696BBFA42DD1A840708B9C42E824036862ED17D538B2B47551641D8145854DB,SAVED_FIXED_OUTPUT,HASH_VERIFIED_SUPPLEMENT_NOT_STRICT_FINAL
ODCR-D696,ODCR-Mamba,D06,51,14.126477470643302,0.40319721703150235,0.8119232654571533,0.4917389750480652,8B58351977C32009FDA9AE77E7B0A48B78F0760415BA62708DE1F062CAE1A3BC,78F7185C2B2575EC6608A760D9FFF23B2C51B9EB6AED7731D27A0F15EE813305,0CDE5DCB73108A79FE724EC10CB0BB1653591D9B0F2AB4505E8B02AEBA180823,D696BBFA42DD1A840708B9C42E824036862ED17D538B2B47551641D8145854DB,SAVED_FIXED_OUTPUT,HASH_VERIFIED_SUPPLEMENT_NOT_STRICT_FINAL
ODCR-D696,ODCR-Mamba,D06,52,12.984623828945542,0.25220589446043107,0.88802170753479,0.5717407464981079,E270DC3AE20CB709A9C369A58051984B64CC625BF58F4B16B6A23A0C68C84F77,E3A41F09926449C7149D31717FB0D952C2646CFEA459A225ECA94F3827E1366A,D1A1651A23B363E36C4AFB54C3F559FB6D00C0F942AC8925340B25268568DA44,D696BBFA42DD1A840708B9C42E824036862ED17D538B2B47551641D8145854DB,SAVED_FIXED_OUTPUT,HASH_VERIFIED_SUPPLEMENT_NOT_STRICT_FINAL
ODCR-D696,ODCR-Mamba,D06,53,10.919603532014513,0.42675869387002247,0.6967240571975708,0.45279550552368164,32D8328FAE01F5B48EC165032C30E7DEA8108B963CC050F39241C2AD0A461CD1,7240309CAFC4252BDF6C2A6939836185D61DCC6D4BC30AE43149D28298D1A85D,327D09B6DC5210A52622A6C79269D7C3BA0A5EB44A2ABBA7B1BA19EA1105C1BF,D696BBFA42DD1A840708B9C42E824036862ED17D538B2B47551641D8145854DB,SAVED_FIXED_OUTPUT,HASH_VERIFIED_SUPPLEMENT_NOT_STRICT_FINAL
ODCR-D696,ODCR-Mamba,D06,54,11.249536814226868,0.6449680983302192,0.6132654547691345,0.5057210922241211,2789C6F938DAD041AD72E0FE3AB1265D3B0A38C6927952A3F1D4C5EF1EA35993,ED019DFB21462F398F1438F86C9B485CC35EA554AA1E136B62BF915309FDC04D,0655E4CCC990D6497725AFD74ECACA683F5DCF95F0B48745E4E89D07835DD05B,D696BBFA42DD1A840708B9C42E824036862ED17D538B2B47551641D8145854DB,SAVED_FIXED_OUTPUT,HASH_VERIFIED_SUPPLEMENT_NOT_STRICT_FINAL
ODCR-D696,ODCR-Mamba,D06,55,12.082469420776135,0.6587052664406399,0.6419466137886047,0.42665553092956543,EAE3612C4E4F36D7F813D764CFA6F8F6BAC2A0C07C4F63664511A3906D9B3F15,DAA30DD018EBF3DD71AA19291AA9A98761FECE772CF96491C05C756E6664AF2D,6523CCDEE0483368C3AC96230DC1E90091AB8B0095328A38FEB4AFF37D5AA5F8,D696BBFA42DD1A840708B9C42E824036862ED17D538B2B47551641D8145854DB,SAVED_FIXED_OUTPUT,HASH_VERIFIED_SUPPLEMENT_NOT_STRICT_FINAL
ODCR-D696,ODCR-Mamba,D07,1,12.748869260361307,0.5928341342594629,0.44246917963027954,0.23869746923446655,2F4AC211C76670F483FB4C23D99B792EFC535D60D2F88FCE905E47474AA29927,70DDEA3297F6FCB7E7E5E3142C38719BE0AD8F87AB385A057012AACB5113C68F,EB44A6B393334423D1A2E92B33DE73C4124F27175FA3DE8A57A4115EB98C489B,D696BBFA42DD1A840708B9C42E824036862ED17D538B2B47551641D8145854DB,SAVED_FIXED_OUTPUT,HASH_VERIFIED_SUPPLEMENT_NOT_STRICT_FINAL
ODCR-D696,ODCR-Mamba,D07,2,14.458217670165256,0.6101587848673592,0.3490317463874817,0.13735657930374146,DBF9E753F94175E37390DB89FCFF1E0ABE7FAC13C9474DCEE19B03613683021E,CC029A27986DD6463BCD49386723FFE36FE308C9EE5C6463698E4F3F01480998,5B2E664B35360E2634AE44301CF30FFB4CE60C5740A168A35F00829FF817B997,D696BBFA42DD1A840708B9C42E824036862ED17D538B2B47551641D8145854DB,SAVED_FIXED_OUTPUT,HASH_VERIFIED_SUPPLEMENT_NOT_STRICT_FINAL
ODCR-D696,ODCR-Mamba,D07,3,9.50938060076614,0.5042546095970181,0.5306705236434937,0.3217543363571167,29E32163B37122631BA38311ECF7959DCBBB846FC5709EC1B6D62D17542929F2,76AD76C262F7364714F6B29D836B59238B650B1E5B1E0BD486156CEAB03DC154,FFEC94C97A89CB163142F8B837FC7093A7F04CB00522FBC631F2AEBBEC2EB342,D696BBFA42DD1A840708B9C42E824036862ED17D538B2B47551641D8145854DB,SAVED_FIXED_OUTPUT,HASH_VERIFIED_SUPPLEMENT_NOT_STRICT_FINAL
ODCR-D696,ODCR-Mamba,D07,4,9.74400266786628,0.5134334232044616,0.5302066206932068,0.30674469470977783,808D29FF6D04386D2358AF34F8AADACE4F1FFFE9D54D0626F5DAB18D5EDDCCE5,9387284B38B410CD4C0F89F74527FB1DAEBB683FE6ABC6C62BB59191CE5FD145,D5CAB431631A746D1D30FFA15B54DDACBC99FDBFE0121CDDF401AE0692442DBA,D696BBFA42DD1A840708B9C42E824036862ED17D538B2B47551641D8145854DB,SAVED_FIXED_OUTPUT,HASH_VERIFIED_SUPPLEMENT_NOT_STRICT_FINAL
ODCR-D696,ODCR-Mamba,D07,5,11.301039247235682,0.47395443156980593,0.5474585294723511,0.2870194911956787,7695569A21B066AF399419312F4A06DFEB7EB38A07804B5E41A9FBE4240F3556,4412819E0C0E25B295B131ADC01167CA0D21F1931210DC431914AC0D6A353334,AA505D4335F1DC96D0D993157F670BCB94E3375BCB9C29055299C0CEAFCBD8C3,D696BBFA42DD1A840708B9C42E824036862ED17D538B2B47551641D8145854DB,SAVED_FIXED_OUTPUT,HASH_VERIFIED_SUPPLEMENT_NOT_STRICT_FINAL
ODCR-D696,ODCR-Mamba,D07,6,12.17796704756559,0.5211212394008583,0.4497567117214203,0.23401355743408203,8228520490DA79602D9D4BB21E8BA2334B661A2C119BB4FE6E7C1A903B5BDC80,036D40BD93BD9677A93B0E0A7512980CCC633142FA9768706C5535D2774C9340,CBE6D3D4F01896687126C8BA1FD9BB36C3D44C1F00867F85481DBA5FC10E0CB7,D696BBFA42DD1A840708B9C42E824036862ED17D538B2B47551641D8145854DB,SAVED_FIXED_OUTPUT,HASH_VERIFIED_SUPPLEMENT_NOT_STRICT_FINAL
ODCR-D696,ODCR-Mamba,D07,7,11.717652693621151,0.45847535962713176,0.5880382657051086,0.31658071279525757,2D97788E461D52BBAB88A44475C4A5E1875D739E8F4654048F7CD03C5C088431,282F2AFF116AF5DF945814499F5817895B9999F66B8E2AE1CFAF2EBADA3C19EE,9943FDB11D38AF13346598FC0522D72E51D26D8F697C407108C7951AD1F84C0C,D696BBFA42DD1A840708B9C42E824036862ED17D538B2B47551641D8145854DB,SAVED_FIXED_OUTPUT,HASH_VERIFIED_SUPPLEMENT_NOT_STRICT_FINAL
ODCR-D696,ODCR-Mamba,D07,8,14.229175298630041,0.6617182168684238,0.23528724908828735,0.1630110740661621,C77D35C100AA7B6515B397B780BCE1C4BF88A6CB2B13F6EFFEDCA2025C864A12,E6445594B2275DF4CDE50999ACCA8E938F3C1D1C18621F09933EE7CCE15C6113,369CB500BA53EB4FC8EA5ECE973CA365C17A50C1A7761D00E309D209F7DC625E,D696BBFA42DD1A840708B9C42E824036862ED17D538B2B47551641D8145854DB,SAVED_FIXED_OUTPUT,HASH_VERIFIED_SUPPLEMENT_NOT_STRICT_FINAL
ODCR-D696,ODCR-Mamba,D07,9,11.234008472945225,0.5012911504226513,0.5432374477386475,0.30119788646698,AFE1125E5AE8C757F8F9F75624A7AD28CA5727748FFFC89F88C3A119D38073E4,FDB65CE15ABC481D61FCF6728B1482FE58576403FD03AB5AEF5099079C3AB3C6,76D64B34530B6AA50DC03EE38E8E6890F66E2295E105D93E288F5D50C54F4E7F,D696BBFA42DD1A840708B9C42E824036862ED17D538B2B47551641D8145854DB,SAVED_FIXED_OUTPUT,HASH_VERIFIED_SUPPLEMENT_NOT_STRICT_FINAL
ODCR-D696,ODCR-Mamba,D07,10,14.77431113000921,0.6453164290807263,0.3486959636211395,0.1950587034225464,08E9E0A333FDF0CD6AD1651F612CEADFFB47DBC621289AAD7912C0D275D835CA,2AC9F28AFB08A5F2EB1BAB222544E28C62FF0331216508B7B2B361D03C409C77,6134C09F1B853BD19BEE715E856D8595367CB31BC4C06D2C1885FA4D6E92F381,D696BBFA42DD1A840708B9C42E824036862ED17D538B2B47551641D8145854DB,SAVED_FIXED_OUTPUT,HASH_VERIFIED_SUPPLEMENT_NOT_STRICT_FINAL
ODCR-D696,ODCR-Mamba,D07,11,11.710012989139251,0.4600551614366468,0.5992130041122437,0.3271033763885498,CD879322E71DC73881BA394DA129D051C80BC96FB38F62C716C52DA5DD9843CC,DF0AD43890D1D228B6FAEF5336D6128A715E2A350525F7260E6D4C5A900F7DE0,164F4BC22CE9A2882E713173A576F08BE50F86B106B8C26944C1595AB36E9BBE,D696BBFA42DD1A840708B9C42E824036862ED17D538B2B47551641D8145854DB,SAVED_FIXED_OUTPUT,HASH_VERIFIED_SUPPLEMENT_NOT_STRICT_FINAL
ODCR-D696,ODCR-Mamba,D07,12,11.981041834016237,0.5518116465755195,0.47953569889068604,0.26215070486068726,DF826917978479CB544754875EFB5312388DFFBDEE9AC4AAF4FD19C6BC175BEB,2B9894D7AEC2FFFC8804E4E790E71D455831FA23423831D87875ECF37FB6987B,3B3B12FB7B0AEDF8538DA468EF764E1A9EA19E6D8F1BD41D7E4E3273C6389D2C,D696BBFA42DD1A840708B9C42E824036862ED17D538B2B47551641D8145854DB,SAVED_FIXED_OUTPUT,HASH_VERIFIED_SUPPLEMENT_NOT_STRICT_FINAL
ODCR-D696,ODCR-Mamba,D07,13,12.0089350915568,0.5977347550020004,0.39493927359580994,0.27229541540145874,C5DF23FE4916054042285B1A900B08F4E6933F06962AA6E774B546B1F79A4F1F,3AB5EFEF688E8DF19B1C8A2DC1BD23316ED2EE75EEFEB5B0375166AEDBBD415A,5031EF32787CB390B39040AD7A72DC78838DB507DE6FEC20D72C8DA363EA4032,D696BBFA42DD1A840708B9C42E824036862ED17D538B2B47551641D8145854DB,SAVED_FIXED_OUTPUT,HASH_VERIFIED_SUPPLEMENT_NOT_STRICT_FINAL
ODCR-D696,ODCR-Mamba,D07,14,15.373657308803725,0.6549477269786596,0.37816664576530457,0.1957639455795288,E0BEE00FC3DBD4BB8A2E943525DA05D00D8DD20489AA818171BD3A73BC19143C,A2D892354F97C06A62BDDAC58EC75C94986103486D6CE395707672298D9F573D,AB6F7974F47D106E21EC7A5E0BCB56ED6F4B1E88DC90A346FD266AB9C5F4AF1B,D696BBFA42DD1A840708B9C42E824036862ED17D538B2B47551641D8145854DB,SAVED_FIXED_OUTPUT,HASH_VERIFIED_SUPPLEMENT_NOT_STRICT_FINAL
ODCR-D696,ODCR-Mamba,D07,15,13.208435028699961,0.6112923049586731,0.3170177638530731,0.1413865089416504,47DC42CC419222ABCC877682642262D615A25954AEE89468F0375D2BE1B25A68,B87B8A8BB2F5B0B370F4D55436305ED02919618BF1FA77369662EA28710AFC2E,6C2E3294400D8C233F8E2407328D36A8A193EA23EBF50E32080BDBE6FC90FC37,D696BBFA42DD1A840708B9C42E824036862ED17D538B2B47551641D8145854DB,SAVED_FIXED_OUTPUT,HASH_VERIFIED_SUPPLEMENT_NOT_STRICT_FINAL
ODCR-D696,ODCR-Mamba,D07,16,15.590337025586775,0.7129971401618476,0.2772054076194763,0.11775857210159302,C6E8CF1214F28475A4DD452F21FF6D0873BB8FEB329AC4F16EFE18497621949E,609B9113CEDC5E3E08ADC4E4510F0260024DEE7547DE4589E9F455469281BD05,258E738E150548DD1E9EF37B980EF098CEE58AC8E87DE181D08C4F05F3CD4BF9,D696BBFA42DD1A840708B9C42E824036862ED17D538B2B47551641D8145854DB,SAVED_FIXED_OUTPUT,HASH_VERIFIED_SUPPLEMENT_NOT_STRICT_FINAL
ODCR-D696,ODCR-Mamba,D07,17,13.196160474248636,0.5870872317086274,0.4462739825248718,0.2992396354675293,6065AB75F4C64FA2B7819F1BB665539086625B585B5121B19A66200F8FBDC963,5950E9BE89EF46EBD6321CA3979B7EFB1908B99D763926192B0F96AACF1066F3,B67797BD498A6247659C5DF8A8E67C47BA4CD74F15FCE3820C252BF36DD01ECF,D696BBFA42DD1A840708B9C42E824036862ED17D538B2B47551641D8145854DB,SAVED_FIXED_OUTPUT,HASH_VERIFIED_SUPPLEMENT_NOT_STRICT_FINAL
ODCR-D696,ODCR-Mamba,D07,18,14.823333682825178,0.6136139458227664,0.3790888488292694,0.20871520042419434,3D22552FC2EB9BE5EA517190DB592B213CA093943A559A7BA520C55CF3FF618A,B24E1E07B2985C4406F26FD22F730432A6F062584C6A83B4C81D6593439C7074,11B7B890C0C460B5D13F5BAD72F8AEA1D866882E9BC154F44AEF85012DB12CA2,D696BBFA42DD1A840708B9C42E824036862ED17D538B2B47551641D8145854DB,SAVED_FIXED_OUTPUT,HASH_VERIFIED_SUPPLEMENT_NOT_STRICT_FINAL
ODCR-D696,ODCR-Mamba,D07,19,13.190380760869536,0.46375088954750726,0.5519051551818848,0.263370156288147,7AD7060FAA048C6B435C3F96D294C762BECF6F08D30F9FDD41DA3E1CDA189C7D,4EB4973F803989966ED94BA8909BD94592B9892E6646B6162FE44099AA5AE7F4,29E6EF2FB1073A1D34AAF5ECCE3DBFC808782F83C2465BEDD839FA2721B15382,D696BBFA42DD1A840708B9C42E824036862ED17D538B2B47551641D8145854DB,SAVED_FIXED_OUTPUT,HASH_VERIFIED_SUPPLEMENT_NOT_STRICT_FINAL
ODCR-D696,ODCR-Mamba,D07,20,13.082844274694715,0.44307825646595606,0.6187264323234558,0.321948766708374,836386F0CC7777CA7086DAF7E26FC3EAEF4BDB082CCEA9D0286DC323A35015EE,63DA7322D9B38BBE8BB48667D06081E3C3934893315DB595912BE563FE5B4A94,6BF00E9A8D9374825E639252159BE4A510C3F285A6949D815F2E03FF2F520326,D696BBFA42DD1A840708B9C42E824036862ED17D538B2B47551641D8145854DB,SAVED_FIXED_OUTPUT,HASH_VERIFIED_SUPPLEMENT_NOT_STRICT_FINAL
ODCR-D696,ODCR-Mamba,D07,21,10.604516372035796,0.5545482808157122,0.4648851156234741,0.231827974319458,36B844AE012712DBC47DAACDA04A81883BE7D259F7D12A2893940AE0A9E685FB,8F6BC70A448EE17D017112E6BD6E1C91713D123406F6FBC3051B91A515D26235,CD2218563A1A8E0875FCCDB345ACCF5471F8C0CE594E46C3BE7FDA55179DCE5C,D696BBFA42DD1A840708B9C42E824036862ED17D538B2B47551641D8145854DB,SAVED_FIXED_OUTPUT,HASH_VERIFIED_SUPPLEMENT_NOT_STRICT_FINAL
ODCR-D696,ODCR-Mamba,D07,22,13.568373233513341,0.4257935582844595,0.6197137832641602,0.35949188470840454,16D49FAD720777E427295C31DB5C5E4B8B0803FBDC16489839235468F4F046C7,353441646EC6FA48421EA2C5E9E05C357445B166BBD98A389597D4C9CC35D2E4,C5DDC8DBC4A1F3FC813F5A45B3E5EC09AB69815E9597450429AA13E3CE114F65,D696BBFA42DD1A840708B9C42E824036862ED17D538B2B47551641D8145854DB,SAVED_FIXED_OUTPUT,HASH_VERIFIED_SUPPLEMENT_NOT_STRICT_FINAL
ODCR-D696,ODCR-Mamba,D07,23,11.748531429089244,0.6787890431481198,0.2921755015850067,0.139992356300354,28798CCFE92DAFFFC5ABA451C556C51D1136DCDF9D121FF3398B59F0537C9489,D7C4A37B02CA65482B3B118B5C7947C172E065243600C69CEFB0174305B5CCC0,198026BA3FA6761A58963F60176C3FC197CC7831C5D0D61824BD7ECC47E03506,D696BBFA42DD1A840708B9C42E824036862ED17D538B2B47551641D8145854DB,SAVED_FIXED_OUTPUT,HASH_VERIFIED_SUPPLEMENT_NOT_STRICT_FINAL
ODCR-D696,ODCR-Mamba,D07,24,11.16323871330756,0.6147622551646911,0.3971276879310608,0.1841084361076355,4D9BA936BF2641A98737F01492B7A28497A815FC184FA76435659A955AE42F69,50546ECAB5ACFBD886119A284E96ECBBC93F6E73B3975C556622E320233B1F5D,56D53D599A23CE3BD33298B818E95C6A87F65B78FBCE40E821C97605C0F61574,D696BBFA42DD1A840708B9C42E824036862ED17D538B2B47551641D8145854DB,SAVED_FIXED_OUTPUT,HASH_VERIFIED_SUPPLEMENT_NOT_STRICT_FINAL
ODCR-D696,ODCR-Mamba,D07,25,14.06484697744572,0.633259454936386,0.4552364647388458,0.27594953775405884,0A2F75698628581F29066D462AF1D989A6FD1A59717E196ECCFA4A44FB4D56F8,9301726D8A40EE4C50B58846E24E12A0A35A877A8F17A236A5B0DD3DD71BCEA9,CD868B725A2965F3F0CF8FA0BE3EAEC87FC82E64EEB1482B48CE63AFD51BBF60,D696BBFA42DD1A840708B9C42E824036862ED17D538B2B47551641D8145854DB,SAVED_FIXED_OUTPUT,HASH_VERIFIED_SUPPLEMENT_NOT_STRICT_FINAL
ODCR-D696,ODCR-Mamba,D07,26,9.601869915948075,0.41777455856028906,0.6346268653869629,0.33002030849456787,276BEB466013030724769518F4FD0A6E15D815926F48583878C8076757F2C583,38206ED528109618D498071A4A50D26D80E2B00F7BD8243E56ACCC12D964216F,B1F0025DAC0D14D3304B9E9721D09F736192236CAB83481F88EB7F329E1AF66E,D696BBFA42DD1A840708B9C42E824036862ED17D538B2B47551641D8145854DB,SAVED_FIXED_OUTPUT,HASH_VERIFIED_SUPPLEMENT_NOT_STRICT_FINAL
ODCR-D696,ODCR-Mamba,D07,27,13.810256534080882,0.45165705478025653,0.5107871294021606,0.308438241481781,518E1B7213E350E8E195C5096C1CAED00808607DAAC253615B72BA443EDE4FBE,1D6A7ABDD4679CF924EA3E980ED410ED01C9F78C965FDC51668117B8A457A63F,B139DC4B39D51F64931126F3776432BCCC2A7D16BBB22D8055FE8960BE95313F,D696BBFA42DD1A840708B9C42E824036862ED17D538B2B47551641D8145854DB,SAVED_FIXED_OUTPUT,HASH_VERIFIED_SUPPLEMENT_NOT_STRICT_FINAL
ODCR-D696,ODCR-Mamba,D07,28,10.615715223240453,0.38502702876953626,0.5882416367530823,0.3319847583770752,9DF77BBF1FFFE2759CA8C270FBF4F0D5174E5E36A5E14414D2C854874B26D0F6,4B81F25AACBDC6F63448BCDAAF39F393EFB34F16CBCEFEB2870F8D027718F852,0F1200877732B4A9F3B672A63FFD94273B693E5D16FDE7BFBE67DE79CB33C0C6,D696BBFA42DD1A840708B9C42E824036862ED17D538B2B47551641D8145854DB,SAVED_FIXED_OUTPUT,HASH_VERIFIED_SUPPLEMENT_NOT_STRICT_FINAL
ODCR-D696,ODCR-Mamba,D07,29,13.568869689612722,0.39624739620923594,0.5108109712600708,0.37320899963378906,203AFE68E56155636E21647CC997FC236BD0BF6C44A8F12BD325DA6B7E89A673,74AAADE504E46014B29AD28EB27BB5ED8D46D83BD7B9C229B3F6E3BC1EAA8176,F33CC5D60559FDBB256C720D58CC22EFA989D3A348E88811976A88ABD041B8C7,D696BBFA42DD1A840708B9C42E824036862ED17D538B2B47551641D8145854DB,SAVED_FIXED_OUTPUT,HASH_VERIFIED_SUPPLEMENT_NOT_STRICT_FINAL
ODCR-D696,ODCR-Mamba,D07,30,9.137290035889588,0.41329364102138916,0.5453848242759705,0.32063543796539307,60580134EF6404C81DE70DEEDC69F09D5D57DF48E553EE30408122F9DFC3D8A2,EEA6210CEE42147E41CEF0485060596DEC20D7815E1EBAF22526B00DE0D56BE2,8D7C881CBB1AE9CE84CA64A979A9A0C92B97F8360C5786DE332F56212B99E885,D696BBFA42DD1A840708B9C42E824036862ED17D538B2B47551641D8145854DB,SAVED_FIXED_OUTPUT,HASH_VERIFIED_SUPPLEMENT_NOT_STRICT_FINAL
ODCR-D696,ODCR-Mamba,D07,31,13.582200367099048,0.45064485117278585,0.4194985628128052,0.256717324256897,69E44A874A0857D29438461534818DBA226DDF909FC3D1F08E913F7C2AB1D7E2,2E390F7E2161DC0142F4E4213A34E33DB5B189F38E6E155978F492C110905C18,6A9121C2E3FF556091F484E7A4EEA2703C52C5DF5A4A9E22E12661BBA4FB108E,D696BBFA42DD1A840708B9C42E824036862ED17D538B2B47551641D8145854DB,SAVED_FIXED_OUTPUT,HASH_VERIFIED_SUPPLEMENT_NOT_STRICT_FINAL
ODCR-D696,ODCR-Mamba,D07,32,12.07950762743468,0.6074465666402126,0.43509358167648315,0.2568073868751526,785A8522D94594A5C3C96DD313D91152E4F302AB89D79B4F60E50D19F3C0A5DC,BF820C55B092C9B475A93B12097314C4EF7739C8ADAA423687FFA29FD1892CA7,9CF193BFD26DACBFFC367D850A07230418DA9EAF28E6F28F1F31E238F480E956,D696BBFA42DD1A840708B9C42E824036862ED17D538B2B47551641D8145854DB,SAVED_FIXED_OUTPUT,HASH_VERIFIED_SUPPLEMENT_NOT_STRICT_FINAL
ODCR-D696,ODCR-Mamba,D07,33,12.808834293551499,0.3177893404688073,0.6285663843154907,0.4011497497558594,28FD01B20F1A8356E628EB9D28DCD947EED1D2B306E297103AEBCC5F88CD91BF,2F9270F190B25D17B714CC31996610236CA1BAF3FEE80DADE6F0877DDD1A48AF,68EBE7E8B1B1AD4D853CBDB1B3AB93564CF6F2058C24EFFA5FC9383F1ECB9202,D696BBFA42DD1A840708B9C42E824036862ED17D538B2B47551641D8145854DB,SAVED_FIXED_OUTPUT,HASH_VERIFIED_SUPPLEMENT_NOT_STRICT_FINAL
ODCR-D696,ODCR-Mamba,D07,34,13.418873659502676,0.509373189004715,0.4550081789493561,0.2957988977432251,FCF8ED69DE46A6E886F1600F8948140D776B73085E4866C75616774146580865,E22F3265C8232C5DBD4148A02EC2B2CB3BC481448EFA777318694E10C5E89213,C11C491E0EF883A2EC0E717E9225E2B7FEDF5CC52105B037080B351D3D905BB6,D696BBFA42DD1A840708B9C42E824036862ED17D538B2B47551641D8145854DB,SAVED_FIXED_OUTPUT,HASH_VERIFIED_SUPPLEMENT_NOT_STRICT_FINAL
ODCR-D696,ODCR-Mamba,D07,35,14.226172151496126,0.5441347860064519,0.4153246283531189,0.24037957191467285,495F36A7350B3E1C12238E1869EE47D0183311EB5AA9863617FD08611A8B71D8,3041F0511BA5CB03C5A1DA424D7C196C2BEC7FDFB73911F5A484D14441217A30,82152CD18417E3A3440306A91A9F1AB625D7146F29D2C27CD47F4138B092BC70,D696BBFA42DD1A840708B9C42E824036862ED17D538B2B47551641D8145854DB,SAVED_FIXED_OUTPUT,HASH_VERIFIED_SUPPLEMENT_NOT_STRICT_FINAL
ODCR-D696,ODCR-Mamba,D07,36,15.022536712387133,0.5354766910735307,0.46158644556999207,0.2863287329673767,DDC8377A47258EFBDE852FCD939462785827A0167C60CBCF2D5E1388EE93AFF7,DDDB9A267B83683FF4C57BBB891C541CCBD03F36D283CD226BB110934B40EF2E,EC616988178F3ED80229224070DE7B0473BAD724073F369EE5D143DD7EF21713,D696BBFA42DD1A840708B9C42E824036862ED17D538B2B47551641D8145854DB,SAVED_FIXED_OUTPUT,HASH_VERIFIED_SUPPLEMENT_NOT_STRICT_FINAL
ODCR-D696,ODCR-Mamba,D07,37,12.764848430921536,0.5966814349975341,0.3671107590198517,0.25747859477996826,BD1340B4AFD561C8663A29EB5A58FD79AA0401E00745CD7C67677FE7CB2ED66D,08DDAA7E314A757BF36ACBBF5E362E590F975073794A60B073EA712A7E195824,F96AB87F7751E37A159784AEFC538FF16733F653D4BF038F60CB0A3D2A0AB748,D696BBFA42DD1A840708B9C42E824036862ED17D538B2B47551641D8145854DB,SAVED_FIXED_OUTPUT,HASH_VERIFIED_SUPPLEMENT_NOT_STRICT_FINAL
ODCR-D696,ODCR-Mamba,D07,38,12.349878436833539,0.5496114920408651,0.4416996240615845,0.26440197229385376,55D7DFB7916278DABEA6FF7342C68C6B5CFB49EED2550379B234B2B1E91BC55A,DF5C03B04D078FF0117E4BC6C80A3639B3893FDEFE5D44EB057F9828194ED071,E88B71E9A2B78A41A28A043B4519B55537951113EA4C3EA67F9CB83F8DC0A5A4,D696BBFA42DD1A840708B9C42E824036862ED17D538B2B47551641D8145854DB,SAVED_FIXED_OUTPUT,HASH_VERIFIED_SUPPLEMENT_NOT_STRICT_FINAL
ODCR-D696,ODCR-Mamba,D07,39,10.449259186925744,0.32351413707366744,0.6653450727462769,0.3659553527832031,AC903D81C1866E88888171F76B15B4294FBAB89460F9BC823BE67B83F48A304B,AAF4009568AC96ADD356C940833D0DB1CD92D68E5E22F7171C998D044025CA67,2E8AA36480A71311A5152B2B6BE4F9F8CC54AA3EAC11F05336FADEE86C6EA00C,D696BBFA42DD1A840708B9C42E824036862ED17D538B2B47551641D8145854DB,SAVED_FIXED_OUTPUT,HASH_VERIFIED_SUPPLEMENT_NOT_STRICT_FINAL
ODCR-D696,ODCR-Mamba,D07,40,10.932984432694626,0.595078070068782,0.42172497510910034,0.24714148044586182,7C2CDA7D34C8ECA64BF9BD048926A1AA3BC891D2B5121322D8676DFEF983AA4E,F84040D4A7208B1382EEDF84A3519460B560BA376A49929E4C17843A13AA03E7,175D14ADE9000E137A8560E2B3021627178CB9EBC0AAF8DE03B3C28B6D4684BC,D696BBFA42DD1A840708B9C42E824036862ED17D538B2B47551641D8145854DB,SAVED_FIXED_OUTPUT,HASH_VERIFIED_SUPPLEMENT_NOT_STRICT_FINAL
ODCR-D696,ODCR-Mamba,D07,41,9.390085439554834,0.5268593737636045,0.5259275436401367,0.3086976408958435,276CD8550FB2A5D93B8FC9B3AA70F03F4F2DB0994E5AE3956F102D113F0C0653,1B746A2E1FEA7EF34A182FC03C48FF5598197754AF767165E364E8E7E736F1F3,082580B7FE28279CCD445796D8449863B6A8780D887242FFC917603DB59DAFDD,D696BBFA42DD1A840708B9C42E824036862ED17D538B2B47551641D8145854DB,SAVED_FIXED_OUTPUT,HASH_VERIFIED_SUPPLEMENT_NOT_STRICT_FINAL
ODCR-D696,ODCR-Mamba,D07,42,10.576699694704736,0.5655464679945913,0.4312884211540222,0.27332568168640137,96D0D46DB26CE8069CC040C544B03466B78BDE82990EEF47BCE5268DC85786D8,1FA6871B81CE5A13EF3C9CB4AD41578E1DED901976EE7FD81B193E6B159E6E34,BD5F76B8F0971AB96102E8E84BBAB1EF68E8022B5ADB2E3B0A988DE2E2257665,D696BBFA42DD1A840708B9C42E824036862ED17D538B2B47551641D8145854DB,SAVED_FIXED_OUTPUT,HASH_VERIFIED_SUPPLEMENT_NOT_STRICT_FINAL
ODCR-D696,ODCR-Mamba,D07,43,13.192546365261508,0.5273310345285104,0.44129592180252075,0.27209240198135376,92E86C4F14A09D2FF33D03600292979095602F12C890019FC284131E29ABA6AD,760B8C97FDC44758E1D0D966D9C9C2BC6080AE2B37F6A240413AE929F96DF260,90EE429188501C0E36E6E9EE8196FD4F489B9EB35A794CB87CC62045EC32CF16,D696BBFA42DD1A840708B9C42E824036862ED17D538B2B47551641D8145854DB,SAVED_FIXED_OUTPUT,HASH_VERIFIED_SUPPLEMENT_NOT_STRICT_FINAL
ODCR-D696,ODCR-Mamba,D07,44,7.799612242024761,0.42177206143450685,0.5747836828231812,0.27608543634414673,6FAB41B0239CB4EECFAE696EF12C66667CFB23E69797CA5D5001301179ACF265,EE03F159BFF1E0B5CF0FA9792C26DA85D951A46BE2996DD4EE5E38CCDBD11063,1B662D1BA7B86E9C29D0DE20AA6430E6A7DA544C2E491BDDE6F77A8465C61DAF,D696BBFA42DD1A840708B9C42E824036862ED17D538B2B47551641D8145854DB,SAVED_FIXED_OUTPUT,HASH_VERIFIED_SUPPLEMENT_NOT_STRICT_FINAL
ODCR-D696,ODCR-Mamba,D07,45,13.698073856177857,0.5704894863919505,0.4312298595905304,0.24907594919204712,25E657687F02DEFF18C74AF29EE167F04C7F360C8F6AE40CD005E2F6B93B22F8,40B2C27DAA91346E8DAE0634F58B1908F4C9947BC5A4AC1B292060021AD63F48,B97A6C870C38AF4D79C300090D007F3A56B20E698ED594F8AEB3BC7955A24B8A,D696BBFA42DD1A840708B9C42E824036862ED17D538B2B47551641D8145854DB,SAVED_FIXED_OUTPUT,HASH_VERIFIED_SUPPLEMENT_NOT_STRICT_FINAL
ODCR-D696,ODCR-Mamba,D07,46,9.161479749307452,0.45530591260050474,0.6180155277252197,0.3605678677558899,BF25D291BC088BDBB4589980E3A456B95580947393BBC4361B86B2A856275469,DAFDD0CCA03EDC3FDDECC00BE107C7BEF6CF7324B8CBFEE47BDB1A1C62BDA2B9,DB3FC8B00C3FDA5BF46B7447A441C1D03AE85437E2B32A43607A132C946CADB2,D696BBFA42DD1A840708B9C42E824036862ED17D538B2B47551641D8145854DB,SAVED_FIXED_OUTPUT,HASH_VERIFIED_SUPPLEMENT_NOT_STRICT_FINAL
ODCR-D696,ODCR-Mamba,D07,47,6.931538579712635,0.4361550726277989,0.6364351511001587,0.34871143102645874,DF0FA40FD6104B249E475516FB131D1EEB075B4686516E27E2913C05B3A85EE6,D8A0D21C5F0F0D012F2131175A37811616DD6D606A28A25093213DB79404A585,9739D8F6EB407FDA210140DDEEA4595CDBBF21C00EFA0B61AEECD2D0B8BEB431,D696BBFA42DD1A840708B9C42E824036862ED17D538B2B47551641D8145854DB,SAVED_FIXED_OUTPUT,HASH_VERIFIED_SUPPLEMENT_NOT_STRICT_FINAL
ODCR-D696,ODCR-Mamba,D07,48,11.355998963091201,0.332167226739754,0.6088110208511353,0.3616199493408203,3B301E07DE8F14832F593EBE8491B039EE7C9D289CF991F9788A0DB7B20095E8,6B74FC289D89DE2B69A6ECCB274AEBB570FBCF4802BDEAAAE711C8AA74F1214D,8A50555BBBE8EEC37F7E0AED26D43FA8E5D4134B262DE54D7F55CB833540E32D,D696BBFA42DD1A840708B9C42E824036862ED17D538B2B47551641D8145854DB,SAVED_FIXED_OUTPUT,HASH_VERIFIED_SUPPLEMENT_NOT_STRICT_FINAL
ODCR-D696,ODCR-Mamba,D07,49,12.734300376599787,0.6215177713107952,0.3908868730068207,0.22509264945983887,C42F9377AA6CA30FC45067B98D33ABD11EAC3FB614BEABE92473F4DC6E6D81C1,75E7F67309BD2A83D503756C0BACAD4F3DDC7D5C571644F16F8A310E3E05D152,A12BD4B8CF3E7FCF269652B843FF2A516756D065DE271C7B71AA8F9A25371DB3,D696BBFA42DD1A840708B9C42E824036862ED17D538B2B47551641D8145854DB,SAVED_FIXED_OUTPUT,HASH_VERIFIED_SUPPLEMENT_NOT_STRICT_FINAL
ODCR-D696,ODCR-Mamba,D07,50,12.587821572925916,0.4598681323019285,0.4939780831336975,0.2833218574523926,6EE7CFAB524B06C8FB85816E4904C25426693FD1DAE0624D52EE106FFE336D84,078C6B1C923459F568D242F12819DC727F4C83744D353DD439CF3D217F790E2B,F1396D0F47D3093415DFF1B51D14D93864A08588AAEACE6245E94A7082A32824,D696BBFA42DD1A840708B9C42E824036862ED17D538B2B47551641D8145854DB,SAVED_FIXED_OUTPUT,HASH_VERIFIED_SUPPLEMENT_NOT_STRICT_FINAL
ODCR-D696,ODCR-Mamba,D07,51,13.595468025223617,0.44816738737933964,0.5733875036239624,0.3881274461746216,DC66B010FA0B129995CD5BC405EB0DBEB4F0AB69EA9DE677527C274EFF456074,F1272787458CB07FEE6D5FBF60372A17135EFFE21624E0F5399AF5417DD7F33F,F620E6E2E2F6881ABFCC7B65828CE00F0AC9238D162B5A6E63A4DACA44975E32,D696BBFA42DD1A840708B9C42E824036862ED17D538B2B47551641D8145854DB,SAVED_FIXED_OUTPUT,HASH_VERIFIED_SUPPLEMENT_NOT_STRICT_FINAL
ODCR-D696,ODCR-Mamba,D07,52,12.160981928675882,0.5540526754885384,0.4664456248283386,0.24684643745422363,0B357FE8678B05CF3108C1B9C3F17369BE95E1296EA6D0BBBC2CF32511D6D1F1,E0293C9563B13300E5CCFBC3AA9B1A08C37F790AFAD174C032E7931B6047AE41,4A015C6B7BD7B90408E41B190B34A9F44FCC445A07088280EBF9228FF628D084,D696BBFA42DD1A840708B9C42E824036862ED17D538B2B47551641D8145854DB,SAVED_FIXED_OUTPUT,HASH_VERIFIED_SUPPLEMENT_NOT_STRICT_FINAL
ODCR-D696,ODCR-Mamba,D07,53,11.033126176385244,0.5153316446366051,0.5089409351348877,0.270544171333313,B45310A5C6D3B5B8A41FF1C91FF949016FC4A30599E76F5F3B691FE25928EEAB,6E0248CBF1F21BAB1A1DC4A8C461B8F4E8A46801364735D08B51A61B6CD24F7F,1B3C3D348960C8F10AFB31A0CBAA00AA4C528CBE917F1FB903F4AEB84312A7FB,D696BBFA42DD1A840708B9C42E824036862ED17D538B2B47551641D8145854DB,SAVED_FIXED_OUTPUT,HASH_VERIFIED_SUPPLEMENT_NOT_STRICT_FINAL
ODCR-D696,ODCR-Mamba,D07,54,13.658153647194471,0.488507893045258,0.5088068246841431,0.24532586336135864,CA3DE5F9ECAE90CD1F2279FBA3522E283E1C16F8B85FEFA8C041705203C33AB6,834DAEF81393AFC39AC73411D5F59542911D7F9DC23B19C999E3A4F2EC8BF28B,D427316262CEE6C51767974F9EE994AB81199E7DD082F146C0FCC558D6A0FD4E,D696BBFA42DD1A840708B9C42E824036862ED17D538B2B47551641D8145854DB,SAVED_FIXED_OUTPUT,HASH_VERIFIED_SUPPLEMENT_NOT_STRICT_FINAL
ODCR-D696,ODCR-Mamba,D07,55,13.507709756037706,0.4806947836429322,0.4535348415374756,0.23851299285888672,0ACA5791D2F797CDAE61691DC15A70A4070BE4303E25B976F1CA530779D0ACFC,5AB38AD0A643FEC9C67CB841646B0CEE2EBC0946A50C80F5EF9C721297BCD023,1CB9FF777361C0FCC036B1BDF4A10A9B98C9A42467BD402161693930D29D662C,D696BBFA42DD1A840708B9C42E824036862ED17D538B2B47551641D8145854DB,SAVED_FIXED_OUTPUT,HASH_VERIFIED_SUPPLEMENT_NOT_STRICT_FINAL
