method_id,dataset_id,pair_key,source_name,branch,PSNR,SSIM_uniform11,LPIPS,DISTS,input_sha256,gt_sha256,output_sha256,checkpoint_sha256,evidence_status
ODCR-D696,RRSHID-Test,RRSHID-Test_0001,moderate_fog/1.png,direct,20.227567672729492,0.6278941035270691,0.3447943329811096,0.2530028820037842,D616BF226918300B8338139E88714241900479D3E181686AEFB580C952E5A07A,13DDFF6F49F74D5378C061DBAFF04E98E266BC2F6642F31CD47C5F6CDAF3C161,BBB6767001D77C2141A72C2EBE4CF5524ECB39D709778F88F6F4A3EFC1B9D1CB,D696BBFA42DD1A840708B9C42E824036862ED17D538B2B47551641D8145854DB,COMPLETE_FIXED_MODEL_BRANCH_READOUT_DIAGNOSTIC_NOT_FORMAL_ABLATION
ODCR-D696,RRSHID-Test,RRSHID-Test_0001,moderate_fog/1.png,physical,16.13618278503418,0.4701790511608124,0.4397720396518707,0.2601757049560547,D616BF226918300B8338139E88714241900479D3E181686AEFB580C952E5A07A,13DDFF6F49F74D5378C061DBAFF04E98E266BC2F6642F31CD47C5F6CDAF3C161,4C10F716859B32B32C40C4D57D32034B457C92251A0DC252583F76518614D7F7,D696BBFA42DD1A840708B9C42E824036862ED17D538B2B47551641D8145854DB,COMPLETE_FIXED_MODEL_BRANCH_READOUT_DIAGNOSTIC_NOT_FORMAL_ABLATION
ODCR-D696,RRSHID-Test,RRSHID-Test_0001,moderate_fog/1.png,output,20.18419647216797,0.6454184055328369,0.3150038421154022,0.23999345302581787,D616BF226918300B8338139E88714241900479D3E181686AEFB580C952E5A07A,13DDFF6F49F74D5378C061DBAFF04E98E266BC2F6642F31CD47C5F6CDAF3C161,D500C094DC9FCF485CE4EA55E2709565538D8EFF7D09356F6D9FD58E90C189BA,D696BBFA42DD1A840708B9C42E824036862ED17D538B2B47551641D8145854DB,COMPLETE_FIXED_MODEL_BRANCH_READOUT_DIAGNOSTIC_NOT_FORMAL_ABLATION
ODCR-D696,RRSHID-Test,RRSHID-Test_0002,moderate_fog/1014.png,direct,25.612485885620117,0.7830910682678223,0.26047906279563904,0.25610387325286865,E49A8EEA174304A659228F91B1914C254BB34204C6DC0461023B41A0C5E76016,92156D8CE0859D33573B798896300B2452C156A0B9586F6BDAA2EA52D99E3A3A,C5A1088F8F357B25A8E256F5C0742994E485A3A5778726949E277EC2F8AE6020,D696BBFA42DD1A840708B9C42E824036862ED17D538B2B47551641D8145854DB,COMPLETE_FIXED_MODEL_BRANCH_READOUT_DIAGNOSTIC_NOT_FORMAL_ABLATION
ODCR-D696,RRSHID-Test,RRSHID-Test_0002,moderate_fog/1014.png,physical,18.793928146362305,0.5300910472869873,0.4075377583503723,0.2837734818458557,E49A8EEA174304A659228F91B1914C254BB34204C6DC0461023B41A0C5E76016,92156D8CE0859D33573B798896300B2452C156A0B9586F6BDAA2EA52D99E3A3A,F171060C8D56CE9E6712CD5AB3CC6ED919F22E42309CB164681CCD3DBFB4A939,D696BBFA42DD1A840708B9C42E824036862ED17D538B2B47551641D8145854DB,COMPLETE_FIXED_MODEL_BRANCH_READOUT_DIAGNOSTIC_NOT_FORMAL_ABLATION
ODCR-D696,RRSHID-Test,RRSHID-Test_0002,moderate_fog/1014.png,output,25.440574645996094,0.78643399477005,0.23860909044742584,0.237873375415802,E49A8EEA174304A659228F91B1914C254BB34204C6DC0461023B41A0C5E76016,92156D8CE0859D33573B798896300B2452C156A0B9586F6BDAA2EA52D99E3A3A,D3AAAEE1B52098DCF4739D896DFE9BF39F072859173E9C03FC9058C08ABB10B0,D696BBFA42DD1A840708B9C42E824036862ED17D538B2B47551641D8145854DB,COMPLETE_FIXED_MODEL_BRANCH_READOUT_DIAGNOSTIC_NOT_FORMAL_ABLATION
ODCR-D696,RRSHID-Test,RRSHID-Test_0003,moderate_fog/1021.png,direct,26.221336364746094,0.806685745716095,0.30722254514694214,0.234299898147583,A633250D315A5E57F3816D70BD60258BC58E059F17CD1ACA738CF8FBC060BA6C,1300110E9EB9D46CEFEFF3C8FCD70A3D397BBF11DDB016ED3F930F55C750629C,BB1B7218D480B0B5FD764FD7D510220BEF321B858CD099664EFF5592A3A0526C,D696BBFA42DD1A840708B9C42E824036862ED17D538B2B47551641D8145854DB,COMPLETE_FIXED_MODEL_BRANCH_READOUT_DIAGNOSTIC_NOT_FORMAL_ABLATION
ODCR-D696,RRSHID-Test,RRSHID-Test_0003,moderate_fog/1021.png,physical,16.504945755004883,0.4446026086807251,0.5285138487815857,0.3208225965499878,A633250D315A5E57F3816D70BD60258BC58E059F17CD1ACA738CF8FBC060BA6C,1300110E9EB9D46CEFEFF3C8FCD70A3D397BBF11DDB016ED3F930F55C750629C,4CA4AEBC0CCB592438F12B98F1DA101AB254B7A71CE1E1F2842EACFC632E36CB,D696BBFA42DD1A840708B9C42E824036862ED17D538B2B47551641D8145854DB,COMPLETE_FIXED_MODEL_BRANCH_READOUT_DIAGNOSTIC_NOT_FORMAL_ABLATION
ODCR-D696,RRSHID-Test,RRSHID-Test_0003,moderate_fog/1021.png,output,24.912498474121094,0.8025083541870117,0.30153173208236694,0.22713834047317505,A633250D315A5E57F3816D70BD60258BC58E059F17CD1ACA738CF8FBC060BA6C,1300110E9EB9D46CEFEFF3C8FCD70A3D397BBF11DDB016ED3F930F55C750629C,8D2603101198DA9EC0961BA5D95AA1EB8A40D684C96BB175146015EE67A38EFE,D696BBFA42DD1A840708B9C42E824036862ED17D538B2B47551641D8145854DB,COMPLETE_FIXED_MODEL_BRANCH_READOUT_DIAGNOSTIC_NOT_FORMAL_ABLATION
ODCR-D696,RRSHID-Test,RRSHID-Test_0004,moderate_fog/1048.png,direct,27.17702865600586,0.7971948981285095,0.287395715713501,0.25403547286987305,1FB7CE79F7630B2FBDACE7541C7932B801C3886F3DAFD9C11808C2EF809698FB,7B3256209369000B8E6A2C3914ACF36608CFCC828196E864718A65E8F32F304F,F35E9F683F2E5F3BA70FAA82280CB2AD87FEE0BA9C07FDEF07E4AECB356EFFB8,D696BBFA42DD1A840708B9C42E824036862ED17D538B2B47551641D8145854DB,COMPLETE_FIXED_MODEL_BRANCH_READOUT_DIAGNOSTIC_NOT_FORMAL_ABLATION
ODCR-D696,RRSHID-Test,RRSHID-Test_0004,moderate_fog/1048.png,physical,24.124568939208984,0.6725596785545349,0.3219693899154663,0.255321741104126,1FB7CE79F7630B2FBDACE7541C7932B801C3886F3DAFD9C11808C2EF809698FB,7B3256209369000B8E6A2C3914ACF36608CFCC828196E864718A65E8F32F304F,D91EA073F526145DEC908A980787A59E08896C82651DC0DBF85B722D49106BBE,D696BBFA42DD1A840708B9C42E824036862ED17D538B2B47551641D8145854DB,COMPLETE_FIXED_MODEL_BRANCH_READOUT_DIAGNOSTIC_NOT_FORMAL_ABLATION
ODCR-D696,RRSHID-Test,RRSHID-Test_0004,moderate_fog/1048.png,output,27.75977897644043,0.8105998039245605,0.236777663230896,0.2256738543510437,1FB7CE79F7630B2FBDACE7541C7932B801C3886F3DAFD9C11808C2EF809698FB,7B3256209369000B8E6A2C3914ACF36608CFCC828196E864718A65E8F32F304F,D6C20715A66B98D79CB44940EC0AA6CBEAA6E02CB03328E3D8B8BA18F2E37BDE,D696BBFA42DD1A840708B9C42E824036862ED17D538B2B47551641D8145854DB,COMPLETE_FIXED_MODEL_BRANCH_READOUT_DIAGNOSTIC_NOT_FORMAL_ABLATION
ODCR-D696,RRSHID-Test,RRSHID-Test_0005,moderate_fog/1067.png,direct,24.80953598022461,0.7870338559150696,0.37544313073158264,0.23878729343414307,291FD563969B32609B1DAE641DE635517ED77E14F9F97898CF7AFF417A579759,08065E3D4430A4F9C4E9BC22988DDC778DA0CC64AF7BC3CF9731E65463EF8C2A,B471F38031F873E77FEC103BAD15E21128AA9FFBE60B8075384874B3CA3D5A15,D696BBFA42DD1A840708B9C42E824036862ED17D538B2B47551641D8145854DB,COMPLETE_FIXED_MODEL_BRANCH_READOUT_DIAGNOSTIC_NOT_FORMAL_ABLATION
ODCR-D696,RRSHID-Test,RRSHID-Test_0005,moderate_fog/1067.png,physical,20.227691650390625,0.5278104543685913,0.49522364139556885,0.29375195503234863,291FD563969B32609B1DAE641DE635517ED77E14F9F97898CF7AFF417A579759,08065E3D4430A4F9C4E9BC22988DDC778DA0CC64AF7BC3CF9731E65463EF8C2A,1FE9628D3EE154280FCDF4120AD725A024253B11633ADF098DEA0F4CA83D870E,D696BBFA42DD1A840708B9C42E824036862ED17D538B2B47551641D8145854DB,COMPLETE_FIXED_MODEL_BRANCH_READOUT_DIAGNOSTIC_NOT_FORMAL_ABLATION
ODCR-D696,RRSHID-Test,RRSHID-Test_0005,moderate_fog/1067.png,output,25.716384887695312,0.7945020794868469,0.35259509086608887,0.2301781177520752,291FD563969B32609B1DAE641DE635517ED77E14F9F97898CF7AFF417A579759,08065E3D4430A4F9C4E9BC22988DDC778DA0CC64AF7BC3CF9731E65463EF8C2A,83512E5DAC64FDD7C2768CDAD217BA61EA2E34FAB270079012A71AC07C07B2EF,D696BBFA42DD1A840708B9C42E824036862ED17D538B2B47551641D8145854DB,COMPLETE_FIXED_MODEL_BRANCH_READOUT_DIAGNOSTIC_NOT_FORMAL_ABLATION
ODCR-D696,RRSHID-Test,RRSHID-Test_0006,moderate_fog/1072.png,direct,24.714143753051758,0.7491037249565125,0.2814406156539917,0.23181885480880737,9E90740EA5C14B254C355B98C2C8618413D252C32CAB3D7820FA95B524EA1E24,F23235C2DD86EB29BFFFD75BCC590BD753FA4708B0C1CF4C35A83232E632B8DA,FAB215A29D001D6C12F3B17E6E33BDA014D2BBD2D893EE3C7F4170C198AA1EDE,D696BBFA42DD1A840708B9C42E824036862ED17D538B2B47551641D8145854DB,COMPLETE_FIXED_MODEL_BRANCH_READOUT_DIAGNOSTIC_NOT_FORMAL_ABLATION
ODCR-D696,RRSHID-Test,RRSHID-Test_0006,moderate_fog/1072.png,physical,17.68107795715332,0.529289186000824,0.36682814359664917,0.2538517713546753,9E90740EA5C14B254C355B98C2C8618413D252C32CAB3D7820FA95B524EA1E24,F23235C2DD86EB29BFFFD75BCC590BD753FA4708B0C1CF4C35A83232E632B8DA,1AE25877905FE90CC27A57851BA5E74EED0150AEBE60EAB7DCB78A2FD5661B5D,D696BBFA42DD1A840708B9C42E824036862ED17D538B2B47551641D8145854DB,COMPLETE_FIXED_MODEL_BRANCH_READOUT_DIAGNOSTIC_NOT_FORMAL_ABLATION
ODCR-D696,RRSHID-Test,RRSHID-Test_0006,moderate_fog/1072.png,output,24.318885803222656,0.7576681971549988,0.24742162227630615,0.2192174196243286,9E90740EA5C14B254C355B98C2C8618413D252C32CAB3D7820FA95B524EA1E24,F23235C2DD86EB29BFFFD75BCC590BD753FA4708B0C1CF4C35A83232E632B8DA,D08619872D72C1F290EB1859410D4C74D4958B3DF5C3CEB2E6845D2C1DC45E25,D696BBFA42DD1A840708B9C42E824036862ED17D538B2B47551641D8145854DB,COMPLETE_FIXED_MODEL_BRANCH_READOUT_DIAGNOSTIC_NOT_FORMAL_ABLATION
ODCR-D696,RRSHID-Test,RRSHID-Test_0007,moderate_fog/108.png,direct,15.412720680236816,0.5701878666877747,0.17913316190242767,0.1875649094581604,0E17E58B33606E78BE07067E9D54E724D7BB7C00DEFB061EBBDA3494C7E61814,044A1F0184162BC2437E915FB51EC045B38267C8F3E8E378A580A340C425DA97,69FDF38860CD9C31E74BD839D10BA2DA672211FC1E0714DBE986C6FC8E0061F3,D696BBFA42DD1A840708B9C42E824036862ED17D538B2B47551641D8145854DB,COMPLETE_FIXED_MODEL_BRANCH_READOUT_DIAGNOSTIC_NOT_FORMAL_ABLATION
ODCR-D696,RRSHID-Test,RRSHID-Test_0007,moderate_fog/108.png,physical,14.74467658996582,0.3882436752319336,0.2541479170322418,0.25941914319992065,0E17E58B33606E78BE07067E9D54E724D7BB7C00DEFB061EBBDA3494C7E61814,044A1F0184162BC2437E915FB51EC045B38267C8F3E8E378A580A340C425DA97,268B98B3353ED6EB9175BE5D39CDC0DCCAA7EAA379CB712010BA96665AA4C2D6,D696BBFA42DD1A840708B9C42E824036862ED17D538B2B47551641D8145854DB,COMPLETE_FIXED_MODEL_BRANCH_READOUT_DIAGNOSTIC_NOT_FORMAL_ABLATION
ODCR-D696,RRSHID-Test,RRSHID-Test_0007,moderate_fog/108.png,output,15.393891334533691,0.5294399857521057,0.19056455790996552,0.21203386783599854,0E17E58B33606E78BE07067E9D54E724D7BB7C00DEFB061EBBDA3494C7E61814,044A1F0184162BC2437E915FB51EC045B38267C8F3E8E378A580A340C425DA97,16C6C40FC1C7FCDDEE450E78512A78EAF688C867959FA59BC7BC71D1EBFD6715,D696BBFA42DD1A840708B9C42E824036862ED17D538B2B47551641D8145854DB,COMPLETE_FIXED_MODEL_BRANCH_READOUT_DIAGNOSTIC_NOT_FORMAL_ABLATION
ODCR-D696,RRSHID-Test,RRSHID-Test_0008,moderate_fog/1098.png,direct,23.970184326171875,0.7212598323822021,0.23871849477291107,0.2165621519088745,7A4295BD6A8194457A0C8B19A95EB4E615C92DEAA39F4B6A9C58C415DD721A93,A8D0C7136EBE341E1EE4E68A0D5136BC9C106FCECDCB738AC68614B64D7A942E,7A99BF2F23382FFDD696447432006E73841A664486E64C86F0E64FD4E55B3592,D696BBFA42DD1A840708B9C42E824036862ED17D538B2B47551641D8145854DB,COMPLETE_FIXED_MODEL_BRANCH_READOUT_DIAGNOSTIC_NOT_FORMAL_ABLATION
ODCR-D696,RRSHID-Test,RRSHID-Test_0008,moderate_fog/1098.png,physical,16.495729446411133,0.4910600185394287,0.3644168972969055,0.270638644695282,7A4295BD6A8194457A0C8B19A95EB4E615C92DEAA39F4B6A9C58C415DD721A93,A8D0C7136EBE341E1EE4E68A0D5136BC9C106FCECDCB738AC68614B64D7A942E,B85D07D552485B8C4439F6BE5FD95ECEFB939D4B7A77FB9FF811BED6B9558ABA,D696BBFA42DD1A840708B9C42E824036862ED17D538B2B47551641D8145854DB,COMPLETE_FIXED_MODEL_BRANCH_READOUT_DIAGNOSTIC_NOT_FORMAL_ABLATION
ODCR-D696,RRSHID-Test,RRSHID-Test_0008,moderate_fog/1098.png,output,23.207149505615234,0.720710277557373,0.22095173597335815,0.2134987711906433,7A4295BD6A8194457A0C8B19A95EB4E615C92DEAA39F4B6A9C58C415DD721A93,A8D0C7136EBE341E1EE4E68A0D5136BC9C106FCECDCB738AC68614B64D7A942E,778EAACB5067C7E0D06E278EEBDEAA6F4FBB07FC9A4ED2E61DCB114F01197A40,D696BBFA42DD1A840708B9C42E824036862ED17D538B2B47551641D8145854DB,COMPLETE_FIXED_MODEL_BRANCH_READOUT_DIAGNOSTIC_NOT_FORMAL_ABLATION
ODCR-D696,RRSHID-Test,RRSHID-Test_0009,moderate_fog/1101.png,direct,23.213472366333008,0.6309216022491455,0.35629451274871826,0.23029214143753052,C75AFE004F09527E7257E448F8229AAE78F6526F4233E0A4CF94664087EDE415,C85C75CC97AA1DF0AB2D6FC7E14CB90DD436E208FAE23ADDBADBF8B7C1D39D06,E1B48414D00A7FFC0D9ED03AC06341AD7BE43A4223764456A9D0D0DED298EA67,D696BBFA42DD1A840708B9C42E824036862ED17D538B2B47551641D8145854DB,COMPLETE_FIXED_MODEL_BRANCH_READOUT_DIAGNOSTIC_NOT_FORMAL_ABLATION
ODCR-D696,RRSHID-Test,RRSHID-Test_0009,moderate_fog/1101.png,physical,17.480287551879883,0.45061829686164856,0.38727647066116333,0.23359447717666626,C75AFE004F09527E7257E448F8229AAE78F6526F4233E0A4CF94664087EDE415,C85C75CC97AA1DF0AB2D6FC7E14CB90DD436E208FAE23ADDBADBF8B7C1D39D06,1986FC4E9C7BB499C96EC7153CC89B943284EADD272CA0B77DD63BAB1F479A10,D696BBFA42DD1A840708B9C42E824036862ED17D538B2B47551641D8145854DB,COMPLETE_FIXED_MODEL_BRANCH_READOUT_DIAGNOSTIC_NOT_FORMAL_ABLATION
ODCR-D696,RRSHID-Test,RRSHID-Test_0009,moderate_fog/1101.png,output,22.79647445678711,0.6333492398262024,0.30928564071655273,0.22384881973266602,C75AFE004F09527E7257E448F8229AAE78F6526F4233E0A4CF94664087EDE415,C85C75CC97AA1DF0AB2D6FC7E14CB90DD436E208FAE23ADDBADBF8B7C1D39D06,4C9529CFB0FDF57A4598D443DF0F0BC1099FFB706A67D411A46576E0E1FEBF5D,D696BBFA42DD1A840708B9C42E824036862ED17D538B2B47551641D8145854DB,COMPLETE_FIXED_MODEL_BRANCH_READOUT_DIAGNOSTIC_NOT_FORMAL_ABLATION
ODCR-D696,RRSHID-Test,RRSHID-Test_0010,moderate_fog/1108.png,direct,22.87961769104004,0.7313534617424011,0.2702558636665344,0.24818193912506104,47B4FEFF1ACF670A0DD63C59C1AEE119E47ED5FB6589C752B5339ABB37EBA179,0823A4207E286DF0C8631DE354F204DC1C617047F183C90541DEB18E2EC24B38,7A8E7DEB852390416DAC8F2FCDCB51978A4A9FF23C104C465C3926461B1B9792,D696BBFA42DD1A840708B9C42E824036862ED17D538B2B47551641D8145854DB,COMPLETE_FIXED_MODEL_BRANCH_READOUT_DIAGNOSTIC_NOT_FORMAL_ABLATION
ODCR-D696,RRSHID-Test,RRSHID-Test_0010,moderate_fog/1108.png,physical,19.046710968017578,0.4964664876461029,0.4063984751701355,0.2896162271499634,47B4FEFF1ACF670A0DD63C59C1AEE119E47ED5FB6589C752B5339ABB37EBA179,0823A4207E286DF0C8631DE354F204DC1C617047F183C90541DEB18E2EC24B38,E548D52578266AEC51D2241FCCAC67875F2ACB1E8B8F96EC844D4B4D72390E87,D696BBFA42DD1A840708B9C42E824036862ED17D538B2B47551641D8145854DB,COMPLETE_FIXED_MODEL_BRANCH_READOUT_DIAGNOSTIC_NOT_FORMAL_ABLATION
ODCR-D696,RRSHID-Test,RRSHID-Test_0010,moderate_fog/1108.png,output,23.117958068847656,0.7294794917106628,0.26022377610206604,0.23847174644470215,47B4FEFF1ACF670A0DD63C59C1AEE119E47ED5FB6589C752B5339ABB37EBA179,0823A4207E286DF0C8631DE354F204DC1C617047F183C90541DEB18E2EC24B38,19ADFC4B0107D18C38E8F9F17A71884F84F414998FA6623F0742188DE58CF059,D696BBFA42DD1A840708B9C42E824036862ED17D538B2B47551641D8145854DB,COMPLETE_FIXED_MODEL_BRANCH_READOUT_DIAGNOSTIC_NOT_FORMAL_ABLATION
ODCR-D696,RRSHID-Test,RRSHID-Test_0011,moderate_fog/1134.png,direct,22.59228515625,0.7572757601737976,0.26867803931236267,0.23090636730194092,E280490F212C915BD37B9016F4EF8773A0A64B2C4AE6307078A9FE546DA7D663,32F8C2D4DF9C33DEEF314C0A66362EE9CCCA50837DE954E9D26CFAB930C9ABC8,4A0680BDC2D4C12CEECD43315C4D0C5BE2EA34E6CF4CBFDDED9584FF200CCC27,D696BBFA42DD1A840708B9C42E824036862ED17D538B2B47551641D8145854DB,COMPLETE_FIXED_MODEL_BRANCH_READOUT_DIAGNOSTIC_NOT_FORMAL_ABLATION
ODCR-D696,RRSHID-Test,RRSHID-Test_0011,moderate_fog/1134.png,physical,14.458124160766602,0.4328339397907257,0.41821593046188354,0.29740768671035767,E280490F212C915BD37B9016F4EF8773A0A64B2C4AE6307078A9FE546DA7D663,32F8C2D4DF9C33DEEF314C0A66362EE9CCCA50837DE954E9D26CFAB930C9ABC8,B2E536C4C89EB65795D5F66E70BEF4F0EABB768AAE183130F3ADE5B453B90EE3,D696BBFA42DD1A840708B9C42E824036862ED17D538B2B47551641D8145854DB,COMPLETE_FIXED_MODEL_BRANCH_READOUT_DIAGNOSTIC_NOT_FORMAL_ABLATION
ODCR-D696,RRSHID-Test,RRSHID-Test_0011,moderate_fog/1134.png,output,21.378793716430664,0.7472673058509827,0.2573024034500122,0.22575682401657104,E280490F212C915BD37B9016F4EF8773A0A64B2C4AE6307078A9FE546DA7D663,32F8C2D4DF9C33DEEF314C0A66362EE9CCCA50837DE954E9D26CFAB930C9ABC8,0B8B10032CAFED318A8F17B2283B06B0B3243D1AF076E5A3A98584A8A0E5BAEC,D696BBFA42DD1A840708B9C42E824036862ED17D538B2B47551641D8145854DB,COMPLETE_FIXED_MODEL_BRANCH_READOUT_DIAGNOSTIC_NOT_FORMAL_ABLATION
ODCR-D696,RRSHID-Test,RRSHID-Test_0012,moderate_fog/1167.png,direct,24.30663299560547,0.7234520316123962,0.30724185705184937,0.26553845405578613,084223D833E0BD03ABD5D7A15C510DED0BC929A3EE460AF6B337D3BA905D32CB,2711A4484207B6E9EFFED073389961ABEAA67AF10C1CFA38CABFFA9212659A04,069051AF845F190BAE12559FB2C656DD6DC6C6CAE11319BC8DD0DE3A697EA67E,D696BBFA42DD1A840708B9C42E824036862ED17D538B2B47551641D8145854DB,COMPLETE_FIXED_MODEL_BRANCH_READOUT_DIAGNOSTIC_NOT_FORMAL_ABLATION
ODCR-D696,RRSHID-Test,RRSHID-Test_0012,moderate_fog/1167.png,physical,20.399444580078125,0.6053429245948792,0.36308884620666504,0.2670172452926636,084223D833E0BD03ABD5D7A15C510DED0BC929A3EE460AF6B337D3BA905D32CB,2711A4484207B6E9EFFED073389961ABEAA67AF10C1CFA38CABFFA9212659A04,10B1EA48A7AEBA6D306A0AA5446B6A50832D9566A781E88941A536FE375A541F,D696BBFA42DD1A840708B9C42E824036862ED17D538B2B47551641D8145854DB,COMPLETE_FIXED_MODEL_BRANCH_READOUT_DIAGNOSTIC_NOT_FORMAL_ABLATION
ODCR-D696,RRSHID-Test,RRSHID-Test_0012,moderate_fog/1167.png,output,25.127288818359375,0.7423686981201172,0.2673611342906952,0.22727477550506592,084223D833E0BD03ABD5D7A15C510DED0BC929A3EE460AF6B337D3BA905D32CB,2711A4484207B6E9EFFED073389961ABEAA67AF10C1CFA38CABFFA9212659A04,5EC2C296A94856D2C6278ECF3F52C395BA502B53E68CD04142425467EE0E93C5,D696BBFA42DD1A840708B9C42E824036862ED17D538B2B47551641D8145854DB,COMPLETE_FIXED_MODEL_BRANCH_READOUT_DIAGNOSTIC_NOT_FORMAL_ABLATION
ODCR-D696,RRSHID-Test,RRSHID-Test_0013,moderate_fog/1190.png,direct,22.88900375366211,0.6600444912910461,0.409087210893631,0.2591315507888794,4BC80210EF1B341DCDB01CED72BF1BEC76DB1D9F05256E695A5FA35FE15BCBA2,BC9688C9BDB37B9CB9DE48A86E1F60BB1C3B7BE1FF50FEF11E562CBD89EE07A9,362B8DEE85D09F93E2C331A51AAF8FAC3C8C214D5D11A3A0098F048FD7638F9C,D696BBFA42DD1A840708B9C42E824036862ED17D538B2B47551641D8145854DB,COMPLETE_FIXED_MODEL_BRANCH_READOUT_DIAGNOSTIC_NOT_FORMAL_ABLATION
ODCR-D696,RRSHID-Test,RRSHID-Test_0013,moderate_fog/1190.png,physical,22.41701889038086,0.6634657979011536,0.2917276918888092,0.2301034927368164,4BC80210EF1B341DCDB01CED72BF1BEC76DB1D9F05256E695A5FA35FE15BCBA2,BC9688C9BDB37B9CB9DE48A86E1F60BB1C3B7BE1FF50FEF11E562CBD89EE07A9,C695B4E8F817BB554F1D6871171C7EE4740986734C7083B70D31F5CB61548CDE,D696BBFA42DD1A840708B9C42E824036862ED17D538B2B47551641D8145854DB,COMPLETE_FIXED_MODEL_BRANCH_READOUT_DIAGNOSTIC_NOT_FORMAL_ABLATION
ODCR-D696,RRSHID-Test,RRSHID-Test_0013,moderate_fog/1190.png,output,24.23631477355957,0.7039928436279297,0.3281484842300415,0.24650859832763672,4BC80210EF1B341DCDB01CED72BF1BEC76DB1D9F05256E695A5FA35FE15BCBA2,BC9688C9BDB37B9CB9DE48A86E1F60BB1C3B7BE1FF50FEF11E562CBD89EE07A9,E6F94B6300310FC30667717AC8B5113F1BF38356730ECD04F160767910C45A9F,D696BBFA42DD1A840708B9C42E824036862ED17D538B2B47551641D8145854DB,COMPLETE_FIXED_MODEL_BRANCH_READOUT_DIAGNOSTIC_NOT_FORMAL_ABLATION
ODCR-D696,RRSHID-Test,RRSHID-Test_0014,moderate_fog/1201.png,direct,22.49136734008789,0.7138096690177917,0.3371522128582001,0.1940673589706421,A57F737AB34EFBF78F01840B5DB497C2D76014757EF52C5D2714E412D0523D2F,0F9C951423AD5D30C02B84F0B5E26827F1AFBA83EFB0D449AE765FF0A1DF975B,4E0A3DE744048EE6B8C69E0DB61F9AAF3EACE4C97768A08D70B969CC80615F80,D696BBFA42DD1A840708B9C42E824036862ED17D538B2B47551641D8145854DB,COMPLETE_FIXED_MODEL_BRANCH_READOUT_DIAGNOSTIC_NOT_FORMAL_ABLATION
ODCR-D696,RRSHID-Test,RRSHID-Test_0014,moderate_fog/1201.png,physical,20.283823013305664,0.6177977323532104,0.3333311676979065,0.2327638864517212,A57F737AB34EFBF78F01840B5DB497C2D76014757EF52C5D2714E412D0523D2F,0F9C951423AD5D30C02B84F0B5E26827F1AFBA83EFB0D449AE765FF0A1DF975B,9B13C6A6EFF5ACB81C904F1A74C79890ECBC9733617EDA695F1327224546A648,D696BBFA42DD1A840708B9C42E824036862ED17D538B2B47551641D8145854DB,COMPLETE_FIXED_MODEL_BRANCH_READOUT_DIAGNOSTIC_NOT_FORMAL_ABLATION
ODCR-D696,RRSHID-Test,RRSHID-Test_0014,moderate_fog/1201.png,output,23.141630172729492,0.7368825078010559,0.28468233346939087,0.1877254843711853,A57F737AB34EFBF78F01840B5DB497C2D76014757EF52C5D2714E412D0523D2F,0F9C951423AD5D30C02B84F0B5E26827F1AFBA83EFB0D449AE765FF0A1DF975B,2274A0968A295D5873BDD74699A2F2FCE1A5128C9364D86BF440B528D90BBB05,D696BBFA42DD1A840708B9C42E824036862ED17D538B2B47551641D8145854DB,COMPLETE_FIXED_MODEL_BRANCH_READOUT_DIAGNOSTIC_NOT_FORMAL_ABLATION
ODCR-D696,RRSHID-Test,RRSHID-Test_0015,moderate_fog/1209.png,direct,26.564315795898438,0.7943747043609619,0.36181995272636414,0.2933605909347534,CB901FF4F8AD60077BD8332B6033AC37CF21D1712FF4C04EA27D96AA72F548A2,EC260B90D707CD8639016500673F2D093DAFFA1EB63006C48692E2BF62895224,3836F83BDE90BB978E645DF47728C8FC669CFEAA468A54331ECC503CD171100A,D696BBFA42DD1A840708B9C42E824036862ED17D538B2B47551641D8145854DB,COMPLETE_FIXED_MODEL_BRANCH_READOUT_DIAGNOSTIC_NOT_FORMAL_ABLATION
ODCR-D696,RRSHID-Test,RRSHID-Test_0015,moderate_fog/1209.png,physical,19.136022567749023,0.5122240781784058,0.5346674919128418,0.32364481687545776,CB901FF4F8AD60077BD8332B6033AC37CF21D1712FF4C04EA27D96AA72F548A2,EC260B90D707CD8639016500673F2D093DAFFA1EB63006C48692E2BF62895224,377627CB53C5D09698B5886744432925A13472E20B22BBCC962BC6AB17A5F9DB,D696BBFA42DD1A840708B9C42E824036862ED17D538B2B47551641D8145854DB,COMPLETE_FIXED_MODEL_BRANCH_READOUT_DIAGNOSTIC_NOT_FORMAL_ABLATION
ODCR-D696,RRSHID-Test,RRSHID-Test_0015,moderate_fog/1209.png,output,26.933380126953125,0.7988278865814209,0.32827261090278625,0.27482426166534424,CB901FF4F8AD60077BD8332B6033AC37CF21D1712FF4C04EA27D96AA72F548A2,EC260B90D707CD8639016500673F2D093DAFFA1EB63006C48692E2BF62895224,2B8076B9AB4DB620E8F5DE121A821EE23DEC7CFBA19787E8D3BEAA47ECF57637,D696BBFA42DD1A840708B9C42E824036862ED17D538B2B47551641D8145854DB,COMPLETE_FIXED_MODEL_BRANCH_READOUT_DIAGNOSTIC_NOT_FORMAL_ABLATION
ODCR-D696,RRSHID-Test,RRSHID-Test_0016,moderate_fog/1219.png,direct,20.30043601989746,0.6071777939796448,0.2838808298110962,0.19406789541244507,28DA763E26DAFE08DAACD2ECA2F447A24913D01676F80C3C2384CB4190B3F6B0,82F8B488E3FF6A962D5FA1F6B685BDA226C7320A039C747B49C611160A296E13,EC5F6D3CD65280166B6BF68AB526BF3832B3E6476F1DA53720181887C6765496,D696BBFA42DD1A840708B9C42E824036862ED17D538B2B47551641D8145854DB,COMPLETE_FIXED_MODEL_BRANCH_READOUT_DIAGNOSTIC_NOT_FORMAL_ABLATION
ODCR-D696,RRSHID-Test,RRSHID-Test_0016,moderate_fog/1219.png,physical,19.141830444335938,0.5617308020591736,0.2930518090724945,0.21016323566436768,28DA763E26DAFE08DAACD2ECA2F447A24913D01676F80C3C2384CB4190B3F6B0,82F8B488E3FF6A962D5FA1F6B685BDA226C7320A039C747B49C611160A296E13,F6E9F742EFA60E98B479C7C50BC957FC960998AB41A9A4C18B282E79FEDD8505,D696BBFA42DD1A840708B9C42E824036862ED17D538B2B47551641D8145854DB,COMPLETE_FIXED_MODEL_BRANCH_READOUT_DIAGNOSTIC_NOT_FORMAL_ABLATION
ODCR-D696,RRSHID-Test,RRSHID-Test_0016,moderate_fog/1219.png,output,20.56443977355957,0.6250211596488953,0.2482287883758545,0.1755681037902832,28DA763E26DAFE08DAACD2ECA2F447A24913D01676F80C3C2384CB4190B3F6B0,82F8B488E3FF6A962D5FA1F6B685BDA226C7320A039C747B49C611160A296E13,20ACCAB484A3B9CC6C6BB58211FFDAE141AC8285CB969F31516CDECC076AD9EF,D696BBFA42DD1A840708B9C42E824036862ED17D538B2B47551641D8145854DB,COMPLETE_FIXED_MODEL_BRANCH_READOUT_DIAGNOSTIC_NOT_FORMAL_ABLATION
ODCR-D696,RRSHID-Test,RRSHID-Test_0017,moderate_fog/1233.png,direct,22.50598907470703,0.7417893409729004,0.3600505590438843,0.26648521423339844,DAFD620839E67090346E9D478672D3E608239D740A2DE45C86126783072DD7DB,01A3FE24A1AF355AF772FF8C5425A1EBCB75629A155CF681EEBEDCA7FF86A387,CEDEA5495980D2C4D331B99E478FF913FFB52C11F67F6B65343A62278EABBBD0,D696BBFA42DD1A840708B9C42E824036862ED17D538B2B47551641D8145854DB,COMPLETE_FIXED_MODEL_BRANCH_READOUT_DIAGNOSTIC_NOT_FORMAL_ABLATION
ODCR-D696,RRSHID-Test,RRSHID-Test_0017,moderate_fog/1233.png,physical,20.398073196411133,0.6037451028823853,0.4305180311203003,0.2667893171310425,DAFD620839E67090346E9D478672D3E608239D740A2DE45C86126783072DD7DB,01A3FE24A1AF355AF772FF8C5425A1EBCB75629A155CF681EEBEDCA7FF86A387,EF2A58C54E497D2AC39F9839720C15E9127EB7B218525C7EDF6D4EBD06C093D1,D696BBFA42DD1A840708B9C42E824036862ED17D538B2B47551641D8145854DB,COMPLETE_FIXED_MODEL_BRANCH_READOUT_DIAGNOSTIC_NOT_FORMAL_ABLATION
ODCR-D696,RRSHID-Test,RRSHID-Test_0017,moderate_fog/1233.png,output,23.529293060302734,0.7628849148750305,0.3125639855861664,0.25210994482040405,DAFD620839E67090346E9D478672D3E608239D740A2DE45C86126783072DD7DB,01A3FE24A1AF355AF772FF8C5425A1EBCB75629A155CF681EEBEDCA7FF86A387,AB08FF5DA8A274E6787CBF7ACD2D3CEC86DD9A04A36583149B3A059D4C71CB9F,D696BBFA42DD1A840708B9C42E824036862ED17D538B2B47551641D8145854DB,COMPLETE_FIXED_MODEL_BRANCH_READOUT_DIAGNOSTIC_NOT_FORMAL_ABLATION
ODCR-D696,RRSHID-Test,RRSHID-Test_0018,moderate_fog/1249.png,direct,24.09323501586914,0.685308039188385,0.3510637581348419,0.2539955973625183,DE73524E0A97B5C3A244CA82E9D152B40B9D96FD73E9C28477DD7A1ED05BF8EC,CAE3E2E15A519C8462EC4D384F998AADEC924B6DBC43DE4881FD29A7537AE5F9,E228042FFF3184F1C2BEBA9D375A56FF6B7A562806E972A4300D61EDF121A18D,D696BBFA42DD1A840708B9C42E824036862ED17D538B2B47551641D8145854DB,COMPLETE_FIXED_MODEL_BRANCH_READOUT_DIAGNOSTIC_NOT_FORMAL_ABLATION
ODCR-D696,RRSHID-Test,RRSHID-Test_0018,moderate_fog/1249.png,physical,17.11920166015625,0.48660966753959656,0.40826699137687683,0.27928704023361206,DE73524E0A97B5C3A244CA82E9D152B40B9D96FD73E9C28477DD7A1ED05BF8EC,CAE3E2E15A519C8462EC4D384F998AADEC924B6DBC43DE4881FD29A7537AE5F9,BBF645DD2320D959E9755DFFE531A3D422C452925E37545F97E5CC252DCA585E,D696BBFA42DD1A840708B9C42E824036862ED17D538B2B47551641D8145854DB,COMPLETE_FIXED_MODEL_BRANCH_READOUT_DIAGNOSTIC_NOT_FORMAL_ABLATION
ODCR-D696,RRSHID-Test,RRSHID-Test_0018,moderate_fog/1249.png,output,24.720048904418945,0.7002394795417786,0.31104981899261475,0.23619228601455688,DE73524E0A97B5C3A244CA82E9D152B40B9D96FD73E9C28477DD7A1ED05BF8EC,CAE3E2E15A519C8462EC4D384F998AADEC924B6DBC43DE4881FD29A7537AE5F9,558D960685C8F95FA785DD10BB725A98F8046C8EABE7D6D49C2B7C2E754F4FF6,D696BBFA42DD1A840708B9C42E824036862ED17D538B2B47551641D8145854DB,COMPLETE_FIXED_MODEL_BRANCH_READOUT_DIAGNOSTIC_NOT_FORMAL_ABLATION
ODCR-D696,RRSHID-Test,RRSHID-Test_0019,moderate_fog/1253.png,direct,17.89706802368164,0.5090605616569519,0.4679548442363739,0.3453449606895447,3E2DF58C4889D73BD1CFC90FB268C9903AFA5690255BAF8F10D0DB884FBFBFA6,26AA60ABC4B017BD8143B4DB693FF7CD54B5A0A1395E4F858040D298F93154EC,16B4F3CF93481E5559FF2D43B763F4D15C3FF0C9978CA9A518903A6BF2306998,D696BBFA42DD1A840708B9C42E824036862ED17D538B2B47551641D8145854DB,COMPLETE_FIXED_MODEL_BRANCH_READOUT_DIAGNOSTIC_NOT_FORMAL_ABLATION
ODCR-D696,RRSHID-Test,RRSHID-Test_0019,moderate_fog/1253.png,physical,14.127016067504883,0.4344944655895233,0.5088637471199036,0.3488892912864685,3E2DF58C4889D73BD1CFC90FB268C9903AFA5690255BAF8F10D0DB884FBFBFA6,26AA60ABC4B017BD8143B4DB693FF7CD54B5A0A1395E4F858040D298F93154EC,09217CA666AC53FBE0D97F5336D03D123BAF20C386B113BC821F9DEDBD015D0E,D696BBFA42DD1A840708B9C42E824036862ED17D538B2B47551641D8145854DB,COMPLETE_FIXED_MODEL_BRANCH_READOUT_DIAGNOSTIC_NOT_FORMAL_ABLATION
ODCR-D696,RRSHID-Test,RRSHID-Test_0019,moderate_fog/1253.png,output,16.777366638183594,0.5229247212409973,0.4381350576877594,0.3486453890800476,3E2DF58C4889D73BD1CFC90FB268C9903AFA5690255BAF8F10D0DB884FBFBFA6,26AA60ABC4B017BD8143B4DB693FF7CD54B5A0A1395E4F858040D298F93154EC,CCD2A184143B262788BCCE025897123E5E890A72E65A229363973877DD12B7C4,D696BBFA42DD1A840708B9C42E824036862ED17D538B2B47551641D8145854DB,COMPLETE_FIXED_MODEL_BRANCH_READOUT_DIAGNOSTIC_NOT_FORMAL_ABLATION
ODCR-D696,RRSHID-Test,RRSHID-Test_0020,moderate_fog/1264.png,direct,25.259746551513672,0.8135700821876526,0.27552974224090576,0.21790939569473267,767F153E161C1D72C04962C9BFDCE920257B8E99B0C13E43AC5FA5826F7734E9,6CDBA5CCE7C47260D9952DAFCBAB3DBF81AE6538E96F4DEFEE05F2F4E8086899,5474186F9A803B8F0D5A65830DC2732078AFCE6F8994278BF3D17FFD4A829DB3,D696BBFA42DD1A840708B9C42E824036862ED17D538B2B47551641D8145854DB,COMPLETE_FIXED_MODEL_BRANCH_READOUT_DIAGNOSTIC_NOT_FORMAL_ABLATION
ODCR-D696,RRSHID-Test,RRSHID-Test_0020,moderate_fog/1264.png,physical,18.382661819458008,0.5684040188789368,0.41448774933815,0.2711747884750366,767F153E161C1D72C04962C9BFDCE920257B8E99B0C13E43AC5FA5826F7734E9,6CDBA5CCE7C47260D9952DAFCBAB3DBF81AE6538E96F4DEFEE05F2F4E8086899,9B63866AFCCA73D73D3676D8CE117F2EC2658B7630F5ADEEBEE4848B9DA78FC7,D696BBFA42DD1A840708B9C42E824036862ED17D538B2B47551641D8145854DB,COMPLETE_FIXED_MODEL_BRANCH_READOUT_DIAGNOSTIC_NOT_FORMAL_ABLATION
ODCR-D696,RRSHID-Test,RRSHID-Test_0020,moderate_fog/1264.png,output,25.6816463470459,0.8195352554321289,0.25439947843551636,0.20881164073944092,767F153E161C1D72C04962C9BFDCE920257B8E99B0C13E43AC5FA5826F7734E9,6CDBA5CCE7C47260D9952DAFCBAB3DBF81AE6538E96F4DEFEE05F2F4E8086899,DC3942A0BEC6A742E4751A4F450C1291B49134A39E6343CA0159F2CC1BAE00A2,D696BBFA42DD1A840708B9C42E824036862ED17D538B2B47551641D8145854DB,COMPLETE_FIXED_MODEL_BRANCH_READOUT_DIAGNOSTIC_NOT_FORMAL_ABLATION
ODCR-D696,RRSHID-Test,RRSHID-Test_0021,moderate_fog/1271.png,direct,22.45828628540039,0.6931623816490173,0.4065229594707489,0.2473224401473999,3AB9CFDB5E705072A1A65D0D207BF2E176B0179FF26558D6459D4FFF32E7FAE0,D2AA4A51261E3C94C82ED986C8ADB70B82CD9B1783126A46E21DBADFA7724056,49BEAA5C2957799BB2869CDD11A6A4F601C755A96279381DE97600E634B5A0A7,D696BBFA42DD1A840708B9C42E824036862ED17D538B2B47551641D8145854DB,COMPLETE_FIXED_MODEL_BRANCH_READOUT_DIAGNOSTIC_NOT_FORMAL_ABLATION
ODCR-D696,RRSHID-Test,RRSHID-Test_0021,moderate_fog/1271.png,physical,21.659854888916016,0.6321763396263123,0.3955724239349365,0.2445273995399475,3AB9CFDB5E705072A1A65D0D207BF2E176B0179FF26558D6459D4FFF32E7FAE0,D2AA4A51261E3C94C82ED986C8ADB70B82CD9B1783126A46E21DBADFA7724056,383A94FB1A164BC53FF3838FF0AA3921A3EFFAAD162664C1CF127BBD125BC458,D696BBFA42DD1A840708B9C42E824036862ED17D538B2B47551641D8145854DB,COMPLETE_FIXED_MODEL_BRANCH_READOUT_DIAGNOSTIC_NOT_FORMAL_ABLATION
ODCR-D696,RRSHID-Test,RRSHID-Test_0021,moderate_fog/1271.png,output,23.201749801635742,0.7149680256843567,0.36072754859924316,0.23326385021209717,3AB9CFDB5E705072A1A65D0D207BF2E176B0179FF26558D6459D4FFF32E7FAE0,D2AA4A51261E3C94C82ED986C8ADB70B82CD9B1783126A46E21DBADFA7724056,EC811EE34B47E8793DE477400CED59EAB550ADAFE8A63427B3F304590891FCE0,D696BBFA42DD1A840708B9C42E824036862ED17D538B2B47551641D8145854DB,COMPLETE_FIXED_MODEL_BRANCH_READOUT_DIAGNOSTIC_NOT_FORMAL_ABLATION
ODCR-D696,RRSHID-Test,RRSHID-Test_0022,moderate_fog/1294.png,direct,25.258594512939453,0.7483572363853455,0.3294820785522461,0.2537628412246704,C849BD3534429848CAD7C7D45F2A80D730ED634A337F2A8ED20D2421A4E87C2D,FFCADBCA91F328B958DF067201547C78DF2B2EE6E94E76D22960DAA226738DBF,62981748A605C006DAC56F51B2D518415D94604E099DC39C6D24FF271E9DAA52,D696BBFA42DD1A840708B9C42E824036862ED17D538B2B47551641D8145854DB,COMPLETE_FIXED_MODEL_BRANCH_READOUT_DIAGNOSTIC_NOT_FORMAL_ABLATION
ODCR-D696,RRSHID-Test,RRSHID-Test_0022,moderate_fog/1294.png,physical,19.042125701904297,0.6317043900489807,0.4306582808494568,0.28449511528015137,C849BD3534429848CAD7C7D45F2A80D730ED634A337F2A8ED20D2421A4E87C2D,FFCADBCA91F328B958DF067201547C78DF2B2EE6E94E76D22960DAA226738DBF,0BE838AD53D901DAB05CD6ED0F5EADD31C45A9CCF1AC96B76290CFB7EC1AA731,D696BBFA42DD1A840708B9C42E824036862ED17D538B2B47551641D8145854DB,COMPLETE_FIXED_MODEL_BRANCH_READOUT_DIAGNOSTIC_NOT_FORMAL_ABLATION
ODCR-D696,RRSHID-Test,RRSHID-Test_0022,moderate_fog/1294.png,output,25.22681999206543,0.7717146873474121,0.29833656549453735,0.2592989206314087,C849BD3534429848CAD7C7D45F2A80D730ED634A337F2A8ED20D2421A4E87C2D,FFCADBCA91F328B958DF067201547C78DF2B2EE6E94E76D22960DAA226738DBF,14CDA1F82E36475DF14FDC436D567C2B81433869E4EA33F3D0ED3397CCCD8FEA,D696BBFA42DD1A840708B9C42E824036862ED17D538B2B47551641D8145854DB,COMPLETE_FIXED_MODEL_BRANCH_READOUT_DIAGNOSTIC_NOT_FORMAL_ABLATION
ODCR-D696,RRSHID-Test,RRSHID-Test_0023,moderate_fog/1299.png,direct,21.63916778564453,0.6727299094200134,0.20113614201545715,0.18490630388259888,26C4CBFD1B09865EA7CD2DD57EAE0AAA20F6B44E8A04861CBA0BEF94C7BBC37B,291D7CDFE31E58C27D420E0FE71F9262E3DFCC378118B920BCF2C22A8C184656,E707954019769FF256B07241A13FE39185F409661A3CCA5B9B564A13B623A7A6,D696BBFA42DD1A840708B9C42E824036862ED17D538B2B47551641D8145854DB,COMPLETE_FIXED_MODEL_BRANCH_READOUT_DIAGNOSTIC_NOT_FORMAL_ABLATION
ODCR-D696,RRSHID-Test,RRSHID-Test_0023,moderate_fog/1299.png,physical,16.542869567871094,0.518563449382782,0.2983235716819763,0.25017040967941284,26C4CBFD1B09865EA7CD2DD57EAE0AAA20F6B44E8A04861CBA0BEF94C7BBC37B,291D7CDFE31E58C27D420E0FE71F9262E3DFCC378118B920BCF2C22A8C184656,9E777F7D15227A1167ADF865EB988DB8343021002F49BC0371546C56CC688A04,D696BBFA42DD1A840708B9C42E824036862ED17D538B2B47551641D8145854DB,COMPLETE_FIXED_MODEL_BRANCH_READOUT_DIAGNOSTIC_NOT_FORMAL_ABLATION
ODCR-D696,RRSHID-Test,RRSHID-Test_0023,moderate_fog/1299.png,output,20.090368270874023,0.6706621050834656,0.17928864061832428,0.17806339263916016,26C4CBFD1B09865EA7CD2DD57EAE0AAA20F6B44E8A04861CBA0BEF94C7BBC37B,291D7CDFE31E58C27D420E0FE71F9262E3DFCC378118B920BCF2C22A8C184656,8E7EEB3094B89C630A7AA226062DA56BB7F156D064A3292E697A7845ACBB306B,D696BBFA42DD1A840708B9C42E824036862ED17D538B2B47551641D8145854DB,COMPLETE_FIXED_MODEL_BRANCH_READOUT_DIAGNOSTIC_NOT_FORMAL_ABLATION
ODCR-D696,RRSHID-Test,RRSHID-Test_0024,moderate_fog/1305.png,direct,23.866979598999023,0.743205726146698,0.3278706669807434,0.2425873875617981,24B340B8090C2AB8F5CEA79CEE678B84CFC18823B8DAFD3D47ED71481BA9EAF9,23C2E43012050AA18ECB88B91999DC72B3F1BBD0262C608D3DD3E410E84D2ED2,BC86BD92B01151BFB04F9D49A3650092A4C2828EBAC347788EAFCEAA33F14B3C,D696BBFA42DD1A840708B9C42E824036862ED17D538B2B47551641D8145854DB,COMPLETE_FIXED_MODEL_BRANCH_READOUT_DIAGNOSTIC_NOT_FORMAL_ABLATION
ODCR-D696,RRSHID-Test,RRSHID-Test_0024,moderate_fog/1305.png,physical,18.41922950744629,0.5643739700317383,0.4017358720302582,0.25822025537490845,24B340B8090C2AB8F5CEA79CEE678B84CFC18823B8DAFD3D47ED71481BA9EAF9,23C2E43012050AA18ECB88B91999DC72B3F1BBD0262C608D3DD3E410E84D2ED2,5C12976D40C25421CB4AF4B08AED1C661AFB3A256DF44061F4696F11607A4B4C,D696BBFA42DD1A840708B9C42E824036862ED17D538B2B47551641D8145854DB,COMPLETE_FIXED_MODEL_BRANCH_READOUT_DIAGNOSTIC_NOT_FORMAL_ABLATION
ODCR-D696,RRSHID-Test,RRSHID-Test_0024,moderate_fog/1305.png,output,25.39999008178711,0.7656700611114502,0.2879643142223358,0.22691422700881958,24B340B8090C2AB8F5CEA79CEE678B84CFC18823B8DAFD3D47ED71481BA9EAF9,23C2E43012050AA18ECB88B91999DC72B3F1BBD0262C608D3DD3E410E84D2ED2,D865FB39DE630C50BD26688083245EE5A3C19BF445853932E1E3507ECE8E33FE,D696BBFA42DD1A840708B9C42E824036862ED17D538B2B47551641D8145854DB,COMPLETE_FIXED_MODEL_BRANCH_READOUT_DIAGNOSTIC_NOT_FORMAL_ABLATION
ODCR-D696,RRSHID-Test,RRSHID-Test_0025,moderate_fog/1311.png,direct,24.317522048950195,0.6205796599388123,0.39313846826553345,0.2273637056350708,42F9F178238DEBB589ED98ED4D96468E57A5110FB58E4315F9C20F791EBD2E45,C527E2D340E255724EFC475FE92F8648B8BEE48A659B9D87728AFA35524CB190,4B7B4D484BE747658B95EC4758E85F644782B7BCCEF65CCC694FF25983F46F27,D696BBFA42DD1A840708B9C42E824036862ED17D538B2B47551641D8145854DB,COMPLETE_FIXED_MODEL_BRANCH_READOUT_DIAGNOSTIC_NOT_FORMAL_ABLATION
ODCR-D696,RRSHID-Test,RRSHID-Test_0025,moderate_fog/1311.png,physical,18.519996643066406,0.549563467502594,0.3928716778755188,0.25134915113449097,42F9F178238DEBB589ED98ED4D96468E57A5110FB58E4315F9C20F791EBD2E45,C527E2D340E255724EFC475FE92F8648B8BEE48A659B9D87728AFA35524CB190,46617F3BDE6BD2968E7967B7143A44F1F0A18B9071AC7B32791EDC7F2C907F2F,D696BBFA42DD1A840708B9C42E824036862ED17D538B2B47551641D8145854DB,COMPLETE_FIXED_MODEL_BRANCH_READOUT_DIAGNOSTIC_NOT_FORMAL_ABLATION
ODCR-D696,RRSHID-Test,RRSHID-Test_0025,moderate_fog/1311.png,output,25.5733642578125,0.6521451473236084,0.3467201590538025,0.2147451639175415,42F9F178238DEBB589ED98ED4D96468E57A5110FB58E4315F9C20F791EBD2E45,C527E2D340E255724EFC475FE92F8648B8BEE48A659B9D87728AFA35524CB190,D04DCFC1DA479165C5AEE9EAAC89C2678CBAC20540CA1CE3CACE30BD4CB28E0B,D696BBFA42DD1A840708B9C42E824036862ED17D538B2B47551641D8145854DB,COMPLETE_FIXED_MODEL_BRANCH_READOUT_DIAGNOSTIC_NOT_FORMAL_ABLATION
ODCR-D696,RRSHID-Test,RRSHID-Test_0026,moderate_fog/1321.png,direct,21.807476043701172,0.6606167554855347,0.3969818353652954,0.3048015832901001,D201AD58B8EBEF71929C57F58850A15BB3323C5ED192201813D0CC3603E95EFB,A0A2D715DDAD0CE6AE1B5A0B16D305A359A146CE32218091F322FDF4E896BD46,567BD59853A67EA05C8ABA6908A3BA7614F13ED5C026547794FEE78B2A93179D,D696BBFA42DD1A840708B9C42E824036862ED17D538B2B47551641D8145854DB,COMPLETE_FIXED_MODEL_BRANCH_READOUT_DIAGNOSTIC_NOT_FORMAL_ABLATION
ODCR-D696,RRSHID-Test,RRSHID-Test_0026,moderate_fog/1321.png,physical,17.31865692138672,0.49300417304039,0.4343124032020569,0.2874870300292969,D201AD58B8EBEF71929C57F58850A15BB3323C5ED192201813D0CC3603E95EFB,A0A2D715DDAD0CE6AE1B5A0B16D305A359A146CE32218091F322FDF4E896BD46,B38474CEB5563DF532BAB9FBFE38FA2B2BD83E8AED840B43050D10214D414637,D696BBFA42DD1A840708B9C42E824036862ED17D538B2B47551641D8145854DB,COMPLETE_FIXED_MODEL_BRANCH_READOUT_DIAGNOSTIC_NOT_FORMAL_ABLATION
ODCR-D696,RRSHID-Test,RRSHID-Test_0026,moderate_fog/1321.png,output,22.482303619384766,0.6822087168693542,0.3499881327152252,0.28437697887420654,D201AD58B8EBEF71929C57F58850A15BB3323C5ED192201813D0CC3603E95EFB,A0A2D715DDAD0CE6AE1B5A0B16D305A359A146CE32218091F322FDF4E896BD46,2201A48259FE3548C6707889BD34F0010E59EF2C8536D26C3318A0F5A0CABF94,D696BBFA42DD1A840708B9C42E824036862ED17D538B2B47551641D8145854DB,COMPLETE_FIXED_MODEL_BRANCH_READOUT_DIAGNOSTIC_NOT_FORMAL_ABLATION
ODCR-D696,RRSHID-Test,RRSHID-Test_0027,moderate_fog/1339.png,direct,22.760234832763672,0.7298250198364258,0.2791644036769867,0.2153058648109436,05D38AD8051DB69FE06DDD5980B730431BFBB281FAF0D75775DAFAF0AF4110F6,3F85AAA3952AA9D2766926B71EA7D325B4F2A6A41C594BD340877C7E510C51CD,E9B5702682E15386106CB6BE9226ED94DEB09B14E915310E91CF2E5F86BFB8B8,D696BBFA42DD1A840708B9C42E824036862ED17D538B2B47551641D8145854DB,COMPLETE_FIXED_MODEL_BRANCH_READOUT_DIAGNOSTIC_NOT_FORMAL_ABLATION
ODCR-D696,RRSHID-Test,RRSHID-Test_0027,moderate_fog/1339.png,physical,16.056272506713867,0.572743833065033,0.3858274817466736,0.2498006820678711,05D38AD8051DB69FE06DDD5980B730431BFBB281FAF0D75775DAFAF0AF4110F6,3F85AAA3952AA9D2766926B71EA7D325B4F2A6A41C594BD340877C7E510C51CD,4FE6DD0701DA37333D3F6A2BEA890548F0373E48ED6F0880E465FE685686323C,D696BBFA42DD1A840708B9C42E824036862ED17D538B2B47551641D8145854DB,COMPLETE_FIXED_MODEL_BRANCH_READOUT_DIAGNOSTIC_NOT_FORMAL_ABLATION
ODCR-D696,RRSHID-Test,RRSHID-Test_0027,moderate_fog/1339.png,output,21.083972930908203,0.7281036376953125,0.25954893231391907,0.22108256816864014,05D38AD8051DB69FE06DDD5980B730431BFBB281FAF0D75775DAFAF0AF4110F6,3F85AAA3952AA9D2766926B71EA7D325B4F2A6A41C594BD340877C7E510C51CD,82686C846EA7A13641B16027E00E69CE2537F3D23BCA4E424E77501F4D36B909,D696BBFA42DD1A840708B9C42E824036862ED17D538B2B47551641D8145854DB,COMPLETE_FIXED_MODEL_BRANCH_READOUT_DIAGNOSTIC_NOT_FORMAL_ABLATION
ODCR-D696,RRSHID-Test,RRSHID-Test_0028,moderate_fog/134.png,direct,25.12171173095703,0.7249612212181091,0.40628302097320557,0.2661623954772949,43855190AB52DC9327EA27C94B3FA011C49680F5B91B185E89F2861B8806994A,28143A0AC63627F9451E3ABB24919583C112DF6F2923F04A086992685140E0FC,6E14DB92154A3590BFDAF2203494E8C74746D464AF713F1B86661A4786E13974,D696BBFA42DD1A840708B9C42E824036862ED17D538B2B47551641D8145854DB,COMPLETE_FIXED_MODEL_BRANCH_READOUT_DIAGNOSTIC_NOT_FORMAL_ABLATION
ODCR-D696,RRSHID-Test,RRSHID-Test_0028,moderate_fog/134.png,physical,22.3818416595459,0.5148322582244873,0.4952511787414551,0.3011242151260376,43855190AB52DC9327EA27C94B3FA011C49680F5B91B185E89F2861B8806994A,28143A0AC63627F9451E3ABB24919583C112DF6F2923F04A086992685140E0FC,00E30D27F20D8BC4F09503E64A6EDBA7FF85A55E2350B2EFCDE5670B64AFC2C2,D696BBFA42DD1A840708B9C42E824036862ED17D538B2B47551641D8145854DB,COMPLETE_FIXED_MODEL_BRANCH_READOUT_DIAGNOSTIC_NOT_FORMAL_ABLATION
ODCR-D696,RRSHID-Test,RRSHID-Test_0028,moderate_fog/134.png,output,25.897438049316406,0.7297604084014893,0.37470686435699463,0.24654841423034668,43855190AB52DC9327EA27C94B3FA011C49680F5B91B185E89F2861B8806994A,28143A0AC63627F9451E3ABB24919583C112DF6F2923F04A086992685140E0FC,47746FDEBDC44FE6A86EE022102E460C1D8F4AFA8ACAC9A301EA3E27E9E91700,D696BBFA42DD1A840708B9C42E824036862ED17D538B2B47551641D8145854DB,COMPLETE_FIXED_MODEL_BRANCH_READOUT_DIAGNOSTIC_NOT_FORMAL_ABLATION
ODCR-D696,RRSHID-Test,RRSHID-Test_0029,moderate_fog/136.png,direct,22.479726791381836,0.628065824508667,0.38764315843582153,0.2592505216598511,246BE3D512F3E00AEF95EC664D93431B76A1017C1A02FFDE173A2103960E939C,D3A7FE7A19E675AA6DAB817694D70E48B96C0206F604F7EF4298D6C3EDEEF668,A0C4499D7A904881EC0F05047303E00EA39C9F27A001A2F53527A12BC21E1D6A,D696BBFA42DD1A840708B9C42E824036862ED17D538B2B47551641D8145854DB,COMPLETE_FIXED_MODEL_BRANCH_READOUT_DIAGNOSTIC_NOT_FORMAL_ABLATION
ODCR-D696,RRSHID-Test,RRSHID-Test_0029,moderate_fog/136.png,physical,22.253070831298828,0.4526240825653076,0.4791843891143799,0.3107321858406067,246BE3D512F3E00AEF95EC664D93431B76A1017C1A02FFDE173A2103960E939C,D3A7FE7A19E675AA6DAB817694D70E48B96C0206F604F7EF4298D6C3EDEEF668,FDDDAB7B3A092A551794E44083BBC8BEEF14341CF4E98E59C66F6F2091F28A53,D696BBFA42DD1A840708B9C42E824036862ED17D538B2B47551641D8145854DB,COMPLETE_FIXED_MODEL_BRANCH_READOUT_DIAGNOSTIC_NOT_FORMAL_ABLATION
ODCR-D696,RRSHID-Test,RRSHID-Test_0029,moderate_fog/136.png,output,23.084449768066406,0.6342822909355164,0.3585716187953949,0.2470737099647522,246BE3D512F3E00AEF95EC664D93431B76A1017C1A02FFDE173A2103960E939C,D3A7FE7A19E675AA6DAB817694D70E48B96C0206F604F7EF4298D6C3EDEEF668,901D67659135C9DD4D6ACA7D6E883831EC78076EEBAA9A54A5C0CCF3B129EBE0,D696BBFA42DD1A840708B9C42E824036862ED17D538B2B47551641D8145854DB,COMPLETE_FIXED_MODEL_BRANCH_READOUT_DIAGNOSTIC_NOT_FORMAL_ABLATION
ODCR-D696,RRSHID-Test,RRSHID-Test_0030,moderate_fog/1398.png,direct,19.13956069946289,0.6180588006973267,0.3067947328090668,0.19613587856292725,EA1A7246831229FF9B4F8BB3B450A073E7429DE730FF235A2FA6A2E5A028CF61,F7EB3518F9D36D2C77855E2C436B575D104C08493E44C320117B808F24CBFC82,5CB9E57AA25C226B9986DBCB0CE1359A9E57C6ECC7FDB6FCBD3C69015619B76B,D696BBFA42DD1A840708B9C42E824036862ED17D538B2B47551641D8145854DB,COMPLETE_FIXED_MODEL_BRANCH_READOUT_DIAGNOSTIC_NOT_FORMAL_ABLATION
ODCR-D696,RRSHID-Test,RRSHID-Test_0030,moderate_fog/1398.png,physical,17.795330047607422,0.44732466340065,0.3938955068588257,0.24915796518325806,EA1A7246831229FF9B4F8BB3B450A073E7429DE730FF235A2FA6A2E5A028CF61,F7EB3518F9D36D2C77855E2C436B575D104C08493E44C320117B808F24CBFC82,1A70BD1415F080281F9E8BE8219595C67DA51D684F361E0CC3823133969A3764,D696BBFA42DD1A840708B9C42E824036862ED17D538B2B47551641D8145854DB,COMPLETE_FIXED_MODEL_BRANCH_READOUT_DIAGNOSTIC_NOT_FORMAL_ABLATION
ODCR-D696,RRSHID-Test,RRSHID-Test_0030,moderate_fog/1398.png,output,19.487070083618164,0.6111170649528503,0.283148854970932,0.19103950262069702,EA1A7246831229FF9B4F8BB3B450A073E7429DE730FF235A2FA6A2E5A028CF61,F7EB3518F9D36D2C77855E2C436B575D104C08493E44C320117B808F24CBFC82,4F23132FE55002220AD3BE39651F86DD90852EAF7C3ADA23E90D4322E6A9D4FC,D696BBFA42DD1A840708B9C42E824036862ED17D538B2B47551641D8145854DB,COMPLETE_FIXED_MODEL_BRANCH_READOUT_DIAGNOSTIC_NOT_FORMAL_ABLATION
ODCR-D696,RRSHID-Test,RRSHID-Test_0031,moderate_fog/1408.png,direct,23.68206787109375,0.7166075110435486,0.3092465400695801,0.2538779377937317,3A41938B70A41F2830ED41A502A720920D567B6118A10EF218DD0E2AEDD523C4,9A2D12F19351F7F3FAF8773243CE0D769520CCE986B186CAAE47C5A743D8D691,B59C8C0B4FAEE9F33B65F220F1133F754B81B35190B19724188C236542256EEA,D696BBFA42DD1A840708B9C42E824036862ED17D538B2B47551641D8145854DB,COMPLETE_FIXED_MODEL_BRANCH_READOUT_DIAGNOSTIC_NOT_FORMAL_ABLATION
ODCR-D696,RRSHID-Test,RRSHID-Test_0031,moderate_fog/1408.png,physical,19.76407241821289,0.5341086983680725,0.4065329432487488,0.24621963500976562,3A41938B70A41F2830ED41A502A720920D567B6118A10EF218DD0E2AEDD523C4,9A2D12F19351F7F3FAF8773243CE0D769520CCE986B186CAAE47C5A743D8D691,E7D7263895F88AA58084DA0B5F2F001AAF7B5E8B676AEF6DE766F10FDB35559B,D696BBFA42DD1A840708B9C42E824036862ED17D538B2B47551641D8145854DB,COMPLETE_FIXED_MODEL_BRANCH_READOUT_DIAGNOSTIC_NOT_FORMAL_ABLATION
ODCR-D696,RRSHID-Test,RRSHID-Test_0031,moderate_fog/1408.png,output,24.22808074951172,0.7303056716918945,0.28076499700546265,0.23142027854919434,3A41938B70A41F2830ED41A502A720920D567B6118A10EF218DD0E2AEDD523C4,9A2D12F19351F7F3FAF8773243CE0D769520CCE986B186CAAE47C5A743D8D691,BB4FE7AF9A045E3D03DF7CF03B47EFB91EB89D31F94DE0D8F0AFBA030C561B08,D696BBFA42DD1A840708B9C42E824036862ED17D538B2B47551641D8145854DB,COMPLETE_FIXED_MODEL_BRANCH_READOUT_DIAGNOSTIC_NOT_FORMAL_ABLATION
ODCR-D696,RRSHID-Test,RRSHID-Test_0032,moderate_fog/1414.png,direct,22.975143432617188,0.679582417011261,0.40890806913375854,0.257740318775177,85EC45BE9B71EAEE0D7977B3DE71F5883783735F3F25B1356A4A26CA4B75D7BD,9AA8D474518609C1FF436590B46876E7AFB0EC68A5FC074C9592345BDBAD391F,88E21AD346E63E900C3618C5BDF91AC28C7474DFA929A292D7819882B04D395E,D696BBFA42DD1A840708B9C42E824036862ED17D538B2B47551641D8145854DB,COMPLETE_FIXED_MODEL_BRANCH_READOUT_DIAGNOSTIC_NOT_FORMAL_ABLATION
ODCR-D696,RRSHID-Test,RRSHID-Test_0032,moderate_fog/1414.png,physical,20.53959083557129,0.47331786155700684,0.43270260095596313,0.2542884945869446,85EC45BE9B71EAEE0D7977B3DE71F5883783735F3F25B1356A4A26CA4B75D7BD,9AA8D474518609C1FF436590B46876E7AFB0EC68A5FC074C9592345BDBAD391F,B0D0B2C04682EAB6315280EB7CCB7056E92EEFD26855AF19CF47B94FC7496DE6,D696BBFA42DD1A840708B9C42E824036862ED17D538B2B47551641D8145854DB,COMPLETE_FIXED_MODEL_BRANCH_READOUT_DIAGNOSTIC_NOT_FORMAL_ABLATION
ODCR-D696,RRSHID-Test,RRSHID-Test_0032,moderate_fog/1414.png,output,23.640348434448242,0.6777815818786621,0.3541386127471924,0.23798340559005737,85EC45BE9B71EAEE0D7977B3DE71F5883783735F3F25B1356A4A26CA4B75D7BD,9AA8D474518609C1FF436590B46876E7AFB0EC68A5FC074C9592345BDBAD391F,F749E6A8952BD79EE2C53D3CB27CF800B2B16432747B0CFC4ED368883755ADA4,D696BBFA42DD1A840708B9C42E824036862ED17D538B2B47551641D8145854DB,COMPLETE_FIXED_MODEL_BRANCH_READOUT_DIAGNOSTIC_NOT_FORMAL_ABLATION
ODCR-D696,RRSHID-Test,RRSHID-Test_0033,moderate_fog/1443.png,direct,21.15920066833496,0.6631874442100525,0.309793084859848,0.19283902645111084,3F738004CB40FA53FC95AA2D377D4F37533C7A975AE699BB269C6E26A86AAAA2,0A587004657FDAFDDEFD1126C8C9B3BD8C67AA03F7B2294496DCC6C09638C39D,A536F6A866610A72C7F8E42BA4F1CF8666440987852B01930A48E7EC7EEB64CD,D696BBFA42DD1A840708B9C42E824036862ED17D538B2B47551641D8145854DB,COMPLETE_FIXED_MODEL_BRANCH_READOUT_DIAGNOSTIC_NOT_FORMAL_ABLATION
ODCR-D696,RRSHID-Test,RRSHID-Test_0033,moderate_fog/1443.png,physical,15.151046752929688,0.46448612213134766,0.38398540019989014,0.23522651195526123,3F738004CB40FA53FC95AA2D377D4F37533C7A975AE699BB269C6E26A86AAAA2,0A587004657FDAFDDEFD1126C8C9B3BD8C67AA03F7B2294496DCC6C09638C39D,2762CEF56F5AFE497F1397E9E5D0B44225101A4A3819F5BAF3718AC9C6A6282F,D696BBFA42DD1A840708B9C42E824036862ED17D538B2B47551641D8145854DB,COMPLETE_FIXED_MODEL_BRANCH_READOUT_DIAGNOSTIC_NOT_FORMAL_ABLATION
ODCR-D696,RRSHID-Test,RRSHID-Test_0033,moderate_fog/1443.png,output,19.110759735107422,0.6417924761772156,0.28653374314308167,0.18648529052734375,3F738004CB40FA53FC95AA2D377D4F37533C7A975AE699BB269C6E26A86AAAA2,0A587004657FDAFDDEFD1126C8C9B3BD8C67AA03F7B2294496DCC6C09638C39D,4B42625E28C6131A6E0A2156EFA9F153303C7840926A391C819B83AF50757550,D696BBFA42DD1A840708B9C42E824036862ED17D538B2B47551641D8145854DB,COMPLETE_FIXED_MODEL_BRANCH_READOUT_DIAGNOSTIC_NOT_FORMAL_ABLATION
ODCR-D696,RRSHID-Test,RRSHID-Test_0034,moderate_fog/145.png,direct,21.05459213256836,0.7450389266014099,0.2547608017921448,0.19953590631484985,04DB15795538A04CE4191BBF801F9A544EA250D727E660B8622FBA00575EED8D,2A57CFA065E043FAA569847C244042FF465A6BFF28E4FA3853CF06A6828360FE,D6F92AE618C0F6A52C32A9C82596C7274130AEBE79F08BE037EA39A624B969A5,D696BBFA42DD1A840708B9C42E824036862ED17D538B2B47551641D8145854DB,COMPLETE_FIXED_MODEL_BRANCH_READOUT_DIAGNOSTIC_NOT_FORMAL_ABLATION
ODCR-D696,RRSHID-Test,RRSHID-Test_0034,moderate_fog/145.png,physical,14.892389297485352,0.38592132925987244,0.45576661825180054,0.304919958114624,04DB15795538A04CE4191BBF801F9A544EA250D727E660B8622FBA00575EED8D,2A57CFA065E043FAA569847C244042FF465A6BFF28E4FA3853CF06A6828360FE,CAF59CBFEA0E203B03CA9E1EDF0C1577C14055D39E4C40F72FF95EB44367A23A,D696BBFA42DD1A840708B9C42E824036862ED17D538B2B47551641D8145854DB,COMPLETE_FIXED_MODEL_BRANCH_READOUT_DIAGNOSTIC_NOT_FORMAL_ABLATION
ODCR-D696,RRSHID-Test,RRSHID-Test_0034,moderate_fog/145.png,output,19.539697647094727,0.7070290446281433,0.2621822655200958,0.19688785076141357,04DB15795538A04CE4191BBF801F9A544EA250D727E660B8622FBA00575EED8D,2A57CFA065E043FAA569847C244042FF465A6BFF28E4FA3853CF06A6828360FE,E3802980C03638122A5A3704F717D373BC508084DF188B02B57812B20B4A00AD,D696BBFA42DD1A840708B9C42E824036862ED17D538B2B47551641D8145854DB,COMPLETE_FIXED_MODEL_BRANCH_READOUT_DIAGNOSTIC_NOT_FORMAL_ABLATION
ODCR-D696,RRSHID-Test,RRSHID-Test_0035,moderate_fog/1453.png,direct,24.024019241333008,0.7547300457954407,0.2822836637496948,0.26341986656188965,BCF31D6634C5128EAC819AB3AE97F95F6E42DA0BDCCA8BB8ACB16172FF692A97,2CB59FC016FEA3846EA11EB8EA665BC0ED684D98946C81D87EBD1E56F0430DAE,D91687D5E4EA39253B38170CBE477D85F62500E64A3C2CFB6CE298511A890350,D696BBFA42DD1A840708B9C42E824036862ED17D538B2B47551641D8145854DB,COMPLETE_FIXED_MODEL_BRANCH_READOUT_DIAGNOSTIC_NOT_FORMAL_ABLATION
ODCR-D696,RRSHID-Test,RRSHID-Test_0035,moderate_fog/1453.png,physical,17.377622604370117,0.5143874287605286,0.40348875522613525,0.27765345573425293,BCF31D6634C5128EAC819AB3AE97F95F6E42DA0BDCCA8BB8ACB16172FF692A97,2CB59FC016FEA3846EA11EB8EA665BC0ED684D98946C81D87EBD1E56F0430DAE,EFFF10B6439961DD9354E9207B215D9784C3BC681E477F6786D7C776D387EB8B,D696BBFA42DD1A840708B9C42E824036862ED17D538B2B47551641D8145854DB,COMPLETE_FIXED_MODEL_BRANCH_READOUT_DIAGNOSTIC_NOT_FORMAL_ABLATION
ODCR-D696,RRSHID-Test,RRSHID-Test_0035,moderate_fog/1453.png,output,24.276063919067383,0.7638747692108154,0.24871350824832916,0.2461751103401184,BCF31D6634C5128EAC819AB3AE97F95F6E42DA0BDCCA8BB8ACB16172FF692A97,2CB59FC016FEA3846EA11EB8EA665BC0ED684D98946C81D87EBD1E56F0430DAE,A935383E6EE56D4FE21DF9FCE7D6A48634665F67378D2041FD1BD6E9F633E999,D696BBFA42DD1A840708B9C42E824036862ED17D538B2B47551641D8145854DB,COMPLETE_FIXED_MODEL_BRANCH_READOUT_DIAGNOSTIC_NOT_FORMAL_ABLATION
ODCR-D696,RRSHID-Test,RRSHID-Test_0036,moderate_fog/1463.png,direct,24.712369918823242,0.7536534667015076,0.2886604964733124,0.2458878755569458,7A45F4B5B72485C4C9D9DAA84CC9A2F3875B5645C89406DE1A388D45D7E0BEB8,3AAED2BD99E21396EBA270D966B70782D3DADFBFA88C259A9BDF39831933D69F,253A5E6A84B9DFEF0301F734FE3D57B83DFC2100214C47CFD3AA3A3E407E25C7,D696BBFA42DD1A840708B9C42E824036862ED17D538B2B47551641D8145854DB,COMPLETE_FIXED_MODEL_BRANCH_READOUT_DIAGNOSTIC_NOT_FORMAL_ABLATION
ODCR-D696,RRSHID-Test,RRSHID-Test_0036,moderate_fog/1463.png,physical,20.45172119140625,0.5536631941795349,0.36017662286758423,0.24446183443069458,7A45F4B5B72485C4C9D9DAA84CC9A2F3875B5645C89406DE1A388D45D7E0BEB8,3AAED2BD99E21396EBA270D966B70782D3DADFBFA88C259A9BDF39831933D69F,D3184A3368BAF5197EEB7BB9255FDEA193C20038A32CECD20581357B4A8A25EF,D696BBFA42DD1A840708B9C42E824036862ED17D538B2B47551641D8145854DB,COMPLETE_FIXED_MODEL_BRANCH_READOUT_DIAGNOSTIC_NOT_FORMAL_ABLATION
ODCR-D696,RRSHID-Test,RRSHID-Test_0036,moderate_fog/1463.png,output,25.84184455871582,0.7619063258171082,0.26020485162734985,0.22792869806289673,7A45F4B5B72485C4C9D9DAA84CC9A2F3875B5645C89406DE1A388D45D7E0BEB8,3AAED2BD99E21396EBA270D966B70782D3DADFBFA88C259A9BDF39831933D69F,69ADB11A717E66012C5D348AE9A8D9DE16A4CBBA92C9721E2A420E1F309E69FD,D696BBFA42DD1A840708B9C42E824036862ED17D538B2B47551641D8145854DB,COMPLETE_FIXED_MODEL_BRANCH_READOUT_DIAGNOSTIC_NOT_FORMAL_ABLATION
ODCR-D696,RRSHID-Test,RRSHID-Test_0037,moderate_fog/1469.png,direct,24.577892303466797,0.669780969619751,0.30987367033958435,0.20864653587341309,74F03EB2FF9332D45FBCD9B3B067AB6FA718300D5090E323D6DC4B83B3FE0FB6,E4A69C2D2644EFC1F9FAC2E357353765C26DAC560EB7061946188685686AA896,6C2FC6096A89E00C197ADB1DD364849C963AB84D0D169385915A5A01EA6E0FA4,D696BBFA42DD1A840708B9C42E824036862ED17D538B2B47551641D8145854DB,COMPLETE_FIXED_MODEL_BRANCH_READOUT_DIAGNOSTIC_NOT_FORMAL_ABLATION
ODCR-D696,RRSHID-Test,RRSHID-Test_0037,moderate_fog/1469.png,physical,20.802907943725586,0.5406333208084106,0.32534587383270264,0.21312832832336426,74F03EB2FF9332D45FBCD9B3B067AB6FA718300D5090E323D6DC4B83B3FE0FB6,E4A69C2D2644EFC1F9FAC2E357353765C26DAC560EB7061946188685686AA896,6AB770890C0E20A8719DEB9B2FE724B405C64F7A9E56720FBBEEF685677DE718,D696BBFA42DD1A840708B9C42E824036862ED17D538B2B47551641D8145854DB,COMPLETE_FIXED_MODEL_BRANCH_READOUT_DIAGNOSTIC_NOT_FORMAL_ABLATION
ODCR-D696,RRSHID-Test,RRSHID-Test_0037,moderate_fog/1469.png,output,24.28124237060547,0.6673639416694641,0.25675031542778015,0.18085569143295288,74F03EB2FF9332D45FBCD9B3B067AB6FA718300D5090E323D6DC4B83B3FE0FB6,E4A69C2D2644EFC1F9FAC2E357353765C26DAC560EB7061946188685686AA896,AC674099299F346AB913607D0DDA3A5975088CE9FE19D02937FD512DAEACBA01,D696BBFA42DD1A840708B9C42E824036862ED17D538B2B47551641D8145854DB,COMPLETE_FIXED_MODEL_BRANCH_READOUT_DIAGNOSTIC_NOT_FORMAL_ABLATION
ODCR-D696,RRSHID-Test,RRSHID-Test_0038,moderate_fog/154.png,direct,19.836246490478516,0.5765814185142517,0.38485783338546753,0.23963630199432373,623318DC116758F399FD99712FF4772321FA98506F56840EA49067B1D7175A3A,F0AC742EF03E3F6DE1C6A0972BA380BCAB6B7EE3D5FBF611B63BC68A52A552D2,69209AC526C070A3B5F9260E12449635AE1974934DC18AED1EE9E04A957AB7FE,D696BBFA42DD1A840708B9C42E824036862ED17D538B2B47551641D8145854DB,COMPLETE_FIXED_MODEL_BRANCH_READOUT_DIAGNOSTIC_NOT_FORMAL_ABLATION
ODCR-D696,RRSHID-Test,RRSHID-Test_0038,moderate_fog/154.png,physical,17.265939712524414,0.38511964678764343,0.4409785270690918,0.28445857763290405,623318DC116758F399FD99712FF4772321FA98506F56840EA49067B1D7175A3A,F0AC742EF03E3F6DE1C6A0972BA380BCAB6B7EE3D5FBF611B63BC68A52A552D2,47511B34D6CDA0FA3E56E2A68407F85B4506664795B2559A6A11B6220F8B15E6,D696BBFA42DD1A840708B9C42E824036862ED17D538B2B47551641D8145854DB,COMPLETE_FIXED_MODEL_BRANCH_READOUT_DIAGNOSTIC_NOT_FORMAL_ABLATION
ODCR-D696,RRSHID-Test,RRSHID-Test_0038,moderate_fog/154.png,output,20.20452117919922,0.5788924098014832,0.34722769260406494,0.225805401802063,623318DC116758F399FD99712FF4772321FA98506F56840EA49067B1D7175A3A,F0AC742EF03E3F6DE1C6A0972BA380BCAB6B7EE3D5FBF611B63BC68A52A552D2,797821D9D5797D2F3E825D46B1DDD8B83DE4B416D08036A145C0B856650D2906,D696BBFA42DD1A840708B9C42E824036862ED17D538B2B47551641D8145854DB,COMPLETE_FIXED_MODEL_BRANCH_READOUT_DIAGNOSTIC_NOT_FORMAL_ABLATION
ODCR-D696,RRSHID-Test,RRSHID-Test_0039,moderate_fog/1542.png,direct,22.504135131835938,0.6766679286956787,0.32043716311454773,0.2176574468612671,691C1C7AE9987C92778828E1DA28DEBC060439A993C1D1F1CC36EF218B89FEC2,D21CD04E7D3601E6081A76963E2991F00C054A1F8902E3E38BCE67785B25C987,317A9ACD45EB6157680C02C776BB4059B4E2D0E577769661DD8094CF6208A9C7,D696BBFA42DD1A840708B9C42E824036862ED17D538B2B47551641D8145854DB,COMPLETE_FIXED_MODEL_BRANCH_READOUT_DIAGNOSTIC_NOT_FORMAL_ABLATION
ODCR-D696,RRSHID-Test,RRSHID-Test_0039,moderate_fog/1542.png,physical,20.602802276611328,0.4781443178653717,0.4294215142726898,0.2483108639717102,691C1C7AE9987C92778828E1DA28DEBC060439A993C1D1F1CC36EF218B89FEC2,D21CD04E7D3601E6081A76963E2991F00C054A1F8902E3E38BCE67785B25C987,E8FA6AEEAE5F7FA84CDE9E45EEFDF1018BE848F75861E9D90026E86623DBF25C,D696BBFA42DD1A840708B9C42E824036862ED17D538B2B47551641D8145854DB,COMPLETE_FIXED_MODEL_BRANCH_READOUT_DIAGNOSTIC_NOT_FORMAL_ABLATION
ODCR-D696,RRSHID-Test,RRSHID-Test_0039,moderate_fog/1542.png,output,23.210350036621094,0.6748513579368591,0.29076623916625977,0.1944119930267334,691C1C7AE9987C92778828E1DA28DEBC060439A993C1D1F1CC36EF218B89FEC2,D21CD04E7D3601E6081A76963E2991F00C054A1F8902E3E38BCE67785B25C987,EBAF51DEA85CA17BCEB6E8CBC1292D9FEE5ACA36806FB421ECEECD31D1CFF70A,D696BBFA42DD1A840708B9C42E824036862ED17D538B2B47551641D8145854DB,COMPLETE_FIXED_MODEL_BRANCH_READOUT_DIAGNOSTIC_NOT_FORMAL_ABLATION
ODCR-D696,RRSHID-Test,RRSHID-Test_0040,moderate_fog/1543.png,direct,21.653440475463867,0.6039774417877197,0.30684298276901245,0.23770999908447266,88BE6D8D46C52AACFFD86AE65FAC337DFC241AB7F2BA29A7537E11BAE39F7E18,F2F118E08757BFC30138A432AC5F7B3497FBD6A95744F5CD0C6CC7645824D4E2,FD61F719E406456FD857FD977FBA10786CA5C13699C185CBC9382A28702484E5,D696BBFA42DD1A840708B9C42E824036862ED17D538B2B47551641D8145854DB,COMPLETE_FIXED_MODEL_BRANCH_READOUT_DIAGNOSTIC_NOT_FORMAL_ABLATION
ODCR-D696,RRSHID-Test,RRSHID-Test_0040,moderate_fog/1543.png,physical,19.489925384521484,0.46179720759391785,0.38052892684936523,0.24042397737503052,88BE6D8D46C52AACFFD86AE65FAC337DFC241AB7F2BA29A7537E11BAE39F7E18,F2F118E08757BFC30138A432AC5F7B3497FBD6A95744F5CD0C6CC7645824D4E2,C9D0309CD860594A22A61119D67DDB8FA4378961AC4B2D4770022BC9B379EA7D,D696BBFA42DD1A840708B9C42E824036862ED17D538B2B47551641D8145854DB,COMPLETE_FIXED_MODEL_BRANCH_READOUT_DIAGNOSTIC_NOT_FORMAL_ABLATION
ODCR-D696,RRSHID-Test,RRSHID-Test_0040,moderate_fog/1543.png,output,22.125194549560547,0.602559506893158,0.27687299251556396,0.2061927318572998,88BE6D8D46C52AACFFD86AE65FAC337DFC241AB7F2BA29A7537E11BAE39F7E18,F2F118E08757BFC30138A432AC5F7B3497FBD6A95744F5CD0C6CC7645824D4E2,A6B91C559BC6BD73ABCCA1DC493FA037C943301654B3F96A4CA235C5E0D8763B,D696BBFA42DD1A840708B9C42E824036862ED17D538B2B47551641D8145854DB,COMPLETE_FIXED_MODEL_BRANCH_READOUT_DIAGNOSTIC_NOT_FORMAL_ABLATION
ODCR-D696,RRSHID-Test,RRSHID-Test_0041,moderate_fog/1555.png,direct,25.171829223632812,0.6663123965263367,0.32968413829803467,0.24613022804260254,6284DD3DC24E65B30FA9F0B2486179B22D7EDBC556D520D8C16EBBBE1D1EFB63,786261B3F54C8190186785B4287A6D590BA7743D55905FBB0054C9E2BED2FA66,1573B1CC202E0FA5C09E96EC3BB86EC78E0E40E8516CF339CEDDDFF9A1162325,D696BBFA42DD1A840708B9C42E824036862ED17D538B2B47551641D8145854DB,COMPLETE_FIXED_MODEL_BRANCH_READOUT_DIAGNOSTIC_NOT_FORMAL_ABLATION
ODCR-D696,RRSHID-Test,RRSHID-Test_0041,moderate_fog/1555.png,physical,17.361465454101562,0.4147632122039795,0.4325029253959656,0.2807096838951111,6284DD3DC24E65B30FA9F0B2486179B22D7EDBC556D520D8C16EBBBE1D1EFB63,786261B3F54C8190186785B4287A6D590BA7743D55905FBB0054C9E2BED2FA66,0727D65C416FD5F0444C029B61EA40A0ADCAC27F90EFA8D3599C5B31D251CC64,D696BBFA42DD1A840708B9C42E824036862ED17D538B2B47551641D8145854DB,COMPLETE_FIXED_MODEL_BRANCH_READOUT_DIAGNOSTIC_NOT_FORMAL_ABLATION
ODCR-D696,RRSHID-Test,RRSHID-Test_0041,moderate_fog/1555.png,output,25.003231048583984,0.6610100865364075,0.2985043227672577,0.23181366920471191,6284DD3DC24E65B30FA9F0B2486179B22D7EDBC556D520D8C16EBBBE1D1EFB63,786261B3F54C8190186785B4287A6D590BA7743D55905FBB0054C9E2BED2FA66,6CBE411E15F21ABA1456209F6739E66147E3C7B8E364492B848E04C6F0F0A07B,D696BBFA42DD1A840708B9C42E824036862ED17D538B2B47551641D8145854DB,COMPLETE_FIXED_MODEL_BRANCH_READOUT_DIAGNOSTIC_NOT_FORMAL_ABLATION
ODCR-D696,RRSHID-Test,RRSHID-Test_0042,moderate_fog/1561.png,direct,18.502079010009766,0.624936580657959,0.3078784942626953,0.19555896520614624,536A11F692B8A582E7169A9E4CD4C2EEDC21EAC1BEA2AD03DBBD922ACC26AAB1,02671C98C5DA49D1C4B4AEFAC3CB79D54961FD88D8F24D65F15941C914872312,D5D4EEC38EB5C787EAD2283F61803EF35C1AAB6879A41E1EA961011CA825653B,D696BBFA42DD1A840708B9C42E824036862ED17D538B2B47551641D8145854DB,COMPLETE_FIXED_MODEL_BRANCH_READOUT_DIAGNOSTIC_NOT_FORMAL_ABLATION
ODCR-D696,RRSHID-Test,RRSHID-Test_0042,moderate_fog/1561.png,physical,18.360504150390625,0.4383704364299774,0.41248002648353577,0.23382985591888428,536A11F692B8A582E7169A9E4CD4C2EEDC21EAC1BEA2AD03DBBD922ACC26AAB1,02671C98C5DA49D1C4B4AEFAC3CB79D54961FD88D8F24D65F15941C914872312,C919B8C41040DD3D2DAE35A52107FEB3632604D9A0EE9EDCF79D05DC81731316,D696BBFA42DD1A840708B9C42E824036862ED17D538B2B47551641D8145854DB,COMPLETE_FIXED_MODEL_BRANCH_READOUT_DIAGNOSTIC_NOT_FORMAL_ABLATION
ODCR-D696,RRSHID-Test,RRSHID-Test_0042,moderate_fog/1561.png,output,19.64670753479004,0.6246085166931152,0.2770918309688568,0.17091649770736694,536A11F692B8A582E7169A9E4CD4C2EEDC21EAC1BEA2AD03DBBD922ACC26AAB1,02671C98C5DA49D1C4B4AEFAC3CB79D54961FD88D8F24D65F15941C914872312,AAD8E0CC8A5B1E3A89E71E7B640221F52EE96A921BF6FF8460CD0DF2F29E90D9,D696BBFA42DD1A840708B9C42E824036862ED17D538B2B47551641D8145854DB,COMPLETE_FIXED_MODEL_BRANCH_READOUT_DIAGNOSTIC_NOT_FORMAL_ABLATION
ODCR-D696,RRSHID-Test,RRSHID-Test_0043,moderate_fog/1563.png,direct,24.366710662841797,0.671302318572998,0.3515044152736664,0.24819707870483398,D77A329D4402393B8100788B931C3A2918CE4C64CB5D51B78C486B3B188D3145,C8FB872FB103CEE2592E610F78903CC03B16AE7B5B6A1D3B1D590AC0269F1A06,8666938D78BD9628DAC88A4819415018A98FE4A5DE87E94E68E1221B7F43B011,D696BBFA42DD1A840708B9C42E824036862ED17D538B2B47551641D8145854DB,COMPLETE_FIXED_MODEL_BRANCH_READOUT_DIAGNOSTIC_NOT_FORMAL_ABLATION
ODCR-D696,RRSHID-Test,RRSHID-Test_0043,moderate_fog/1563.png,physical,20.525300979614258,0.4409526288509369,0.4374341368675232,0.27673131227493286,D77A329D4402393B8100788B931C3A2918CE4C64CB5D51B78C486B3B188D3145,C8FB872FB103CEE2592E610F78903CC03B16AE7B5B6A1D3B1D590AC0269F1A06,FCCA862BC4012D64CF46A0F5728D9C7D58633A0DEC982E5CCB2EB6B60B5C077B,D696BBFA42DD1A840708B9C42E824036862ED17D538B2B47551641D8145854DB,COMPLETE_FIXED_MODEL_BRANCH_READOUT_DIAGNOSTIC_NOT_FORMAL_ABLATION
ODCR-D696,RRSHID-Test,RRSHID-Test_0043,moderate_fog/1563.png,output,24.830047607421875,0.6667568683624268,0.3290632665157318,0.22766447067260742,D77A329D4402393B8100788B931C3A2918CE4C64CB5D51B78C486B3B188D3145,C8FB872FB103CEE2592E610F78903CC03B16AE7B5B6A1D3B1D590AC0269F1A06,F14D25D0D6BB82931D133544A2DC97FBC6D67BD223BF8C4605985DBAA21C06B3,D696BBFA42DD1A840708B9C42E824036862ED17D538B2B47551641D8145854DB,COMPLETE_FIXED_MODEL_BRANCH_READOUT_DIAGNOSTIC_NOT_FORMAL_ABLATION
ODCR-D696,RRSHID-Test,RRSHID-Test_0044,moderate_fog/1601.png,direct,26.095199584960938,0.8089839816093445,0.20097003877162933,0.17988884449005127,1ED613C72501DF553B4E21F6CA4B5F421A6D00866A70D5504948BFA5942D3104,34BBB0A88488DC6D35B2BCCD50C9AB6D03A7E5EB7739EFCAF7712EA722733B29,B2CA48A1191875C330847E1BDD3C0F559B81533CCD80994FC2FEB9DDE32E0C57,D696BBFA42DD1A840708B9C42E824036862ED17D538B2B47551641D8145854DB,COMPLETE_FIXED_MODEL_BRANCH_READOUT_DIAGNOSTIC_NOT_FORMAL_ABLATION
ODCR-D696,RRSHID-Test,RRSHID-Test_0044,moderate_fog/1601.png,physical,19.02469825744629,0.5992662310600281,0.33899885416030884,0.22830098867416382,1ED613C72501DF553B4E21F6CA4B5F421A6D00866A70D5504948BFA5942D3104,34BBB0A88488DC6D35B2BCCD50C9AB6D03A7E5EB7739EFCAF7712EA722733B29,44E14C3F5D4A0DCA79D9209EAFE90F3C0E0EFA04DCA3D95F5407844C8B949A7D,D696BBFA42DD1A840708B9C42E824036862ED17D538B2B47551641D8145854DB,COMPLETE_FIXED_MODEL_BRANCH_READOUT_DIAGNOSTIC_NOT_FORMAL_ABLATION
ODCR-D696,RRSHID-Test,RRSHID-Test_0044,moderate_fog/1601.png,output,23.792057037353516,0.7913687825202942,0.19522914290428162,0.16489195823669434,1ED613C72501DF553B4E21F6CA4B5F421A6D00866A70D5504948BFA5942D3104,34BBB0A88488DC6D35B2BCCD50C9AB6D03A7E5EB7739EFCAF7712EA722733B29,DFA0A5BB033CC3B39C46CA60907E834CB3D4BBAF65663BD6EEC51981F1470E18,D696BBFA42DD1A840708B9C42E824036862ED17D538B2B47551641D8145854DB,COMPLETE_FIXED_MODEL_BRANCH_READOUT_DIAGNOSTIC_NOT_FORMAL_ABLATION
ODCR-D696,RRSHID-Test,RRSHID-Test_0045,moderate_fog/1606.png,direct,18.118873596191406,0.3692938983440399,0.7091034650802612,0.47252702713012695,7F3B446F7E288774A3CAAC525017527D95F7CE661149A68A6C30EAA62E9F4ACC,ADFEA596B77FD5B9199D8738E822E8EAE195187C53E50E388CB8DA99726D6B40,B9B7B6486DE07C94A655ECF306F285A7105F1D9CC6B66BC57D523951E9AF7C53,D696BBFA42DD1A840708B9C42E824036862ED17D538B2B47551641D8145854DB,COMPLETE_FIXED_MODEL_BRANCH_READOUT_DIAGNOSTIC_NOT_FORMAL_ABLATION
ODCR-D696,RRSHID-Test,RRSHID-Test_0045,moderate_fog/1606.png,physical,10.255451202392578,0.2009984403848648,0.6069038510322571,0.39536017179489136,7F3B446F7E288774A3CAAC525017527D95F7CE661149A68A6C30EAA62E9F4ACC,ADFEA596B77FD5B9199D8738E822E8EAE195187C53E50E388CB8DA99726D6B40,8BC10711947673FC30DA08D21A96365B41E0E515AB34AEC0E098771A3D74A7E5,D696BBFA42DD1A840708B9C42E824036862ED17D538B2B47551641D8145854DB,COMPLETE_FIXED_MODEL_BRANCH_READOUT_DIAGNOSTIC_NOT_FORMAL_ABLATION
ODCR-D696,RRSHID-Test,RRSHID-Test_0045,moderate_fog/1606.png,output,16.831687927246094,0.3443319797515869,0.6322370171546936,0.41568732261657715,7F3B446F7E288774A3CAAC525017527D95F7CE661149A68A6C30EAA62E9F4ACC,ADFEA596B77FD5B9199D8738E822E8EAE195187C53E50E388CB8DA99726D6B40,B6A780DFD86DDF5FBD5DEF17A06E3C03202DBF46481E9A0F18285FCC0A789035,D696BBFA42DD1A840708B9C42E824036862ED17D538B2B47551641D8145854DB,COMPLETE_FIXED_MODEL_BRANCH_READOUT_DIAGNOSTIC_NOT_FORMAL_ABLATION
ODCR-D696,RRSHID-Test,RRSHID-Test_0046,moderate_fog/1608.png,direct,17.056020736694336,0.3523596227169037,0.5796253681182861,0.4093021750450134,C2C8EDD36A70361AE5CC6FF519AEFED5340D2F18DF718A8F0DF96912E4535ADA,2341B336115FE441ECEBDEFCE5519B0E25FC2E5B8CF0594B11ECA43C605B5305,A848102BF3CD3EEBB089A7C201A66342BB4CB5D59173D296872EEE351D2A59F4,D696BBFA42DD1A840708B9C42E824036862ED17D538B2B47551641D8145854DB,COMPLETE_FIXED_MODEL_BRANCH_READOUT_DIAGNOSTIC_NOT_FORMAL_ABLATION
ODCR-D696,RRSHID-Test,RRSHID-Test_0046,moderate_fog/1608.png,physical,13.53509521484375,0.32927289605140686,0.5232634544372559,0.352438747882843,C2C8EDD36A70361AE5CC6FF519AEFED5340D2F18DF718A8F0DF96912E4535ADA,2341B336115FE441ECEBDEFCE5519B0E25FC2E5B8CF0594B11ECA43C605B5305,9924C6832978CCEDEADBF3D2F488E7E1D33E58CC722C090E483F97D0065235AD,D696BBFA42DD1A840708B9C42E824036862ED17D538B2B47551641D8145854DB,COMPLETE_FIXED_MODEL_BRANCH_READOUT_DIAGNOSTIC_NOT_FORMAL_ABLATION
ODCR-D696,RRSHID-Test,RRSHID-Test_0046,moderate_fog/1608.png,output,16.81592559814453,0.37250402569770813,0.4833903908729553,0.3781449794769287,C2C8EDD36A70361AE5CC6FF519AEFED5340D2F18DF718A8F0DF96912E4535ADA,2341B336115FE441ECEBDEFCE5519B0E25FC2E5B8CF0594B11ECA43C605B5305,485381BE07967ECC3B058C5E7324D959E0468855738E85FFE347527EB9A73EB6,D696BBFA42DD1A840708B9C42E824036862ED17D538B2B47551641D8145854DB,COMPLETE_FIXED_MODEL_BRANCH_READOUT_DIAGNOSTIC_NOT_FORMAL_ABLATION
ODCR-D696,RRSHID-Test,RRSHID-Test_0047,moderate_fog/163.png,direct,27.515766143798828,0.778902530670166,0.2515246868133545,0.20953881740570068,C48148CDF0DCE75E35ABF54B3893D5908025ABD11EFF078ED17A15446F8243C5,F91AE97002C321D9E89E97526B294CA0BE4621F3B7CEE0E6E0A7BA492FA91E66,02C9CF9AD0438F1B766442A66EBD39C882F4EC4EAC38AB359B3EC7E4B17744FB,D696BBFA42DD1A840708B9C42E824036862ED17D538B2B47551641D8145854DB,COMPLETE_FIXED_MODEL_BRANCH_READOUT_DIAGNOSTIC_NOT_FORMAL_ABLATION
ODCR-D696,RRSHID-Test,RRSHID-Test_0047,moderate_fog/163.png,physical,20.52092742919922,0.5317814946174622,0.4338409900665283,0.2815060615539551,C48148CDF0DCE75E35ABF54B3893D5908025ABD11EFF078ED17A15446F8243C5,F91AE97002C321D9E89E97526B294CA0BE4621F3B7CEE0E6E0A7BA492FA91E66,52B2BE9F582AFC56A2247DD91C83B804A406FA381CDE4ABB65FDE50D50475E8F,D696BBFA42DD1A840708B9C42E824036862ED17D538B2B47551641D8145854DB,COMPLETE_FIXED_MODEL_BRANCH_READOUT_DIAGNOSTIC_NOT_FORMAL_ABLATION
ODCR-D696,RRSHID-Test,RRSHID-Test_0047,moderate_fog/163.png,output,26.998199462890625,0.7685511112213135,0.2270589917898178,0.21274292469024658,C48148CDF0DCE75E35ABF54B3893D5908025ABD11EFF078ED17A15446F8243C5,F91AE97002C321D9E89E97526B294CA0BE4621F3B7CEE0E6E0A7BA492FA91E66,49987BCC506286F735C6869B544D0DEA2AC5C2D50B6989314529483CE3E15BB5,D696BBFA42DD1A840708B9C42E824036862ED17D538B2B47551641D8145854DB,COMPLETE_FIXED_MODEL_BRANCH_READOUT_DIAGNOSTIC_NOT_FORMAL_ABLATION
ODCR-D696,RRSHID-Test,RRSHID-Test_0048,moderate_fog/1636.png,direct,19.68513298034668,0.5742413401603699,0.5990011096000671,0.37146544456481934,5E7F3059509830722267506F6AE0DA0159CE1F8D2EE4BD3D392D9B7BEB063496,53DDADAB773FBD8AB51CBB43B261603C0016E76B7807B336161788F112E6FEEF,33964F03619B4AB7060BADCBCAE55B8FB682B4591CB801D5E39742B51E594841,D696BBFA42DD1A840708B9C42E824036862ED17D538B2B47551641D8145854DB,COMPLETE_FIXED_MODEL_BRANCH_READOUT_DIAGNOSTIC_NOT_FORMAL_ABLATION
ODCR-D696,RRSHID-Test,RRSHID-Test_0048,moderate_fog/1636.png,physical,14.26568603515625,0.33301714062690735,0.5581097602844238,0.3416982889175415,5E7F3059509830722267506F6AE0DA0159CE1F8D2EE4BD3D392D9B7BEB063496,53DDADAB773FBD8AB51CBB43B261603C0016E76B7807B336161788F112E6FEEF,A9C85EC1E0C5AA1B9B0D0BE55CA052E348F12821EDDBC96446F55F0DC060581A,D696BBFA42DD1A840708B9C42E824036862ED17D538B2B47551641D8145854DB,COMPLETE_FIXED_MODEL_BRANCH_READOUT_DIAGNOSTIC_NOT_FORMAL_ABLATION
ODCR-D696,RRSHID-Test,RRSHID-Test_0048,moderate_fog/1636.png,output,19.565845489501953,0.5785065293312073,0.5459797382354736,0.3398067355155945,5E7F3059509830722267506F6AE0DA0159CE1F8D2EE4BD3D392D9B7BEB063496,53DDADAB773FBD8AB51CBB43B261603C0016E76B7807B336161788F112E6FEEF,220B7099F93C5340A12431431E7A6CE4D6AC96655D59F706FE056C0E24C9F90F,D696BBFA42DD1A840708B9C42E824036862ED17D538B2B47551641D8145854DB,COMPLETE_FIXED_MODEL_BRANCH_READOUT_DIAGNOSTIC_NOT_FORMAL_ABLATION
ODCR-D696,RRSHID-Test,RRSHID-Test_0049,moderate_fog/1666.png,direct,17.155418395996094,0.38552749156951904,0.6277914643287659,0.4484776258468628,8BB42C9CF7ABB27D0FD5312F9CE4B9329276A40788D974E029BCB1EB7C7B91AC,3B3D12803C75B176D0C8BDF42018CACC3E863A0947C5CEE9059F2212C68CCE5B,4CF7DCEA24ED079D72C028E8E54DA5099F1F1423084346E2D2D1FE58C20C5B3D,D696BBFA42DD1A840708B9C42E824036862ED17D538B2B47551641D8145854DB,COMPLETE_FIXED_MODEL_BRANCH_READOUT_DIAGNOSTIC_NOT_FORMAL_ABLATION
ODCR-D696,RRSHID-Test,RRSHID-Test_0049,moderate_fog/1666.png,physical,13.302092552185059,0.28118109703063965,0.5725798010826111,0.3388904333114624,8BB42C9CF7ABB27D0FD5312F9CE4B9329276A40788D974E029BCB1EB7C7B91AC,3B3D12803C75B176D0C8BDF42018CACC3E863A0947C5CEE9059F2212C68CCE5B,C26A5D941EB406429633758861821E6FC2352721CC5547020A6375ED82F283EC,D696BBFA42DD1A840708B9C42E824036862ED17D538B2B47551641D8145854DB,COMPLETE_FIXED_MODEL_BRANCH_READOUT_DIAGNOSTIC_NOT_FORMAL_ABLATION
ODCR-D696,RRSHID-Test,RRSHID-Test_0049,moderate_fog/1666.png,output,17.038084030151367,0.39558807015419006,0.5717361569404602,0.3995705842971802,8BB42C9CF7ABB27D0FD5312F9CE4B9329276A40788D974E029BCB1EB7C7B91AC,3B3D12803C75B176D0C8BDF42018CACC3E863A0947C5CEE9059F2212C68CCE5B,93E20268B670E2347F841FCAD3BB29AFE938CBA60AA11C0BEFBEC003BFD01751,D696BBFA42DD1A840708B9C42E824036862ED17D538B2B47551641D8145854DB,COMPLETE_FIXED_MODEL_BRANCH_READOUT_DIAGNOSTIC_NOT_FORMAL_ABLATION
ODCR-D696,RRSHID-Test,RRSHID-Test_0050,moderate_fog/1673.png,direct,16.059778213500977,0.3967299163341522,0.5500463247299194,0.42485618591308594,A00D916DE1B063B34CF2A848DB5EDFFB80BB462DD30EBA728A0602654C1AA384,814718F49E91BF18A0548016CB1381AEC48DF2CF8F1E88D54EF2A87BE5F8BFB3,962F13645A2A9AF1163C702AC95289CEB3109B3E40471D67EBB861ACBDBC7800,D696BBFA42DD1A840708B9C42E824036862ED17D538B2B47551641D8145854DB,COMPLETE_FIXED_MODEL_BRANCH_READOUT_DIAGNOSTIC_NOT_FORMAL_ABLATION
ODCR-D696,RRSHID-Test,RRSHID-Test_0050,moderate_fog/1673.png,physical,13.31917667388916,0.3753267824649811,0.4459908902645111,0.3450995683670044,A00D916DE1B063B34CF2A848DB5EDFFB80BB462DD30EBA728A0602654C1AA384,814718F49E91BF18A0548016CB1381AEC48DF2CF8F1E88D54EF2A87BE5F8BFB3,A67E32CD49974E7C1D1354BD399F52008B56786691AD15CB2D4159C301CC959F,D696BBFA42DD1A840708B9C42E824036862ED17D538B2B47551641D8145854DB,COMPLETE_FIXED_MODEL_BRANCH_READOUT_DIAGNOSTIC_NOT_FORMAL_ABLATION
ODCR-D696,RRSHID-Test,RRSHID-Test_0050,moderate_fog/1673.png,output,16.2796573638916,0.4484022855758667,0.46382635831832886,0.36587417125701904,A00D916DE1B063B34CF2A848DB5EDFFB80BB462DD30EBA728A0602654C1AA384,814718F49E91BF18A0548016CB1381AEC48DF2CF8F1E88D54EF2A87BE5F8BFB3,B4FD8CCE4393269298C81AD5D7715D77D58CEBE76C4EBEE8FE13A3F1A725CF70,D696BBFA42DD1A840708B9C42E824036862ED17D538B2B47551641D8145854DB,COMPLETE_FIXED_MODEL_BRANCH_READOUT_DIAGNOSTIC_NOT_FORMAL_ABLATION
ODCR-D696,RRSHID-Test,RRSHID-Test_0051,moderate_fog/1691.png,direct,16.17302703857422,0.4244953393936157,0.5696821212768555,0.4033629298210144,69B3FD936E1451DDF4E275EDCB457DA22441C586C14431D528085FCE5AA4170F,C2C5A4E2BB7F25C902B3707A20E6C963619DF425E5EE1B5C241273144CA5546B,497AB333344429C32122AC75746683153903D6620825794478EA58F9B0A0EF62,D696BBFA42DD1A840708B9C42E824036862ED17D538B2B47551641D8145854DB,COMPLETE_FIXED_MODEL_BRANCH_READOUT_DIAGNOSTIC_NOT_FORMAL_ABLATION
ODCR-D696,RRSHID-Test,RRSHID-Test_0051,moderate_fog/1691.png,physical,15.17892837524414,0.4163095951080322,0.4073143005371094,0.3046276569366455,69B3FD936E1451DDF4E275EDCB457DA22441C586C14431D528085FCE5AA4170F,C2C5A4E2BB7F25C902B3707A20E6C963619DF425E5EE1B5C241273144CA5546B,45553CF3CAB13202440D44F9CD7621C81572D997883EE429B0AF95E8173C99C3,D696BBFA42DD1A840708B9C42E824036862ED17D538B2B47551641D8145854DB,COMPLETE_FIXED_MODEL_BRANCH_READOUT_DIAGNOSTIC_NOT_FORMAL_ABLATION
ODCR-D696,RRSHID-Test,RRSHID-Test_0051,moderate_fog/1691.png,output,17.41056251525879,0.4786924421787262,0.45574456453323364,0.3332236409187317,69B3FD936E1451DDF4E275EDCB457DA22441C586C14431D528085FCE5AA4170F,C2C5A4E2BB7F25C902B3707A20E6C963619DF425E5EE1B5C241273144CA5546B,3940A747C07F128665BB124ECE2CECB601FF5EB36095DF6D82EC91E37AABF3E6,D696BBFA42DD1A840708B9C42E824036862ED17D538B2B47551641D8145854DB,COMPLETE_FIXED_MODEL_BRANCH_READOUT_DIAGNOSTIC_NOT_FORMAL_ABLATION
ODCR-D696,RRSHID-Test,RRSHID-Test_0052,moderate_fog/1706.png,direct,14.124823570251465,0.2728015184402466,0.6872556209564209,0.512047529220581,AA70E3953E1DFFEDA6470C527264785BC3869FEFF6AAC4C162639870C9C2204E,45BB08FF4805683075548D29FD172CCE976378685C1873BEF0F9E5AC0F277ECB,89419CCCB26751D0B0B4F6B5EC84CE94506FC258EC39E1BCF7599A9877A89D3B,D696BBFA42DD1A840708B9C42E824036862ED17D538B2B47551641D8145854DB,COMPLETE_FIXED_MODEL_BRANCH_READOUT_DIAGNOSTIC_NOT_FORMAL_ABLATION
ODCR-D696,RRSHID-Test,RRSHID-Test_0052,moderate_fog/1706.png,physical,11.452340126037598,0.21466803550720215,0.6694186925888062,0.4010087251663208,AA70E3953E1DFFEDA6470C527264785BC3869FEFF6AAC4C162639870C9C2204E,45BB08FF4805683075548D29FD172CCE976378685C1873BEF0F9E5AC0F277ECB,987A66186E68F0F3AA86DEBD3979FD85BA57D17ECB9E745834C8D24A7378EA8C,D696BBFA42DD1A840708B9C42E824036862ED17D538B2B47551641D8145854DB,COMPLETE_FIXED_MODEL_BRANCH_READOUT_DIAGNOSTIC_NOT_FORMAL_ABLATION
ODCR-D696,RRSHID-Test,RRSHID-Test_0052,moderate_fog/1706.png,output,14.129376411437988,0.2770601212978363,0.6726280450820923,0.49980688095092773,AA70E3953E1DFFEDA6470C527264785BC3869FEFF6AAC4C162639870C9C2204E,45BB08FF4805683075548D29FD172CCE976378685C1873BEF0F9E5AC0F277ECB,9ED33968AD056D8624B8F8836F02B542986C26568486736D5952B8553B6EA7C7,D696BBFA42DD1A840708B9C42E824036862ED17D538B2B47551641D8145854DB,COMPLETE_FIXED_MODEL_BRANCH_READOUT_DIAGNOSTIC_NOT_FORMAL_ABLATION
ODCR-D696,RRSHID-Test,RRSHID-Test_0053,moderate_fog/1741.png,direct,13.314796447753906,0.41003918647766113,0.6997638940811157,0.3966022729873657,0C93F4BCC35E4AE6B67673F6EC3CEE7E4AE785C2D3B6071B4D5FDA05DF051D5E,73EE0A1CBE2676D099446E6E16AE2FDE0ED00EB8D4E8FB9353856B2A908C2F5A,94516198490D747C6DD771A05777EF7BCDE6DB746D0E7C3F39CF6E628329F43C,D696BBFA42DD1A840708B9C42E824036862ED17D538B2B47551641D8145854DB,COMPLETE_FIXED_MODEL_BRANCH_READOUT_DIAGNOSTIC_NOT_FORMAL_ABLATION
ODCR-D696,RRSHID-Test,RRSHID-Test_0053,moderate_fog/1741.png,physical,12.222352981567383,0.3571526110172272,0.4974672794342041,0.33595407009124756,0C93F4BCC35E4AE6B67673F6EC3CEE7E4AE785C2D3B6071B4D5FDA05DF051D5E,73EE0A1CBE2676D099446E6E16AE2FDE0ED00EB8D4E8FB9353856B2A908C2F5A,375A216CD7FE8AB5F6F246AA6A4D0CED15E0A0602C1A8262EE77ED990C9333B6,D696BBFA42DD1A840708B9C42E824036862ED17D538B2B47551641D8145854DB,COMPLETE_FIXED_MODEL_BRANCH_READOUT_DIAGNOSTIC_NOT_FORMAL_ABLATION
ODCR-D696,RRSHID-Test,RRSHID-Test_0053,moderate_fog/1741.png,output,13.553300857543945,0.42925116419792175,0.5707600712776184,0.35743093490600586,0C93F4BCC35E4AE6B67673F6EC3CEE7E4AE785C2D3B6071B4D5FDA05DF051D5E,73EE0A1CBE2676D099446E6E16AE2FDE0ED00EB8D4E8FB9353856B2A908C2F5A,92DC40D91BA9BEFE814E7C387B2E5CA949A74A70ADC0AA2E499D30E317924149,D696BBFA42DD1A840708B9C42E824036862ED17D538B2B47551641D8145854DB,COMPLETE_FIXED_MODEL_BRANCH_READOUT_DIAGNOSTIC_NOT_FORMAL_ABLATION
ODCR-D696,RRSHID-Test,RRSHID-Test_0054,moderate_fog/1787.png,direct,20.98935890197754,0.3678235113620758,0.766080379486084,0.43923044204711914,879EFEACA44F8233473FBB051C7F9A5694394AD208677EE8FB41C9D4775B4909,014D6115037337E660AC41B56483FFBAD5CB644CA1DB65B87A7BC8500F25ED59,DFE472D9372A4EFFD9E7661E166DC060B0815CFB79A3EFE7D1CC1310F4F53F4C,D696BBFA42DD1A840708B9C42E824036862ED17D538B2B47551641D8145854DB,COMPLETE_FIXED_MODEL_BRANCH_READOUT_DIAGNOSTIC_NOT_FORMAL_ABLATION
ODCR-D696,RRSHID-Test,RRSHID-Test_0054,moderate_fog/1787.png,physical,10.384110450744629,0.16863948106765747,0.7946349382400513,0.42403024435043335,879EFEACA44F8233473FBB051C7F9A5694394AD208677EE8FB41C9D4775B4909,014D6115037337E660AC41B56483FFBAD5CB644CA1DB65B87A7BC8500F25ED59,EC305E5AD0087AC4D286BD879A19220C43DCF64F740B6B483B3696D18BF87932,D696BBFA42DD1A840708B9C42E824036862ED17D538B2B47551641D8145854DB,COMPLETE_FIXED_MODEL_BRANCH_READOUT_DIAGNOSTIC_NOT_FORMAL_ABLATION
ODCR-D696,RRSHID-Test,RRSHID-Test_0054,moderate_fog/1787.png,output,20.88701057434082,0.365704745054245,0.7506986260414124,0.4264858365058899,879EFEACA44F8233473FBB051C7F9A5694394AD208677EE8FB41C9D4775B4909,014D6115037337E660AC41B56483FFBAD5CB644CA1DB65B87A7BC8500F25ED59,DCB2807D0B7FDB1F9BDC6312F4B069F851AD744414247EEBBD2EBF5D61F0CF8A,D696BBFA42DD1A840708B9C42E824036862ED17D538B2B47551641D8145854DB,COMPLETE_FIXED_MODEL_BRANCH_READOUT_DIAGNOSTIC_NOT_FORMAL_ABLATION
ODCR-D696,RRSHID-Test,RRSHID-Test_0055,moderate_fog/1809.png,direct,18.70112419128418,0.43926072120666504,0.7005658745765686,0.44617557525634766,51FC694A1F1141CFCA0DB183325067B504A21F332A1152D3092EB2010CB76EDC,78154E869CB5CFC98FB04178F85FDB7F4758E4211B25B10EF26CEDB70E687D75,1510E459B87EE21D8BA9B0A852F10C208F251DA76A5DF032B6AA26BB1FB9B893,D696BBFA42DD1A840708B9C42E824036862ED17D538B2B47551641D8145854DB,COMPLETE_FIXED_MODEL_BRANCH_READOUT_DIAGNOSTIC_NOT_FORMAL_ABLATION
ODCR-D696,RRSHID-Test,RRSHID-Test_0055,moderate_fog/1809.png,physical,10.319221496582031,0.2297428697347641,0.6374492049217224,0.3738679885864258,51FC694A1F1141CFCA0DB183325067B504A21F332A1152D3092EB2010CB76EDC,78154E869CB5CFC98FB04178F85FDB7F4758E4211B25B10EF26CEDB70E687D75,5E0869BD3A54B41BA2E1F9C33D5DC97B09642492A712E8D42343BE76E5B8845D,D696BBFA42DD1A840708B9C42E824036862ED17D538B2B47551641D8145854DB,COMPLETE_FIXED_MODEL_BRANCH_READOUT_DIAGNOSTIC_NOT_FORMAL_ABLATION
ODCR-D696,RRSHID-Test,RRSHID-Test_0055,moderate_fog/1809.png,output,18.45869255065918,0.43634650111198425,0.6459990739822388,0.40850675106048584,51FC694A1F1141CFCA0DB183325067B504A21F332A1152D3092EB2010CB76EDC,78154E869CB5CFC98FB04178F85FDB7F4758E4211B25B10EF26CEDB70E687D75,B18F1BA2AA6B8838DD1B477859CEA5E6A92C7DEC3050502EE073718371447A11,D696BBFA42DD1A840708B9C42E824036862ED17D538B2B47551641D8145854DB,COMPLETE_FIXED_MODEL_BRANCH_READOUT_DIAGNOSTIC_NOT_FORMAL_ABLATION
ODCR-D696,RRSHID-Test,RRSHID-Test_0056,moderate_fog/1810.png,direct,21.408050537109375,0.4768439829349518,0.665930986404419,0.4306243658065796,2A434EA49945BC0029928BC38EF8C746DA44C5A0252383F80680F57C321C83A8,51A39ABA04D654D2159733FFFE67229379AFAE5BE277B3221DA21E0EFEE001E5,52523358F90CBF02370E8769665BA539F484400EE1E7FDB5FE185E427BE05630,D696BBFA42DD1A840708B9C42E824036862ED17D538B2B47551641D8145854DB,COMPLETE_FIXED_MODEL_BRANCH_READOUT_DIAGNOSTIC_NOT_FORMAL_ABLATION
ODCR-D696,RRSHID-Test,RRSHID-Test_0056,moderate_fog/1810.png,physical,11.299757957458496,0.29636362195014954,0.578923225402832,0.3785673975944519,2A434EA49945BC0029928BC38EF8C746DA44C5A0252383F80680F57C321C83A8,51A39ABA04D654D2159733FFFE67229379AFAE5BE277B3221DA21E0EFEE001E5,DB77F0E20F33442E79B5D4989EEE3D6B8F004DE78CCF14BBE4737F7C27C5866F,D696BBFA42DD1A840708B9C42E824036862ED17D538B2B47551641D8145854DB,COMPLETE_FIXED_MODEL_BRANCH_READOUT_DIAGNOSTIC_NOT_FORMAL_ABLATION
ODCR-D696,RRSHID-Test,RRSHID-Test_0056,moderate_fog/1810.png,output,20.10870933532715,0.4547116756439209,0.5911557078361511,0.39021217823028564,2A434EA49945BC0029928BC38EF8C746DA44C5A0252383F80680F57C321C83A8,51A39ABA04D654D2159733FFFE67229379AFAE5BE277B3221DA21E0EFEE001E5,79DD30A42C5749283AB02D45B07E16E8CC57502BA7ACAA7B11FA97F6BC9CC25E,D696BBFA42DD1A840708B9C42E824036862ED17D538B2B47551641D8145854DB,COMPLETE_FIXED_MODEL_BRANCH_READOUT_DIAGNOSTIC_NOT_FORMAL_ABLATION
ODCR-D696,RRSHID-Test,RRSHID-Test_0057,moderate_fog/1814.png,direct,13.807753562927246,0.4224758446216583,0.7255852222442627,0.4562265872955322,183774C4A931D498F85FDA6C82B7B5A09AA7F5EA6F4CB399A84366B864659C16,5F035FDF4633BD91BED204BC83C1AD22E3856B777E3AD824DD33F5A6956ED29C,EB572E661E81E12050A874CA9A0FB9B4A635C7AAB7395C6FC3D76401C4D5E685,D696BBFA42DD1A840708B9C42E824036862ED17D538B2B47551641D8145854DB,COMPLETE_FIXED_MODEL_BRANCH_READOUT_DIAGNOSTIC_NOT_FORMAL_ABLATION
ODCR-D696,RRSHID-Test,RRSHID-Test_0057,moderate_fog/1814.png,physical,11.461292266845703,0.33066973090171814,0.5762766003608704,0.37941616773605347,183774C4A931D498F85FDA6C82B7B5A09AA7F5EA6F4CB399A84366B864659C16,5F035FDF4633BD91BED204BC83C1AD22E3856B777E3AD824DD33F5A6956ED29C,A5AE1475802EC2FF7123EE7EB8B13083FEB0A33527A28BBCB4C4D22CD2B0BAED,D696BBFA42DD1A840708B9C42E824036862ED17D538B2B47551641D8145854DB,COMPLETE_FIXED_MODEL_BRANCH_READOUT_DIAGNOSTIC_NOT_FORMAL_ABLATION
ODCR-D696,RRSHID-Test,RRSHID-Test_0057,moderate_fog/1814.png,output,14.065103530883789,0.4342154562473297,0.6100707650184631,0.40993964672088623,183774C4A931D498F85FDA6C82B7B5A09AA7F5EA6F4CB399A84366B864659C16,5F035FDF4633BD91BED204BC83C1AD22E3856B777E3AD824DD33F5A6956ED29C,A191A66BBC1C27E642C53622D0F7FF81B3B4A8DD58F81F234B28CA672F42992D,D696BBFA42DD1A840708B9C42E824036862ED17D538B2B47551641D8145854DB,COMPLETE_FIXED_MODEL_BRANCH_READOUT_DIAGNOSTIC_NOT_FORMAL_ABLATION
ODCR-D696,RRSHID-Test,RRSHID-Test_0058,moderate_fog/1822.png,direct,19.360157012939453,0.3882109820842743,0.7216830849647522,0.4863327741622925,927BD186771D723FA5D92C1B8893F49962F7C818B811894E271A4A57DB659376,49003D63243C0C87853667E99913917BC6028CFAC2BDBC52E0413AD6FF4A7BBB,001587F8DE4B82783169A8ABD9BDC8D138DE6A580CA649002B4C3286E22162C0,D696BBFA42DD1A840708B9C42E824036862ED17D538B2B47551641D8145854DB,COMPLETE_FIXED_MODEL_BRANCH_READOUT_DIAGNOSTIC_NOT_FORMAL_ABLATION
ODCR-D696,RRSHID-Test,RRSHID-Test_0058,moderate_fog/1822.png,physical,10.575579643249512,0.21385915577411652,0.6982631087303162,0.42246657609939575,927BD186771D723FA5D92C1B8893F49962F7C818B811894E271A4A57DB659376,49003D63243C0C87853667E99913917BC6028CFAC2BDBC52E0413AD6FF4A7BBB,67C42E8701FD17B333BC4CE231CB1D9E593BC764917BECBDC271A170308A04DD,D696BBFA42DD1A840708B9C42E824036862ED17D538B2B47551641D8145854DB,COMPLETE_FIXED_MODEL_BRANCH_READOUT_DIAGNOSTIC_NOT_FORMAL_ABLATION
ODCR-D696,RRSHID-Test,RRSHID-Test_0058,moderate_fog/1822.png,output,19.23406410217285,0.38843393325805664,0.6846080422401428,0.46793508529663086,927BD186771D723FA5D92C1B8893F49962F7C818B811894E271A4A57DB659376,49003D63243C0C87853667E99913917BC6028CFAC2BDBC52E0413AD6FF4A7BBB,6628C6576CAB64589F257BD231AA57329187B24D3DC8568BC4D0F604487AD576,D696BBFA42DD1A840708B9C42E824036862ED17D538B2B47551641D8145854DB,COMPLETE_FIXED_MODEL_BRANCH_READOUT_DIAGNOSTIC_NOT_FORMAL_ABLATION
ODCR-D696,RRSHID-Test,RRSHID-Test_0059,moderate_fog/1844.png,direct,11.773022651672363,0.4141659736633301,0.6723728179931641,0.49416911602020264,CA84C746290D56E3BFBF1FDB28996A36F532B3AA17B02ECF0C6263A292CBD19C,A0565307A2F5C69CA5F37756CAD188706C55581705B3EE1952B1D3939E5C1515,D2D92B87BB173AC95C4B5B846B1A58A62E07A71F1FCCAD4D751B11C255E76D8F,D696BBFA42DD1A840708B9C42E824036862ED17D538B2B47551641D8145854DB,COMPLETE_FIXED_MODEL_BRANCH_READOUT_DIAGNOSTIC_NOT_FORMAL_ABLATION
ODCR-D696,RRSHID-Test,RRSHID-Test_0059,moderate_fog/1844.png,physical,12.396282196044922,0.23368768393993378,0.6586768627166748,0.39426183700561523,CA84C746290D56E3BFBF1FDB28996A36F532B3AA17B02ECF0C6263A292CBD19C,A0565307A2F5C69CA5F37756CAD188706C55581705B3EE1952B1D3939E5C1515,61FFDE69040FAB5F3E819A0910E8E03E7CA29029EBB5624B217C0A7963D44315,D696BBFA42DD1A840708B9C42E824036862ED17D538B2B47551641D8145854DB,COMPLETE_FIXED_MODEL_BRANCH_READOUT_DIAGNOSTIC_NOT_FORMAL_ABLATION
ODCR-D696,RRSHID-Test,RRSHID-Test_0059,moderate_fog/1844.png,output,11.8345947265625,0.41470134258270264,0.6547495126724243,0.4797033667564392,CA84C746290D56E3BFBF1FDB28996A36F532B3AA17B02ECF0C6263A292CBD19C,A0565307A2F5C69CA5F37756CAD188706C55581705B3EE1952B1D3939E5C1515,92A066DBB108104ADBAF0E1F27690717865D5DC1A4E290C37CCE659657BD1AB6,D696BBFA42DD1A840708B9C42E824036862ED17D538B2B47551641D8145854DB,COMPLETE_FIXED_MODEL_BRANCH_READOUT_DIAGNOSTIC_NOT_FORMAL_ABLATION
ODCR-D696,RRSHID-Test,RRSHID-Test_0060,moderate_fog/1856.png,direct,20.802417755126953,0.4240086078643799,0.7104408144950867,0.5098038911819458,D634B5B33BA4813C1E465E16DF8151C7B07CD19F1D42B5C79CB9ACCCD3B67857,08DA4396D1F7B3923484C18CA6A3AB3142C83317F4810CDDEF524723C1FEEB5C,A75C0658B9D2F5D8CE06933D6829376B27F863720986E6593321EB2FCA4C3EA4,D696BBFA42DD1A840708B9C42E824036862ED17D538B2B47551641D8145854DB,COMPLETE_FIXED_MODEL_BRANCH_READOUT_DIAGNOSTIC_NOT_FORMAL_ABLATION
ODCR-D696,RRSHID-Test,RRSHID-Test_0060,moderate_fog/1856.png,physical,11.857257843017578,0.21039743721485138,0.7354434728622437,0.38047879934310913,D634B5B33BA4813C1E465E16DF8151C7B07CD19F1D42B5C79CB9ACCCD3B67857,08DA4396D1F7B3923484C18CA6A3AB3142C83317F4810CDDEF524723C1FEEB5C,3801A595BE3FEFCFF1B7F5639D16983CA3AAA02524DF09F8CE9DF39A565001B6,D696BBFA42DD1A840708B9C42E824036862ED17D538B2B47551641D8145854DB,COMPLETE_FIXED_MODEL_BRANCH_READOUT_DIAGNOSTIC_NOT_FORMAL_ABLATION
ODCR-D696,RRSHID-Test,RRSHID-Test_0060,moderate_fog/1856.png,output,20.921297073364258,0.42441046237945557,0.696965754032135,0.4974402189254761,D634B5B33BA4813C1E465E16DF8151C7B07CD19F1D42B5C79CB9ACCCD3B67857,08DA4396D1F7B3923484C18CA6A3AB3142C83317F4810CDDEF524723C1FEEB5C,E4878C84C41702AED51A20665A60667C7A4CF9F5453D877D78B81065D7FD7D42,D696BBFA42DD1A840708B9C42E824036862ED17D538B2B47551641D8145854DB,COMPLETE_FIXED_MODEL_BRANCH_READOUT_DIAGNOSTIC_NOT_FORMAL_ABLATION
ODCR-D696,RRSHID-Test,RRSHID-Test_0061,moderate_fog/1869.png,direct,17.81018829345703,0.2051496058702469,0.7530073523521423,0.5772556066513062,A66E8262313AF610E4554431C064DDC121017B713DC7F72652AFF3FF44DFE4B5,85B984E374F17707456041E58EBFEC02D6568EEC6C869F3BDA0D21056D306F2D,AD0727EC7097CAC0B2250021CB0B9C3508FB3748D7D2B90EDB059CE796A88482,D696BBFA42DD1A840708B9C42E824036862ED17D538B2B47551641D8145854DB,COMPLETE_FIXED_MODEL_BRANCH_READOUT_DIAGNOSTIC_NOT_FORMAL_ABLATION
ODCR-D696,RRSHID-Test,RRSHID-Test_0061,moderate_fog/1869.png,physical,10.514435768127441,0.15198396146297455,0.712348997592926,0.4506925940513611,A66E8262313AF610E4554431C064DDC121017B713DC7F72652AFF3FF44DFE4B5,85B984E374F17707456041E58EBFEC02D6568EEC6C869F3BDA0D21056D306F2D,4B05BC6994CD7DC4661E08A416D815B806D19176EB810B9D658E595D8ACD7C7F,D696BBFA42DD1A840708B9C42E824036862ED17D538B2B47551641D8145854DB,COMPLETE_FIXED_MODEL_BRANCH_READOUT_DIAGNOSTIC_NOT_FORMAL_ABLATION
ODCR-D696,RRSHID-Test,RRSHID-Test_0061,moderate_fog/1869.png,output,17.798215866088867,0.2056971788406372,0.7370056509971619,0.5677773952484131,A66E8262313AF610E4554431C064DDC121017B713DC7F72652AFF3FF44DFE4B5,85B984E374F17707456041E58EBFEC02D6568EEC6C869F3BDA0D21056D306F2D,E349C6491740BD9AB73C0640622C1AAB1E8E2948F586A55BB7C0917F36AFD51B,D696BBFA42DD1A840708B9C42E824036862ED17D538B2B47551641D8145854DB,COMPLETE_FIXED_MODEL_BRANCH_READOUT_DIAGNOSTIC_NOT_FORMAL_ABLATION
ODCR-D696,RRSHID-Test,RRSHID-Test_0062,moderate_fog/1873.png,direct,17.030691146850586,0.25620558857917786,0.7483893036842346,0.5517590045928955,725A90228D799D44268E607D7C543F8F1C1C86D4EBF5271E0F00AF2686B36899,85B9E4A83507F031066C902ECC9460B30F3D3C6483FC204282D0F4907A44E67D,47AE0E8925525C9C2DEB8D186752BD7C7071A77F87F8ED981A516B54FA1B1CDA,D696BBFA42DD1A840708B9C42E824036862ED17D538B2B47551641D8145854DB,COMPLETE_FIXED_MODEL_BRANCH_READOUT_DIAGNOSTIC_NOT_FORMAL_ABLATION
ODCR-D696,RRSHID-Test,RRSHID-Test_0062,moderate_fog/1873.png,physical,8.894346237182617,0.12482496351003647,0.7635648250579834,0.3938959836959839,725A90228D799D44268E607D7C543F8F1C1C86D4EBF5271E0F00AF2686B36899,85B9E4A83507F031066C902ECC9460B30F3D3C6483FC204282D0F4907A44E67D,CCBC159438E7F651F2DD2777D5B5B704728334BC7272EC5D43D49619F26C14D4,D696BBFA42DD1A840708B9C42E824036862ED17D538B2B47551641D8145854DB,COMPLETE_FIXED_MODEL_BRANCH_READOUT_DIAGNOSTIC_NOT_FORMAL_ABLATION
ODCR-D696,RRSHID-Test,RRSHID-Test_0062,moderate_fog/1873.png,output,17.03890037536621,0.2565711438655853,0.7393308877944946,0.5430718064308167,725A90228D799D44268E607D7C543F8F1C1C86D4EBF5271E0F00AF2686B36899,85B9E4A83507F031066C902ECC9460B30F3D3C6483FC204282D0F4907A44E67D,4D4629F0932ED00719155A8334BBE324A1A8DF62F9046098D74E450FB1455CE1,D696BBFA42DD1A840708B9C42E824036862ED17D538B2B47551641D8145854DB,COMPLETE_FIXED_MODEL_BRANCH_READOUT_DIAGNOSTIC_NOT_FORMAL_ABLATION
ODCR-D696,RRSHID-Test,RRSHID-Test_0063,moderate_fog/1899.png,direct,14.177331924438477,0.314810186624527,0.6840466856956482,0.4951756000518799,E97C63837DDD31B274939154F0A3E33E7235B12A1DFA5FFD9320A914FEDAB6DD,62EB23F4148BC9325DCC130493605578954B650BB4B9DE33128085F35FEEFEA1,8AD49D009F70E20CB6A925E00E6BDF19B9179C5A493A020E8CC1E596970AD916,D696BBFA42DD1A840708B9C42E824036862ED17D538B2B47551641D8145854DB,COMPLETE_FIXED_MODEL_BRANCH_READOUT_DIAGNOSTIC_NOT_FORMAL_ABLATION
ODCR-D696,RRSHID-Test,RRSHID-Test_0063,moderate_fog/1899.png,physical,12.436772346496582,0.1839699149131775,0.6950339674949646,0.3720759153366089,E97C63837DDD31B274939154F0A3E33E7235B12A1DFA5FFD9320A914FEDAB6DD,62EB23F4148BC9325DCC130493605578954B650BB4B9DE33128085F35FEEFEA1,096C213D726DB9E41B21F45C81175903E140DD682D0DE90C66C4881DC2B8C81A,D696BBFA42DD1A840708B9C42E824036862ED17D538B2B47551641D8145854DB,COMPLETE_FIXED_MODEL_BRANCH_READOUT_DIAGNOSTIC_NOT_FORMAL_ABLATION
ODCR-D696,RRSHID-Test,RRSHID-Test_0063,moderate_fog/1899.png,output,14.215991973876953,0.3153848350048065,0.675556480884552,0.48362255096435547,E97C63837DDD31B274939154F0A3E33E7235B12A1DFA5FFD9320A914FEDAB6DD,62EB23F4148BC9325DCC130493605578954B650BB4B9DE33128085F35FEEFEA1,D33066DE4B4A08120F037CD01025433E1243F0184B588D4340848E86A19CF593,D696BBFA42DD1A840708B9C42E824036862ED17D538B2B47551641D8145854DB,COMPLETE_FIXED_MODEL_BRANCH_READOUT_DIAGNOSTIC_NOT_FORMAL_ABLATION
ODCR-D696,RRSHID-Test,RRSHID-Test_0064,moderate_fog/1900.png,direct,21.028663635253906,0.5560956597328186,0.553816556930542,0.4850963354110718,3CCC16A934FD0A7AB954E9195DD113FBE2850177B9CEB0169D2BE842080A92BB,A0F6948413F9C9BFA6FEA8D12192A220224E524229EC86272F1B49257A2180F1,02D104D6E295560AF09D33640F03D6B07025E9A5A689A89064D53598D73BDB20,D696BBFA42DD1A840708B9C42E824036862ED17D538B2B47551641D8145854DB,COMPLETE_FIXED_MODEL_BRANCH_READOUT_DIAGNOSTIC_NOT_FORMAL_ABLATION
ODCR-D696,RRSHID-Test,RRSHID-Test_0064,moderate_fog/1900.png,physical,13.316551208496094,0.28015467524528503,0.6205278635025024,0.4040735960006714,3CCC16A934FD0A7AB954E9195DD113FBE2850177B9CEB0169D2BE842080A92BB,A0F6948413F9C9BFA6FEA8D12192A220224E524229EC86272F1B49257A2180F1,14397863F3E8422B8EB6A7D15040B38A49996D7CD7B846BB705882FF8ACB3143,D696BBFA42DD1A840708B9C42E824036862ED17D538B2B47551641D8145854DB,COMPLETE_FIXED_MODEL_BRANCH_READOUT_DIAGNOSTIC_NOT_FORMAL_ABLATION
ODCR-D696,RRSHID-Test,RRSHID-Test_0064,moderate_fog/1900.png,output,21.04912757873535,0.556759774684906,0.5351574420928955,0.46665751934051514,3CCC16A934FD0A7AB954E9195DD113FBE2850177B9CEB0169D2BE842080A92BB,A0F6948413F9C9BFA6FEA8D12192A220224E524229EC86272F1B49257A2180F1,C5F9D8DC3F388E6C38D32C48ECA79CC0658A92BE5533A1F72F22EA2CAA19AB3A,D696BBFA42DD1A840708B9C42E824036862ED17D538B2B47551641D8145854DB,COMPLETE_FIXED_MODEL_BRANCH_READOUT_DIAGNOSTIC_NOT_FORMAL_ABLATION
ODCR-D696,RRSHID-Test,RRSHID-Test_0065,moderate_fog/1929.png,direct,16.896446228027344,0.21358813345432281,0.7822593450546265,0.6096670627593994,AB7491F248A60B5CB24A585E5CE9C831BEE97D3BC229D64C84E20C0A875B34B7,87AFDD903417D9B510554F507575EFA3A7923B5ED14B33654A17F22CA3F77490,93C0BB7AE88DA03719967E85A204917B98F2743ADAAA17A47A251AA96130DD29,D696BBFA42DD1A840708B9C42E824036862ED17D538B2B47551641D8145854DB,COMPLETE_FIXED_MODEL_BRANCH_READOUT_DIAGNOSTIC_NOT_FORMAL_ABLATION
ODCR-D696,RRSHID-Test,RRSHID-Test_0065,moderate_fog/1929.png,physical,12.117851257324219,0.1581127792596817,0.7429258823394775,0.4438561797142029,AB7491F248A60B5CB24A585E5CE9C831BEE97D3BC229D64C84E20C0A875B34B7,87AFDD903417D9B510554F507575EFA3A7923B5ED14B33654A17F22CA3F77490,208838A730759FC2DDFC5768623AAD5A25407A5D39B4E6251CE0FD6FCE8265E5,D696BBFA42DD1A840708B9C42E824036862ED17D538B2B47551641D8145854DB,COMPLETE_FIXED_MODEL_BRANCH_READOUT_DIAGNOSTIC_NOT_FORMAL_ABLATION
ODCR-D696,RRSHID-Test,RRSHID-Test_0065,moderate_fog/1929.png,output,16.947439193725586,0.2143801599740982,0.7689656019210815,0.6027634739875793,AB7491F248A60B5CB24A585E5CE9C831BEE97D3BC229D64C84E20C0A875B34B7,87AFDD903417D9B510554F507575EFA3A7923B5ED14B33654A17F22CA3F77490,A6AECD46F053F780D64D31AA82E1765B2222DBE169DF008A9A6822C3049F433E,D696BBFA42DD1A840708B9C42E824036862ED17D538B2B47551641D8145854DB,COMPLETE_FIXED_MODEL_BRANCH_READOUT_DIAGNOSTIC_NOT_FORMAL_ABLATION
ODCR-D696,RRSHID-Test,RRSHID-Test_0066,moderate_fog/193.png,direct,20.418060302734375,0.5992284417152405,0.33352234959602356,0.21754062175750732,E5DEB712ABA0CEC6E0CFA1EA1C81ABD22305F607F09D667A7A56F5707E0B352C,16B982C6C08A06B1ED93522A290D9BB06FC57647C0444B747EC10A2DB168B7D9,8E8E12CD676990ED6CE79CA2DF8983B1FDEFD76535F3785450671C76EA2DE4AD,D696BBFA42DD1A840708B9C42E824036862ED17D538B2B47551641D8145854DB,COMPLETE_FIXED_MODEL_BRANCH_READOUT_DIAGNOSTIC_NOT_FORMAL_ABLATION
ODCR-D696,RRSHID-Test,RRSHID-Test_0066,moderate_fog/193.png,physical,19.40757179260254,0.5145044922828674,0.3986093997955322,0.25056254863739014,E5DEB712ABA0CEC6E0CFA1EA1C81ABD22305F607F09D667A7A56F5707E0B352C,16B982C6C08A06B1ED93522A290D9BB06FC57647C0444B747EC10A2DB168B7D9,27DA3D8C2ADBE7C9A9861ACAD37FC3D955B180892CFF4D722C9129E33A9CDD7D,D696BBFA42DD1A840708B9C42E824036862ED17D538B2B47551641D8145854DB,COMPLETE_FIXED_MODEL_BRANCH_READOUT_DIAGNOSTIC_NOT_FORMAL_ABLATION
ODCR-D696,RRSHID-Test,RRSHID-Test_0066,moderate_fog/193.png,output,20.968040466308594,0.6103196144104004,0.3108924627304077,0.21281564235687256,E5DEB712ABA0CEC6E0CFA1EA1C81ABD22305F607F09D667A7A56F5707E0B352C,16B982C6C08A06B1ED93522A290D9BB06FC57647C0444B747EC10A2DB168B7D9,D503C422161F47EA0CD5977A0A88C96F5A07A97937D5497956E1DCEBFC5DDE0A,D696BBFA42DD1A840708B9C42E824036862ED17D538B2B47551641D8145854DB,COMPLETE_FIXED_MODEL_BRANCH_READOUT_DIAGNOSTIC_NOT_FORMAL_ABLATION
ODCR-D696,RRSHID-Test,RRSHID-Test_0067,moderate_fog/1931.png,direct,18.816808700561523,0.1870143860578537,0.8296905755996704,0.5209451913833618,24858BE60A00D4F2F4016B8B506B3BD79070E64C9F5EE442920A03FA79AB7555,B310218CB95DFA2D171D7F9FF1F6621688D95678C10F8C86A5D5DB38A062D2AF,58DE7FBF39168809FBDF468E712D26C0747D1E9FAA05F3EA411E54348A9730EA,D696BBFA42DD1A840708B9C42E824036862ED17D538B2B47551641D8145854DB,COMPLETE_FIXED_MODEL_BRANCH_READOUT_DIAGNOSTIC_NOT_FORMAL_ABLATION
ODCR-D696,RRSHID-Test,RRSHID-Test_0067,moderate_fog/1931.png,physical,11.966437339782715,0.13906587660312653,0.8145897388458252,0.408363938331604,24858BE60A00D4F2F4016B8B506B3BD79070E64C9F5EE442920A03FA79AB7555,B310218CB95DFA2D171D7F9FF1F6621688D95678C10F8C86A5D5DB38A062D2AF,182E9DD61C39446A450CD4AE1799980A772059D993CA2740E851FF5E406BFDC9,D696BBFA42DD1A840708B9C42E824036862ED17D538B2B47551641D8145854DB,COMPLETE_FIXED_MODEL_BRANCH_READOUT_DIAGNOSTIC_NOT_FORMAL_ABLATION
ODCR-D696,RRSHID-Test,RRSHID-Test_0067,moderate_fog/1931.png,output,18.838680267333984,0.18803279101848602,0.830549955368042,0.5099122524261475,24858BE60A00D4F2F4016B8B506B3BD79070E64C9F5EE442920A03FA79AB7555,B310218CB95DFA2D171D7F9FF1F6621688D95678C10F8C86A5D5DB38A062D2AF,F95FBE2D2B4F40A204F9E9457328CF32EF3ACBB1875CD069CFE2B25A8C3A1214,D696BBFA42DD1A840708B9C42E824036862ED17D538B2B47551641D8145854DB,COMPLETE_FIXED_MODEL_BRANCH_READOUT_DIAGNOSTIC_NOT_FORMAL_ABLATION
ODCR-D696,RRSHID-Test,RRSHID-Test_0068,moderate_fog/1935.png,direct,19.961856842041016,0.4331899881362915,0.6910448670387268,0.4582485556602478,DF64BED52335E4D0EA9735D07708B0F5EFA16E9CBF02A5D4B6D6E667C273610F,43FEC41AF7DA97C666C76B10A2247CE3887AFE14BF079596C9EEC1AB98EAD12A,8B82FB23FB69345A36A8D077AAC9346BFF68C305397D73CAF8EFDC9EE06DE07F,D696BBFA42DD1A840708B9C42E824036862ED17D538B2B47551641D8145854DB,COMPLETE_FIXED_MODEL_BRANCH_READOUT_DIAGNOSTIC_NOT_FORMAL_ABLATION
ODCR-D696,RRSHID-Test,RRSHID-Test_0068,moderate_fog/1935.png,physical,8.908203125,0.1705670803785324,0.773924708366394,0.37197327613830566,DF64BED52335E4D0EA9735D07708B0F5EFA16E9CBF02A5D4B6D6E667C273610F,43FEC41AF7DA97C666C76B10A2247CE3887AFE14BF079596C9EEC1AB98EAD12A,2F20007CC2C022BFCDE9925D70301E6CD78A7EDAE01739453B140CD553137111,D696BBFA42DD1A840708B9C42E824036862ED17D538B2B47551641D8145854DB,COMPLETE_FIXED_MODEL_BRANCH_READOUT_DIAGNOSTIC_NOT_FORMAL_ABLATION
ODCR-D696,RRSHID-Test,RRSHID-Test_0068,moderate_fog/1935.png,output,19.916336059570312,0.4327010214328766,0.683582603931427,0.44749391078948975,DF64BED52335E4D0EA9735D07708B0F5EFA16E9CBF02A5D4B6D6E667C273610F,43FEC41AF7DA97C666C76B10A2247CE3887AFE14BF079596C9EEC1AB98EAD12A,D39623496AE4BDAD9CCA9CC90284D0CA3DC532AA5D8B00D709DBD499FBB9368B,D696BBFA42DD1A840708B9C42E824036862ED17D538B2B47551641D8145854DB,COMPLETE_FIXED_MODEL_BRANCH_READOUT_DIAGNOSTIC_NOT_FORMAL_ABLATION
ODCR-D696,RRSHID-Test,RRSHID-Test_0069,moderate_fog/1961.png,direct,17.67160987854004,0.5203678011894226,0.5505775213241577,0.3819723129272461,3801DBE626FA0E5CCADBE89A5F885694DF5B70D11D977FE2B0BC15BEA65D3D7F,616554E82D2D70605B39EA33C095ABDA463DB579C82AFB3D005B9396213ABC8B,62D7A206C123EC71E73789F9B5DECF2125694036DEC70187C7A05C84D77B89C8,D696BBFA42DD1A840708B9C42E824036862ED17D538B2B47551641D8145854DB,COMPLETE_FIXED_MODEL_BRANCH_READOUT_DIAGNOSTIC_NOT_FORMAL_ABLATION
ODCR-D696,RRSHID-Test,RRSHID-Test_0069,moderate_fog/1961.png,physical,12.142195701599121,0.29992762207984924,0.5866780877113342,0.34750592708587646,3801DBE626FA0E5CCADBE89A5F885694DF5B70D11D977FE2B0BC15BEA65D3D7F,616554E82D2D70605B39EA33C095ABDA463DB579C82AFB3D005B9396213ABC8B,B0F96146469C6B3E040B9A16444A2A80EE2B0E1855A0C61E2BB1EB9C128FF1AB,D696BBFA42DD1A840708B9C42E824036862ED17D538B2B47551641D8145854DB,COMPLETE_FIXED_MODEL_BRANCH_READOUT_DIAGNOSTIC_NOT_FORMAL_ABLATION
ODCR-D696,RRSHID-Test,RRSHID-Test_0069,moderate_fog/1961.png,output,17.184574127197266,0.5193363428115845,0.49117550253868103,0.3434193730354309,3801DBE626FA0E5CCADBE89A5F885694DF5B70D11D977FE2B0BC15BEA65D3D7F,616554E82D2D70605B39EA33C095ABDA463DB579C82AFB3D005B9396213ABC8B,BFE8DA0102980E85174AD5B6F59DD20E6EE2AF9BF9794F5ED6C47C0F55D260B3,D696BBFA42DD1A840708B9C42E824036862ED17D538B2B47551641D8145854DB,COMPLETE_FIXED_MODEL_BRANCH_READOUT_DIAGNOSTIC_NOT_FORMAL_ABLATION
ODCR-D696,RRSHID-Test,RRSHID-Test_0070,moderate_fog/1985.png,direct,17.6397647857666,0.25668320059776306,0.7798056602478027,0.38279539346694946,AC25CC8F1A553D32BB1ABE451EF98F8BE19FAAE59C0713C9BAED7B6208E5DB05,6F523A456EAB40F898CD3C1BF9599687180FD0DCF3D18EF86A1E7EDE50F57C88,C50B659F80D85126FD2A9348C5B24F818E1527D71F1C514507987906A9DF0FE7,D696BBFA42DD1A840708B9C42E824036862ED17D538B2B47551641D8145854DB,COMPLETE_FIXED_MODEL_BRANCH_READOUT_DIAGNOSTIC_NOT_FORMAL_ABLATION
ODCR-D696,RRSHID-Test,RRSHID-Test_0070,moderate_fog/1985.png,physical,10.935081481933594,0.3061617910861969,0.7233758568763733,0.33356398344039917,AC25CC8F1A553D32BB1ABE451EF98F8BE19FAAE59C0713C9BAED7B6208E5DB05,6F523A456EAB40F898CD3C1BF9599687180FD0DCF3D18EF86A1E7EDE50F57C88,C261447BC23E8C18CAD10249255451FD6A81CAB74F5C1F1D32328535A96B2A39,D696BBFA42DD1A840708B9C42E824036862ED17D538B2B47551641D8145854DB,COMPLETE_FIXED_MODEL_BRANCH_READOUT_DIAGNOSTIC_NOT_FORMAL_ABLATION
ODCR-D696,RRSHID-Test,RRSHID-Test_0070,moderate_fog/1985.png,output,17.537599563598633,0.2728627026081085,0.7353013753890991,0.3707594871520996,AC25CC8F1A553D32BB1ABE451EF98F8BE19FAAE59C0713C9BAED7B6208E5DB05,6F523A456EAB40F898CD3C1BF9599687180FD0DCF3D18EF86A1E7EDE50F57C88,F1E9935067EEB0981CF2130127C87063E42A129E0968F4FE8BC5369F8E3CC937,D696BBFA42DD1A840708B9C42E824036862ED17D538B2B47551641D8145854DB,COMPLETE_FIXED_MODEL_BRANCH_READOUT_DIAGNOSTIC_NOT_FORMAL_ABLATION
ODCR-D696,RRSHID-Test,RRSHID-Test_0071,moderate_fog/1989.png,direct,19.213134765625,0.3620174825191498,0.6897886395454407,0.4203457832336426,BA8BD6F3BE8F86C9030011D62C65CBB6DBF6E7FB86B26FB5D29F2F33BFDD4862,7E4139177A24F2BCE30B1E29AAA0288C0FC280939C2D4F731AFE8DA030142DF5,A560D2E1BA023EACCAB3AFC840EB12241A70A80B320D099E8B49412A23CF495F,D696BBFA42DD1A840708B9C42E824036862ED17D538B2B47551641D8145854DB,COMPLETE_FIXED_MODEL_BRANCH_READOUT_DIAGNOSTIC_NOT_FORMAL_ABLATION
ODCR-D696,RRSHID-Test,RRSHID-Test_0071,moderate_fog/1989.png,physical,11.189580917358398,0.3417026996612549,0.6082229614257812,0.3426375985145569,BA8BD6F3BE8F86C9030011D62C65CBB6DBF6E7FB86B26FB5D29F2F33BFDD4862,7E4139177A24F2BCE30B1E29AAA0288C0FC280939C2D4F731AFE8DA030142DF5,E07C053F3571CF485BD03E31CD4650CD85CA6949282F1CC66DCF6850D7E3FB57,D696BBFA42DD1A840708B9C42E824036862ED17D538B2B47551641D8145854DB,COMPLETE_FIXED_MODEL_BRANCH_READOUT_DIAGNOSTIC_NOT_FORMAL_ABLATION
ODCR-D696,RRSHID-Test,RRSHID-Test_0071,moderate_fog/1989.png,output,18.999248504638672,0.3956623077392578,0.6071805357933044,0.37668001651763916,BA8BD6F3BE8F86C9030011D62C65CBB6DBF6E7FB86B26FB5D29F2F33BFDD4862,7E4139177A24F2BCE30B1E29AAA0288C0FC280939C2D4F731AFE8DA030142DF5,1F7AA26A7D9CF9850FAAD0A91EBDACE41E84FBC9AD69B2009BAFD20E03358BD4,D696BBFA42DD1A840708B9C42E824036862ED17D538B2B47551641D8145854DB,COMPLETE_FIXED_MODEL_BRANCH_READOUT_DIAGNOSTIC_NOT_FORMAL_ABLATION
ODCR-D696,RRSHID-Test,RRSHID-Test_0072,moderate_fog/2040.png,direct,20.26078987121582,0.6436262130737305,0.3945848047733307,0.3022163510322571,8BAC67D1468EDC5DB3CB6D490ED39DFCDCD6CFB9CD551A20A161CF57F53EA00A,E00BCABEC832E796960C0D07B9F1645834EE8081D8E9D200F3968042B5DE1FCE,BF730F40543DBB0B0A9BCEE4E3BAF837E5890BB1FECE8B4072DE8056FF401937,D696BBFA42DD1A840708B9C42E824036862ED17D538B2B47551641D8145854DB,COMPLETE_FIXED_MODEL_BRANCH_READOUT_DIAGNOSTIC_NOT_FORMAL_ABLATION
ODCR-D696,RRSHID-Test,RRSHID-Test_0072,moderate_fog/2040.png,physical,15.602446556091309,0.3513052463531494,0.4724050462245941,0.3224932551383972,8BAC67D1468EDC5DB3CB6D490ED39DFCDCD6CFB9CD551A20A161CF57F53EA00A,E00BCABEC832E796960C0D07B9F1645834EE8081D8E9D200F3968042B5DE1FCE,9C126DC03246744E70394900C65638851ECC7688BDA50B1EA8587E512B7D3AE2,D696BBFA42DD1A840708B9C42E824036862ED17D538B2B47551641D8145854DB,COMPLETE_FIXED_MODEL_BRANCH_READOUT_DIAGNOSTIC_NOT_FORMAL_ABLATION
ODCR-D696,RRSHID-Test,RRSHID-Test_0072,moderate_fog/2040.png,output,20.328330993652344,0.6375186443328857,0.35263681411743164,0.27675628662109375,8BAC67D1468EDC5DB3CB6D490ED39DFCDCD6CFB9CD551A20A161CF57F53EA00A,E00BCABEC832E796960C0D07B9F1645834EE8081D8E9D200F3968042B5DE1FCE,2301CCE9086525FC5706F576093AD878960C9D3C35017200AE1822213C05C1C6,D696BBFA42DD1A840708B9C42E824036862ED17D538B2B47551641D8145854DB,COMPLETE_FIXED_MODEL_BRANCH_READOUT_DIAGNOSTIC_NOT_FORMAL_ABLATION
ODCR-D696,RRSHID-Test,RRSHID-Test_0073,moderate_fog/2041.png,direct,21.64126968383789,0.6508031487464905,0.3621567189693451,0.26364004611968994,BD89EE297533FE3F36BE65B58E183DA19406A7812C22428258F08AC9A0309511,F91EDA0FF8A80868B2436A2DF9BDCA617E91B08F0F1F8B992C5CB123706144F1,6B82AF0ED04E8734151F6884C87B23D92D198C7E7878502E30485627952C208B,D696BBFA42DD1A840708B9C42E824036862ED17D538B2B47551641D8145854DB,COMPLETE_FIXED_MODEL_BRANCH_READOUT_DIAGNOSTIC_NOT_FORMAL_ABLATION
ODCR-D696,RRSHID-Test,RRSHID-Test_0073,moderate_fog/2041.png,physical,18.230987548828125,0.3971118927001953,0.46254387497901917,0.2788540720939636,BD89EE297533FE3F36BE65B58E183DA19406A7812C22428258F08AC9A0309511,F91EDA0FF8A80868B2436A2DF9BDCA617E91B08F0F1F8B992C5CB123706144F1,345F3E8B047B595D7F29711719C17856C86DE010CBC02CD8E71DF3F517B1A826,D696BBFA42DD1A840708B9C42E824036862ED17D538B2B47551641D8145854DB,COMPLETE_FIXED_MODEL_BRANCH_READOUT_DIAGNOSTIC_NOT_FORMAL_ABLATION
ODCR-D696,RRSHID-Test,RRSHID-Test_0073,moderate_fog/2041.png,output,21.928260803222656,0.6308671236038208,0.33179745078086853,0.23981589078903198,BD89EE297533FE3F36BE65B58E183DA19406A7812C22428258F08AC9A0309511,F91EDA0FF8A80868B2436A2DF9BDCA617E91B08F0F1F8B992C5CB123706144F1,45F26F0E790993DAF47FA7BA8DBBED5BA3CF2220C87FA3E9434BBFCFE0778C2B,D696BBFA42DD1A840708B9C42E824036862ED17D538B2B47551641D8145854DB,COMPLETE_FIXED_MODEL_BRANCH_READOUT_DIAGNOSTIC_NOT_FORMAL_ABLATION
ODCR-D696,RRSHID-Test,RRSHID-Test_0074,moderate_fog/2044.png,direct,12.999410629272461,0.42604708671569824,0.4978383779525757,0.3433679938316345,8A18AD6FF69F99B788CAA9033AB43C2C8114535A302A5533F3B0941AC654CB23,725C9B847776F01FA4F39DB2384196354DD9AE1DEE08FD61CACB0CEA30CE7FCA,574136008103CA2E657A3E9BC0CA46F0D2B6B3C275EAB010E188AC34A963B8EF,D696BBFA42DD1A840708B9C42E824036862ED17D538B2B47551641D8145854DB,COMPLETE_FIXED_MODEL_BRANCH_READOUT_DIAGNOSTIC_NOT_FORMAL_ABLATION
ODCR-D696,RRSHID-Test,RRSHID-Test_0074,moderate_fog/2044.png,physical,8.968138694763184,0.15304577350616455,0.6058549880981445,0.3772282004356384,8A18AD6FF69F99B788CAA9033AB43C2C8114535A302A5533F3B0941AC654CB23,725C9B847776F01FA4F39DB2384196354DD9AE1DEE08FD61CACB0CEA30CE7FCA,BF905A2A7284DFC66752EA501EDE0C502EAF1F916FD2B3C1AE32EE138345E9B6,D696BBFA42DD1A840708B9C42E824036862ED17D538B2B47551641D8145854DB,COMPLETE_FIXED_MODEL_BRANCH_READOUT_DIAGNOSTIC_NOT_FORMAL_ABLATION
ODCR-D696,RRSHID-Test,RRSHID-Test_0074,moderate_fog/2044.png,output,12.828240394592285,0.4223424196243286,0.4765458106994629,0.32912153005599976,8A18AD6FF69F99B788CAA9033AB43C2C8114535A302A5533F3B0941AC654CB23,725C9B847776F01FA4F39DB2384196354DD9AE1DEE08FD61CACB0CEA30CE7FCA,3341855D10F4A51E025DB440EB996C72FF7D7CA52FD3B80A3675D75D040951A1,D696BBFA42DD1A840708B9C42E824036862ED17D538B2B47551641D8145854DB,COMPLETE_FIXED_MODEL_BRANCH_READOUT_DIAGNOSTIC_NOT_FORMAL_ABLATION
ODCR-D696,RRSHID-Test,RRSHID-Test_0075,moderate_fog/2049.png,direct,21.12557601928711,0.4988652169704437,0.497941255569458,0.30191993713378906,A77FA299DBA2D2E2642430366C99E36C47B972AC3A2A048408C5CC3261E427D7,88154986437644E45BB085AB300CA78F40AF8B84A51B162950AE5536C204BDA7,66148E222C435CACB7E092428965DAABEE6E2B0EBC0A36E5CFB2C89E51B3F4EB,D696BBFA42DD1A840708B9C42E824036862ED17D538B2B47551641D8145854DB,COMPLETE_FIXED_MODEL_BRANCH_READOUT_DIAGNOSTIC_NOT_FORMAL_ABLATION
ODCR-D696,RRSHID-Test,RRSHID-Test_0075,moderate_fog/2049.png,physical,14.788838386535645,0.2767154276371002,0.4914860129356384,0.31798481941223145,A77FA299DBA2D2E2642430366C99E36C47B972AC3A2A048408C5CC3261E427D7,88154986437644E45BB085AB300CA78F40AF8B84A51B162950AE5536C204BDA7,106E32CD7B0BC618CF1B7D4B98168400BA89C2C323C8013FED1FA683DD1700A3,D696BBFA42DD1A840708B9C42E824036862ED17D538B2B47551641D8145854DB,COMPLETE_FIXED_MODEL_BRANCH_READOUT_DIAGNOSTIC_NOT_FORMAL_ABLATION
ODCR-D696,RRSHID-Test,RRSHID-Test_0075,moderate_fog/2049.png,output,21.511537551879883,0.4973471164703369,0.44380125403404236,0.2793998718261719,A77FA299DBA2D2E2642430366C99E36C47B972AC3A2A048408C5CC3261E427D7,88154986437644E45BB085AB300CA78F40AF8B84A51B162950AE5536C204BDA7,3826271DA3C5CCD27881AE45D6D68EBACAE478C186F92B0587557C540392E046,D696BBFA42DD1A840708B9C42E824036862ED17D538B2B47551641D8145854DB,COMPLETE_FIXED_MODEL_BRANCH_READOUT_DIAGNOSTIC_NOT_FORMAL_ABLATION
ODCR-D696,RRSHID-Test,RRSHID-Test_0076,moderate_fog/2060.png,direct,25.017181396484375,0.6117538809776306,0.5170438885688782,0.3512147068977356,DCB5AD6B676174183ED8F0EF7CBB21B0B0767B310DB0A7CECB72B84A2973BCB0,8E92EC8B8CC0430787B497F7DF8D37C2BE516DC519293E46E264C457D7116B4B,C08E7BD5ED993A42A6F23C5A8767828397C40AC4DC1EBA89864415011FE1B735,D696BBFA42DD1A840708B9C42E824036862ED17D538B2B47551641D8145854DB,COMPLETE_FIXED_MODEL_BRANCH_READOUT_DIAGNOSTIC_NOT_FORMAL_ABLATION
ODCR-D696,RRSHID-Test,RRSHID-Test_0076,moderate_fog/2060.png,physical,13.808219909667969,0.30116239190101624,0.5381731986999512,0.34272056818008423,DCB5AD6B676174183ED8F0EF7CBB21B0B0767B310DB0A7CECB72B84A2973BCB0,8E92EC8B8CC0430787B497F7DF8D37C2BE516DC519293E46E264C457D7116B4B,1C74F9EE19DDFC7BE55B7E2BA1FC05ABA023DF12A44E351338D0DCF8EE6D058A,D696BBFA42DD1A840708B9C42E824036862ED17D538B2B47551641D8145854DB,COMPLETE_FIXED_MODEL_BRANCH_READOUT_DIAGNOSTIC_NOT_FORMAL_ABLATION
ODCR-D696,RRSHID-Test,RRSHID-Test_0076,moderate_fog/2060.png,output,23.547067642211914,0.6018834710121155,0.47257548570632935,0.3327120542526245,DCB5AD6B676174183ED8F0EF7CBB21B0B0767B310DB0A7CECB72B84A2973BCB0,8E92EC8B8CC0430787B497F7DF8D37C2BE516DC519293E46E264C457D7116B4B,0BADB8BDE4C705D4A1DBF150E058AE5CEBA736AB94B2023369BC0AB8F58C4C63,D696BBFA42DD1A840708B9C42E824036862ED17D538B2B47551641D8145854DB,COMPLETE_FIXED_MODEL_BRANCH_READOUT_DIAGNOSTIC_NOT_FORMAL_ABLATION
ODCR-D696,RRSHID-Test,RRSHID-Test_0077,moderate_fog/2061.png,direct,20.21190643310547,0.5372843742370605,0.5168453454971313,0.32431983947753906,AEE6414712442D58E0F3D8E2550197F2791688FA686ECC082ADF3E496A3B2F45,EC50A17448B767ED9D128291140BBFB269687C3A7E89E7914213239F7FC3D288,60B73A24AAC2979A998C2F97FF5CFEDA32D7A892439BA246A15F233A291C8A5F,D696BBFA42DD1A840708B9C42E824036862ED17D538B2B47551641D8145854DB,COMPLETE_FIXED_MODEL_BRANCH_READOUT_DIAGNOSTIC_NOT_FORMAL_ABLATION
ODCR-D696,RRSHID-Test,RRSHID-Test_0077,moderate_fog/2061.png,physical,15.826900482177734,0.35686346888542175,0.48316866159439087,0.3027110695838928,AEE6414712442D58E0F3D8E2550197F2791688FA686ECC082ADF3E496A3B2F45,EC50A17448B767ED9D128291140BBFB269687C3A7E89E7914213239F7FC3D288,ED84FD903BAB07E3DE7DE29CAB3814B7D76B3F6E37D26C74C52F2590B5EF21B5,D696BBFA42DD1A840708B9C42E824036862ED17D538B2B47551641D8145854DB,COMPLETE_FIXED_MODEL_BRANCH_READOUT_DIAGNOSTIC_NOT_FORMAL_ABLATION
ODCR-D696,RRSHID-Test,RRSHID-Test_0077,moderate_fog/2061.png,output,20.416465759277344,0.5446785092353821,0.4622018039226532,0.30051976442337036,AEE6414712442D58E0F3D8E2550197F2791688FA686ECC082ADF3E496A3B2F45,EC50A17448B767ED9D128291140BBFB269687C3A7E89E7914213239F7FC3D288,9A5443F2A5A76175DE2BFA59489835697DF072AC7FA63538868B0F6BD7C5A50A,D696BBFA42DD1A840708B9C42E824036862ED17D538B2B47551641D8145854DB,COMPLETE_FIXED_MODEL_BRANCH_READOUT_DIAGNOSTIC_NOT_FORMAL_ABLATION
ODCR-D696,RRSHID-Test,RRSHID-Test_0078,moderate_fog/2106.png,direct,22.111413955688477,0.5590371489524841,0.4650328457355499,0.3132709264755249,CB915823519A350A9E93F70C6328785CFF407F7D98BFCA1FF4E934EE8C925D5D,ADB839C269E24882D3C005470418220365A9DA4D949CBEF435341FD8E8FBA0FE,B855E9A59F5B8A6EA1B79D9FE124CD21B5CF2F68F905E3FF9B3BCF50EEF5E44D,D696BBFA42DD1A840708B9C42E824036862ED17D538B2B47551641D8145854DB,COMPLETE_FIXED_MODEL_BRANCH_READOUT_DIAGNOSTIC_NOT_FORMAL_ABLATION
ODCR-D696,RRSHID-Test,RRSHID-Test_0078,moderate_fog/2106.png,physical,14.98791790008545,0.3547351360321045,0.4631093740463257,0.3346821665763855,CB915823519A350A9E93F70C6328785CFF407F7D98BFCA1FF4E934EE8C925D5D,ADB839C269E24882D3C005470418220365A9DA4D949CBEF435341FD8E8FBA0FE,AC16596B40F671A3923AEFC9A15F7945C282F360C067C169BA24E60D12EF58C4,D696BBFA42DD1A840708B9C42E824036862ED17D538B2B47551641D8145854DB,COMPLETE_FIXED_MODEL_BRANCH_READOUT_DIAGNOSTIC_NOT_FORMAL_ABLATION
ODCR-D696,RRSHID-Test,RRSHID-Test_0078,moderate_fog/2106.png,output,22.32740592956543,0.5744916796684265,0.4233778417110443,0.29204726219177246,CB915823519A350A9E93F70C6328785CFF407F7D98BFCA1FF4E934EE8C925D5D,ADB839C269E24882D3C005470418220365A9DA4D949CBEF435341FD8E8FBA0FE,924535AD0CA1A5A90293934B678014A8DBDA8A86D0AA98A29AF65A6C0865EFB1,D696BBFA42DD1A840708B9C42E824036862ED17D538B2B47551641D8145854DB,COMPLETE_FIXED_MODEL_BRANCH_READOUT_DIAGNOSTIC_NOT_FORMAL_ABLATION
ODCR-D696,RRSHID-Test,RRSHID-Test_0079,moderate_fog/2107.png,direct,21.495891571044922,0.5553545355796814,0.48852384090423584,0.292216420173645,9885A8F32148BE12AAE32B2472706C3597E52EB2E6181A47A91E27748C240FB2,EF9A5DB00B81A5FD65DA159395B27E88D0C234B055CB2C0286B38CDEE6B1EFF6,9961D745F9BB178D1D8F82AC59117E1A10A8EE2F15A88E6252468986FDE20AB1,D696BBFA42DD1A840708B9C42E824036862ED17D538B2B47551641D8145854DB,COMPLETE_FIXED_MODEL_BRANCH_READOUT_DIAGNOSTIC_NOT_FORMAL_ABLATION
ODCR-D696,RRSHID-Test,RRSHID-Test_0079,moderate_fog/2107.png,physical,13.26272964477539,0.2836592495441437,0.5285122990608215,0.3284781575202942,9885A8F32148BE12AAE32B2472706C3597E52EB2E6181A47A91E27748C240FB2,EF9A5DB00B81A5FD65DA159395B27E88D0C234B055CB2C0286B38CDEE6B1EFF6,EFAE6F2FF0578EBCE2BBEC9DE54C45EA1D7227018CCFD72980DF2BCEEC26F59C,D696BBFA42DD1A840708B9C42E824036862ED17D538B2B47551641D8145854DB,COMPLETE_FIXED_MODEL_BRANCH_READOUT_DIAGNOSTIC_NOT_FORMAL_ABLATION
ODCR-D696,RRSHID-Test,RRSHID-Test_0079,moderate_fog/2107.png,output,21.582603454589844,0.5673526525497437,0.4327261745929718,0.2720530033111572,9885A8F32148BE12AAE32B2472706C3597E52EB2E6181A47A91E27748C240FB2,EF9A5DB00B81A5FD65DA159395B27E88D0C234B055CB2C0286B38CDEE6B1EFF6,7F82588C651969C8D03161A15447BBD749494779A8B5739CFBF504D76FFBA05C,D696BBFA42DD1A840708B9C42E824036862ED17D538B2B47551641D8145854DB,COMPLETE_FIXED_MODEL_BRANCH_READOUT_DIAGNOSTIC_NOT_FORMAL_ABLATION
ODCR-D696,RRSHID-Test,RRSHID-Test_0080,moderate_fog/2108.png,direct,20.526947021484375,0.479088693857193,0.5678653120994568,0.3335227370262146,62F793753570DA49888EEF2A1D132A6E5EC7B17D820BDD6798237945B3679C9A,735B5B9E770238C640669AF99E0F0EBBE94AEFE9E4DF398A68FA995B8DED0A0E,EACD757101348A3622C6CED191026309D11FCD7699F38BB4DA3DEB6B078E19D8,D696BBFA42DD1A840708B9C42E824036862ED17D538B2B47551641D8145854DB,COMPLETE_FIXED_MODEL_BRANCH_READOUT_DIAGNOSTIC_NOT_FORMAL_ABLATION
ODCR-D696,RRSHID-Test,RRSHID-Test_0080,moderate_fog/2108.png,physical,13.75928783416748,0.40057507157325745,0.5246932506561279,0.3342113494873047,62F793753570DA49888EEF2A1D132A6E5EC7B17D820BDD6798237945B3679C9A,735B5B9E770238C640669AF99E0F0EBBE94AEFE9E4DF398A68FA995B8DED0A0E,DEADEA639F85760382D08D7C138A96CE1C252B43F21D92C16B3576BCAEE85930,D696BBFA42DD1A840708B9C42E824036862ED17D538B2B47551641D8145854DB,COMPLETE_FIXED_MODEL_BRANCH_READOUT_DIAGNOSTIC_NOT_FORMAL_ABLATION
ODCR-D696,RRSHID-Test,RRSHID-Test_0080,moderate_fog/2108.png,output,21.068716049194336,0.5168879628181458,0.48786723613739014,0.304609477519989,62F793753570DA49888EEF2A1D132A6E5EC7B17D820BDD6798237945B3679C9A,735B5B9E770238C640669AF99E0F0EBBE94AEFE9E4DF398A68FA995B8DED0A0E,DB8B2E70E5AC319A4959D87AB8AEF0632D72FD3D21CB270C3ACBCAA9660DF966,D696BBFA42DD1A840708B9C42E824036862ED17D538B2B47551641D8145854DB,COMPLETE_FIXED_MODEL_BRANCH_READOUT_DIAGNOSTIC_NOT_FORMAL_ABLATION
ODCR-D696,RRSHID-Test,RRSHID-Test_0081,moderate_fog/2116.png,direct,18.27553939819336,0.5162973999977112,0.5042296648025513,0.3556073307991028,41118EBEBB42E6409973CC519F94FDFC6811ED35BC447D8162A59E01560056C8,E25D12E9601F3531A57B8294C47B6F7EDF32D49212C5BB1EEFF8AAB34627B8E2,3D9C53E8E38C3681D138D334BBD2149232E6BD1A749D537E5D45325BB87E7C3F,D696BBFA42DD1A840708B9C42E824036862ED17D538B2B47551641D8145854DB,COMPLETE_FIXED_MODEL_BRANCH_READOUT_DIAGNOSTIC_NOT_FORMAL_ABLATION
ODCR-D696,RRSHID-Test,RRSHID-Test_0081,moderate_fog/2116.png,physical,18.204530715942383,0.5219488143920898,0.4298556447029114,0.28224313259124756,41118EBEBB42E6409973CC519F94FDFC6811ED35BC447D8162A59E01560056C8,E25D12E9601F3531A57B8294C47B6F7EDF32D49212C5BB1EEFF8AAB34627B8E2,F77BBFEE2CDCA7DB5CC09E004DA44D6E37126738BB6C91EEF7868C961ED5C4A1,D696BBFA42DD1A840708B9C42E824036862ED17D538B2B47551641D8145854DB,COMPLETE_FIXED_MODEL_BRANCH_READOUT_DIAGNOSTIC_NOT_FORMAL_ABLATION
ODCR-D696,RRSHID-Test,RRSHID-Test_0081,moderate_fog/2116.png,output,18.93737030029297,0.5670757293701172,0.4198242723941803,0.30218803882598877,41118EBEBB42E6409973CC519F94FDFC6811ED35BC447D8162A59E01560056C8,E25D12E9601F3531A57B8294C47B6F7EDF32D49212C5BB1EEFF8AAB34627B8E2,192AAE038003FDE94B748099FA75B612913B328373C8E8BABA3E4926DD780474,D696BBFA42DD1A840708B9C42E824036862ED17D538B2B47551641D8145854DB,COMPLETE_FIXED_MODEL_BRANCH_READOUT_DIAGNOSTIC_NOT_FORMAL_ABLATION
ODCR-D696,RRSHID-Test,RRSHID-Test_0082,moderate_fog/2132.png,direct,20.35137176513672,0.5930575728416443,0.3590995669364929,0.2613506317138672,9650B9B92682E6BF5FF912BD9F53C536336D3852D8B2F8F7EDAACB99CB0D4C86,A55768D8546F5675424DD80C04E5CBDA138E6D188465EC04F8653F1D936A0E16,86D208759338252B2C70DA3DB22B09C90DA0D80AC68C9376B4515E3D274A3DA2,D696BBFA42DD1A840708B9C42E824036862ED17D538B2B47551641D8145854DB,COMPLETE_FIXED_MODEL_BRANCH_READOUT_DIAGNOSTIC_NOT_FORMAL_ABLATION
ODCR-D696,RRSHID-Test,RRSHID-Test_0082,moderate_fog/2132.png,physical,17.90875816345215,0.47697409987449646,0.41374334692955017,0.26880472898483276,9650B9B92682E6BF5FF912BD9F53C536336D3852D8B2F8F7EDAACB99CB0D4C86,A55768D8546F5675424DD80C04E5CBDA138E6D188465EC04F8653F1D936A0E16,A2DD70F65A36FD63E9A257CB342F321333670C2A20872700DF7EC34A7EA40D26,D696BBFA42DD1A840708B9C42E824036862ED17D538B2B47551641D8145854DB,COMPLETE_FIXED_MODEL_BRANCH_READOUT_DIAGNOSTIC_NOT_FORMAL_ABLATION
ODCR-D696,RRSHID-Test,RRSHID-Test_0082,moderate_fog/2132.png,output,20.426925659179688,0.5948558449745178,0.33188673853874207,0.2402818202972412,9650B9B92682E6BF5FF912BD9F53C536336D3852D8B2F8F7EDAACB99CB0D4C86,A55768D8546F5675424DD80C04E5CBDA138E6D188465EC04F8653F1D936A0E16,FFD9EDE0B1B88F5887C211DF5F45BCE3A05BC7EB5C7D41B162D39298D907276D,D696BBFA42DD1A840708B9C42E824036862ED17D538B2B47551641D8145854DB,COMPLETE_FIXED_MODEL_BRANCH_READOUT_DIAGNOSTIC_NOT_FORMAL_ABLATION
ODCR-D696,RRSHID-Test,RRSHID-Test_0083,moderate_fog/2143.png,direct,19.43535041809082,0.5707825422286987,0.45537251234054565,0.3052256107330322,8F1AEA6421E502068552F334B510FBABE08A7F4ED74D45DFBABB8876D5EB1177,B1E121502FA86C7755487B4ECF5DFF76356952470309D4ECD1B8C82F7DF96480,E0185F55EE04B8D7C51E237F2EA514E18272BC4E8EBAD0E8AC49EE11587B5AC1,D696BBFA42DD1A840708B9C42E824036862ED17D538B2B47551641D8145854DB,COMPLETE_FIXED_MODEL_BRANCH_READOUT_DIAGNOSTIC_NOT_FORMAL_ABLATION
ODCR-D696,RRSHID-Test,RRSHID-Test_0083,moderate_fog/2143.png,physical,16.34758949279785,0.39858293533325195,0.39827919006347656,0.28722065687179565,8F1AEA6421E502068552F334B510FBABE08A7F4ED74D45DFBABB8876D5EB1177,B1E121502FA86C7755487B4ECF5DFF76356952470309D4ECD1B8C82F7DF96480,31119D23069776B261F07F2F3D977ACB990081641A1C60D93CB9C53A0314E75E,D696BBFA42DD1A840708B9C42E824036862ED17D538B2B47551641D8145854DB,COMPLETE_FIXED_MODEL_BRANCH_READOUT_DIAGNOSTIC_NOT_FORMAL_ABLATION
ODCR-D696,RRSHID-Test,RRSHID-Test_0083,moderate_fog/2143.png,output,20.598203659057617,0.6028587818145752,0.35818082094192505,0.26366645097732544,8F1AEA6421E502068552F334B510FBABE08A7F4ED74D45DFBABB8876D5EB1177,B1E121502FA86C7755487B4ECF5DFF76356952470309D4ECD1B8C82F7DF96480,62C403D2DA49599C9A5AB49AD2A54E31E5EB8E9B0D007614C2BAC8D4F752BA95,D696BBFA42DD1A840708B9C42E824036862ED17D538B2B47551641D8145854DB,COMPLETE_FIXED_MODEL_BRANCH_READOUT_DIAGNOSTIC_NOT_FORMAL_ABLATION
ODCR-D696,RRSHID-Test,RRSHID-Test_0084,moderate_fog/2146.png,direct,15.10468864440918,0.36937782168388367,0.6355187892913818,0.4606667757034302,7FBFE43338E4AA374615CBED94B70309E644FE48EEEF1379E9B22F6F86FE2EBB,3A884E3B475773D4C710F2D152C017A967626620F0F832197A0F1F7C218CB2A1,9885B79B5FFC6965A6C828760CC76318E051BD09BC9CA96ECA0A1AB413D69887,D696BBFA42DD1A840708B9C42E824036862ED17D538B2B47551641D8145854DB,COMPLETE_FIXED_MODEL_BRANCH_READOUT_DIAGNOSTIC_NOT_FORMAL_ABLATION
ODCR-D696,RRSHID-Test,RRSHID-Test_0084,moderate_fog/2146.png,physical,11.249470710754395,0.22840182483196259,0.6181957125663757,0.3781083822250366,7FBFE43338E4AA374615CBED94B70309E644FE48EEEF1379E9B22F6F86FE2EBB,3A884E3B475773D4C710F2D152C017A967626620F0F832197A0F1F7C218CB2A1,2594B93EA457262AA1634A783B61E00E8F63BE2BB59CF03266FAEE3574399072,D696BBFA42DD1A840708B9C42E824036862ED17D538B2B47551641D8145854DB,COMPLETE_FIXED_MODEL_BRANCH_READOUT_DIAGNOSTIC_NOT_FORMAL_ABLATION
ODCR-D696,RRSHID-Test,RRSHID-Test_0084,moderate_fog/2146.png,output,14.968368530273438,0.3765702247619629,0.5974233746528625,0.4450637698173523,7FBFE43338E4AA374615CBED94B70309E644FE48EEEF1379E9B22F6F86FE2EBB,3A884E3B475773D4C710F2D152C017A967626620F0F832197A0F1F7C218CB2A1,077D114D0614937C9B1CEB5DA9AE491E963E4DCFE1782D164CA0A50211E3AEBB,D696BBFA42DD1A840708B9C42E824036862ED17D538B2B47551641D8145854DB,COMPLETE_FIXED_MODEL_BRANCH_READOUT_DIAGNOSTIC_NOT_FORMAL_ABLATION
ODCR-D696,RRSHID-Test,RRSHID-Test_0085,moderate_fog/2174.png,direct,19.905662536621094,0.5687868595123291,0.3761593699455261,0.28704380989074707,C8D82FDCB721054BE11C5FE2FEF60649A95D8DF0ADFA1E6A00ACFED1A36C7BFF,9858A3B5308FDB5E1196A9ABC97232093480FBF191418129D8A3C300939C468D,917E2C01BD3241E31A6338A42476DB0E6E7A18703FF25E2F2FA48C88C0959769,D696BBFA42DD1A840708B9C42E824036862ED17D538B2B47551641D8145854DB,COMPLETE_FIXED_MODEL_BRANCH_READOUT_DIAGNOSTIC_NOT_FORMAL_ABLATION
ODCR-D696,RRSHID-Test,RRSHID-Test_0085,moderate_fog/2174.png,physical,20.175434112548828,0.5403358936309814,0.36995676159858704,0.2669304609298706,C8D82FDCB721054BE11C5FE2FEF60649A95D8DF0ADFA1E6A00ACFED1A36C7BFF,9858A3B5308FDB5E1196A9ABC97232093480FBF191418129D8A3C300939C468D,0D577343583B3AED404477BFFDA82EAD8B0D402ED756CC65A9D88E49596242F4,D696BBFA42DD1A840708B9C42E824036862ED17D538B2B47551641D8145854DB,COMPLETE_FIXED_MODEL_BRANCH_READOUT_DIAGNOSTIC_NOT_FORMAL_ABLATION
ODCR-D696,RRSHID-Test,RRSHID-Test_0085,moderate_fog/2174.png,output,21.29229736328125,0.590753972530365,0.31641313433647156,0.24326199293136597,C8D82FDCB721054BE11C5FE2FEF60649A95D8DF0ADFA1E6A00ACFED1A36C7BFF,9858A3B5308FDB5E1196A9ABC97232093480FBF191418129D8A3C300939C468D,901CFDAA5EA5605063245C88ADCBC96E95041FA3A6C67FF9B4E7A203F0441659,D696BBFA42DD1A840708B9C42E824036862ED17D538B2B47551641D8145854DB,COMPLETE_FIXED_MODEL_BRANCH_READOUT_DIAGNOSTIC_NOT_FORMAL_ABLATION
ODCR-D696,RRSHID-Test,RRSHID-Test_0086,moderate_fog/2236.png,direct,22.215044021606445,0.5185766816139221,0.5615973472595215,0.37655484676361084,BAB26F1B39613761A8972EFA010B500674B44431A5F7E8B5DCC3EE7B5BE740E3,A11E211E2C7C2F04BB76EDAF27DC624680698A2AE175DA2DA59971D253FF482B,98BCC2A9B41F4DAF75DD9A2DE9BCE0567E4D683C2EB2328FE9428C09C8B3C405,D696BBFA42DD1A840708B9C42E824036862ED17D538B2B47551641D8145854DB,COMPLETE_FIXED_MODEL_BRANCH_READOUT_DIAGNOSTIC_NOT_FORMAL_ABLATION
ODCR-D696,RRSHID-Test,RRSHID-Test_0086,moderate_fog/2236.png,physical,16.055574417114258,0.33613982796669006,0.5370980501174927,0.33259767293930054,BAB26F1B39613761A8972EFA010B500674B44431A5F7E8B5DCC3EE7B5BE740E3,A11E211E2C7C2F04BB76EDAF27DC624680698A2AE175DA2DA59971D253FF482B,3AE9393F088BEE6A69E9A28BF364EAF5FE1FB23D6A03351DFF8F6822E0AE52C4,D696BBFA42DD1A840708B9C42E824036862ED17D538B2B47551641D8145854DB,COMPLETE_FIXED_MODEL_BRANCH_READOUT_DIAGNOSTIC_NOT_FORMAL_ABLATION
ODCR-D696,RRSHID-Test,RRSHID-Test_0086,moderate_fog/2236.png,output,22.53761100769043,0.5293412208557129,0.5214205980300903,0.35850417613983154,BAB26F1B39613761A8972EFA010B500674B44431A5F7E8B5DCC3EE7B5BE740E3,A11E211E2C7C2F04BB76EDAF27DC624680698A2AE175DA2DA59971D253FF482B,D0FE10A7B5E19ACF222759BEB60DCE87B815877FC7A2F4A2E22F2A8C1C50B827,D696BBFA42DD1A840708B9C42E824036862ED17D538B2B47551641D8145854DB,COMPLETE_FIXED_MODEL_BRANCH_READOUT_DIAGNOSTIC_NOT_FORMAL_ABLATION
ODCR-D696,RRSHID-Test,RRSHID-Test_0087,moderate_fog/2237.png,direct,21.60315704345703,0.49039891362190247,0.547360897064209,0.38244014978408813,C33B4E7600556F6E33B8F0C071BF794EED4FC22BEA9726A2EED4982884440E30,4D7C33D2DCB0C9C515DED439C749E1668A5C4C7B0B19C16D342332271AA85863,A09FD8653BF3A843668B79DAB3425F93779496C9DB683B434D743EFEDFF3F463,D696BBFA42DD1A840708B9C42E824036862ED17D538B2B47551641D8145854DB,COMPLETE_FIXED_MODEL_BRANCH_READOUT_DIAGNOSTIC_NOT_FORMAL_ABLATION
ODCR-D696,RRSHID-Test,RRSHID-Test_0087,moderate_fog/2237.png,physical,16.65178680419922,0.36195728182792664,0.49985820055007935,0.3336328864097595,C33B4E7600556F6E33B8F0C071BF794EED4FC22BEA9726A2EED4982884440E30,4D7C33D2DCB0C9C515DED439C749E1668A5C4C7B0B19C16D342332271AA85863,EA0A34E6176E2A0B2C96828142F2FBB72E3F14D8AAD79CEF963DBB28A0E6261F,D696BBFA42DD1A840708B9C42E824036862ED17D538B2B47551641D8145854DB,COMPLETE_FIXED_MODEL_BRANCH_READOUT_DIAGNOSTIC_NOT_FORMAL_ABLATION
ODCR-D696,RRSHID-Test,RRSHID-Test_0087,moderate_fog/2237.png,output,22.092700958251953,0.5110481381416321,0.48433148860931396,0.357799768447876,C33B4E7600556F6E33B8F0C071BF794EED4FC22BEA9726A2EED4982884440E30,4D7C33D2DCB0C9C515DED439C749E1668A5C4C7B0B19C16D342332271AA85863,48CB182EC42E92ACC0ACBDB11631542190FF93D7AE1A313C8B09AB4BF29150AA,D696BBFA42DD1A840708B9C42E824036862ED17D538B2B47551641D8145854DB,COMPLETE_FIXED_MODEL_BRANCH_READOUT_DIAGNOSTIC_NOT_FORMAL_ABLATION
ODCR-D696,RRSHID-Test,RRSHID-Test_0088,moderate_fog/2261.png,direct,21.036331176757812,0.6112839579582214,0.3523316979408264,0.2985241413116455,F5349611330BAA633346B09D03381F5E3346AB33240DC03F07C59D9BFA4534B8,CB8AF337FA52E72CF363C3990710885BA55959026D0074574C4CEB04BBD7C9F7,2D66C49FADD30BDF7B35FD3AF7B257314CAFFE910F2513EA6F20D86E6944D074,D696BBFA42DD1A840708B9C42E824036862ED17D538B2B47551641D8145854DB,COMPLETE_FIXED_MODEL_BRANCH_READOUT_DIAGNOSTIC_NOT_FORMAL_ABLATION
ODCR-D696,RRSHID-Test,RRSHID-Test_0088,moderate_fog/2261.png,physical,17.319286346435547,0.5304151773452759,0.37171968817710876,0.2900993227958679,F5349611330BAA633346B09D03381F5E3346AB33240DC03F07C59D9BFA4534B8,CB8AF337FA52E72CF363C3990710885BA55959026D0074574C4CEB04BBD7C9F7,5BCBF0667D3E8EF91BD2899DE54C078A1C6BF46D77D40C5DA3838F97B61DE853,D696BBFA42DD1A840708B9C42E824036862ED17D538B2B47551641D8145854DB,COMPLETE_FIXED_MODEL_BRANCH_READOUT_DIAGNOSTIC_NOT_FORMAL_ABLATION
ODCR-D696,RRSHID-Test,RRSHID-Test_0088,moderate_fog/2261.png,output,20.90137481689453,0.6373289227485657,0.29708755016326904,0.27067625522613525,F5349611330BAA633346B09D03381F5E3346AB33240DC03F07C59D9BFA4534B8,CB8AF337FA52E72CF363C3990710885BA55959026D0074574C4CEB04BBD7C9F7,6958F42A3EAAA8AC7873989FEAEA95A6FDCD2732E91D6D63003A257FE818548F,D696BBFA42DD1A840708B9C42E824036862ED17D538B2B47551641D8145854DB,COMPLETE_FIXED_MODEL_BRANCH_READOUT_DIAGNOSTIC_NOT_FORMAL_ABLATION
ODCR-D696,RRSHID-Test,RRSHID-Test_0089,moderate_fog/2297.png,direct,14.073108673095703,0.4042642116546631,0.43616586923599243,0.26865899562835693,9EAE698F3A2682FB03324E892F8779040EB829FB9365AC4156938E8937839715,97343276381686E10E2FA1B47D460954FF149BD9CEF97E89352CDE9090A91A53,065AF4119DB3A753FB5747C19E6D9D2ABC951CAD9998EE9D4797BF65655EE97D,D696BBFA42DD1A840708B9C42E824036862ED17D538B2B47551641D8145854DB,COMPLETE_FIXED_MODEL_BRANCH_READOUT_DIAGNOSTIC_NOT_FORMAL_ABLATION
ODCR-D696,RRSHID-Test,RRSHID-Test_0089,moderate_fog/2297.png,physical,12.08549690246582,0.3276285231113434,0.4586107134819031,0.27954792976379395,9EAE698F3A2682FB03324E892F8779040EB829FB9365AC4156938E8937839715,97343276381686E10E2FA1B47D460954FF149BD9CEF97E89352CDE9090A91A53,FDEC138D152B3D8C9B0543C0FFE13A0D39392EC6E39FFBF4E015E040C2846234,D696BBFA42DD1A840708B9C42E824036862ED17D538B2B47551641D8145854DB,COMPLETE_FIXED_MODEL_BRANCH_READOUT_DIAGNOSTIC_NOT_FORMAL_ABLATION
ODCR-D696,RRSHID-Test,RRSHID-Test_0089,moderate_fog/2297.png,output,13.495503425598145,0.3782949447631836,0.39001303911209106,0.24413740634918213,9EAE698F3A2682FB03324E892F8779040EB829FB9365AC4156938E8937839715,97343276381686E10E2FA1B47D460954FF149BD9CEF97E89352CDE9090A91A53,61EC8B1CE51699F6C9BE514A8DA52C8ABC4B29F8EF03A9435F55829AD3D6BEC1,D696BBFA42DD1A840708B9C42E824036862ED17D538B2B47551641D8145854DB,COMPLETE_FIXED_MODEL_BRANCH_READOUT_DIAGNOSTIC_NOT_FORMAL_ABLATION
ODCR-D696,RRSHID-Test,RRSHID-Test_0090,moderate_fog/2299.png,direct,13.595934867858887,0.47921308875083923,0.5450596213340759,0.30764687061309814,38B17E1FD183366C8C1B231C92192FD24922374788FE45495E4D277E2B8B28B2,712864A0F23D7282A738D4CB693663DDAD8D11F84A5251439A1E46E9FB5ADA47,993E654AF718E369F5BFDE3D0BBDD103076576E4055A149ECB3B965010B7A760,D696BBFA42DD1A840708B9C42E824036862ED17D538B2B47551641D8145854DB,COMPLETE_FIXED_MODEL_BRANCH_READOUT_DIAGNOSTIC_NOT_FORMAL_ABLATION
ODCR-D696,RRSHID-Test,RRSHID-Test_0090,moderate_fog/2299.png,physical,14.75931167602539,0.3576737940311432,0.4669255316257477,0.2881008982658386,38B17E1FD183366C8C1B231C92192FD24922374788FE45495E4D277E2B8B28B2,712864A0F23D7282A738D4CB693663DDAD8D11F84A5251439A1E46E9FB5ADA47,4D1482E1E437037FD96DB42381C20B3C39781A36557F4965E248C1D1B7D88588,D696BBFA42DD1A840708B9C42E824036862ED17D538B2B47551641D8145854DB,COMPLETE_FIXED_MODEL_BRANCH_READOUT_DIAGNOSTIC_NOT_FORMAL_ABLATION
ODCR-D696,RRSHID-Test,RRSHID-Test_0090,moderate_fog/2299.png,output,16.232685089111328,0.4774032533168793,0.4354014992713928,0.2729184627532959,38B17E1FD183366C8C1B231C92192FD24922374788FE45495E4D277E2B8B28B2,712864A0F23D7282A738D4CB693663DDAD8D11F84A5251439A1E46E9FB5ADA47,2F7BEE7EEDD319FA40F4BC616C7FE517A42E8ADF59D683CB418C021E95ADCDAE,D696BBFA42DD1A840708B9C42E824036862ED17D538B2B47551641D8145854DB,COMPLETE_FIXED_MODEL_BRANCH_READOUT_DIAGNOSTIC_NOT_FORMAL_ABLATION
ODCR-D696,RRSHID-Test,RRSHID-Test_0091,moderate_fog/2313.png,direct,18.638145446777344,0.44814619421958923,0.5723626017570496,0.33954334259033203,E3F980301057306746CF84F7B8BE516D72F1193F23FAB9C1710D81C3B759322A,26BB93E86D75F2A836C7B0B125AF43DC347B6CA714DDB1D1E42996624511A383,400386DBB803653427BF46B0BFC7E204885800071A4C4C342819758D9FA69255,D696BBFA42DD1A840708B9C42E824036862ED17D538B2B47551641D8145854DB,COMPLETE_FIXED_MODEL_BRANCH_READOUT_DIAGNOSTIC_NOT_FORMAL_ABLATION
ODCR-D696,RRSHID-Test,RRSHID-Test_0091,moderate_fog/2313.png,physical,10.228108406066895,0.3486987352371216,0.47784489393234253,0.30792081356048584,E3F980301057306746CF84F7B8BE516D72F1193F23FAB9C1710D81C3B759322A,26BB93E86D75F2A836C7B0B125AF43DC347B6CA714DDB1D1E42996624511A383,16D900D74BCFB6C6F2651C26287262D136272EEC4F448F3DCAAD70BE97B4D0D2,D696BBFA42DD1A840708B9C42E824036862ED17D538B2B47551641D8145854DB,COMPLETE_FIXED_MODEL_BRANCH_READOUT_DIAGNOSTIC_NOT_FORMAL_ABLATION
ODCR-D696,RRSHID-Test,RRSHID-Test_0091,moderate_fog/2313.png,output,18.61700439453125,0.45318078994750977,0.5484933853149414,0.332156777381897,E3F980301057306746CF84F7B8BE516D72F1193F23FAB9C1710D81C3B759322A,26BB93E86D75F2A836C7B0B125AF43DC347B6CA714DDB1D1E42996624511A383,E8C0B48AC0C29141CA50E86DEE5AEE82766268130B3C5B766595B1507AE3D5F2,D696BBFA42DD1A840708B9C42E824036862ED17D538B2B47551641D8145854DB,COMPLETE_FIXED_MODEL_BRANCH_READOUT_DIAGNOSTIC_NOT_FORMAL_ABLATION
ODCR-D696,RRSHID-Test,RRSHID-Test_0092,moderate_fog/2331.png,direct,18.86957359313965,0.4450499713420868,0.5390858054161072,0.340392529964447,41606B61FFD6D16DF8CB1808C04BD46C6DFC68D059B3A7C09D9AFA07649C4897,D7D3C811CAAFD060B6BEADF87662C67ED2D94BF00230FAFC24A47406404BD5D3,87672D3E632347D9E00C1AE12067002F1329C8D5D43917F7D57067DDC380FEA8,D696BBFA42DD1A840708B9C42E824036862ED17D538B2B47551641D8145854DB,COMPLETE_FIXED_MODEL_BRANCH_READOUT_DIAGNOSTIC_NOT_FORMAL_ABLATION
ODCR-D696,RRSHID-Test,RRSHID-Test_0092,moderate_fog/2331.png,physical,13.456683158874512,0.399815171957016,0.4285106956958771,0.28858596086502075,41606B61FFD6D16DF8CB1808C04BD46C6DFC68D059B3A7C09D9AFA07649C4897,D7D3C811CAAFD060B6BEADF87662C67ED2D94BF00230FAFC24A47406404BD5D3,D9DC65A98DAB8EB2F98436211DF6DB84A033DCAA2AA4E3827F693F368913B252,D696BBFA42DD1A840708B9C42E824036862ED17D538B2B47551641D8145854DB,COMPLETE_FIXED_MODEL_BRANCH_READOUT_DIAGNOSTIC_NOT_FORMAL_ABLATION
ODCR-D696,RRSHID-Test,RRSHID-Test_0092,moderate_fog/2331.png,output,18.879148483276367,0.45301130414009094,0.5122536420822144,0.3302680253982544,41606B61FFD6D16DF8CB1808C04BD46C6DFC68D059B3A7C09D9AFA07649C4897,D7D3C811CAAFD060B6BEADF87662C67ED2D94BF00230FAFC24A47406404BD5D3,05ECD6B7EBAAFFE31180513F8D5A60922FFF8C369FA716509F5E9FAC093B12E4,D696BBFA42DD1A840708B9C42E824036862ED17D538B2B47551641D8145854DB,COMPLETE_FIXED_MODEL_BRANCH_READOUT_DIAGNOSTIC_NOT_FORMAL_ABLATION
ODCR-D696,RRSHID-Test,RRSHID-Test_0093,moderate_fog/2350.png,direct,19.423011779785156,0.48066601157188416,0.5515443086624146,0.32085567712783813,E96BEFBC406BC136189FE485763FB91292DC742578BAD052CA0D10E1C041B7D1,F9C9D35C4C428B337914EB95C30C9C12DA64FDA53C89C8C79088421D73F7A18C,04BAC537229A76EAD5F99C61DDD9A38C81F5ACD591AE2CD3C50BABACE4D1A10A,D696BBFA42DD1A840708B9C42E824036862ED17D538B2B47551641D8145854DB,COMPLETE_FIXED_MODEL_BRANCH_READOUT_DIAGNOSTIC_NOT_FORMAL_ABLATION
ODCR-D696,RRSHID-Test,RRSHID-Test_0093,moderate_fog/2350.png,physical,13.380061149597168,0.38028430938720703,0.47479575872421265,0.2583889961242676,E96BEFBC406BC136189FE485763FB91292DC742578BAD052CA0D10E1C041B7D1,F9C9D35C4C428B337914EB95C30C9C12DA64FDA53C89C8C79088421D73F7A18C,AE6012417850E2FF253D517641C3CAD5C3C82CEE628586BE89EAC9E570FAAD3D,D696BBFA42DD1A840708B9C42E824036862ED17D538B2B47551641D8145854DB,COMPLETE_FIXED_MODEL_BRANCH_READOUT_DIAGNOSTIC_NOT_FORMAL_ABLATION
ODCR-D696,RRSHID-Test,RRSHID-Test_0093,moderate_fog/2350.png,output,19.453351974487305,0.4861072301864624,0.5235145688056946,0.3091316819190979,E96BEFBC406BC136189FE485763FB91292DC742578BAD052CA0D10E1C041B7D1,F9C9D35C4C428B337914EB95C30C9C12DA64FDA53C89C8C79088421D73F7A18C,87BFDCAB896FA9E32C7E76DED35B80E5CEA8B5C89E1649B0AFC9756739393CA6,D696BBFA42DD1A840708B9C42E824036862ED17D538B2B47551641D8145854DB,COMPLETE_FIXED_MODEL_BRANCH_READOUT_DIAGNOSTIC_NOT_FORMAL_ABLATION
ODCR-D696,RRSHID-Test,RRSHID-Test_0094,moderate_fog/2386.png,direct,18.753122329711914,0.4402191638946533,0.5764056444168091,0.37760674953460693,F4B0E4DA79749090B85E6DAFD62F8AD69AC8A10F04DCC216FB0F0AE8475B2685,76E65DB010D8770FF9F69FAE14A1778E3EC6C87053D3C51346FA59955C42C98C,3834893DCDF198F66A706B43E22FA24044790FE53866A66AAF79FFF02B0DAA97,D696BBFA42DD1A840708B9C42E824036862ED17D538B2B47551641D8145854DB,COMPLETE_FIXED_MODEL_BRANCH_READOUT_DIAGNOSTIC_NOT_FORMAL_ABLATION
ODCR-D696,RRSHID-Test,RRSHID-Test_0094,moderate_fog/2386.png,physical,10.69831371307373,0.26232030987739563,0.6053301692008972,0.32976776361465454,F4B0E4DA79749090B85E6DAFD62F8AD69AC8A10F04DCC216FB0F0AE8475B2685,76E65DB010D8770FF9F69FAE14A1778E3EC6C87053D3C51346FA59955C42C98C,9F1B15F23929CA7F7D0F88459EDA4481266185BB395C436FDF4E9CE6243A8945,D696BBFA42DD1A840708B9C42E824036862ED17D538B2B47551641D8145854DB,COMPLETE_FIXED_MODEL_BRANCH_READOUT_DIAGNOSTIC_NOT_FORMAL_ABLATION
ODCR-D696,RRSHID-Test,RRSHID-Test_0094,moderate_fog/2386.png,output,18.65509796142578,0.4383862018585205,0.5709187388420105,0.3740563988685608,F4B0E4DA79749090B85E6DAFD62F8AD69AC8A10F04DCC216FB0F0AE8475B2685,76E65DB010D8770FF9F69FAE14A1778E3EC6C87053D3C51346FA59955C42C98C,485A5A3B3C926A6131017829B00D9D21387897E6F9B90722EB9ACBB66C4D08DD,D696BBFA42DD1A840708B9C42E824036862ED17D538B2B47551641D8145854DB,COMPLETE_FIXED_MODEL_BRANCH_READOUT_DIAGNOSTIC_NOT_FORMAL_ABLATION
ODCR-D696,RRSHID-Test,RRSHID-Test_0095,moderate_fog/2405.png,direct,19.687721252441406,0.47125664353370667,0.5616282224655151,0.36944395303726196,CBCA263F9E2A6ACBA758ACB03F1FBA9346DE9AEEBC2C1D13C89C4D588F7F08A5,D538CAB70307D899804919B7E6497CF77561971E3B70142F74AC21CEDBF9ED6E,BE833EA59477A30BBB2511C365B2B28A1144A826540AD88ED76693D21914C21C,D696BBFA42DD1A840708B9C42E824036862ED17D538B2B47551641D8145854DB,COMPLETE_FIXED_MODEL_BRANCH_READOUT_DIAGNOSTIC_NOT_FORMAL_ABLATION
ODCR-D696,RRSHID-Test,RRSHID-Test_0095,moderate_fog/2405.png,physical,11.36240005493164,0.2927081882953644,0.6022137403488159,0.32812023162841797,CBCA263F9E2A6ACBA758ACB03F1FBA9346DE9AEEBC2C1D13C89C4D588F7F08A5,D538CAB70307D899804919B7E6497CF77561971E3B70142F74AC21CEDBF9ED6E,F5F729B2082286AB9CD211F3D15549AAE987310524A636D6B15326B05EA0A064,D696BBFA42DD1A840708B9C42E824036862ED17D538B2B47551641D8145854DB,COMPLETE_FIXED_MODEL_BRANCH_READOUT_DIAGNOSTIC_NOT_FORMAL_ABLATION
ODCR-D696,RRSHID-Test,RRSHID-Test_0095,moderate_fog/2405.png,output,19.663375854492188,0.47120657563209534,0.5595006942749023,0.36937159299850464,CBCA263F9E2A6ACBA758ACB03F1FBA9346DE9AEEBC2C1D13C89C4D588F7F08A5,D538CAB70307D899804919B7E6497CF77561971E3B70142F74AC21CEDBF9ED6E,C0436BCAB92A81FF6FC41FC6E3771077D8F68D46C5CBA6277D18CFBFCB3AFAED,D696BBFA42DD1A840708B9C42E824036862ED17D538B2B47551641D8145854DB,COMPLETE_FIXED_MODEL_BRANCH_READOUT_DIAGNOSTIC_NOT_FORMAL_ABLATION
ODCR-D696,RRSHID-Test,RRSHID-Test_0096,moderate_fog/2408.png,direct,17.942354202270508,0.5255885720252991,0.5482096672058105,0.34296417236328125,3C71B7BC1FBC8C61FD3932DDA4BBB5EFCCCE3A015D802637EC633ED30D05109D,C0D859C829E8445AD244221AC77AC170E372F22E7AA56E7E257E17A75D697E10,5BC9C2D172226D8F925ABD62DDB518AF5ADFA419DD28D057C33864FA889451E3,D696BBFA42DD1A840708B9C42E824036862ED17D538B2B47551641D8145854DB,COMPLETE_FIXED_MODEL_BRANCH_READOUT_DIAGNOSTIC_NOT_FORMAL_ABLATION
ODCR-D696,RRSHID-Test,RRSHID-Test_0096,moderate_fog/2408.png,physical,14.296600341796875,0.44821950793266296,0.6705417037010193,0.3276780843734741,3C71B7BC1FBC8C61FD3932DDA4BBB5EFCCCE3A015D802637EC633ED30D05109D,C0D859C829E8445AD244221AC77AC170E372F22E7AA56E7E257E17A75D697E10,B1D9E898263946A9489D5C3D675ADFC0BED9F90599DBB375F19E03748E98D9B3,D696BBFA42DD1A840708B9C42E824036862ED17D538B2B47551641D8145854DB,COMPLETE_FIXED_MODEL_BRANCH_READOUT_DIAGNOSTIC_NOT_FORMAL_ABLATION
ODCR-D696,RRSHID-Test,RRSHID-Test_0096,moderate_fog/2408.png,output,18.21953582763672,0.5339658856391907,0.5369260311126709,0.3288816213607788,3C71B7BC1FBC8C61FD3932DDA4BBB5EFCCCE3A015D802637EC633ED30D05109D,C0D859C829E8445AD244221AC77AC170E372F22E7AA56E7E257E17A75D697E10,1CE17DDE21644D755091ED41D237BE92F72F62F2BD79C8E57193F258A31BCA83,D696BBFA42DD1A840708B9C42E824036862ED17D538B2B47551641D8145854DB,COMPLETE_FIXED_MODEL_BRANCH_READOUT_DIAGNOSTIC_NOT_FORMAL_ABLATION
ODCR-D696,RRSHID-Test,RRSHID-Test_0097,moderate_fog/2427.png,direct,16.48727798461914,0.5385387539863586,0.514701783657074,0.35154879093170166,F033E265DF04CA23AA4769652B8F3932913DC228CCC33C12BB1D9C6C84A86A4D,31C19BD1E39A4959BC6E0492CCC524C33E7E7AF80E942DEA81C7E99A2346F6FD,970F80B83C427A773C2B30FC72677CA9F6827A2D9E08EB7F29426CA7A05FAACE,D696BBFA42DD1A840708B9C42E824036862ED17D538B2B47551641D8145854DB,COMPLETE_FIXED_MODEL_BRANCH_READOUT_DIAGNOSTIC_NOT_FORMAL_ABLATION
ODCR-D696,RRSHID-Test,RRSHID-Test_0097,moderate_fog/2427.png,physical,12.462626457214355,0.2886870205402374,0.7017750144004822,0.3942165970802307,F033E265DF04CA23AA4769652B8F3932913DC228CCC33C12BB1D9C6C84A86A4D,31C19BD1E39A4959BC6E0492CCC524C33E7E7AF80E942DEA81C7E99A2346F6FD,C1C5D814A0ED3D03343498C7EC58A35D9079EC07A4676595010087FFA5113627,D696BBFA42DD1A840708B9C42E824036862ED17D538B2B47551641D8145854DB,COMPLETE_FIXED_MODEL_BRANCH_READOUT_DIAGNOSTIC_NOT_FORMAL_ABLATION
ODCR-D696,RRSHID-Test,RRSHID-Test_0097,moderate_fog/2427.png,output,16.53229522705078,0.5390634536743164,0.5126570463180542,0.3507184386253357,F033E265DF04CA23AA4769652B8F3932913DC228CCC33C12BB1D9C6C84A86A4D,31C19BD1E39A4959BC6E0492CCC524C33E7E7AF80E942DEA81C7E99A2346F6FD,9B5299DA2891ADC0FFFB5E4208A87440471F264FD9193A51BDE9724ADCBE8B5B,D696BBFA42DD1A840708B9C42E824036862ED17D538B2B47551641D8145854DB,COMPLETE_FIXED_MODEL_BRANCH_READOUT_DIAGNOSTIC_NOT_FORMAL_ABLATION
ODCR-D696,RRSHID-Test,RRSHID-Test_0098,moderate_fog/2434.png,direct,17.584692001342773,0.47324565052986145,0.5130649209022522,0.35892611742019653,95430A44F5BF86AD20E57A552AA99A95287B86827CE6FA999555D34E4C4A8FBD,073EBA33DADCAA39C9A35E3106CB20A738730E15D248597F2F0AEDA3416124B7,11320833EC98AC56B54A2648187A588A1B72E4196DF4E6A03118B5A496D11743,D696BBFA42DD1A840708B9C42E824036862ED17D538B2B47551641D8145854DB,COMPLETE_FIXED_MODEL_BRANCH_READOUT_DIAGNOSTIC_NOT_FORMAL_ABLATION
ODCR-D696,RRSHID-Test,RRSHID-Test_0098,moderate_fog/2434.png,physical,16.69757652282715,0.36905229091644287,0.6404751539230347,0.33204007148742676,95430A44F5BF86AD20E57A552AA99A95287B86827CE6FA999555D34E4C4A8FBD,073EBA33DADCAA39C9A35E3106CB20A738730E15D248597F2F0AEDA3416124B7,B00EB421AAFB03286EBB9EDFE7A5698F87D1D2F2C8FDD41726457D4FF3E4D9B1,D696BBFA42DD1A840708B9C42E824036862ED17D538B2B47551641D8145854DB,COMPLETE_FIXED_MODEL_BRANCH_READOUT_DIAGNOSTIC_NOT_FORMAL_ABLATION
ODCR-D696,RRSHID-Test,RRSHID-Test_0098,moderate_fog/2434.png,output,17.929901123046875,0.4897816479206085,0.4861869513988495,0.32794708013534546,95430A44F5BF86AD20E57A552AA99A95287B86827CE6FA999555D34E4C4A8FBD,073EBA33DADCAA39C9A35E3106CB20A738730E15D248597F2F0AEDA3416124B7,65E30827F5C12F8FCD07BBF6CB08050DA31394320079D8F2C8CE27AF432B6357,D696BBFA42DD1A840708B9C42E824036862ED17D538B2B47551641D8145854DB,COMPLETE_FIXED_MODEL_BRANCH_READOUT_DIAGNOSTIC_NOT_FORMAL_ABLATION
ODCR-D696,RRSHID-Test,RRSHID-Test_0099,moderate_fog/2444.png,direct,20.172889709472656,0.6591997146606445,0.4029168486595154,0.273324191570282,50BC0F798C19B93D588B26FCA3E972CF766E651C2868C794714B29F6A4B8721F,AA43CEFDC617AC0F6767F438B0855C5ECCE282017E759825CA1465620B5C9FA3,1EAB15C9299B1CDD3CED60BC17448D31D6B6E86678FE6273B7779D1F2F36EC17,D696BBFA42DD1A840708B9C42E824036862ED17D538B2B47551641D8145854DB,COMPLETE_FIXED_MODEL_BRANCH_READOUT_DIAGNOSTIC_NOT_FORMAL_ABLATION
ODCR-D696,RRSHID-Test,RRSHID-Test_0099,moderate_fog/2444.png,physical,11.938003540039062,0.4307117164134979,0.5819063186645508,0.2838847041130066,50BC0F798C19B93D588B26FCA3E972CF766E651C2868C794714B29F6A4B8721F,AA43CEFDC617AC0F6767F438B0855C5ECCE282017E759825CA1465620B5C9FA3,B6A00B7500C32752BD0C609CBB05084AEF1B9CD686567BE458B3E44460739E55,D696BBFA42DD1A840708B9C42E824036862ED17D538B2B47551641D8145854DB,COMPLETE_FIXED_MODEL_BRANCH_READOUT_DIAGNOSTIC_NOT_FORMAL_ABLATION
ODCR-D696,RRSHID-Test,RRSHID-Test_0099,moderate_fog/2444.png,output,20.146787643432617,0.6588156223297119,0.3972994089126587,0.26381951570510864,50BC0F798C19B93D588B26FCA3E972CF766E651C2868C794714B29F6A4B8721F,AA43CEFDC617AC0F6767F438B0855C5ECCE282017E759825CA1465620B5C9FA3,8A53CEE361246A46080F1E174A64DD98F860C449BCB926AB28D09D32A5715C71,D696BBFA42DD1A840708B9C42E824036862ED17D538B2B47551641D8145854DB,COMPLETE_FIXED_MODEL_BRANCH_READOUT_DIAGNOSTIC_NOT_FORMAL_ABLATION
ODCR-D696,RRSHID-Test,RRSHID-Test_0100,moderate_fog/2446.png,direct,17.69171142578125,0.6239302754402161,0.4603785574436188,0.29066699743270874,06DE11EA1882C061F21ECBA3B2AEDAF8B370EE83EE2038934B906DFE5ABCEDAD,A54870260AE0D600D926AD01C23BF0D0B8295AAA7267D03CACD10A93481162B7,42D828F36A09D61C266FB08B5688C63533C2F4D4C49399199A6A6080E077DCBE,D696BBFA42DD1A840708B9C42E824036862ED17D538B2B47551641D8145854DB,COMPLETE_FIXED_MODEL_BRANCH_READOUT_DIAGNOSTIC_NOT_FORMAL_ABLATION
ODCR-D696,RRSHID-Test,RRSHID-Test_0100,moderate_fog/2446.png,physical,11.458187103271484,0.419005423784256,0.6519153118133545,0.3374207019805908,06DE11EA1882C061F21ECBA3B2AEDAF8B370EE83EE2038934B906DFE5ABCEDAD,A54870260AE0D600D926AD01C23BF0D0B8295AAA7267D03CACD10A93481162B7,5DE08A7E8A193DDA2E283DD35EF9C53993927A334E7EF4E83E98A4241AD62299,D696BBFA42DD1A840708B9C42E824036862ED17D538B2B47551641D8145854DB,COMPLETE_FIXED_MODEL_BRANCH_READOUT_DIAGNOSTIC_NOT_FORMAL_ABLATION
ODCR-D696,RRSHID-Test,RRSHID-Test_0100,moderate_fog/2446.png,output,17.726863861083984,0.6232001185417175,0.4614754915237427,0.29102277755737305,06DE11EA1882C061F21ECBA3B2AEDAF8B370EE83EE2038934B906DFE5ABCEDAD,A54870260AE0D600D926AD01C23BF0D0B8295AAA7267D03CACD10A93481162B7,A1BA591BF833AC9071BAEE32577FEB8EA7659AAEA26D386EA5FAB5F290A1691D,D696BBFA42DD1A840708B9C42E824036862ED17D538B2B47551641D8145854DB,COMPLETE_FIXED_MODEL_BRANCH_READOUT_DIAGNOSTIC_NOT_FORMAL_ABLATION
ODCR-D696,RRSHID-Test,RRSHID-Test_0101,moderate_fog/2447.png,direct,16.423463821411133,0.5742295384407043,0.5802142024040222,0.3388235569000244,5F8B242CC281AA9086269C87C1C21135CEA6425A764ADD132853E9EE47288161,FE0FBF3CC72878E144B72FFD7A10293EEEFA1F7348869492361F5C0651B7CAD2,DD0192A240EC628818C8FF5F6DD65ADDF781A6AC40D63C4FA37E7DF8D8E4D694,D696BBFA42DD1A840708B9C42E824036862ED17D538B2B47551641D8145854DB,COMPLETE_FIXED_MODEL_BRANCH_READOUT_DIAGNOSTIC_NOT_FORMAL_ABLATION
ODCR-D696,RRSHID-Test,RRSHID-Test_0101,moderate_fog/2447.png,physical,14.281987190246582,0.4815223515033722,0.6954143047332764,0.35818010568618774,5F8B242CC281AA9086269C87C1C21135CEA6425A764ADD132853E9EE47288161,FE0FBF3CC72878E144B72FFD7A10293EEEFA1F7348869492361F5C0651B7CAD2,59DB2ED76C3E435128D17EE6F3BDC727C420F67BAD687152D4BB8F634C0C2766,D696BBFA42DD1A840708B9C42E824036862ED17D538B2B47551641D8145854DB,COMPLETE_FIXED_MODEL_BRANCH_READOUT_DIAGNOSTIC_NOT_FORMAL_ABLATION
ODCR-D696,RRSHID-Test,RRSHID-Test_0101,moderate_fog/2447.png,output,16.614561080932617,0.5806661248207092,0.5787062048912048,0.3395833969116211,5F8B242CC281AA9086269C87C1C21135CEA6425A764ADD132853E9EE47288161,FE0FBF3CC72878E144B72FFD7A10293EEEFA1F7348869492361F5C0651B7CAD2,A27BB00702366BFE88FBE403C776EF82B9F6FB2D3C4CAB2E886ED4307305B857,D696BBFA42DD1A840708B9C42E824036862ED17D538B2B47551641D8145854DB,COMPLETE_FIXED_MODEL_BRANCH_READOUT_DIAGNOSTIC_NOT_FORMAL_ABLATION
ODCR-D696,RRSHID-Test,RRSHID-Test_0102,moderate_fog/2474.png,direct,19.172325134277344,0.6583995223045349,0.41237756609916687,0.28176629543304443,A7EECF52AC35B7EF16F04D8A6F743E75CAC94529FC6CE4CF9AA66426081FF0FF,170577D1A7BF2E5C7D3546B9BE66EEA3DE4B7AAAC631038F26E8E75CDED28142,B375C14573781941E035AE7787515C14E3ADA38FA3BF1C93F4D74A2864D3EAA1,D696BBFA42DD1A840708B9C42E824036862ED17D538B2B47551641D8145854DB,COMPLETE_FIXED_MODEL_BRANCH_READOUT_DIAGNOSTIC_NOT_FORMAL_ABLATION
ODCR-D696,RRSHID-Test,RRSHID-Test_0102,moderate_fog/2474.png,physical,12.038862228393555,0.5058669447898865,0.5648149251937866,0.304751455783844,A7EECF52AC35B7EF16F04D8A6F743E75CAC94529FC6CE4CF9AA66426081FF0FF,170577D1A7BF2E5C7D3546B9BE66EEA3DE4B7AAAC631038F26E8E75CDED28142,A80A211A29226A70524437B1FB73EB08B92B5AF2C2A0C231532237B5E997F784,D696BBFA42DD1A840708B9C42E824036862ED17D538B2B47551641D8145854DB,COMPLETE_FIXED_MODEL_BRANCH_READOUT_DIAGNOSTIC_NOT_FORMAL_ABLATION
ODCR-D696,RRSHID-Test,RRSHID-Test_0102,moderate_fog/2474.png,output,19.30878448486328,0.6610583662986755,0.4091707468032837,0.27464425563812256,A7EECF52AC35B7EF16F04D8A6F743E75CAC94529FC6CE4CF9AA66426081FF0FF,170577D1A7BF2E5C7D3546B9BE66EEA3DE4B7AAAC631038F26E8E75CDED28142,A22B66BA0D235246A7B425E7E84EAE859DDAA0C46DC5D4EA5A571CAEC0BB9D3D,D696BBFA42DD1A840708B9C42E824036862ED17D538B2B47551641D8145854DB,COMPLETE_FIXED_MODEL_BRANCH_READOUT_DIAGNOSTIC_NOT_FORMAL_ABLATION
ODCR-D696,RRSHID-Test,RRSHID-Test_0103,moderate_fog/2483.png,direct,16.16843605041504,0.535862147808075,0.5705414414405823,0.3862186670303345,73B97BC28A979B78B863749FF86667AE5E0C64F48D89C024E886C1929A6B0B3E,F50F4B8FC320612C7AD3C4C41B058EAE052598C3B8C65B0644B9764BEC90DB86,832B3CB34B91B233A6B31A651819F5034657928D65F5F5C7770EE4DE20EA2979,D696BBFA42DD1A840708B9C42E824036862ED17D538B2B47551641D8145854DB,COMPLETE_FIXED_MODEL_BRANCH_READOUT_DIAGNOSTIC_NOT_FORMAL_ABLATION
ODCR-D696,RRSHID-Test,RRSHID-Test_0103,moderate_fog/2483.png,physical,13.707164764404297,0.28215232491493225,0.6162204742431641,0.3938096761703491,73B97BC28A979B78B863749FF86667AE5E0C64F48D89C024E886C1929A6B0B3E,F50F4B8FC320612C7AD3C4C41B058EAE052598C3B8C65B0644B9764BEC90DB86,E5E3595A4BB3DA99AC6445B83C91C6A46BCEFDE02CEF2DD2F293E9190A63FF04,D696BBFA42DD1A840708B9C42E824036862ED17D538B2B47551641D8145854DB,COMPLETE_FIXED_MODEL_BRANCH_READOUT_DIAGNOSTIC_NOT_FORMAL_ABLATION
ODCR-D696,RRSHID-Test,RRSHID-Test_0103,moderate_fog/2483.png,output,16.224483489990234,0.53652423620224,0.5627689957618713,0.3831369876861572,73B97BC28A979B78B863749FF86667AE5E0C64F48D89C024E886C1929A6B0B3E,F50F4B8FC320612C7AD3C4C41B058EAE052598C3B8C65B0644B9764BEC90DB86,E1ABCB56FA5F6E44CCD350B7625E0A037EF10700B26A5379C8B26CF715E2CA4A,D696BBFA42DD1A840708B9C42E824036862ED17D538B2B47551641D8145854DB,COMPLETE_FIXED_MODEL_BRANCH_READOUT_DIAGNOSTIC_NOT_FORMAL_ABLATION
ODCR-D696,RRSHID-Test,RRSHID-Test_0104,moderate_fog/2505.png,direct,20.191728591918945,0.5319403409957886,0.4156942665576935,0.27289098501205444,9EE8746FF5B252485204F02FCC172D91563EC68AD97A7B5877EBB89C7CD60AF5,E33DE6D99CE8C7EF2C0AAE1285E659CB82BFF17B20BC9B669470FDD0C586BD5B,4FAA91E7CD5F014EC1AE868930D5ABF66AEADA946C35C0D0DAB0C316F6B1103A,D696BBFA42DD1A840708B9C42E824036862ED17D538B2B47551641D8145854DB,COMPLETE_FIXED_MODEL_BRANCH_READOUT_DIAGNOSTIC_NOT_FORMAL_ABLATION
ODCR-D696,RRSHID-Test,RRSHID-Test_0104,moderate_fog/2505.png,physical,15.30211353302002,0.28159067034721375,0.5881165266036987,0.3177514672279358,9EE8746FF5B252485204F02FCC172D91563EC68AD97A7B5877EBB89C7CD60AF5,E33DE6D99CE8C7EF2C0AAE1285E659CB82BFF17B20BC9B669470FDD0C586BD5B,A769D5CD2589ED844BBD48D91B83EDF2E4BA1C5575C74AAEFC2D1B93AEC3012C,D696BBFA42DD1A840708B9C42E824036862ED17D538B2B47551641D8145854DB,COMPLETE_FIXED_MODEL_BRANCH_READOUT_DIAGNOSTIC_NOT_FORMAL_ABLATION
ODCR-D696,RRSHID-Test,RRSHID-Test_0104,moderate_fog/2505.png,output,20.112228393554688,0.5300023555755615,0.4066866934299469,0.2577071189880371,9EE8746FF5B252485204F02FCC172D91563EC68AD97A7B5877EBB89C7CD60AF5,E33DE6D99CE8C7EF2C0AAE1285E659CB82BFF17B20BC9B669470FDD0C586BD5B,5BEBDABBBEC7779A7AE8E34530EF7C9FD98FE2C8C4FB66F43DE7B73F628496D2,D696BBFA42DD1A840708B9C42E824036862ED17D538B2B47551641D8145854DB,COMPLETE_FIXED_MODEL_BRANCH_READOUT_DIAGNOSTIC_NOT_FORMAL_ABLATION
ODCR-D696,RRSHID-Test,RRSHID-Test_0105,moderate_fog/2550.png,direct,24.52560806274414,0.6593866944313049,0.424651175737381,0.29248934984207153,5E0B9C9887E3CBD09F858A240A6EC93900684A738A6B9204705D0560E0054586,BC1864737BEFC8131A68932BC8CBD6DEFEEBFFE4A66FE362EBB51EC6AD6803F2,ED677A020BD88B679C6C8337B0E6F76AC098C909A3A08BED05A701C01B55B863,D696BBFA42DD1A840708B9C42E824036862ED17D538B2B47551641D8145854DB,COMPLETE_FIXED_MODEL_BRANCH_READOUT_DIAGNOSTIC_NOT_FORMAL_ABLATION
ODCR-D696,RRSHID-Test,RRSHID-Test_0105,moderate_fog/2550.png,physical,11.628885269165039,0.2105920910835266,0.705446720123291,0.39242416620254517,5E0B9C9887E3CBD09F858A240A6EC93900684A738A6B9204705D0560E0054586,BC1864737BEFC8131A68932BC8CBD6DEFEEBFFE4A66FE362EBB51EC6AD6803F2,7052AA6654EDC275E07AF154510848297087732ABBE3D86B9264FC3CF2F48AE3,D696BBFA42DD1A840708B9C42E824036862ED17D538B2B47551641D8145854DB,COMPLETE_FIXED_MODEL_BRANCH_READOUT_DIAGNOSTIC_NOT_FORMAL_ABLATION
ODCR-D696,RRSHID-Test,RRSHID-Test_0105,moderate_fog/2550.png,output,24.523698806762695,0.6555275321006775,0.428591251373291,0.29104626178741455,5E0B9C9887E3CBD09F858A240A6EC93900684A738A6B9204705D0560E0054586,BC1864737BEFC8131A68932BC8CBD6DEFEEBFFE4A66FE362EBB51EC6AD6803F2,1D1E521D829BBCEFA0FDBE2D0B2E8495F6693CD04E7939ED45225179133E0C53,D696BBFA42DD1A840708B9C42E824036862ED17D538B2B47551641D8145854DB,COMPLETE_FIXED_MODEL_BRANCH_READOUT_DIAGNOSTIC_NOT_FORMAL_ABLATION
ODCR-D696,RRSHID-Test,RRSHID-Test_0106,moderate_fog/2561.png,direct,17.48583984375,0.5227928757667542,0.4206787645816803,0.2829161286354065,00EE0ED663001244C0680992C9C7A71466E18465A83C13A77F20639E0CF69EA8,C86C47637127F64322DDABD1434487C8C289B0EC2B0CB9F0CB9FBC1E635DD384,0AA342C4DCBB4528B7335AEAF9764454B7129E274DCE5A28A4830B3EC5EE8926,D696BBFA42DD1A840708B9C42E824036862ED17D538B2B47551641D8145854DB,COMPLETE_FIXED_MODEL_BRANCH_READOUT_DIAGNOSTIC_NOT_FORMAL_ABLATION
ODCR-D696,RRSHID-Test,RRSHID-Test_0106,moderate_fog/2561.png,physical,17.758697509765625,0.4198285639286041,0.535764217376709,0.29502594470977783,00EE0ED663001244C0680992C9C7A71466E18465A83C13A77F20639E0CF69EA8,C86C47637127F64322DDABD1434487C8C289B0EC2B0CB9F0CB9FBC1E635DD384,BC55049A7BEEAF8A8F336A889560DE9234B19EAA379CFB8C33771647F87BD8A6,D696BBFA42DD1A840708B9C42E824036862ED17D538B2B47551641D8145854DB,COMPLETE_FIXED_MODEL_BRANCH_READOUT_DIAGNOSTIC_NOT_FORMAL_ABLATION
ODCR-D696,RRSHID-Test,RRSHID-Test_0106,moderate_fog/2561.png,output,17.911766052246094,0.5255255103111267,0.40993964672088623,0.2720188498497009,00EE0ED663001244C0680992C9C7A71466E18465A83C13A77F20639E0CF69EA8,C86C47637127F64322DDABD1434487C8C289B0EC2B0CB9F0CB9FBC1E635DD384,A96D26FA8CA52B945F759198C0E113AB4FD346278BEB0F8E9960BE2E2996EA37,D696BBFA42DD1A840708B9C42E824036862ED17D538B2B47551641D8145854DB,COMPLETE_FIXED_MODEL_BRANCH_READOUT_DIAGNOSTIC_NOT_FORMAL_ABLATION
ODCR-D696,RRSHID-Test,RRSHID-Test_0107,moderate_fog/2583.png,direct,17.548194885253906,0.39454030990600586,0.5358508229255676,0.36699938774108887,9B002DE1C4D25A0E6A4B72AEC74CEC27242FA1109348CC45F2DAF75D00A0307B,5DD01BB0EFEB104FFEE214E65557E6C2048151156637DD56FA21F4B2F08C8C96,20D2C9913E594465E7BA961D37A5BBE6C2F0FC759AFC4DD3BFF3F4E707E54A42,D696BBFA42DD1A840708B9C42E824036862ED17D538B2B47551641D8145854DB,COMPLETE_FIXED_MODEL_BRANCH_READOUT_DIAGNOSTIC_NOT_FORMAL_ABLATION
ODCR-D696,RRSHID-Test,RRSHID-Test_0107,moderate_fog/2583.png,physical,12.762843132019043,0.22834451496601105,0.5116068124771118,0.3474469780921936,9B002DE1C4D25A0E6A4B72AEC74CEC27242FA1109348CC45F2DAF75D00A0307B,5DD01BB0EFEB104FFEE214E65557E6C2048151156637DD56FA21F4B2F08C8C96,D781890BCD499BEF4568449A66D0B1208A1CF35D5A235CDA5AB0846F0A7C93AC,D696BBFA42DD1A840708B9C42E824036862ED17D538B2B47551641D8145854DB,COMPLETE_FIXED_MODEL_BRANCH_READOUT_DIAGNOSTIC_NOT_FORMAL_ABLATION
ODCR-D696,RRSHID-Test,RRSHID-Test_0107,moderate_fog/2583.png,output,17.541534423828125,0.3944787085056305,0.5206741094589233,0.36385345458984375,9B002DE1C4D25A0E6A4B72AEC74CEC27242FA1109348CC45F2DAF75D00A0307B,5DD01BB0EFEB104FFEE214E65557E6C2048151156637DD56FA21F4B2F08C8C96,357FC2FDD3A37D776832400ECB21C7BBBB5DBEF5C1420D432F5EB9FF08C37562,D696BBFA42DD1A840708B9C42E824036862ED17D538B2B47551641D8145854DB,COMPLETE_FIXED_MODEL_BRANCH_READOUT_DIAGNOSTIC_NOT_FORMAL_ABLATION
ODCR-D696,RRSHID-Test,RRSHID-Test_0108,moderate_fog/2585.png,direct,23.162200927734375,0.6514921188354492,0.4382670521736145,0.3160139322280884,73248A12E6816CCF9CF6F9A6047018C2B0FD3EF14A680A0027314BCB9EC17D29,1170DF84E7C69D0D17BCE4EDA6DFC5D3EB468E1E752F3426E603A52062E178D3,9CB3EEDCDC8333C8556BBEF055C4F2B215A47F224102DD1EB518B62F951E6FAB,D696BBFA42DD1A840708B9C42E824036862ED17D538B2B47551641D8145854DB,COMPLETE_FIXED_MODEL_BRANCH_READOUT_DIAGNOSTIC_NOT_FORMAL_ABLATION
ODCR-D696,RRSHID-Test,RRSHID-Test_0108,moderate_fog/2585.png,physical,16.353919982910156,0.30689379572868347,0.6289828419685364,0.34922003746032715,73248A12E6816CCF9CF6F9A6047018C2B0FD3EF14A680A0027314BCB9EC17D29,1170DF84E7C69D0D17BCE4EDA6DFC5D3EB468E1E752F3426E603A52062E178D3,BF67B043421BCA953DEA2EDAA8FC3D50154E10CDBAEEAB89D0BD44EA752D1821,D696BBFA42DD1A840708B9C42E824036862ED17D538B2B47551641D8145854DB,COMPLETE_FIXED_MODEL_BRANCH_READOUT_DIAGNOSTIC_NOT_FORMAL_ABLATION
ODCR-D696,RRSHID-Test,RRSHID-Test_0108,moderate_fog/2585.png,output,23.18236541748047,0.6488989591598511,0.4319756329059601,0.31100034713745117,73248A12E6816CCF9CF6F9A6047018C2B0FD3EF14A680A0027314BCB9EC17D29,1170DF84E7C69D0D17BCE4EDA6DFC5D3EB468E1E752F3426E603A52062E178D3,2929C2E279E39EAEEB5149B02DC7DBFC767C39AAB4FB1CCE4E4C7F9726E7CA1E,D696BBFA42DD1A840708B9C42E824036862ED17D538B2B47551641D8145854DB,COMPLETE_FIXED_MODEL_BRANCH_READOUT_DIAGNOSTIC_NOT_FORMAL_ABLATION
ODCR-D696,RRSHID-Test,RRSHID-Test_0109,moderate_fog/2615.png,direct,18.274091720581055,0.5002773404121399,0.4564059376716614,0.31168389320373535,930829E1FEF78AE51C465B6225AE0E751538B1CF2E5835445CF02D28F2C40BDF,7DFAFA53DC43D1135D9E4A51627E34AB36D2314E4126E6643A361B81F5D40809,585A891E79F394670A01A1DCA9FB6C459CA19FDF28224B09DDDA27FD68EF2B97,D696BBFA42DD1A840708B9C42E824036862ED17D538B2B47551641D8145854DB,COMPLETE_FIXED_MODEL_BRANCH_READOUT_DIAGNOSTIC_NOT_FORMAL_ABLATION
ODCR-D696,RRSHID-Test,RRSHID-Test_0109,moderate_fog/2615.png,physical,14.748340606689453,0.3541193902492523,0.5883257389068604,0.30289435386657715,930829E1FEF78AE51C465B6225AE0E751538B1CF2E5835445CF02D28F2C40BDF,7DFAFA53DC43D1135D9E4A51627E34AB36D2314E4126E6643A361B81F5D40809,2928D3CE57C75A56F65FB2FBDFABC5CCBE5FAC64C2314F9242937DD618F6C2B9,D696BBFA42DD1A840708B9C42E824036862ED17D538B2B47551641D8145854DB,COMPLETE_FIXED_MODEL_BRANCH_READOUT_DIAGNOSTIC_NOT_FORMAL_ABLATION
ODCR-D696,RRSHID-Test,RRSHID-Test_0109,moderate_fog/2615.png,output,18.505664825439453,0.5041157603263855,0.44606900215148926,0.3054429292678833,930829E1FEF78AE51C465B6225AE0E751538B1CF2E5835445CF02D28F2C40BDF,7DFAFA53DC43D1135D9E4A51627E34AB36D2314E4126E6643A361B81F5D40809,086A82AC3B7F7C575624103ACDA801B6CF73801C4E435BD175318CCC6AA49476,D696BBFA42DD1A840708B9C42E824036862ED17D538B2B47551641D8145854DB,COMPLETE_FIXED_MODEL_BRANCH_READOUT_DIAGNOSTIC_NOT_FORMAL_ABLATION
ODCR-D696,RRSHID-Test,RRSHID-Test_0110,moderate_fog/2637.png,direct,17.107471466064453,0.5065355896949768,0.43621379137039185,0.29074734449386597,5528F690C3640896ED1EE84F8CF934EAD4E32F197A3968829927EBE6CD1B8827,85D664992DE25BFC5D04BA0AA4327D948E7B06B712D12FCC9F6E16A2971EF946,98443D5916A256309613EB1298A3A841468254C9A7F64EAEBD0D83B18B2BF409,D696BBFA42DD1A840708B9C42E824036862ED17D538B2B47551641D8145854DB,COMPLETE_FIXED_MODEL_BRANCH_READOUT_DIAGNOSTIC_NOT_FORMAL_ABLATION
ODCR-D696,RRSHID-Test,RRSHID-Test_0110,moderate_fog/2637.png,physical,13.83081340789795,0.2893616259098053,0.6663398742675781,0.35201478004455566,5528F690C3640896ED1EE84F8CF934EAD4E32F197A3968829927EBE6CD1B8827,85D664992DE25BFC5D04BA0AA4327D948E7B06B712D12FCC9F6E16A2971EF946,6B210999D8666C121D61BC7CC64896FC73CF5A9EF644B91AEEC5296EB339D54D,D696BBFA42DD1A840708B9C42E824036862ED17D538B2B47551641D8145854DB,COMPLETE_FIXED_MODEL_BRANCH_READOUT_DIAGNOSTIC_NOT_FORMAL_ABLATION
ODCR-D696,RRSHID-Test,RRSHID-Test_0110,moderate_fog/2637.png,output,17.26240348815918,0.5052059292793274,0.42846810817718506,0.2915336489677429,5528F690C3640896ED1EE84F8CF934EAD4E32F197A3968829927EBE6CD1B8827,85D664992DE25BFC5D04BA0AA4327D948E7B06B712D12FCC9F6E16A2971EF946,F552AACDFDDA22A6F8167422FE0D018ECBE70D0590A8D62021D1F89FEEED42E3,D696BBFA42DD1A840708B9C42E824036862ED17D538B2B47551641D8145854DB,COMPLETE_FIXED_MODEL_BRANCH_READOUT_DIAGNOSTIC_NOT_FORMAL_ABLATION
ODCR-D696,RRSHID-Test,RRSHID-Test_0111,moderate_fog/2650.png,direct,20.36781120300293,0.5204920768737793,0.6173280477523804,0.4026915431022644,E65446EE9A72873CCE4265FC06817711963017E3838D0E1E7ADBB60BA28CE108,E3258E769558D9D6E6E674944E6F9F59305D098814CFAFEBFEB56D3F63DB4EA1,69ED3042B592B6D038E81DBBA9B90FE0A9613168DF6F715C8802440B4541B5F3,D696BBFA42DD1A840708B9C42E824036862ED17D538B2B47551641D8145854DB,COMPLETE_FIXED_MODEL_BRANCH_READOUT_DIAGNOSTIC_NOT_FORMAL_ABLATION
ODCR-D696,RRSHID-Test,RRSHID-Test_0111,moderate_fog/2650.png,physical,13.070449829101562,0.313577800989151,0.5892714858055115,0.3286004662513733,E65446EE9A72873CCE4265FC06817711963017E3838D0E1E7ADBB60BA28CE108,E3258E769558D9D6E6E674944E6F9F59305D098814CFAFEBFEB56D3F63DB4EA1,FF2DD6DFE3D8FB642E4FFB1F1920EA9D95E9B8D60383199365CCD4AFEA01D2D7,D696BBFA42DD1A840708B9C42E824036862ED17D538B2B47551641D8145854DB,COMPLETE_FIXED_MODEL_BRANCH_READOUT_DIAGNOSTIC_NOT_FORMAL_ABLATION
ODCR-D696,RRSHID-Test,RRSHID-Test_0111,moderate_fog/2650.png,output,20.399574279785156,0.5210398435592651,0.612424910068512,0.39981889724731445,E65446EE9A72873CCE4265FC06817711963017E3838D0E1E7ADBB60BA28CE108,E3258E769558D9D6E6E674944E6F9F59305D098814CFAFEBFEB56D3F63DB4EA1,B21EAB279720E1D306BA8D682C9C3C8296DA12A262C9FDFCDB43055C47CF9B24,D696BBFA42DD1A840708B9C42E824036862ED17D538B2B47551641D8145854DB,COMPLETE_FIXED_MODEL_BRANCH_READOUT_DIAGNOSTIC_NOT_FORMAL_ABLATION
ODCR-D696,RRSHID-Test,RRSHID-Test_0112,moderate_fog/2689.png,direct,16.15385627746582,0.4758799970149994,0.5696415305137634,0.3583146929740906,F1D88B4E3EF3BA3B60E4A673763E3701D65B76600FE8CC10D372B8396047DF25,B132E064502469D1CF968C7EE90EB4E2820443E6D54799A24C62B27B13A65FEE,675048845BA48AB10140357FE71E485144A4B2CC8DC2E2E20CAE41DF66BDB8FA,D696BBFA42DD1A840708B9C42E824036862ED17D538B2B47551641D8145854DB,COMPLETE_FIXED_MODEL_BRANCH_READOUT_DIAGNOSTIC_NOT_FORMAL_ABLATION
ODCR-D696,RRSHID-Test,RRSHID-Test_0112,moderate_fog/2689.png,physical,12.835958480834961,0.21938456594944,0.7506594657897949,0.4009553790092468,F1D88B4E3EF3BA3B60E4A673763E3701D65B76600FE8CC10D372B8396047DF25,B132E064502469D1CF968C7EE90EB4E2820443E6D54799A24C62B27B13A65FEE,CF5E7573CEE5C17394CECFEF3155BD21907EC0564C813BC5499D040B8AFDD5B6,D696BBFA42DD1A840708B9C42E824036862ED17D538B2B47551641D8145854DB,COMPLETE_FIXED_MODEL_BRANCH_READOUT_DIAGNOSTIC_NOT_FORMAL_ABLATION
ODCR-D696,RRSHID-Test,RRSHID-Test_0112,moderate_fog/2689.png,output,16.172021865844727,0.47459080815315247,0.5698810815811157,0.3559819459915161,F1D88B4E3EF3BA3B60E4A673763E3701D65B76600FE8CC10D372B8396047DF25,B132E064502469D1CF968C7EE90EB4E2820443E6D54799A24C62B27B13A65FEE,081F933E2584D372F6D531033D404B8CE6E8F6E172CDE4ED7710792B688B8A5C,D696BBFA42DD1A840708B9C42E824036862ED17D538B2B47551641D8145854DB,COMPLETE_FIXED_MODEL_BRANCH_READOUT_DIAGNOSTIC_NOT_FORMAL_ABLATION
ODCR-D696,RRSHID-Test,RRSHID-Test_0113,moderate_fog/2691.png,direct,19.948543548583984,0.5243074893951416,0.5930767059326172,0.3849251866340637,5071BFA95941A242F6E08787DAF41C7E9CD933089249D54D4AD8EDBD254E4C81,69DC3D20996C396F3C87DA4DB26DBD63CFFC10C65A722E2DD9714BD01459E134,DC9686E3AB87F73C24AE5618437FC176BE147FA8FFA9E94A4CB67322E9CF1907,D696BBFA42DD1A840708B9C42E824036862ED17D538B2B47551641D8145854DB,COMPLETE_FIXED_MODEL_BRANCH_READOUT_DIAGNOSTIC_NOT_FORMAL_ABLATION
ODCR-D696,RRSHID-Test,RRSHID-Test_0113,moderate_fog/2691.png,physical,10.230851173400879,0.21619148552417755,0.7549939155578613,0.40430736541748047,5071BFA95941A242F6E08787DAF41C7E9CD933089249D54D4AD8EDBD254E4C81,69DC3D20996C396F3C87DA4DB26DBD63CFFC10C65A722E2DD9714BD01459E134,65AA5D03DC64545A339F2F08C50975E7B34F2784227941394B2BE0AC43460264,D696BBFA42DD1A840708B9C42E824036862ED17D538B2B47551641D8145854DB,COMPLETE_FIXED_MODEL_BRANCH_READOUT_DIAGNOSTIC_NOT_FORMAL_ABLATION
ODCR-D696,RRSHID-Test,RRSHID-Test_0113,moderate_fog/2691.png,output,19.926467895507812,0.5227453708648682,0.5924798250198364,0.38193047046661377,5071BFA95941A242F6E08787DAF41C7E9CD933089249D54D4AD8EDBD254E4C81,69DC3D20996C396F3C87DA4DB26DBD63CFFC10C65A722E2DD9714BD01459E134,E5320EFD489AA2A417FA55DA39FD2422FCB5E4916684C450BE58D5E69E562113,D696BBFA42DD1A840708B9C42E824036862ED17D538B2B47551641D8145854DB,COMPLETE_FIXED_MODEL_BRANCH_READOUT_DIAGNOSTIC_NOT_FORMAL_ABLATION
ODCR-D696,RRSHID-Test,RRSHID-Test_0114,moderate_fog/2719.png,direct,18.037982940673828,0.3245396316051483,0.7766405940055847,0.5162091851234436,BA2C91003D6D29CFC518FA5E2F7A39D92BE59D6E5610763AE61971E81C166BA7,25D02EE3E68A5AD4EF0DC57C0C3EA00D869517CDD99854489E2222FFE6962016,FB704226B3E03CDE6E10194FC7E10CCF55769A3384D692846CD67E6FFF3DE0B7,D696BBFA42DD1A840708B9C42E824036862ED17D538B2B47551641D8145854DB,COMPLETE_FIXED_MODEL_BRANCH_READOUT_DIAGNOSTIC_NOT_FORMAL_ABLATION
ODCR-D696,RRSHID-Test,RRSHID-Test_0114,moderate_fog/2719.png,physical,11.184443473815918,0.1564677655696869,0.6439167261123657,0.3961808681488037,BA2C91003D6D29CFC518FA5E2F7A39D92BE59D6E5610763AE61971E81C166BA7,25D02EE3E68A5AD4EF0DC57C0C3EA00D869517CDD99854489E2222FFE6962016,7FDC35E83C2A37CD9EB4C27EB31313732376E9DFC4D5744F9677AD2F6F7D8133,D696BBFA42DD1A840708B9C42E824036862ED17D538B2B47551641D8145854DB,COMPLETE_FIXED_MODEL_BRANCH_READOUT_DIAGNOSTIC_NOT_FORMAL_ABLATION
ODCR-D696,RRSHID-Test,RRSHID-Test_0114,moderate_fog/2719.png,output,18.040508270263672,0.33186110854148865,0.7490321397781372,0.48625504970550537,BA2C91003D6D29CFC518FA5E2F7A39D92BE59D6E5610763AE61971E81C166BA7,25D02EE3E68A5AD4EF0DC57C0C3EA00D869517CDD99854489E2222FFE6962016,AFE5E3610006FC5897E17B6AB656C2243F2411AE5435C1D3F8F6C31DF584FF8B,D696BBFA42DD1A840708B9C42E824036862ED17D538B2B47551641D8145854DB,COMPLETE_FIXED_MODEL_BRANCH_READOUT_DIAGNOSTIC_NOT_FORMAL_ABLATION
ODCR-D696,RRSHID-Test,RRSHID-Test_0115,moderate_fog/2720.png,direct,17.719362258911133,0.28144940733909607,0.7753314971923828,0.528537929058075,3E5E292E8531D47F781E05EE1239AB48BED21FF2765C937E983AC24665D786C6,474474E284DF6B74C6C8D34EFC774B8DA26FCDD5E89732B7D4E330DE04ECB719,202300DBDC5947A43347E6AC626FD484EF422F1ECEAFF8469AEE74D7FFB58278,D696BBFA42DD1A840708B9C42E824036862ED17D538B2B47551641D8145854DB,COMPLETE_FIXED_MODEL_BRANCH_READOUT_DIAGNOSTIC_NOT_FORMAL_ABLATION
ODCR-D696,RRSHID-Test,RRSHID-Test_0115,moderate_fog/2720.png,physical,10.565351486206055,0.14370019733905792,0.6850456595420837,0.40230345726013184,3E5E292E8531D47F781E05EE1239AB48BED21FF2765C937E983AC24665D786C6,474474E284DF6B74C6C8D34EFC774B8DA26FCDD5E89732B7D4E330DE04ECB719,870205A0F52D99AFDF313DC0B7CAE7E36A74A2707CDDAE64665DC908E419750F,D696BBFA42DD1A840708B9C42E824036862ED17D538B2B47551641D8145854DB,COMPLETE_FIXED_MODEL_BRANCH_READOUT_DIAGNOSTIC_NOT_FORMAL_ABLATION
ODCR-D696,RRSHID-Test,RRSHID-Test_0115,moderate_fog/2720.png,output,17.861539840698242,0.283486932516098,0.7533169984817505,0.5148940086364746,3E5E292E8531D47F781E05EE1239AB48BED21FF2765C937E983AC24665D786C6,474474E284DF6B74C6C8D34EFC774B8DA26FCDD5E89732B7D4E330DE04ECB719,23944C9D5A3CA3E773C6B94970680F89C8BF4159E00560C7F654598CD7C6AAE4,D696BBFA42DD1A840708B9C42E824036862ED17D538B2B47551641D8145854DB,COMPLETE_FIXED_MODEL_BRANCH_READOUT_DIAGNOSTIC_NOT_FORMAL_ABLATION
ODCR-D696,RRSHID-Test,RRSHID-Test_0116,moderate_fog/2790.png,direct,19.25501251220703,0.3165563642978668,0.721009373664856,0.48847436904907227,F6451B96E753C98FE9E6D05B5C37A5E8157FBF02A3EBD57EEB5823C3EDD0D493,26059225BDDD21C1150A01494EFD82CC536502C4FCF6CC363CEB5D2CB14077E9,5ECA38B6291014E56E9363729A2E1F65154548BE2236BFED5DEC3F0AA367B4B9,D696BBFA42DD1A840708B9C42E824036862ED17D538B2B47551641D8145854DB,COMPLETE_FIXED_MODEL_BRANCH_READOUT_DIAGNOSTIC_NOT_FORMAL_ABLATION
ODCR-D696,RRSHID-Test,RRSHID-Test_0116,moderate_fog/2790.png,physical,12.729530334472656,0.1884937286376953,0.5798836350440979,0.35563886165618896,F6451B96E753C98FE9E6D05B5C37A5E8157FBF02A3EBD57EEB5823C3EDD0D493,26059225BDDD21C1150A01494EFD82CC536502C4FCF6CC363CEB5D2CB14077E9,2942B925D403549996ECF4FB022E7BBBB5B36F4A7B97B3422DBCD759E424C8B8,D696BBFA42DD1A840708B9C42E824036862ED17D538B2B47551641D8145854DB,COMPLETE_FIXED_MODEL_BRANCH_READOUT_DIAGNOSTIC_NOT_FORMAL_ABLATION
ODCR-D696,RRSHID-Test,RRSHID-Test_0116,moderate_fog/2790.png,output,19.3388614654541,0.3227726221084595,0.6714561581611633,0.4495543837547302,F6451B96E753C98FE9E6D05B5C37A5E8157FBF02A3EBD57EEB5823C3EDD0D493,26059225BDDD21C1150A01494EFD82CC536502C4FCF6CC363CEB5D2CB14077E9,C599D92A3A35C131CAC25714651A7F2DB28AFB184E4BD0FFDBAC70B184619259,D696BBFA42DD1A840708B9C42E824036862ED17D538B2B47551641D8145854DB,COMPLETE_FIXED_MODEL_BRANCH_READOUT_DIAGNOSTIC_NOT_FORMAL_ABLATION
ODCR-D696,RRSHID-Test,RRSHID-Test_0117,moderate_fog/2791.png,direct,17.51388931274414,0.24303275346755981,0.7794788479804993,0.5066967010498047,F83EC5C18FCBA24CB295F6CBE2DA27B729A469008D12F1FF43E68B52436F03AF,1E45ED3377A4E21B57B6AA769B9B67B19AB1E079FA942856735BF813F02FAD37,5F9B706D51D94092A74EE13BD9D69039C9B7EDE7E8B3EDC42B02F964C8ECB480,D696BBFA42DD1A840708B9C42E824036862ED17D538B2B47551641D8145854DB,COMPLETE_FIXED_MODEL_BRANCH_READOUT_DIAGNOSTIC_NOT_FORMAL_ABLATION
ODCR-D696,RRSHID-Test,RRSHID-Test_0117,moderate_fog/2791.png,physical,9.178474426269531,0.13466684520244598,0.6738816499710083,0.4021152853965759,F83EC5C18FCBA24CB295F6CBE2DA27B729A469008D12F1FF43E68B52436F03AF,1E45ED3377A4E21B57B6AA769B9B67B19AB1E079FA942856735BF813F02FAD37,59ABFEC492D5CEEF49760C692D2A270C70D6F7C020C5D47D68BD5A33F66941BF,D696BBFA42DD1A840708B9C42E824036862ED17D538B2B47551641D8145854DB,COMPLETE_FIXED_MODEL_BRANCH_READOUT_DIAGNOSTIC_NOT_FORMAL_ABLATION
ODCR-D696,RRSHID-Test,RRSHID-Test_0117,moderate_fog/2791.png,output,17.525815963745117,0.24582040309906006,0.7567633390426636,0.489901602268219,F83EC5C18FCBA24CB295F6CBE2DA27B729A469008D12F1FF43E68B52436F03AF,1E45ED3377A4E21B57B6AA769B9B67B19AB1E079FA942856735BF813F02FAD37,D256F803DE07D6534205019D86C510523E1672A9293E4B4A5CCAACFDC88F421C,D696BBFA42DD1A840708B9C42E824036862ED17D538B2B47551641D8145854DB,COMPLETE_FIXED_MODEL_BRANCH_READOUT_DIAGNOSTIC_NOT_FORMAL_ABLATION
ODCR-D696,RRSHID-Test,RRSHID-Test_0118,moderate_fog/2809.png,direct,16.999191284179688,0.28052589297294617,0.6775391697883606,0.40893077850341797,4463FBB60C8302C1F65913E7C830128236824B4B7113C8EA9520AECACBCB3637,2319F24225E56C706336830C73C446D28687BC41672497DAAFC4C424CB942A7D,B54B179AFAEBA0DA9EAF3ED94FB048D0AE26DE2C6ADD3E938236A3A3DB29CB8C,D696BBFA42DD1A840708B9C42E824036862ED17D538B2B47551641D8145854DB,COMPLETE_FIXED_MODEL_BRANCH_READOUT_DIAGNOSTIC_NOT_FORMAL_ABLATION
ODCR-D696,RRSHID-Test,RRSHID-Test_0118,moderate_fog/2809.png,physical,17.245620727539062,0.19898979365825653,0.5612049102783203,0.3057107925415039,4463FBB60C8302C1F65913E7C830128236824B4B7113C8EA9520AECACBCB3637,2319F24225E56C706336830C73C446D28687BC41672497DAAFC4C424CB942A7D,8F98B4BAA6A7D66374B0715F1BD3D44211D90CD82C9FEC4272FA9CD67214DA52,D696BBFA42DD1A840708B9C42E824036862ED17D538B2B47551641D8145854DB,COMPLETE_FIXED_MODEL_BRANCH_READOUT_DIAGNOSTIC_NOT_FORMAL_ABLATION
ODCR-D696,RRSHID-Test,RRSHID-Test_0118,moderate_fog/2809.png,output,17.390880584716797,0.2873166501522064,0.6058059334754944,0.3746764659881592,4463FBB60C8302C1F65913E7C830128236824B4B7113C8EA9520AECACBCB3637,2319F24225E56C706336830C73C446D28687BC41672497DAAFC4C424CB942A7D,D10495C71F16BA06CD2C32CD818E03FAAE9EB1760DFF249F311690D4A26A7AA2,D696BBFA42DD1A840708B9C42E824036862ED17D538B2B47551641D8145854DB,COMPLETE_FIXED_MODEL_BRANCH_READOUT_DIAGNOSTIC_NOT_FORMAL_ABLATION
ODCR-D696,RRSHID-Test,RRSHID-Test_0119,moderate_fog/2836.png,direct,16.963850021362305,0.3846423625946045,0.648388683795929,0.43132728338241577,80E73662E888A83C136215E48B59AE64FF6C2CC32909A378F916CD68B8940665,E24E011BB2216A66B726A1287326978A3BEE6F93B34380AEC2F98D422E792ECB,6E9F2DB1B4112DB85E3629AA5A346959E7D114A930964039F2A4ED35E313759F,D696BBFA42DD1A840708B9C42E824036862ED17D538B2B47551641D8145854DB,COMPLETE_FIXED_MODEL_BRANCH_READOUT_DIAGNOSTIC_NOT_FORMAL_ABLATION
ODCR-D696,RRSHID-Test,RRSHID-Test_0119,moderate_fog/2836.png,physical,14.413008689880371,0.2785801291465759,0.5077662467956543,0.31130677461624146,80E73662E888A83C136215E48B59AE64FF6C2CC32909A378F916CD68B8940665,E24E011BB2216A66B726A1287326978A3BEE6F93B34380AEC2F98D422E792ECB,6181CEECB38676207D4B4BCD3EEDECE91BBF1E2B83D4105D776301068FF6D443,D696BBFA42DD1A840708B9C42E824036862ED17D538B2B47551641D8145854DB,COMPLETE_FIXED_MODEL_BRANCH_READOUT_DIAGNOSTIC_NOT_FORMAL_ABLATION
ODCR-D696,RRSHID-Test,RRSHID-Test_0119,moderate_fog/2836.png,output,17.04214859008789,0.3937443494796753,0.5728757381439209,0.3910709023475647,80E73662E888A83C136215E48B59AE64FF6C2CC32909A378F916CD68B8940665,E24E011BB2216A66B726A1287326978A3BEE6F93B34380AEC2F98D422E792ECB,1E92E5D31DD6C7A5C8F9EA744BFE102432CE41FCFD5D6729623361238DCB49DE,D696BBFA42DD1A840708B9C42E824036862ED17D538B2B47551641D8145854DB,COMPLETE_FIXED_MODEL_BRANCH_READOUT_DIAGNOSTIC_NOT_FORMAL_ABLATION
ODCR-D696,RRSHID-Test,RRSHID-Test_0120,moderate_fog/2839.png,direct,20.163843154907227,0.3242708742618561,0.6297595500946045,0.3065633177757263,2F871396C2130D9D5D663CD8E6E2BEF695DF09C5F716BF7C210988B3BEB9FD86,6FF83F80F45DF80D03EB495A7FD1A66F27604CB8176AA61CE6855A166A47B023,929DAB4C5BD0ABB074F52CFA1BBAB6648994F68F8C69CD13539D04DD6EE63F08,D696BBFA42DD1A840708B9C42E824036862ED17D538B2B47551641D8145854DB,COMPLETE_FIXED_MODEL_BRANCH_READOUT_DIAGNOSTIC_NOT_FORMAL_ABLATION
ODCR-D696,RRSHID-Test,RRSHID-Test_0120,moderate_fog/2839.png,physical,15.08545970916748,0.21418052911758423,0.46074798703193665,0.2638170123100281,2F871396C2130D9D5D663CD8E6E2BEF695DF09C5F716BF7C210988B3BEB9FD86,6FF83F80F45DF80D03EB495A7FD1A66F27604CB8176AA61CE6855A166A47B023,320C52BF161ABB53328ECC295574EC13A45530DBDB0F5DE400FEBED062316429,D696BBFA42DD1A840708B9C42E824036862ED17D538B2B47551641D8145854DB,COMPLETE_FIXED_MODEL_BRANCH_READOUT_DIAGNOSTIC_NOT_FORMAL_ABLATION
ODCR-D696,RRSHID-Test,RRSHID-Test_0120,moderate_fog/2839.png,output,20.263349533081055,0.32480117678642273,0.5062571167945862,0.26689398288726807,2F871396C2130D9D5D663CD8E6E2BEF695DF09C5F716BF7C210988B3BEB9FD86,6FF83F80F45DF80D03EB495A7FD1A66F27604CB8176AA61CE6855A166A47B023,A69170B6576397F7B2386EF655BBA4BE4CA07F6DB1AE532536CE000482FC9DDA,D696BBFA42DD1A840708B9C42E824036862ED17D538B2B47551641D8145854DB,COMPLETE_FIXED_MODEL_BRANCH_READOUT_DIAGNOSTIC_NOT_FORMAL_ABLATION
ODCR-D696,RRSHID-Test,RRSHID-Test_0121,moderate_fog/2859.png,direct,19.55158233642578,0.34999608993530273,0.6377136707305908,0.4064333438873291,F47CA2E39F87FA26306CE5C409B889951FE35073D4B7C2FB67BC15384354DA6B,535ADBF0E2AC3413DFAAECFDB816DEA1C51004C73F46BF79053A1CD3DB2A24CF,20C22E9A63E7E7EC00E3241A9447987A69F05B248BC0ED7B268199C4AF62C263,D696BBFA42DD1A840708B9C42E824036862ED17D538B2B47551641D8145854DB,COMPLETE_FIXED_MODEL_BRANCH_READOUT_DIAGNOSTIC_NOT_FORMAL_ABLATION
ODCR-D696,RRSHID-Test,RRSHID-Test_0121,moderate_fog/2859.png,physical,16.986534118652344,0.2803054451942444,0.46388211846351624,0.29567551612854004,F47CA2E39F87FA26306CE5C409B889951FE35073D4B7C2FB67BC15384354DA6B,535ADBF0E2AC3413DFAAECFDB816DEA1C51004C73F46BF79053A1CD3DB2A24CF,03356036AF04EB3540FA7DE0F0AC1B5B8C35512D8C9CF209A2927ABE59BB7341,D696BBFA42DD1A840708B9C42E824036862ED17D538B2B47551641D8145854DB,COMPLETE_FIXED_MODEL_BRANCH_READOUT_DIAGNOSTIC_NOT_FORMAL_ABLATION
ODCR-D696,RRSHID-Test,RRSHID-Test_0121,moderate_fog/2859.png,output,19.91975975036621,0.3612532615661621,0.5133072137832642,0.33067214488983154,F47CA2E39F87FA26306CE5C409B889951FE35073D4B7C2FB67BC15384354DA6B,535ADBF0E2AC3413DFAAECFDB816DEA1C51004C73F46BF79053A1CD3DB2A24CF,B3821A819A4DDDB075728D35868C0680F1FE61E23B96BAF60FCC87DB1748ACC8,D696BBFA42DD1A840708B9C42E824036862ED17D538B2B47551641D8145854DB,COMPLETE_FIXED_MODEL_BRANCH_READOUT_DIAGNOSTIC_NOT_FORMAL_ABLATION
ODCR-D696,RRSHID-Test,RRSHID-Test_0122,moderate_fog/2888.png,direct,19.58987045288086,0.32028675079345703,0.5550017952919006,0.31915992498397827,91C4543F0E41CA4CF354C2833D93F6ACB0A092EEECAFABB3D70918301159057B,593200B38F55382464CA647567332B62778CF53D5420C9C45148E74C06AC88E1,4607FF6FEEA5CA25502210288ACAC9FB9970E5C3100EB3485D1D4B38EADCC7E0,D696BBFA42DD1A840708B9C42E824036862ED17D538B2B47551641D8145854DB,COMPLETE_FIXED_MODEL_BRANCH_READOUT_DIAGNOSTIC_NOT_FORMAL_ABLATION
ODCR-D696,RRSHID-Test,RRSHID-Test_0122,moderate_fog/2888.png,physical,17.151023864746094,0.2145835906267166,0.4373323917388916,0.26413971185684204,91C4543F0E41CA4CF354C2833D93F6ACB0A092EEECAFABB3D70918301159057B,593200B38F55382464CA647567332B62778CF53D5420C9C45148E74C06AC88E1,0B68E514EE73C67125362D63D7CBC1A1F0B589258099B7332952A8E3F1DCBCCD,D696BBFA42DD1A840708B9C42E824036862ED17D538B2B47551641D8145854DB,COMPLETE_FIXED_MODEL_BRANCH_READOUT_DIAGNOSTIC_NOT_FORMAL_ABLATION
ODCR-D696,RRSHID-Test,RRSHID-Test_0122,moderate_fog/2888.png,output,19.94322967529297,0.31650349497795105,0.42016035318374634,0.2649526596069336,91C4543F0E41CA4CF354C2833D93F6ACB0A092EEECAFABB3D70918301159057B,593200B38F55382464CA647567332B62778CF53D5420C9C45148E74C06AC88E1,77EC4ECC618EB1A5B514FFD64836D8B737FC7B7C1B107BA696BE6CCFECC63FFB,D696BBFA42DD1A840708B9C42E824036862ED17D538B2B47551641D8145854DB,COMPLETE_FIXED_MODEL_BRANCH_READOUT_DIAGNOSTIC_NOT_FORMAL_ABLATION
ODCR-D696,RRSHID-Test,RRSHID-Test_0123,moderate_fog/2913.png,direct,15.757062911987305,0.33790329098701477,0.6370704174041748,0.3963267207145691,7ECDA0DF349FAD75126F63E64A006ED721DA5BB736C8F635C4CFE7D6A8639E5A,3456370D4175FC924B145CAE98DAB168627E4CFC7D520011E7C21F9A89A6AE08,05103FCC68A5BE1AC62F62FE118912E1DAC433924E87055810F649DCA54EC286,D696BBFA42DD1A840708B9C42E824036862ED17D538B2B47551641D8145854DB,COMPLETE_FIXED_MODEL_BRANCH_READOUT_DIAGNOSTIC_NOT_FORMAL_ABLATION
ODCR-D696,RRSHID-Test,RRSHID-Test_0123,moderate_fog/2913.png,physical,10.91484546661377,0.2163117676973343,0.5170194506645203,0.33022916316986084,7ECDA0DF349FAD75126F63E64A006ED721DA5BB736C8F635C4CFE7D6A8639E5A,3456370D4175FC924B145CAE98DAB168627E4CFC7D520011E7C21F9A89A6AE08,213345406D7F148C5159D240BF94D4759B72C47C4E5C677398F321823D191B80,D696BBFA42DD1A840708B9C42E824036862ED17D538B2B47551641D8145854DB,COMPLETE_FIXED_MODEL_BRANCH_READOUT_DIAGNOSTIC_NOT_FORMAL_ABLATION
ODCR-D696,RRSHID-Test,RRSHID-Test_0123,moderate_fog/2913.png,output,16.027019500732422,0.3460069000720978,0.5594916939735413,0.3542872667312622,7ECDA0DF349FAD75126F63E64A006ED721DA5BB736C8F635C4CFE7D6A8639E5A,3456370D4175FC924B145CAE98DAB168627E4CFC7D520011E7C21F9A89A6AE08,B8C8AB0D4F3E8CF46B8F193854FCA294CF2A09D6AD1B302E662302A83DB0352E,D696BBFA42DD1A840708B9C42E824036862ED17D538B2B47551641D8145854DB,COMPLETE_FIXED_MODEL_BRANCH_READOUT_DIAGNOSTIC_NOT_FORMAL_ABLATION
ODCR-D696,RRSHID-Test,RRSHID-Test_0124,moderate_fog/292.png,direct,14.669937133789062,0.5163500308990479,0.3743147850036621,0.2709713578224182,DE7717FE1F42343590D0EB9561DF5A74AFA2728C69A076DDE04B84144D4835EB,2815E15501537EE4BC0D2A8FC473E64C1EEB2157352960EB8A607C0659C1EE0A,036BB361A96F44345C3BBD714742217545553F01B27EBFAFD1A4D093DC8EAF19,D696BBFA42DD1A840708B9C42E824036862ED17D538B2B47551641D8145854DB,COMPLETE_FIXED_MODEL_BRANCH_READOUT_DIAGNOSTIC_NOT_FORMAL_ABLATION
ODCR-D696,RRSHID-Test,RRSHID-Test_0124,moderate_fog/292.png,physical,13.222745895385742,0.41550591588020325,0.40871021151542664,0.27366477251052856,DE7717FE1F42343590D0EB9561DF5A74AFA2728C69A076DDE04B84144D4835EB,2815E15501537EE4BC0D2A8FC473E64C1EEB2157352960EB8A607C0659C1EE0A,62804B5FB324A4A404D3D70CADF627C6CDA9DA63DD18CDFF7B8FE42DB1C11421,D696BBFA42DD1A840708B9C42E824036862ED17D538B2B47551641D8145854DB,COMPLETE_FIXED_MODEL_BRANCH_READOUT_DIAGNOSTIC_NOT_FORMAL_ABLATION
ODCR-D696,RRSHID-Test,RRSHID-Test_0124,moderate_fog/292.png,output,14.355941772460938,0.5057682991027832,0.3527933359146118,0.2598394751548767,DE7717FE1F42343590D0EB9561DF5A74AFA2728C69A076DDE04B84144D4835EB,2815E15501537EE4BC0D2A8FC473E64C1EEB2157352960EB8A607C0659C1EE0A,FD8BEE34D35FCE8098794EC4C9C8D5C9111D42BDB44D8A985D1B4E79460DC710,D696BBFA42DD1A840708B9C42E824036862ED17D538B2B47551641D8145854DB,COMPLETE_FIXED_MODEL_BRANCH_READOUT_DIAGNOSTIC_NOT_FORMAL_ABLATION
ODCR-D696,RRSHID-Test,RRSHID-Test_0125,moderate_fog/320.png,direct,21.631505966186523,0.6430822014808655,0.3722180128097534,0.26459211111068726,5AE5000F773B8554F92064F1663A5A3091B49CBCD7601C15997359EE7034A3F5,1F9A7EE77803EB19B6AFB09857C9561E1BB9282E43A8060BD5A72A4BD636BC57,2A2BFCDBE6B851385057300315980F6F44E56852769A01C1BCFCA464EA08D771,D696BBFA42DD1A840708B9C42E824036862ED17D538B2B47551641D8145854DB,COMPLETE_FIXED_MODEL_BRANCH_READOUT_DIAGNOSTIC_NOT_FORMAL_ABLATION
ODCR-D696,RRSHID-Test,RRSHID-Test_0125,moderate_fog/320.png,physical,21.25635528564453,0.6374988555908203,0.29891830682754517,0.2451534867286682,5AE5000F773B8554F92064F1663A5A3091B49CBCD7601C15997359EE7034A3F5,1F9A7EE77803EB19B6AFB09857C9561E1BB9282E43A8060BD5A72A4BD636BC57,D0B8A18489BF3FEF138915C2703530E15B36C4DE138631E67712A0D5C5E4E573,D696BBFA42DD1A840708B9C42E824036862ED17D538B2B47551641D8145854DB,COMPLETE_FIXED_MODEL_BRANCH_READOUT_DIAGNOSTIC_NOT_FORMAL_ABLATION
ODCR-D696,RRSHID-Test,RRSHID-Test_0125,moderate_fog/320.png,output,22.66806411743164,0.6861808896064758,0.298397958278656,0.26132363080978394,5AE5000F773B8554F92064F1663A5A3091B49CBCD7601C15997359EE7034A3F5,1F9A7EE77803EB19B6AFB09857C9561E1BB9282E43A8060BD5A72A4BD636BC57,BFE94AF8A6A5384A6A6C96EC615E36910A0D4247B951F4BF4CDF3049572824BA,D696BBFA42DD1A840708B9C42E824036862ED17D538B2B47551641D8145854DB,COMPLETE_FIXED_MODEL_BRANCH_READOUT_DIAGNOSTIC_NOT_FORMAL_ABLATION
ODCR-D696,RRSHID-Test,RRSHID-Test_0126,moderate_fog/337.png,direct,22.36575698852539,0.6862237453460693,0.37918588519096375,0.24590861797332764,06A135A6F87E35171393FAA7E240D138726E3D8A9EA16E99D1F1E9FEA7EEC96C,6233C990D139485FB2B10429B8FE2620748FCCE967AB94DBEC0275D280C4F0E7,3B5ECCB5B73BF4728082EC46118C077DCABE7CC68D54E1A17C182CFE2BDA6129,D696BBFA42DD1A840708B9C42E824036862ED17D538B2B47551641D8145854DB,COMPLETE_FIXED_MODEL_BRANCH_READOUT_DIAGNOSTIC_NOT_FORMAL_ABLATION
ODCR-D696,RRSHID-Test,RRSHID-Test_0126,moderate_fog/337.png,physical,21.436689376831055,0.46414661407470703,0.4910387396812439,0.2763403654098511,06A135A6F87E35171393FAA7E240D138726E3D8A9EA16E99D1F1E9FEA7EEC96C,6233C990D139485FB2B10429B8FE2620748FCCE967AB94DBEC0275D280C4F0E7,68A81AD6A90C86908C3B83D1513FB7120AFDE5F5E35E8400AA88FFC49113740C,D696BBFA42DD1A840708B9C42E824036862ED17D538B2B47551641D8145854DB,COMPLETE_FIXED_MODEL_BRANCH_READOUT_DIAGNOSTIC_NOT_FORMAL_ABLATION
ODCR-D696,RRSHID-Test,RRSHID-Test_0126,moderate_fog/337.png,output,23.139175415039062,0.6918529868125916,0.3575771450996399,0.23323386907577515,06A135A6F87E35171393FAA7E240D138726E3D8A9EA16E99D1F1E9FEA7EEC96C,6233C990D139485FB2B10429B8FE2620748FCCE967AB94DBEC0275D280C4F0E7,958E94BA4DCC07284B0045D4DAC70C6AA47D14B3EB00BC67758DAEA828EEB7E0,D696BBFA42DD1A840708B9C42E824036862ED17D538B2B47551641D8145854DB,COMPLETE_FIXED_MODEL_BRANCH_READOUT_DIAGNOSTIC_NOT_FORMAL_ABLATION
ODCR-D696,RRSHID-Test,RRSHID-Test_0127,moderate_fog/338.png,direct,22.051456451416016,0.6832941174507141,0.39205053448677063,0.27015799283981323,CAF47DEC36A3DF1FD52D836438FBFE36BBBA67F35937E2BEF0B4C997EA32742D,B1C7C57D5F845D433A183BE3A1168BEF3B9914F155434B49A52C368B0AE31817,DAEB030E585D99A2426AD846C105F776F34028E39215477F6913E36DB3B2C9F3,D696BBFA42DD1A840708B9C42E824036862ED17D538B2B47551641D8145854DB,COMPLETE_FIXED_MODEL_BRANCH_READOUT_DIAGNOSTIC_NOT_FORMAL_ABLATION
ODCR-D696,RRSHID-Test,RRSHID-Test_0127,moderate_fog/338.png,physical,21.59366226196289,0.44801703095436096,0.508344292640686,0.3328547477722168,CAF47DEC36A3DF1FD52D836438FBFE36BBBA67F35937E2BEF0B4C997EA32742D,B1C7C57D5F845D433A183BE3A1168BEF3B9914F155434B49A52C368B0AE31817,B1A61E6BC39D913DD5DDB688071FE9F3A99F15406F578D0A19B870C3FCC6C681,D696BBFA42DD1A840708B9C42E824036862ED17D538B2B47551641D8145854DB,COMPLETE_FIXED_MODEL_BRANCH_READOUT_DIAGNOSTIC_NOT_FORMAL_ABLATION
ODCR-D696,RRSHID-Test,RRSHID-Test_0127,moderate_fog/338.png,output,22.74212646484375,0.6895668506622314,0.3755914568901062,0.26072263717651367,CAF47DEC36A3DF1FD52D836438FBFE36BBBA67F35937E2BEF0B4C997EA32742D,B1C7C57D5F845D433A183BE3A1168BEF3B9914F155434B49A52C368B0AE31817,0B45EEB1EC61A1F8C9E2E830B5E5780E760C3D32EDFB57EAE362A6B41A5EA73C,D696BBFA42DD1A840708B9C42E824036862ED17D538B2B47551641D8145854DB,COMPLETE_FIXED_MODEL_BRANCH_READOUT_DIAGNOSTIC_NOT_FORMAL_ABLATION
ODCR-D696,RRSHID-Test,RRSHID-Test_0128,moderate_fog/35.png,direct,24.0654354095459,0.6881919503211975,0.3441290557384491,0.24281495809555054,C27CB7D8875ED3306C93D16757907899276927096EB1A2219E94D6FE3D72F172,936AE2DD220E2A0D57F6AC1A9D7788D341C56E6FB9A52C5D57F78A95F9287BDB,8B56659C3131D105DAC730A60C9F7D18AD8CA8849DD442C4C7FF07B1C7E10401,D696BBFA42DD1A840708B9C42E824036862ED17D538B2B47551641D8145854DB,COMPLETE_FIXED_MODEL_BRANCH_READOUT_DIAGNOSTIC_NOT_FORMAL_ABLATION
ODCR-D696,RRSHID-Test,RRSHID-Test_0128,moderate_fog/35.png,physical,18.369752883911133,0.47860994935035706,0.40735235810279846,0.2579912543296814,C27CB7D8875ED3306C93D16757907899276927096EB1A2219E94D6FE3D72F172,936AE2DD220E2A0D57F6AC1A9D7788D341C56E6FB9A52C5D57F78A95F9287BDB,784F6E21CD5762494301CD6C9A5F0C278ADE8D6404A78EDA6EAC02C1FAF40D5D,D696BBFA42DD1A840708B9C42E824036862ED17D538B2B47551641D8145854DB,COMPLETE_FIXED_MODEL_BRANCH_READOUT_DIAGNOSTIC_NOT_FORMAL_ABLATION
ODCR-D696,RRSHID-Test,RRSHID-Test_0128,moderate_fog/35.png,output,24.21311378479004,0.6914758682250977,0.30717673897743225,0.2264636754989624,C27CB7D8875ED3306C93D16757907899276927096EB1A2219E94D6FE3D72F172,936AE2DD220E2A0D57F6AC1A9D7788D341C56E6FB9A52C5D57F78A95F9287BDB,B35CB21E4A0D363DAAB363AFD92EFB9489FE96CABC7F6934DD7A9ACAA9DDBF35,D696BBFA42DD1A840708B9C42E824036862ED17D538B2B47551641D8145854DB,COMPLETE_FIXED_MODEL_BRANCH_READOUT_DIAGNOSTIC_NOT_FORMAL_ABLATION
ODCR-D696,RRSHID-Test,RRSHID-Test_0129,moderate_fog/360.png,direct,23.425323486328125,0.638083815574646,0.5214967131614685,0.2935076355934143,0D1D326E81E429B4DA70F37C1B5C56DC01C18F9E5B1A9FE4330246BC9F5645BE,C0801B3A74FF725F4A041C5C1266A4BC06A77478DC90CBE79921D17274D62C06,BF426DBEBD88C271707221F25BB2DB0A411B59B2CC00B94F80C2CC1296B8C537,D696BBFA42DD1A840708B9C42E824036862ED17D538B2B47551641D8145854DB,COMPLETE_FIXED_MODEL_BRANCH_READOUT_DIAGNOSTIC_NOT_FORMAL_ABLATION
ODCR-D696,RRSHID-Test,RRSHID-Test_0129,moderate_fog/360.png,physical,22.28784942626953,0.6088298559188843,0.3446600139141083,0.22480261325836182,0D1D326E81E429B4DA70F37C1B5C56DC01C18F9E5B1A9FE4330246BC9F5645BE,C0801B3A74FF725F4A041C5C1266A4BC06A77478DC90CBE79921D17274D62C06,028E6D4067A42147E9496282F6B75C0EBBF3B9665931CC73C6750A7CADD0854F,D696BBFA42DD1A840708B9C42E824036862ED17D538B2B47551641D8145854DB,COMPLETE_FIXED_MODEL_BRANCH_READOUT_DIAGNOSTIC_NOT_FORMAL_ABLATION
ODCR-D696,RRSHID-Test,RRSHID-Test_0129,moderate_fog/360.png,output,24.345447540283203,0.666382372379303,0.4578205347061157,0.2697044610977173,0D1D326E81E429B4DA70F37C1B5C56DC01C18F9E5B1A9FE4330246BC9F5645BE,C0801B3A74FF725F4A041C5C1266A4BC06A77478DC90CBE79921D17274D62C06,116325601E3A27337EA62DC95C36767B444C6F71F408B19C5FF943F3BC8DE4CD,D696BBFA42DD1A840708B9C42E824036862ED17D538B2B47551641D8145854DB,COMPLETE_FIXED_MODEL_BRANCH_READOUT_DIAGNOSTIC_NOT_FORMAL_ABLATION
ODCR-D696,RRSHID-Test,RRSHID-Test_0130,moderate_fog/373.png,direct,22.118146896362305,0.6969601511955261,0.30339714884757996,0.22353851795196533,52C96DE848998E14554CA481BBAC532D5AF7408CE73ACBCE50524543D4B0E969,26120613BEA21F11867DF7F299E048ED8ABAC5CBF26C594B57E181179E9BE5BF,5220E6258C4BCA41AEE0A4D96667F43F3B3C810CBF3B8FB78D615C03A2E3A8A0,D696BBFA42DD1A840708B9C42E824036862ED17D538B2B47551641D8145854DB,COMPLETE_FIXED_MODEL_BRANCH_READOUT_DIAGNOSTIC_NOT_FORMAL_ABLATION
ODCR-D696,RRSHID-Test,RRSHID-Test_0130,moderate_fog/373.png,physical,18.47389030456543,0.4645819365978241,0.4245864450931549,0.28776347637176514,52C96DE848998E14554CA481BBAC532D5AF7408CE73ACBCE50524543D4B0E969,26120613BEA21F11867DF7F299E048ED8ABAC5CBF26C594B57E181179E9BE5BF,D3C7284AE62BF28DBE0FD0B54397C90DE823C48F3E3AB20B4E04601EC3361D98,D696BBFA42DD1A840708B9C42E824036862ED17D538B2B47551641D8145854DB,COMPLETE_FIXED_MODEL_BRANCH_READOUT_DIAGNOSTIC_NOT_FORMAL_ABLATION
ODCR-D696,RRSHID-Test,RRSHID-Test_0130,moderate_fog/373.png,output,22.703351974487305,0.7003745436668396,0.2795189917087555,0.22210794687271118,52C96DE848998E14554CA481BBAC532D5AF7408CE73ACBCE50524543D4B0E969,26120613BEA21F11867DF7F299E048ED8ABAC5CBF26C594B57E181179E9BE5BF,DA9A5A2A1ABA035E292CEE9F539722439EDB0F34785D255A6441EC1252E83BD2,D696BBFA42DD1A840708B9C42E824036862ED17D538B2B47551641D8145854DB,COMPLETE_FIXED_MODEL_BRANCH_READOUT_DIAGNOSTIC_NOT_FORMAL_ABLATION
ODCR-D696,RRSHID-Test,RRSHID-Test_0131,moderate_fog/411.png,direct,25.26589584350586,0.7301971316337585,0.324835866689682,0.22121095657348633,C00753F6ED325833909AAF0ADE68D9151D176FAB95C172A47E12DE70BF357DAD,82F70DC929DE4030A23B9FDE2330695B94F503C46F7DE170FD01A795F23039C8,D68B98020BA98DBCB911FC1D81171A522374369A2CC2233B42D97E7335349270,D696BBFA42DD1A840708B9C42E824036862ED17D538B2B47551641D8145854DB,COMPLETE_FIXED_MODEL_BRANCH_READOUT_DIAGNOSTIC_NOT_FORMAL_ABLATION
ODCR-D696,RRSHID-Test,RRSHID-Test_0131,moderate_fog/411.png,physical,17.967496871948242,0.4439109265804291,0.4704282283782959,0.3021886348724365,C00753F6ED325833909AAF0ADE68D9151D176FAB95C172A47E12DE70BF357DAD,82F70DC929DE4030A23B9FDE2330695B94F503C46F7DE170FD01A795F23039C8,A3A44E7E28744B2B12E1EA5A589F4B45AC9369CBF3DDAA3615019FE4FE5C9332,D696BBFA42DD1A840708B9C42E824036862ED17D538B2B47551641D8145854DB,COMPLETE_FIXED_MODEL_BRANCH_READOUT_DIAGNOSTIC_NOT_FORMAL_ABLATION
ODCR-D696,RRSHID-Test,RRSHID-Test_0131,moderate_fog/411.png,output,25.346710205078125,0.7248935699462891,0.3078886866569519,0.21208560466766357,C00753F6ED325833909AAF0ADE68D9151D176FAB95C172A47E12DE70BF357DAD,82F70DC929DE4030A23B9FDE2330695B94F503C46F7DE170FD01A795F23039C8,E0ED348CDE3EBFF0B1308B9EEB95F724CFD6DE7115CC1A12B7C9B3B4988338BA,D696BBFA42DD1A840708B9C42E824036862ED17D538B2B47551641D8145854DB,COMPLETE_FIXED_MODEL_BRANCH_READOUT_DIAGNOSTIC_NOT_FORMAL_ABLATION
ODCR-D696,RRSHID-Test,RRSHID-Test_0132,moderate_fog/417.png,direct,23.135906219482422,0.702632486820221,0.30234482884407043,0.22683453559875488,237B7625E776C460EBF29A8665FF955A352F4D5CF1DD6ACB33946C5A3D6E2F3B,6832EEE733F36108FA1EA8C8728A9B751A33440A5DE1C4ADDF041D578DA40631,95CA9A0DE72C1618D2C6B35FD9C22A3014BF130AE3F066BDC15B1C0A42541A3B,D696BBFA42DD1A840708B9C42E824036862ED17D538B2B47551641D8145854DB,COMPLETE_FIXED_MODEL_BRANCH_READOUT_DIAGNOSTIC_NOT_FORMAL_ABLATION
ODCR-D696,RRSHID-Test,RRSHID-Test_0132,moderate_fog/417.png,physical,16.834949493408203,0.43404901027679443,0.42261096835136414,0.3162774443626404,237B7625E776C460EBF29A8665FF955A352F4D5CF1DD6ACB33946C5A3D6E2F3B,6832EEE733F36108FA1EA8C8728A9B751A33440A5DE1C4ADDF041D578DA40631,D03AA80572C80CFA10E258794E6E94FB529B543B612D4503E372E21BAA555615,D696BBFA42DD1A840708B9C42E824036862ED17D538B2B47551641D8145854DB,COMPLETE_FIXED_MODEL_BRANCH_READOUT_DIAGNOSTIC_NOT_FORMAL_ABLATION
ODCR-D696,RRSHID-Test,RRSHID-Test_0132,moderate_fog/417.png,output,21.662689208984375,0.6798954010009766,0.28386443853378296,0.24123865365982056,237B7625E776C460EBF29A8665FF955A352F4D5CF1DD6ACB33946C5A3D6E2F3B,6832EEE733F36108FA1EA8C8728A9B751A33440A5DE1C4ADDF041D578DA40631,A14D5C176A5CF0808D69019181417AA8CE1E6F35DCE75355C721A07C14FE8C22,D696BBFA42DD1A840708B9C42E824036862ED17D538B2B47551641D8145854DB,COMPLETE_FIXED_MODEL_BRANCH_READOUT_DIAGNOSTIC_NOT_FORMAL_ABLATION
ODCR-D696,RRSHID-Test,RRSHID-Test_0133,moderate_fog/451.png,direct,26.25985336303711,0.7439958453178406,0.31833574175834656,0.2702549695968628,B307DB8DEB29A9CEC2E218C543206F2C916FC4088D43368B591DEA9196A477B4,1B28FAA32F472AFC6E56D0654EDC8512E6489D5D37E8DB50BB7A7FBE05434691,8FDC718DE2BA80F13B67FFC73B50483554CBF99FB33AFFC6B68BD866CEA67A97,D696BBFA42DD1A840708B9C42E824036862ED17D538B2B47551641D8145854DB,COMPLETE_FIXED_MODEL_BRANCH_READOUT_DIAGNOSTIC_NOT_FORMAL_ABLATION
ODCR-D696,RRSHID-Test,RRSHID-Test_0133,moderate_fog/451.png,physical,15.744274139404297,0.4313638508319855,0.41361692547798157,0.2918770909309387,B307DB8DEB29A9CEC2E218C543206F2C916FC4088D43368B591DEA9196A477B4,1B28FAA32F472AFC6E56D0654EDC8512E6489D5D37E8DB50BB7A7FBE05434691,2C9B7FAF3BB004BF411B95F00A56D99C72D352AC4487F3BA9213602D5858B78E,D696BBFA42DD1A840708B9C42E824036862ED17D538B2B47551641D8145854DB,COMPLETE_FIXED_MODEL_BRANCH_READOUT_DIAGNOSTIC_NOT_FORMAL_ABLATION
ODCR-D696,RRSHID-Test,RRSHID-Test_0133,moderate_fog/451.png,output,26.213293075561523,0.7445632815361023,0.29087361693382263,0.2557308077812195,B307DB8DEB29A9CEC2E218C543206F2C916FC4088D43368B591DEA9196A477B4,1B28FAA32F472AFC6E56D0654EDC8512E6489D5D37E8DB50BB7A7FBE05434691,CA52E395BF450BC9C4BA915DF7606775E09601AD3B7E2ACE031FBDFFA1DF3AC6,D696BBFA42DD1A840708B9C42E824036862ED17D538B2B47551641D8145854DB,COMPLETE_FIXED_MODEL_BRANCH_READOUT_DIAGNOSTIC_NOT_FORMAL_ABLATION
ODCR-D696,RRSHID-Test,RRSHID-Test_0134,moderate_fog/454.png,direct,23.85903549194336,0.7340180277824402,0.3503030240535736,0.3001894950866699,1865951E9F271326ACB7D00F986DCE3770045620037672321C001B724208CEE8,5CDDB3B792CAC6A0D6F41B2C5B1269E62135B68D28023C32A6FDA900D38FF774,4543A75AF141D8C4FB7441720C55DBB7FEE4B88E7BC711D1D3AD8548F968483A,D696BBFA42DD1A840708B9C42E824036862ED17D538B2B47551641D8145854DB,COMPLETE_FIXED_MODEL_BRANCH_READOUT_DIAGNOSTIC_NOT_FORMAL_ABLATION
ODCR-D696,RRSHID-Test,RRSHID-Test_0134,moderate_fog/454.png,physical,17.01386260986328,0.44878625869750977,0.505671501159668,0.34038084745407104,1865951E9F271326ACB7D00F986DCE3770045620037672321C001B724208CEE8,5CDDB3B792CAC6A0D6F41B2C5B1269E62135B68D28023C32A6FDA900D38FF774,D4530CDD9D9F5BAEE9B86629E27B9D5E08843C14507F64C2216FAC902F2E1C72,D696BBFA42DD1A840708B9C42E824036862ED17D538B2B47551641D8145854DB,COMPLETE_FIXED_MODEL_BRANCH_READOUT_DIAGNOSTIC_NOT_FORMAL_ABLATION
ODCR-D696,RRSHID-Test,RRSHID-Test_0134,moderate_fog/454.png,output,24.392118453979492,0.735565185546875,0.3315698504447937,0.2835174798965454,1865951E9F271326ACB7D00F986DCE3770045620037672321C001B724208CEE8,5CDDB3B792CAC6A0D6F41B2C5B1269E62135B68D28023C32A6FDA900D38FF774,71C5E35192A1354226D5DF1F24BC6AD40FB2E6B49A0ABE692EF39B94B53CF8FC,D696BBFA42DD1A840708B9C42E824036862ED17D538B2B47551641D8145854DB,COMPLETE_FIXED_MODEL_BRANCH_READOUT_DIAGNOSTIC_NOT_FORMAL_ABLATION
ODCR-D696,RRSHID-Test,RRSHID-Test_0135,moderate_fog/49.png,direct,24.006946563720703,0.7488600611686707,0.26126641035079956,0.26141756772994995,489C55045AE0CD6DA78FF7A94FFF33A45479CC9EC3B53429C564F3032B022F18,2050A60DF48582B5E09A64361FB60AA2DF132DFC52C70DBDA251DE74077887CE,C29BDC347E9AB367E81A0C6F425C6E2E9EDDE2AB5009DE244C767F03D446BE34,D696BBFA42DD1A840708B9C42E824036862ED17D538B2B47551641D8145854DB,COMPLETE_FIXED_MODEL_BRANCH_READOUT_DIAGNOSTIC_NOT_FORMAL_ABLATION
ODCR-D696,RRSHID-Test,RRSHID-Test_0135,moderate_fog/49.png,physical,17.21674156188965,0.503976047039032,0.3976493775844574,0.27041661739349365,489C55045AE0CD6DA78FF7A94FFF33A45479CC9EC3B53429C564F3032B022F18,2050A60DF48582B5E09A64361FB60AA2DF132DFC52C70DBDA251DE74077887CE,2E87FB1CD50DE5CF89F0C6D095BE34B68698C0D4FD0E98D9DDF81E4A5408A3A8,D696BBFA42DD1A840708B9C42E824036862ED17D538B2B47551641D8145854DB,COMPLETE_FIXED_MODEL_BRANCH_READOUT_DIAGNOSTIC_NOT_FORMAL_ABLATION
ODCR-D696,RRSHID-Test,RRSHID-Test_0135,moderate_fog/49.png,output,24.071002960205078,0.7567172050476074,0.23004812002182007,0.23693448305130005,489C55045AE0CD6DA78FF7A94FFF33A45479CC9EC3B53429C564F3032B022F18,2050A60DF48582B5E09A64361FB60AA2DF132DFC52C70DBDA251DE74077887CE,CF6D8A38BB414D73FCAB66DBFC668255D1852309180370F4086D5F33A5B5A09A,D696BBFA42DD1A840708B9C42E824036862ED17D538B2B47551641D8145854DB,COMPLETE_FIXED_MODEL_BRANCH_READOUT_DIAGNOSTIC_NOT_FORMAL_ABLATION
ODCR-D696,RRSHID-Test,RRSHID-Test_0136,moderate_fog/579.png,direct,22.047765731811523,0.6127110123634338,0.36320745944976807,0.26677626371383667,A6CCB73E04C51FB0EFA6673828209D19C977AF54A7B2B7F6CAFE08FDF8882CB0,3F4C15C2C61B6C5201167E38A9D44640DA566B6AB4D9D15332C34462BF5DE020,37DEFD345C1B67F035C1D398486891849557B42FB7CD1176E83D01EE7F4B92C4,D696BBFA42DD1A840708B9C42E824036862ED17D538B2B47551641D8145854DB,COMPLETE_FIXED_MODEL_BRANCH_READOUT_DIAGNOSTIC_NOT_FORMAL_ABLATION
ODCR-D696,RRSHID-Test,RRSHID-Test_0136,moderate_fog/579.png,physical,15.777750968933105,0.4114932119846344,0.43104302883148193,0.2856966257095337,A6CCB73E04C51FB0EFA6673828209D19C977AF54A7B2B7F6CAFE08FDF8882CB0,3F4C15C2C61B6C5201167E38A9D44640DA566B6AB4D9D15332C34462BF5DE020,DD8930C0CC1F975DA5552CE6405E227EB4F62D29E5CB5FD3687A6EB3F80C020C,D696BBFA42DD1A840708B9C42E824036862ED17D538B2B47551641D8145854DB,COMPLETE_FIXED_MODEL_BRANCH_READOUT_DIAGNOSTIC_NOT_FORMAL_ABLATION
ODCR-D696,RRSHID-Test,RRSHID-Test_0136,moderate_fog/579.png,output,21.376285552978516,0.6125559210777283,0.3363800346851349,0.25367653369903564,A6CCB73E04C51FB0EFA6673828209D19C977AF54A7B2B7F6CAFE08FDF8882CB0,3F4C15C2C61B6C5201167E38A9D44640DA566B6AB4D9D15332C34462BF5DE020,AD325EC6E06284DFC54E1DE88B74B5D132D561929F27FCB9EF07DEB62FDF66A1,D696BBFA42DD1A840708B9C42E824036862ED17D538B2B47551641D8145854DB,COMPLETE_FIXED_MODEL_BRANCH_READOUT_DIAGNOSTIC_NOT_FORMAL_ABLATION
ODCR-D696,RRSHID-Test,RRSHID-Test_0137,moderate_fog/65.png,direct,24.475488662719727,0.677311897277832,0.27174830436706543,0.2119060754776001,09EA1FA91B64EC61DDA5A00EE0CB25FF4FE7DBDFB0BD1F4C6B1A52A1E42F9AD8,18F91CC052F40B7657799550EF9D8AF15D6B896BCFEFEDE348D59B53A2530594,1F172499E787245C0814A532915164FD7697798D361FA756F13EADF72F1F31E4,D696BBFA42DD1A840708B9C42E824036862ED17D538B2B47551641D8145854DB,COMPLETE_FIXED_MODEL_BRANCH_READOUT_DIAGNOSTIC_NOT_FORMAL_ABLATION
ODCR-D696,RRSHID-Test,RRSHID-Test_0137,moderate_fog/65.png,physical,20.234243392944336,0.5230072140693665,0.32776933908462524,0.21592605113983154,09EA1FA91B64EC61DDA5A00EE0CB25FF4FE7DBDFB0BD1F4C6B1A52A1E42F9AD8,18F91CC052F40B7657799550EF9D8AF15D6B896BCFEFEDE348D59B53A2530594,4B40ECFC82069982BD1B4FCC89AA54A1A33DC9483AFFCCEEDF6B76C93B1BC07D,D696BBFA42DD1A840708B9C42E824036862ED17D538B2B47551641D8145854DB,COMPLETE_FIXED_MODEL_BRANCH_READOUT_DIAGNOSTIC_NOT_FORMAL_ABLATION
ODCR-D696,RRSHID-Test,RRSHID-Test_0137,moderate_fog/65.png,output,23.917072296142578,0.6676371097564697,0.23443585634231567,0.17704981565475464,09EA1FA91B64EC61DDA5A00EE0CB25FF4FE7DBDFB0BD1F4C6B1A52A1E42F9AD8,18F91CC052F40B7657799550EF9D8AF15D6B896BCFEFEDE348D59B53A2530594,7125DB2A8C8AC19EEC0718787A4C69CD142C5433B3B76C144EE5041EED87509F,D696BBFA42DD1A840708B9C42E824036862ED17D538B2B47551641D8145854DB,COMPLETE_FIXED_MODEL_BRANCH_READOUT_DIAGNOSTIC_NOT_FORMAL_ABLATION
ODCR-D696,RRSHID-Test,RRSHID-Test_0138,moderate_fog/699.png,direct,22.21104621887207,0.7119461894035339,0.3718065023422241,0.27577030658721924,02F439B39F933094FC46C50B9ABF5D3F6E71B3619EDC33D88E96D94C3CE1F5D2,5A124394FFBE988DEB02DAFD1FC2C6C18530A0D6C0CCD296244080515A2D4628,12C9F33FEDD1D59E08C37F5C1533581109E8CDA2AC80BB7F84AC95E71E8A9D20,D696BBFA42DD1A840708B9C42E824036862ED17D538B2B47551641D8145854DB,COMPLETE_FIXED_MODEL_BRANCH_READOUT_DIAGNOSTIC_NOT_FORMAL_ABLATION
ODCR-D696,RRSHID-Test,RRSHID-Test_0138,moderate_fog/699.png,physical,13.990077018737793,0.37790238857269287,0.52646404504776,0.3460361957550049,02F439B39F933094FC46C50B9ABF5D3F6E71B3619EDC33D88E96D94C3CE1F5D2,5A124394FFBE988DEB02DAFD1FC2C6C18530A0D6C0CCD296244080515A2D4628,A560C80D6787150901D3595B6A8F39A0CA4806CD7393823066D8EF8D8C439A1F,D696BBFA42DD1A840708B9C42E824036862ED17D538B2B47551641D8145854DB,COMPLETE_FIXED_MODEL_BRANCH_READOUT_DIAGNOSTIC_NOT_FORMAL_ABLATION
ODCR-D696,RRSHID-Test,RRSHID-Test_0138,moderate_fog/699.png,output,20.92868995666504,0.6885790824890137,0.3610493540763855,0.28800851106643677,02F439B39F933094FC46C50B9ABF5D3F6E71B3619EDC33D88E96D94C3CE1F5D2,5A124394FFBE988DEB02DAFD1FC2C6C18530A0D6C0CCD296244080515A2D4628,28579978ED856C88E5E940F0035AA9268B88514A3767C8BC42925C1B2A24E934,D696BBFA42DD1A840708B9C42E824036862ED17D538B2B47551641D8145854DB,COMPLETE_FIXED_MODEL_BRANCH_READOUT_DIAGNOSTIC_NOT_FORMAL_ABLATION
ODCR-D696,RRSHID-Test,RRSHID-Test_0139,moderate_fog/701.png,direct,23.895471572875977,0.7148765921592712,0.24899187684059143,0.18948614597320557,3413A2B1E9FA155CCD9F4E8A2390E43F5158EDCBB9354B3831A7A1BDB69BBD9D,519C39EC56ACCB6D4D3EC0F761DFC68A92F374B213FE73834DD617F203A519E2,A63DFF375B0C23F15CC8DE5E39A6B99996558A7FF9F73C32FD4C465F60FA7A62,D696BBFA42DD1A840708B9C42E824036862ED17D538B2B47551641D8145854DB,COMPLETE_FIXED_MODEL_BRANCH_READOUT_DIAGNOSTIC_NOT_FORMAL_ABLATION
ODCR-D696,RRSHID-Test,RRSHID-Test_0139,moderate_fog/701.png,physical,17.710063934326172,0.5199902057647705,0.35561293363571167,0.25943028926849365,3413A2B1E9FA155CCD9F4E8A2390E43F5158EDCBB9354B3831A7A1BDB69BBD9D,519C39EC56ACCB6D4D3EC0F761DFC68A92F374B213FE73834DD617F203A519E2,991C3EEC178DA01FBA1DD2D1BA34EB3AE0ABDD9EA11EF7C3A39064BE00DC088D,D696BBFA42DD1A840708B9C42E824036862ED17D538B2B47551641D8145854DB,COMPLETE_FIXED_MODEL_BRANCH_READOUT_DIAGNOSTIC_NOT_FORMAL_ABLATION
ODCR-D696,RRSHID-Test,RRSHID-Test_0139,moderate_fog/701.png,output,22.948837280273438,0.7091625332832336,0.2314864695072174,0.2006295919418335,3413A2B1E9FA155CCD9F4E8A2390E43F5158EDCBB9354B3831A7A1BDB69BBD9D,519C39EC56ACCB6D4D3EC0F761DFC68A92F374B213FE73834DD617F203A519E2,7A435CC9F465AC9A6C8C43675EB7534FE3D4E5C2EDC72852182163FFFE68222A,D696BBFA42DD1A840708B9C42E824036862ED17D538B2B47551641D8145854DB,COMPLETE_FIXED_MODEL_BRANCH_READOUT_DIAGNOSTIC_NOT_FORMAL_ABLATION
ODCR-D696,RRSHID-Test,RRSHID-Test_0140,moderate_fog/703.png,direct,24.990673065185547,0.7923802733421326,0.2839509844779968,0.21058273315429688,0C075AC28C5B9E406A5095AF6DDA0148C552FB990A12DB64A5E3E6EBBA052177,13B80A85F83A9030807C0C5EEDEBC43502227D6C9B7684F4D4BC180EC66050C7,372C086C10C00302E0A2047F9EB23DFF010935ECDBBABBE3538F05D309089416,D696BBFA42DD1A840708B9C42E824036862ED17D538B2B47551641D8145854DB,COMPLETE_FIXED_MODEL_BRANCH_READOUT_DIAGNOSTIC_NOT_FORMAL_ABLATION
ODCR-D696,RRSHID-Test,RRSHID-Test_0140,moderate_fog/703.png,physical,16.549270629882812,0.4652458131313324,0.46268296241760254,0.27693110704421997,0C075AC28C5B9E406A5095AF6DDA0148C552FB990A12DB64A5E3E6EBBA052177,13B80A85F83A9030807C0C5EEDEBC43502227D6C9B7684F4D4BC180EC66050C7,3E27AAE974EB5FDE27FA24363829A66B59E1D1A235BA059E44F9E9389A998161,D696BBFA42DD1A840708B9C42E824036862ED17D538B2B47551641D8145854DB,COMPLETE_FIXED_MODEL_BRANCH_READOUT_DIAGNOSTIC_NOT_FORMAL_ABLATION
ODCR-D696,RRSHID-Test,RRSHID-Test_0140,moderate_fog/703.png,output,25.073814392089844,0.7961938381195068,0.26860761642456055,0.2025168538093567,0C075AC28C5B9E406A5095AF6DDA0148C552FB990A12DB64A5E3E6EBBA052177,13B80A85F83A9030807C0C5EEDEBC43502227D6C9B7684F4D4BC180EC66050C7,FE5E7A961F10334B387CECC17790EBEC1F032126E8D0A22CDFD5C9323B04BCD5,D696BBFA42DD1A840708B9C42E824036862ED17D538B2B47551641D8145854DB,COMPLETE_FIXED_MODEL_BRANCH_READOUT_DIAGNOSTIC_NOT_FORMAL_ABLATION
ODCR-D696,RRSHID-Test,RRSHID-Test_0141,moderate_fog/708.png,direct,26.20340347290039,0.7799583077430725,0.4359239339828491,0.3551234006881714,D29BEFDD283FC7DB21086DBEA0DAF3E7574B33269E6D9F91867C68CECDA8E5ED,24A561BE87E95DCCE3C07F6FB003947D2E4FF2CC23F2FBE4F18F09AF70025B4C,77A2D56C147F4B16E1E17E9E8B542E5B963DEF2CC70479A2B49A81DC783256F8,D696BBFA42DD1A840708B9C42E824036862ED17D538B2B47551641D8145854DB,COMPLETE_FIXED_MODEL_BRANCH_READOUT_DIAGNOSTIC_NOT_FORMAL_ABLATION
ODCR-D696,RRSHID-Test,RRSHID-Test_0141,moderate_fog/708.png,physical,23.80669403076172,0.6608771681785583,0.4421652555465698,0.29605913162231445,D29BEFDD283FC7DB21086DBEA0DAF3E7574B33269E6D9F91867C68CECDA8E5ED,24A561BE87E95DCCE3C07F6FB003947D2E4FF2CC23F2FBE4F18F09AF70025B4C,D78EAEADAB5C35EC61C4A3B497941CB23D5666CF242C91858691CBA50C017F14,D696BBFA42DD1A840708B9C42E824036862ED17D538B2B47551641D8145854DB,COMPLETE_FIXED_MODEL_BRANCH_READOUT_DIAGNOSTIC_NOT_FORMAL_ABLATION
ODCR-D696,RRSHID-Test,RRSHID-Test_0141,moderate_fog/708.png,output,26.647499084472656,0.7920600771903992,0.38827723264694214,0.3340499997138977,D29BEFDD283FC7DB21086DBEA0DAF3E7574B33269E6D9F91867C68CECDA8E5ED,24A561BE87E95DCCE3C07F6FB003947D2E4FF2CC23F2FBE4F18F09AF70025B4C,4A46250C6D7F5E09C3261FF3D8E6679F31234B2C81A3E80B7B667E87E1CD40E9,D696BBFA42DD1A840708B9C42E824036862ED17D538B2B47551641D8145854DB,COMPLETE_FIXED_MODEL_BRANCH_READOUT_DIAGNOSTIC_NOT_FORMAL_ABLATION
ODCR-D696,RRSHID-Test,RRSHID-Test_0142,moderate_fog/71.png,direct,22.859413146972656,0.6826770901679993,0.3638036251068115,0.2053348422050476,8F100BD9621C9ACB9DCCCDFF2F9479FD54FFB3B94E1AA2E350B26FE2683217A6,A6499030F3F6B1F2D422AE5AA003814330274650369492E7315849F42103DB4E,75C26802737C3420A31896711A65103E5786A5C451B210A36858582108C6537A,D696BBFA42DD1A840708B9C42E824036862ED17D538B2B47551641D8145854DB,COMPLETE_FIXED_MODEL_BRANCH_READOUT_DIAGNOSTIC_NOT_FORMAL_ABLATION
ODCR-D696,RRSHID-Test,RRSHID-Test_0142,moderate_fog/71.png,physical,17.641693115234375,0.46617409586906433,0.3842272162437439,0.23246335983276367,8F100BD9621C9ACB9DCCCDFF2F9479FD54FFB3B94E1AA2E350B26FE2683217A6,A6499030F3F6B1F2D422AE5AA003814330274650369492E7315849F42103DB4E,59D7D896551D827B25A1C5832B6F803076C139E556F5E7A2B64825A90EE3EFE3,D696BBFA42DD1A840708B9C42E824036862ED17D538B2B47551641D8145854DB,COMPLETE_FIXED_MODEL_BRANCH_READOUT_DIAGNOSTIC_NOT_FORMAL_ABLATION
ODCR-D696,RRSHID-Test,RRSHID-Test_0142,moderate_fog/71.png,output,22.529632568359375,0.67869633436203,0.3027016520500183,0.1978520154953003,8F100BD9621C9ACB9DCCCDFF2F9479FD54FFB3B94E1AA2E350B26FE2683217A6,A6499030F3F6B1F2D422AE5AA003814330274650369492E7315849F42103DB4E,3312C98E6307C90AEF53DDBD4603A06EAD4B769B7C93B64354AAB54A586436D0,D696BBFA42DD1A840708B9C42E824036862ED17D538B2B47551641D8145854DB,COMPLETE_FIXED_MODEL_BRANCH_READOUT_DIAGNOSTIC_NOT_FORMAL_ABLATION
ODCR-D696,RRSHID-Test,RRSHID-Test_0143,moderate_fog/712.png,direct,23.109304428100586,0.6763477325439453,0.38252121210098267,0.317802369594574,434F350CA3D9BD9857576680FCB4072BF5B23F82E54B7E1582F7EEEBB5580674,1C858A2CB469B11EB6F005A572058A7DECD2EE0A650A37545727152028965402,383ADA388F2B5545EC5A5E1E883E2459A043E3380CE9242A2ECF3C3FD9AF2A45,D696BBFA42DD1A840708B9C42E824036862ED17D538B2B47551641D8145854DB,COMPLETE_FIXED_MODEL_BRANCH_READOUT_DIAGNOSTIC_NOT_FORMAL_ABLATION
ODCR-D696,RRSHID-Test,RRSHID-Test_0143,moderate_fog/712.png,physical,16.809371948242188,0.4829186201095581,0.46984434127807617,0.30377912521362305,434F350CA3D9BD9857576680FCB4072BF5B23F82E54B7E1582F7EEEBB5580674,1C858A2CB469B11EB6F005A572058A7DECD2EE0A650A37545727152028965402,2883FB762DD2410F54EBE157891094BB887E85F5CCFD2AC0E63D57AC5C07B5FE,D696BBFA42DD1A840708B9C42E824036862ED17D538B2B47551641D8145854DB,COMPLETE_FIXED_MODEL_BRANCH_READOUT_DIAGNOSTIC_NOT_FORMAL_ABLATION
ODCR-D696,RRSHID-Test,RRSHID-Test_0143,moderate_fog/712.png,output,23.249126434326172,0.6896505951881409,0.3564005494117737,0.2979578375816345,434F350CA3D9BD9857576680FCB4072BF5B23F82E54B7E1582F7EEEBB5580674,1C858A2CB469B11EB6F005A572058A7DECD2EE0A650A37545727152028965402,F6B9EC7902A3B2FF28272930A692C0999E5914415260E2724A5C79E8016CEE3C,D696BBFA42DD1A840708B9C42E824036862ED17D538B2B47551641D8145854DB,COMPLETE_FIXED_MODEL_BRANCH_READOUT_DIAGNOSTIC_NOT_FORMAL_ABLATION
ODCR-D696,RRSHID-Test,RRSHID-Test_0144,moderate_fog/752.png,direct,22.582386016845703,0.5386955738067627,0.4720809757709503,0.31103217601776123,96C13E61260D57C0F31A3C927039185CCB5C428822F5D978B749488E576A237C,4E0F202F9D4A30AA842F164C7DEB0798F8C53062C6E94633612C70896193F0B9,E090CC7EF7D3F8983540BE3851A065DC46643C3C3755A3CC7D91D04C131788AB,D696BBFA42DD1A840708B9C42E824036862ED17D538B2B47551641D8145854DB,COMPLETE_FIXED_MODEL_BRANCH_READOUT_DIAGNOSTIC_NOT_FORMAL_ABLATION
ODCR-D696,RRSHID-Test,RRSHID-Test_0144,moderate_fog/752.png,physical,20.566682815551758,0.547297477722168,0.3535313308238983,0.24185174703598022,96C13E61260D57C0F31A3C927039185CCB5C428822F5D978B749488E576A237C,4E0F202F9D4A30AA842F164C7DEB0798F8C53062C6E94633612C70896193F0B9,CE6BADA9DE8D0B0366FEA7EA0A8DB72626EDC411C3AB47B4F4E2120EFB06653C,D696BBFA42DD1A840708B9C42E824036862ED17D538B2B47551641D8145854DB,COMPLETE_FIXED_MODEL_BRANCH_READOUT_DIAGNOSTIC_NOT_FORMAL_ABLATION
ODCR-D696,RRSHID-Test,RRSHID-Test_0144,moderate_fog/752.png,output,23.158878326416016,0.5745348334312439,0.4033982455730438,0.2803417444229126,96C13E61260D57C0F31A3C927039185CCB5C428822F5D978B749488E576A237C,4E0F202F9D4A30AA842F164C7DEB0798F8C53062C6E94633612C70896193F0B9,CAAB59B7A90B47D10D377E436C931B11C095DCA471D60E0E0B6F88CA9D9BA174,D696BBFA42DD1A840708B9C42E824036862ED17D538B2B47551641D8145854DB,COMPLETE_FIXED_MODEL_BRANCH_READOUT_DIAGNOSTIC_NOT_FORMAL_ABLATION
ODCR-D696,RRSHID-Test,RRSHID-Test_0145,moderate_fog/786.png,direct,26.176280975341797,0.7883243560791016,0.34336650371551514,0.2290658950805664,B3C888B19ECE612984C9F2ACB77E44F35C8B459A46A0EDB1C905ACAF3BE5FB69,F3CB6C9087D7E9C138D52DCEE7EAFF957195A23EFDA01C73F22F04D13B77056B,EAA2608385F0DE5E7FE7DE3A88531982C2E2F53722A8C18DE6698D11A55BFF7E,D696BBFA42DD1A840708B9C42E824036862ED17D538B2B47551641D8145854DB,COMPLETE_FIXED_MODEL_BRANCH_READOUT_DIAGNOSTIC_NOT_FORMAL_ABLATION
ODCR-D696,RRSHID-Test,RRSHID-Test_0145,moderate_fog/786.png,physical,18.672502517700195,0.44440004229545593,0.5444663763046265,0.2983790636062622,B3C888B19ECE612984C9F2ACB77E44F35C8B459A46A0EDB1C905ACAF3BE5FB69,F3CB6C9087D7E9C138D52DCEE7EAFF957195A23EFDA01C73F22F04D13B77056B,9E3AC3F3FB7D326D1CF5AA0D5247CEB13CCB506110289412563EA6C583344B66,D696BBFA42DD1A840708B9C42E824036862ED17D538B2B47551641D8145854DB,COMPLETE_FIXED_MODEL_BRANCH_READOUT_DIAGNOSTIC_NOT_FORMAL_ABLATION
ODCR-D696,RRSHID-Test,RRSHID-Test_0145,moderate_fog/786.png,output,26.165634155273438,0.7846415042877197,0.32228389382362366,0.22361934185028076,B3C888B19ECE612984C9F2ACB77E44F35C8B459A46A0EDB1C905ACAF3BE5FB69,F3CB6C9087D7E9C138D52DCEE7EAFF957195A23EFDA01C73F22F04D13B77056B,8C5915D42B0ABD7BA7FFC6B9D6F0E9C8A786099CDFA8EF9B3791299D64B00438,D696BBFA42DD1A840708B9C42E824036862ED17D538B2B47551641D8145854DB,COMPLETE_FIXED_MODEL_BRANCH_READOUT_DIAGNOSTIC_NOT_FORMAL_ABLATION
ODCR-D696,RRSHID-Test,RRSHID-Test_0146,moderate_fog/789.png,direct,23.717077255249023,0.7429768443107605,0.3413572907447815,0.2737438678741455,0DA569BC4ECBEDB3FDBFF4A3208D1E604029D849AF3A7E1AFBB60F3F4B9AF602,33D151FC4E04DF752222C0A91C1E86D9CB0F9DBAFDF95E1CA8ED057A7277D63F,9999BB56497070DFBF1BB52591617B5D57D3FC954C49CCDCF5D24919D596DED5,D696BBFA42DD1A840708B9C42E824036862ED17D538B2B47551641D8145854DB,COMPLETE_FIXED_MODEL_BRANCH_READOUT_DIAGNOSTIC_NOT_FORMAL_ABLATION
ODCR-D696,RRSHID-Test,RRSHID-Test_0146,moderate_fog/789.png,physical,17.30596923828125,0.47384071350097656,0.48724812269210815,0.305242657661438,0DA569BC4ECBEDB3FDBFF4A3208D1E604029D849AF3A7E1AFBB60F3F4B9AF602,33D151FC4E04DF752222C0A91C1E86D9CB0F9DBAFDF95E1CA8ED057A7277D63F,97AA7153AFD13812C6E9BA8AD3C01865C9290C3C870F210C85F9229F770F1FFA,D696BBFA42DD1A840708B9C42E824036862ED17D538B2B47551641D8145854DB,COMPLETE_FIXED_MODEL_BRANCH_READOUT_DIAGNOSTIC_NOT_FORMAL_ABLATION
ODCR-D696,RRSHID-Test,RRSHID-Test_0146,moderate_fog/789.png,output,24.15960121154785,0.7497251629829407,0.32358860969543457,0.25836312770843506,0DA569BC4ECBEDB3FDBFF4A3208D1E604029D849AF3A7E1AFBB60F3F4B9AF602,33D151FC4E04DF752222C0A91C1E86D9CB0F9DBAFDF95E1CA8ED057A7277D63F,08A87F56D86418A3C1B14B59FD40168F23DBEC29A193CB225F098BB0354ED06F,D696BBFA42DD1A840708B9C42E824036862ED17D538B2B47551641D8145854DB,COMPLETE_FIXED_MODEL_BRANCH_READOUT_DIAGNOSTIC_NOT_FORMAL_ABLATION
ODCR-D696,RRSHID-Test,RRSHID-Test_0147,moderate_fog/81.png,direct,27.617176055908203,0.7916123270988464,0.2624480724334717,0.22145795822143555,6BE5443CD60D027025CB6B868C4A967BF585362DAFDAACFB38A8EDC1128C81BF,F2291B609A1FF3F7BE935B54B945D5414F470D23148DF6374742223E09D9B49D,83D3F2FA4D403B865BD1B9743E044F4DB1E8E986DF7D47148FAA17F143BA5D4F,D696BBFA42DD1A840708B9C42E824036862ED17D538B2B47551641D8145854DB,COMPLETE_FIXED_MODEL_BRANCH_READOUT_DIAGNOSTIC_NOT_FORMAL_ABLATION
ODCR-D696,RRSHID-Test,RRSHID-Test_0147,moderate_fog/81.png,physical,20.02389144897461,0.5470883250236511,0.36125648021698,0.2583158612251282,6BE5443CD60D027025CB6B868C4A967BF585362DAFDAACFB38A8EDC1128C81BF,F2291B609A1FF3F7BE935B54B945D5414F470D23148DF6374742223E09D9B49D,00D1CA3D2BB1E1A3BD596B9BD24E0E85AD7A427D61F665DF6623F8059BF8E30B,D696BBFA42DD1A840708B9C42E824036862ED17D538B2B47551641D8145854DB,COMPLETE_FIXED_MODEL_BRANCH_READOUT_DIAGNOSTIC_NOT_FORMAL_ABLATION
ODCR-D696,RRSHID-Test,RRSHID-Test_0147,moderate_fog/81.png,output,26.84980010986328,0.7895365357398987,0.2361644208431244,0.20928478240966797,6BE5443CD60D027025CB6B868C4A967BF585362DAFDAACFB38A8EDC1128C81BF,F2291B609A1FF3F7BE935B54B945D5414F470D23148DF6374742223E09D9B49D,1D8897EB546E5CFE82FA8CE577226DA07D4E200B5BCDC5C06BFD38EDA3DFD92B,D696BBFA42DD1A840708B9C42E824036862ED17D538B2B47551641D8145854DB,COMPLETE_FIXED_MODEL_BRANCH_READOUT_DIAGNOSTIC_NOT_FORMAL_ABLATION
ODCR-D696,RRSHID-Test,RRSHID-Test_0148,moderate_fog/864.png,direct,26.68044662475586,0.7487601637840271,0.34687256813049316,0.23530423641204834,ADDA27A54FB02C03E388023D59284DF326DB9008366F1F51D66B13AB7A9B80BF,1CCA8F3909E332438CC26E9AB7F387C82E503F955E3C2975CA66E38CDE34E62D,09C6FEE9CD27BA6DD3CAF95BE64FFAAE71492456D35B8B812B6BE573BD5B8310,D696BBFA42DD1A840708B9C42E824036862ED17D538B2B47551641D8145854DB,COMPLETE_FIXED_MODEL_BRANCH_READOUT_DIAGNOSTIC_NOT_FORMAL_ABLATION
ODCR-D696,RRSHID-Test,RRSHID-Test_0148,moderate_fog/864.png,physical,21.829072952270508,0.572190523147583,0.46314364671707153,0.27127212285995483,ADDA27A54FB02C03E388023D59284DF326DB9008366F1F51D66B13AB7A9B80BF,1CCA8F3909E332438CC26E9AB7F387C82E503F955E3C2975CA66E38CDE34E62D,3F9D4DD75F4E738DD2543EE815C1684ED2DE4092DC52A4011A778762C212A3AD,D696BBFA42DD1A840708B9C42E824036862ED17D538B2B47551641D8145854DB,COMPLETE_FIXED_MODEL_BRANCH_READOUT_DIAGNOSTIC_NOT_FORMAL_ABLATION
ODCR-D696,RRSHID-Test,RRSHID-Test_0148,moderate_fog/864.png,output,27.249267578125,0.7599479556083679,0.32978805899620056,0.22621721029281616,ADDA27A54FB02C03E388023D59284DF326DB9008366F1F51D66B13AB7A9B80BF,1CCA8F3909E332438CC26E9AB7F387C82E503F955E3C2975CA66E38CDE34E62D,289734A07844BF33AE43237DA94619FC377AD88018937F1E1B3E575FE46A7A8A,D696BBFA42DD1A840708B9C42E824036862ED17D538B2B47551641D8145854DB,COMPLETE_FIXED_MODEL_BRANCH_READOUT_DIAGNOSTIC_NOT_FORMAL_ABLATION
ODCR-D696,RRSHID-Test,RRSHID-Test_0149,moderate_fog/907.png,direct,24.229934692382812,0.769198477268219,0.3441818952560425,0.2750092148780823,B4D575110F657B660A01C14D12B19D5E6A3AF4B04C11D020652285E42F1A3916,71CBAAD1F5E041CE0D471CBF234FF0FF322EED560F23CD7C79E4A8A354863C90,CE01F3C3B8C13EDB5C2E0673C8C894B605DE47910EF77295A299BA6C80170062,D696BBFA42DD1A840708B9C42E824036862ED17D538B2B47551641D8145854DB,COMPLETE_FIXED_MODEL_BRANCH_READOUT_DIAGNOSTIC_NOT_FORMAL_ABLATION
ODCR-D696,RRSHID-Test,RRSHID-Test_0149,moderate_fog/907.png,physical,20.895612716674805,0.5192447304725647,0.48084336519241333,0.27441293001174927,B4D575110F657B660A01C14D12B19D5E6A3AF4B04C11D020652285E42F1A3916,71CBAAD1F5E041CE0D471CBF234FF0FF322EED560F23CD7C79E4A8A354863C90,FE907338231641CB44063FDD33A74971908AF8E0BEFD79DC36D0827D1A0FFAAE,D696BBFA42DD1A840708B9C42E824036862ED17D538B2B47551641D8145854DB,COMPLETE_FIXED_MODEL_BRANCH_READOUT_DIAGNOSTIC_NOT_FORMAL_ABLATION
ODCR-D696,RRSHID-Test,RRSHID-Test_0149,moderate_fog/907.png,output,25.504018783569336,0.7764463424682617,0.3275534510612488,0.24583423137664795,B4D575110F657B660A01C14D12B19D5E6A3AF4B04C11D020652285E42F1A3916,71CBAAD1F5E041CE0D471CBF234FF0FF322EED560F23CD7C79E4A8A354863C90,EDDC007C59B0FDF0E33BF368B88D7380D9FFB3DB93D3EFCE8A3813E8E8991FE1,D696BBFA42DD1A840708B9C42E824036862ED17D538B2B47551641D8145854DB,COMPLETE_FIXED_MODEL_BRANCH_READOUT_DIAGNOSTIC_NOT_FORMAL_ABLATION
ODCR-D696,RRSHID-Test,RRSHID-Test_0150,moderate_fog/929.png,direct,25.009140014648438,0.7846464514732361,0.24715420603752136,0.24279046058654785,F2C3661E17947163A875383B8CFE99ACF54F8EEC1221F19CE25DDDD35BD976B2,093C3230A01C9425800D8C2BD9753E2754C83E248AA5A5FFB63AB0FB210B5472,06439953C2CCD3C9367FE12D8D868D5F5B46372A515EEC63E6D99307F00808E1,D696BBFA42DD1A840708B9C42E824036862ED17D538B2B47551641D8145854DB,COMPLETE_FIXED_MODEL_BRANCH_READOUT_DIAGNOSTIC_NOT_FORMAL_ABLATION
ODCR-D696,RRSHID-Test,RRSHID-Test_0150,moderate_fog/929.png,physical,23.89455795288086,0.6822741031646729,0.35345691442489624,0.25438618659973145,F2C3661E17947163A875383B8CFE99ACF54F8EEC1221F19CE25DDDD35BD976B2,093C3230A01C9425800D8C2BD9753E2754C83E248AA5A5FFB63AB0FB210B5472,A46B270F40AC5C058821EEC4EA417BA866DB9457510EFAAC40F9E2282AE28644,D696BBFA42DD1A840708B9C42E824036862ED17D538B2B47551641D8145854DB,COMPLETE_FIXED_MODEL_BRANCH_READOUT_DIAGNOSTIC_NOT_FORMAL_ABLATION
ODCR-D696,RRSHID-Test,RRSHID-Test_0150,moderate_fog/929.png,output,26.093523025512695,0.8021827340126038,0.21385256946086884,0.2259286642074585,F2C3661E17947163A875383B8CFE99ACF54F8EEC1221F19CE25DDDD35BD976B2,093C3230A01C9425800D8C2BD9753E2754C83E248AA5A5FFB63AB0FB210B5472,8DAA56A76EA0482F837A658509515EBB0FCAE0AD0597486BCA015D43B174CFC3,D696BBFA42DD1A840708B9C42E824036862ED17D538B2B47551641D8145854DB,COMPLETE_FIXED_MODEL_BRANCH_READOUT_DIAGNOSTIC_NOT_FORMAL_ABLATION
ODCR-D696,RRSHID-Test,RRSHID-Test_0151,moderate_fog/989.png,direct,23.42622947692871,0.7097566723823547,0.2763242721557617,0.22030550241470337,865A94D0A9D411958169E3F8C4FF854B1F50D1A9498D38A43BD70A3FC00F96F7,7D4D3ED17CBDC6237EDEF4DC9F13112415C85840AB0EDC24E60ECC1D260C4807,3545AAAECB247F6236D3DD9D983A9104FA5599F4A083ECD314885C1CBE41E2F9,D696BBFA42DD1A840708B9C42E824036862ED17D538B2B47551641D8145854DB,COMPLETE_FIXED_MODEL_BRANCH_READOUT_DIAGNOSTIC_NOT_FORMAL_ABLATION
ODCR-D696,RRSHID-Test,RRSHID-Test_0151,moderate_fog/989.png,physical,21.553905487060547,0.6786982417106628,0.28592586517333984,0.24656319618225098,865A94D0A9D411958169E3F8C4FF854B1F50D1A9498D38A43BD70A3FC00F96F7,7D4D3ED17CBDC6237EDEF4DC9F13112415C85840AB0EDC24E60ECC1D260C4807,007587527C01B975F3205B96B40F7182D57149DDC833B689C01A277FE7690A2B,D696BBFA42DD1A840708B9C42E824036862ED17D538B2B47551641D8145854DB,COMPLETE_FIXED_MODEL_BRANCH_READOUT_DIAGNOSTIC_NOT_FORMAL_ABLATION
ODCR-D696,RRSHID-Test,RRSHID-Test_0151,moderate_fog/989.png,output,24.016178131103516,0.7420065999031067,0.23179399967193604,0.21519625186920166,865A94D0A9D411958169E3F8C4FF854B1F50D1A9498D38A43BD70A3FC00F96F7,7D4D3ED17CBDC6237EDEF4DC9F13112415C85840AB0EDC24E60ECC1D260C4807,8E621B8665F36E2FDB5347EB27858E6179C559BF20D80C1A29F4A918A052443B,D696BBFA42DD1A840708B9C42E824036862ED17D538B2B47551641D8145854DB,COMPLETE_FIXED_MODEL_BRANCH_READOUT_DIAGNOSTIC_NOT_FORMAL_ABLATION
ODCR-D696,RRSHID-Test,RRSHID-Test_0152,moderate_fog/99.png,direct,25.646913528442383,0.7240803241729736,0.28419458866119385,0.2199144959449768,3FD139BF135671DAB53F6AE25530162329129F7E27F398B20ACFD0225A96B394,BEE433F4D1EE2CE2D1A1268B768FA66BA35F8FF002B6DC8C2FE020F29F474D53,07C9A9FF9A6525078BBB458547CF80086B45C86B458A441711C34F2D51F94FEF,D696BBFA42DD1A840708B9C42E824036862ED17D538B2B47551641D8145854DB,COMPLETE_FIXED_MODEL_BRANCH_READOUT_DIAGNOSTIC_NOT_FORMAL_ABLATION
ODCR-D696,RRSHID-Test,RRSHID-Test_0152,moderate_fog/99.png,physical,18.34678840637207,0.49436283111572266,0.3794015645980835,0.2523442506790161,3FD139BF135671DAB53F6AE25530162329129F7E27F398B20ACFD0225A96B394,BEE433F4D1EE2CE2D1A1268B768FA66BA35F8FF002B6DC8C2FE020F29F474D53,4B9F24EB8913563AE3F221C21207B09AD16E402D8B79CFAE12C860AACE709B60,D696BBFA42DD1A840708B9C42E824036862ED17D538B2B47551641D8145854DB,COMPLETE_FIXED_MODEL_BRANCH_READOUT_DIAGNOSTIC_NOT_FORMAL_ABLATION
ODCR-D696,RRSHID-Test,RRSHID-Test_0152,moderate_fog/99.png,output,24.59156036376953,0.7197253704071045,0.2530097961425781,0.20217442512512207,3FD139BF135671DAB53F6AE25530162329129F7E27F398B20ACFD0225A96B394,BEE433F4D1EE2CE2D1A1268B768FA66BA35F8FF002B6DC8C2FE020F29F474D53,93474B2C2B636E21547F8587ED8A5773A6FD270452837ED9EA0FB48C3F535CFD,D696BBFA42DD1A840708B9C42E824036862ED17D538B2B47551641D8145854DB,COMPLETE_FIXED_MODEL_BRANCH_READOUT_DIAGNOSTIC_NOT_FORMAL_ABLATION
ODCR-D696,RRSHID-Test,RRSHID-Test_0153,thick_fog/1060.png,direct,22.830469131469727,0.6039659976959229,0.4680923819541931,0.2954280376434326,8A1C600B391149954DE1F3A52ED93FBBB408A8AD59FC0A6DB01E257759DACD6A,6C5C0E75967B16452F3704ECC9BA37ED697CE90B5C856028E5E9A18A1F28D995,D72317E49036A8D3928B0FD5D988CE700C281E52D9B46075835D24F177719BE9,D696BBFA42DD1A840708B9C42E824036862ED17D538B2B47551641D8145854DB,COMPLETE_FIXED_MODEL_BRANCH_READOUT_DIAGNOSTIC_NOT_FORMAL_ABLATION
ODCR-D696,RRSHID-Test,RRSHID-Test_0153,thick_fog/1060.png,physical,17.277429580688477,0.3276726305484772,0.6161198616027832,0.325894832611084,8A1C600B391149954DE1F3A52ED93FBBB408A8AD59FC0A6DB01E257759DACD6A,6C5C0E75967B16452F3704ECC9BA37ED697CE90B5C856028E5E9A18A1F28D995,7E08AC0A0EBF827AFB47CF6B55705523A583532F6D0291B480B574187E6D5AF7,D696BBFA42DD1A840708B9C42E824036862ED17D538B2B47551641D8145854DB,COMPLETE_FIXED_MODEL_BRANCH_READOUT_DIAGNOSTIC_NOT_FORMAL_ABLATION
ODCR-D696,RRSHID-Test,RRSHID-Test_0153,thick_fog/1060.png,output,23.0104923248291,0.606137752532959,0.4629753530025482,0.28080546855926514,8A1C600B391149954DE1F3A52ED93FBBB408A8AD59FC0A6DB01E257759DACD6A,6C5C0E75967B16452F3704ECC9BA37ED697CE90B5C856028E5E9A18A1F28D995,B87F55B0FFFC5CA857638C6186CF7A58262FAC0E395CA69F79260892AA08041B,D696BBFA42DD1A840708B9C42E824036862ED17D538B2B47551641D8145854DB,COMPLETE_FIXED_MODEL_BRANCH_READOUT_DIAGNOSTIC_NOT_FORMAL_ABLATION
ODCR-D696,RRSHID-Test,RRSHID-Test_0154,thick_fog/1104.png,direct,21.054365158081055,0.5740483999252319,0.4228305220603943,0.2780691385269165,E8C133DC28D7E5DB378F7BA8F128882D2C28ACFB974F8F6A551ED1C8330B4BFA,3D3F714DBA514D710ABCA7BB89551701013F72ABBE1293BE86F93B9A42064658,00AA7DE7F952D819BEA6E1B5CD5C6E32E86526089CB66AB0E86D7CF6BD217F44,D696BBFA42DD1A840708B9C42E824036862ED17D538B2B47551641D8145854DB,COMPLETE_FIXED_MODEL_BRANCH_READOUT_DIAGNOSTIC_NOT_FORMAL_ABLATION
ODCR-D696,RRSHID-Test,RRSHID-Test_0154,thick_fog/1104.png,physical,17.94000816345215,0.32694557309150696,0.544603705406189,0.337238609790802,E8C133DC28D7E5DB378F7BA8F128882D2C28ACFB974F8F6A551ED1C8330B4BFA,3D3F714DBA514D710ABCA7BB89551701013F72ABBE1293BE86F93B9A42064658,1CB6F4DA98695F06552F2156323766C7C448BCF935C0A177285901E65A349317,D696BBFA42DD1A840708B9C42E824036862ED17D538B2B47551641D8145854DB,COMPLETE_FIXED_MODEL_BRANCH_READOUT_DIAGNOSTIC_NOT_FORMAL_ABLATION
ODCR-D696,RRSHID-Test,RRSHID-Test_0154,thick_fog/1104.png,output,21.3748779296875,0.5719506144523621,0.41200971603393555,0.271520733833313,E8C133DC28D7E5DB378F7BA8F128882D2C28ACFB974F8F6A551ED1C8330B4BFA,3D3F714DBA514D710ABCA7BB89551701013F72ABBE1293BE86F93B9A42064658,DFEEC43D985B2894486A92A396E6938E66A5D07BBF0574435C8A1D4AF57792F2,D696BBFA42DD1A840708B9C42E824036862ED17D538B2B47551641D8145854DB,COMPLETE_FIXED_MODEL_BRANCH_READOUT_DIAGNOSTIC_NOT_FORMAL_ABLATION
ODCR-D696,RRSHID-Test,RRSHID-Test_0155,thick_fog/1116.png,direct,17.70470428466797,0.5312345027923584,0.4887721836566925,0.32503318786621094,77017D63BA133F16197EDC8111A0B1A852BA703E598434A7D4CEBAD6986510F5,94EF621D51540A927CAECF4FDF0D3D069CDECB29CC399C00B529FCD98615768E,3A4635F0991E9A238AE12F84B72C5FC76FC005C0A96DF3AD63D532CBBD1F0F32,D696BBFA42DD1A840708B9C42E824036862ED17D538B2B47551641D8145854DB,COMPLETE_FIXED_MODEL_BRANCH_READOUT_DIAGNOSTIC_NOT_FORMAL_ABLATION
ODCR-D696,RRSHID-Test,RRSHID-Test_0155,thick_fog/1116.png,physical,13.237569808959961,0.28719520568847656,0.5439801216125488,0.3300127387046814,77017D63BA133F16197EDC8111A0B1A852BA703E598434A7D4CEBAD6986510F5,94EF621D51540A927CAECF4FDF0D3D069CDECB29CC399C00B529FCD98615768E,3BBB297474F1FC85B0BB8DF04A1E40EA0D3915388F2B3AECDB6E15282041A302,D696BBFA42DD1A840708B9C42E824036862ED17D538B2B47551641D8145854DB,COMPLETE_FIXED_MODEL_BRANCH_READOUT_DIAGNOSTIC_NOT_FORMAL_ABLATION
ODCR-D696,RRSHID-Test,RRSHID-Test_0155,thick_fog/1116.png,output,17.30048942565918,0.5150218605995178,0.4333258867263794,0.3073471784591675,77017D63BA133F16197EDC8111A0B1A852BA703E598434A7D4CEBAD6986510F5,94EF621D51540A927CAECF4FDF0D3D069CDECB29CC399C00B529FCD98615768E,463C6335F692E9F86C576656DCE937EB0A0E3E325ABDC2FB9C60E7C85EDC4F54,D696BBFA42DD1A840708B9C42E824036862ED17D538B2B47551641D8145854DB,COMPLETE_FIXED_MODEL_BRANCH_READOUT_DIAGNOSTIC_NOT_FORMAL_ABLATION
ODCR-D696,RRSHID-Test,RRSHID-Test_0156,thick_fog/1145.png,direct,17.861541748046875,0.5171268582344055,0.4030171036720276,0.2601766586303711,FB46EA931BDAC0DEF65EE53924137D6106E3844BC64AD8742CA6E3BB46A089E8,0945F5F5ED7914699B249E36096057BF196012684124B556C377D4C462E49620,304AE000C9D008869582A69604FEE21ED9A3638403A5DA11BCC4846849131FF2,D696BBFA42DD1A840708B9C42E824036862ED17D538B2B47551641D8145854DB,COMPLETE_FIXED_MODEL_BRANCH_READOUT_DIAGNOSTIC_NOT_FORMAL_ABLATION
ODCR-D696,RRSHID-Test,RRSHID-Test_0156,thick_fog/1145.png,physical,13.93098258972168,0.3843255937099457,0.3771169185638428,0.27028489112854004,FB46EA931BDAC0DEF65EE53924137D6106E3844BC64AD8742CA6E3BB46A089E8,0945F5F5ED7914699B249E36096057BF196012684124B556C377D4C462E49620,78634D61B4859C63AE46177384B8DC440F50E540FF77BDC20F7452C368BBD4F1,D696BBFA42DD1A840708B9C42E824036862ED17D538B2B47551641D8145854DB,COMPLETE_FIXED_MODEL_BRANCH_READOUT_DIAGNOSTIC_NOT_FORMAL_ABLATION
ODCR-D696,RRSHID-Test,RRSHID-Test_0156,thick_fog/1145.png,output,16.868074417114258,0.5092415809631348,0.3542589247226715,0.24474865198135376,FB46EA931BDAC0DEF65EE53924137D6106E3844BC64AD8742CA6E3BB46A089E8,0945F5F5ED7914699B249E36096057BF196012684124B556C377D4C462E49620,AD4076A20BBAD22D4C80721AF8DC435BF88FEF61B4B464AFB34976340821A8F9,D696BBFA42DD1A840708B9C42E824036862ED17D538B2B47551641D8145854DB,COMPLETE_FIXED_MODEL_BRANCH_READOUT_DIAGNOSTIC_NOT_FORMAL_ABLATION
ODCR-D696,RRSHID-Test,RRSHID-Test_0157,thick_fog/1164.png,direct,16.71053123474121,0.6536303758621216,0.2590318024158478,0.21919465065002441,D0DF790EE2A0406281EEAB665E70B76C07344BD7759FC4E09A172945C946826E,202BC61AEEEB27FA9B5D87DD2FDF511E15BB298C42798DDD92685F565D7910A1,F89485B446D3493586D6284782AA641DFC0DFE447C3A31AA72867A76CE6560B1,D696BBFA42DD1A840708B9C42E824036862ED17D538B2B47551641D8145854DB,COMPLETE_FIXED_MODEL_BRANCH_READOUT_DIAGNOSTIC_NOT_FORMAL_ABLATION
ODCR-D696,RRSHID-Test,RRSHID-Test_0157,thick_fog/1164.png,physical,18.369035720825195,0.578626811504364,0.2743721604347229,0.23926615715026855,D0DF790EE2A0406281EEAB665E70B76C07344BD7759FC4E09A172945C946826E,202BC61AEEEB27FA9B5D87DD2FDF511E15BB298C42798DDD92685F565D7910A1,4207CEAFB0EDFC5977B6A299D4E56962D44047F785F8281D355BE530AC5CF39A,D696BBFA42DD1A840708B9C42E824036862ED17D538B2B47551641D8145854DB,COMPLETE_FIXED_MODEL_BRANCH_READOUT_DIAGNOSTIC_NOT_FORMAL_ABLATION
ODCR-D696,RRSHID-Test,RRSHID-Test_0157,thick_fog/1164.png,output,18.16238021850586,0.6908884644508362,0.2126101404428482,0.20497864484786987,D0DF790EE2A0406281EEAB665E70B76C07344BD7759FC4E09A172945C946826E,202BC61AEEEB27FA9B5D87DD2FDF511E15BB298C42798DDD92685F565D7910A1,5F89A964A89F14838D87949F16DD1A124E84FC95DFB256E73CCA1D340BB12793,D696BBFA42DD1A840708B9C42E824036862ED17D538B2B47551641D8145854DB,COMPLETE_FIXED_MODEL_BRANCH_READOUT_DIAGNOSTIC_NOT_FORMAL_ABLATION
ODCR-D696,RRSHID-Test,RRSHID-Test_0158,thick_fog/1243.png,direct,21.81349754333496,0.5595089793205261,0.47555115818977356,0.33417558670043945,2CB48208343F91E1576A30F419C18FA17904BAE4C2B28F29977021F5DBF6F2EF,C94F08B5A5E917932398D0204B078A0E928DD91B7D94EB78FAFAFC8D6ECD99D2,86376FE74CBEDEC64C6AEF80653B27A1AA1B8FD7123899B5C65D30FE9897E118,D696BBFA42DD1A840708B9C42E824036862ED17D538B2B47551641D8145854DB,COMPLETE_FIXED_MODEL_BRANCH_READOUT_DIAGNOSTIC_NOT_FORMAL_ABLATION
ODCR-D696,RRSHID-Test,RRSHID-Test_0158,thick_fog/1243.png,physical,14.478168487548828,0.21294468641281128,0.6026130318641663,0.3926827311515808,2CB48208343F91E1576A30F419C18FA17904BAE4C2B28F29977021F5DBF6F2EF,C94F08B5A5E917932398D0204B078A0E928DD91B7D94EB78FAFAFC8D6ECD99D2,876C3AB365B162F7E286262F31141340C44BBA451EAF97FD9A0B40B76D52BE08,D696BBFA42DD1A840708B9C42E824036862ED17D538B2B47551641D8145854DB,COMPLETE_FIXED_MODEL_BRANCH_READOUT_DIAGNOSTIC_NOT_FORMAL_ABLATION
ODCR-D696,RRSHID-Test,RRSHID-Test_0158,thick_fog/1243.png,output,21.893451690673828,0.5619922876358032,0.4530748724937439,0.3262810707092285,2CB48208343F91E1576A30F419C18FA17904BAE4C2B28F29977021F5DBF6F2EF,C94F08B5A5E917932398D0204B078A0E928DD91B7D94EB78FAFAFC8D6ECD99D2,8643A7ABFDC9FFDA0CE487903A31F4C58E546EA1DDF7006FB3715543ABAE49C5,D696BBFA42DD1A840708B9C42E824036862ED17D538B2B47551641D8145854DB,COMPLETE_FIXED_MODEL_BRANCH_READOUT_DIAGNOSTIC_NOT_FORMAL_ABLATION
ODCR-D696,RRSHID-Test,RRSHID-Test_0159,thick_fog/1262.png,direct,21.995319366455078,0.6092053055763245,0.4506946802139282,0.31588882207870483,052B978F63D44A596E8903EB18D7D872523321B1BCE2D5CF32753CDBB06701E7,72004FD55E8ACC0370BA272C69885DEFDD06927E43CF5FB871A3C8F8D579516F,59008F6AD7A9770FB19FF6764234E2CFBD2B2AB9E42569DDDADFD0AA21AA0BEC,D696BBFA42DD1A840708B9C42E824036862ED17D538B2B47551641D8145854DB,COMPLETE_FIXED_MODEL_BRANCH_READOUT_DIAGNOSTIC_NOT_FORMAL_ABLATION
ODCR-D696,RRSHID-Test,RRSHID-Test_0159,thick_fog/1262.png,physical,16.289875030517578,0.2802325189113617,0.5631478428840637,0.33363771438598633,052B978F63D44A596E8903EB18D7D872523321B1BCE2D5CF32753CDBB06701E7,72004FD55E8ACC0370BA272C69885DEFDD06927E43CF5FB871A3C8F8D579516F,1BA727066307FA734F8FEE4ED091ED4026257C1D61D78838FA6756E00D954607,D696BBFA42DD1A840708B9C42E824036862ED17D538B2B47551641D8145854DB,COMPLETE_FIXED_MODEL_BRANCH_READOUT_DIAGNOSTIC_NOT_FORMAL_ABLATION
ODCR-D696,RRSHID-Test,RRSHID-Test_0159,thick_fog/1262.png,output,22.224178314208984,0.6143892407417297,0.4272300601005554,0.3096616864204407,052B978F63D44A596E8903EB18D7D872523321B1BCE2D5CF32753CDBB06701E7,72004FD55E8ACC0370BA272C69885DEFDD06927E43CF5FB871A3C8F8D579516F,1A08923331B177ADCE0C8022DF55F2A2714DDCA0124097BAC3A5AC998697C2DE,D696BBFA42DD1A840708B9C42E824036862ED17D538B2B47551641D8145854DB,COMPLETE_FIXED_MODEL_BRANCH_READOUT_DIAGNOSTIC_NOT_FORMAL_ABLATION
ODCR-D696,RRSHID-Test,RRSHID-Test_0160,thick_fog/1369.png,direct,19.66931915283203,0.6284908652305603,0.5064153075218201,0.35775864124298096,D8955B4FE76A00E9F3ADF4D28B8FB26966A7C96F04CBB14F2F306D77DD0B65C0,EFDA36EEAADC3BDCD79E155B63ADBB6BC0BF54E080E95B1B18F5B60E891E6328,8CC8EDD17DE93815D41AF3A4E388F3E17767FAF4F5DB71BD5E05FC38CA844C15,D696BBFA42DD1A840708B9C42E824036862ED17D538B2B47551641D8145854DB,COMPLETE_FIXED_MODEL_BRANCH_READOUT_DIAGNOSTIC_NOT_FORMAL_ABLATION
ODCR-D696,RRSHID-Test,RRSHID-Test_0160,thick_fog/1369.png,physical,17.770069122314453,0.2700382471084595,0.6744317412376404,0.3740041255950928,D8955B4FE76A00E9F3ADF4D28B8FB26966A7C96F04CBB14F2F306D77DD0B65C0,EFDA36EEAADC3BDCD79E155B63ADBB6BC0BF54E080E95B1B18F5B60E891E6328,2AA32CAD1DC0254761E0E503E800D43A20935D5A5D3D60B1630938DF00D77AAF,D696BBFA42DD1A840708B9C42E824036862ED17D538B2B47551641D8145854DB,COMPLETE_FIXED_MODEL_BRANCH_READOUT_DIAGNOSTIC_NOT_FORMAL_ABLATION
ODCR-D696,RRSHID-Test,RRSHID-Test_0160,thick_fog/1369.png,output,19.783658981323242,0.6306883096694946,0.49788111448287964,0.35236895084381104,D8955B4FE76A00E9F3ADF4D28B8FB26966A7C96F04CBB14F2F306D77DD0B65C0,EFDA36EEAADC3BDCD79E155B63ADBB6BC0BF54E080E95B1B18F5B60E891E6328,A3C8B2C23FBB72A058FE42E27D074E5FAA3B56B37854945F86A2362F7B02BF22,D696BBFA42DD1A840708B9C42E824036862ED17D538B2B47551641D8145854DB,COMPLETE_FIXED_MODEL_BRANCH_READOUT_DIAGNOSTIC_NOT_FORMAL_ABLATION
ODCR-D696,RRSHID-Test,RRSHID-Test_0161,thick_fog/1370.png,direct,18.855205535888672,0.6221299171447754,0.4418630599975586,0.3304094076156616,47C8C0CC872AB0ABBF4477C8463361E10F5EC77D6DBDFEA46A26E5CD77C209F4,ACF18FB6FADF18D005D12F5D1459D6CDDB7F84A2130B92D993413C1B986058C0,964FC7B822F2D3BEFEC341A83EFD3C1062CF16E04020D44D3383F0162E415097,D696BBFA42DD1A840708B9C42E824036862ED17D538B2B47551641D8145854DB,COMPLETE_FIXED_MODEL_BRANCH_READOUT_DIAGNOSTIC_NOT_FORMAL_ABLATION
ODCR-D696,RRSHID-Test,RRSHID-Test_0161,thick_fog/1370.png,physical,19.2275390625,0.3524327278137207,0.5475988984107971,0.3332210183143616,47C8C0CC872AB0ABBF4477C8463361E10F5EC77D6DBDFEA46A26E5CD77C209F4,ACF18FB6FADF18D005D12F5D1459D6CDDB7F84A2130B92D993413C1B986058C0,442A94B6345F317518CB1B34095D145FED8579890909A339FE9326CA401D47DA,D696BBFA42DD1A840708B9C42E824036862ED17D538B2B47551641D8145854DB,COMPLETE_FIXED_MODEL_BRANCH_READOUT_DIAGNOSTIC_NOT_FORMAL_ABLATION
ODCR-D696,RRSHID-Test,RRSHID-Test_0161,thick_fog/1370.png,output,19.011119842529297,0.6304988861083984,0.4260868430137634,0.31749963760375977,47C8C0CC872AB0ABBF4477C8463361E10F5EC77D6DBDFEA46A26E5CD77C209F4,ACF18FB6FADF18D005D12F5D1459D6CDDB7F84A2130B92D993413C1B986058C0,A223BA451F285DCF796BF1BF130688EE19B6CB8D5328C0749849CB4479DC0957,D696BBFA42DD1A840708B9C42E824036862ED17D538B2B47551641D8145854DB,COMPLETE_FIXED_MODEL_BRANCH_READOUT_DIAGNOSTIC_NOT_FORMAL_ABLATION
ODCR-D696,RRSHID-Test,RRSHID-Test_0162,thick_fog/1388.png,direct,23.009517669677734,0.7012141346931458,0.3624765872955322,0.25536835193634033,0AEBE449E702EE5A50784E875E277F53C03721B9C6E1DB7466C7E08CAF9EC36C,040ECBBAE26BCC60B7AD6C6ECD60D524E23FF67710D44DD7B7674E04B5C77737,558739E233E13E4227516F28B99E5131E8B3796E513E2F2B1D27B6D1D4FF468D,D696BBFA42DD1A840708B9C42E824036862ED17D538B2B47551641D8145854DB,COMPLETE_FIXED_MODEL_BRANCH_READOUT_DIAGNOSTIC_NOT_FORMAL_ABLATION
ODCR-D696,RRSHID-Test,RRSHID-Test_0162,thick_fog/1388.png,physical,17.378934860229492,0.4294029176235199,0.4837879538536072,0.2768462896347046,0AEBE449E702EE5A50784E875E277F53C03721B9C6E1DB7466C7E08CAF9EC36C,040ECBBAE26BCC60B7AD6C6ECD60D524E23FF67710D44DD7B7674E04B5C77737,3E48D788DA7F3B5CE793FF0F0554A18578BA24F2CA6D56EAE9858EB2430C639F,D696BBFA42DD1A840708B9C42E824036862ED17D538B2B47551641D8145854DB,COMPLETE_FIXED_MODEL_BRANCH_READOUT_DIAGNOSTIC_NOT_FORMAL_ABLATION
ODCR-D696,RRSHID-Test,RRSHID-Test_0162,thick_fog/1388.png,output,22.960329055786133,0.704564094543457,0.33515506982803345,0.24035418033599854,0AEBE449E702EE5A50784E875E277F53C03721B9C6E1DB7466C7E08CAF9EC36C,040ECBBAE26BCC60B7AD6C6ECD60D524E23FF67710D44DD7B7674E04B5C77737,601D3E2D9F588B9C23F6EDDED0CF8B9AA5EFA299E914F2D39FB8FAE74D2B6BAB,D696BBFA42DD1A840708B9C42E824036862ED17D538B2B47551641D8145854DB,COMPLETE_FIXED_MODEL_BRANCH_READOUT_DIAGNOSTIC_NOT_FORMAL_ABLATION
ODCR-D696,RRSHID-Test,RRSHID-Test_0163,thick_fog/1520.png,direct,22.687973022460938,0.6065216660499573,0.4600447714328766,0.2636105418205261,67DC39C81404724B89C0F3D989877939330EAAF32F73ABFF00CC00ED0218FA32,92D407DFDE00FBB44AA0C3F8CBA651F8E2EBDF661418C0C00A0B726F86C91C21,717977815F45F06DB0D027F3D2CE726A00302FD8F65BC342200A1DEC9B300EE5,D696BBFA42DD1A840708B9C42E824036862ED17D538B2B47551641D8145854DB,COMPLETE_FIXED_MODEL_BRANCH_READOUT_DIAGNOSTIC_NOT_FORMAL_ABLATION
ODCR-D696,RRSHID-Test,RRSHID-Test_0163,thick_fog/1520.png,physical,20.016067504882812,0.3395790755748749,0.5505019426345825,0.323830783367157,67DC39C81404724B89C0F3D989877939330EAAF32F73ABFF00CC00ED0218FA32,92D407DFDE00FBB44AA0C3F8CBA651F8E2EBDF661418C0C00A0B726F86C91C21,B2226355821F9070F074D408F57313CAB75C150BAC6D4D83AF92508D4DC608BA,D696BBFA42DD1A840708B9C42E824036862ED17D538B2B47551641D8145854DB,COMPLETE_FIXED_MODEL_BRANCH_READOUT_DIAGNOSTIC_NOT_FORMAL_ABLATION
ODCR-D696,RRSHID-Test,RRSHID-Test_0163,thick_fog/1520.png,output,23.011394500732422,0.6050605177879333,0.4397956132888794,0.24387550354003906,67DC39C81404724B89C0F3D989877939330EAAF32F73ABFF00CC00ED0218FA32,92D407DFDE00FBB44AA0C3F8CBA651F8E2EBDF661418C0C00A0B726F86C91C21,6ADCA4ED5A7AAE3EBF4DA0E4A4F611A201A2AA78FB4D418AB8BCE4EB0C6FCAD3,D696BBFA42DD1A840708B9C42E824036862ED17D538B2B47551641D8145854DB,COMPLETE_FIXED_MODEL_BRANCH_READOUT_DIAGNOSTIC_NOT_FORMAL_ABLATION
ODCR-D696,RRSHID-Test,RRSHID-Test_0164,thick_fog/156.png,direct,18.229080200195312,0.5587839484214783,0.3972868025302887,0.22483718395233154,43FFD063C82A1ADFEA4303F732D7D1927CB8656D89999D3A74B02A7ED700E958,8854BCC7EC4E59F6284452E086F4E2ED6A2F47B1F38A39C3BB65475221A63566,D7E4717E36A0B7662216ECA0F3CF1B209BAA8D99FFA8696E814F839F25D1FE8D,D696BBFA42DD1A840708B9C42E824036862ED17D538B2B47551641D8145854DB,COMPLETE_FIXED_MODEL_BRANCH_READOUT_DIAGNOSTIC_NOT_FORMAL_ABLATION
ODCR-D696,RRSHID-Test,RRSHID-Test_0164,thick_fog/156.png,physical,16.628686904907227,0.3351089060306549,0.47287893295288086,0.29822611808776855,43FFD063C82A1ADFEA4303F732D7D1927CB8656D89999D3A74B02A7ED700E958,8854BCC7EC4E59F6284452E086F4E2ED6A2F47B1F38A39C3BB65475221A63566,F0899B470298533DBA33F83A1E3B3CCA9FDFFC6FBF6A809D072AE6D452C9C0E8,D696BBFA42DD1A840708B9C42E824036862ED17D538B2B47551641D8145854DB,COMPLETE_FIXED_MODEL_BRANCH_READOUT_DIAGNOSTIC_NOT_FORMAL_ABLATION
ODCR-D696,RRSHID-Test,RRSHID-Test_0164,thick_fog/156.png,output,18.193965911865234,0.5525385737419128,0.35577988624572754,0.2088390588760376,43FFD063C82A1ADFEA4303F732D7D1927CB8656D89999D3A74B02A7ED700E958,8854BCC7EC4E59F6284452E086F4E2ED6A2F47B1F38A39C3BB65475221A63566,3BA1BCE6F4E3F6838DFD5E0381675483C63DFF059357E0BC38EA0DC5F074E75F,D696BBFA42DD1A840708B9C42E824036862ED17D538B2B47551641D8145854DB,COMPLETE_FIXED_MODEL_BRANCH_READOUT_DIAGNOSTIC_NOT_FORMAL_ABLATION
ODCR-D696,RRSHID-Test,RRSHID-Test_0165,thick_fog/1852.png,direct,17.475601196289062,0.24318937957286835,0.7929558753967285,0.5599783062934875,62CB8178139325BAE486DF136F205DA86A8BC07D151E4D20F1022B1748617401,12777828855F330806DAA1B7F431FE52BF112F542BCCF61C6E21F5CA362AD70E,72E78E47E4FA0C929FA6B9F31FFE4C4DD9D19BAF8E61C3C251E2AA861DDEBDB3,D696BBFA42DD1A840708B9C42E824036862ED17D538B2B47551641D8145854DB,COMPLETE_FIXED_MODEL_BRANCH_READOUT_DIAGNOSTIC_NOT_FORMAL_ABLATION
ODCR-D696,RRSHID-Test,RRSHID-Test_0165,thick_fog/1852.png,physical,7.633052349090576,0.13778150081634521,0.7674790620803833,0.43360835313796997,62CB8178139325BAE486DF136F205DA86A8BC07D151E4D20F1022B1748617401,12777828855F330806DAA1B7F431FE52BF112F542BCCF61C6E21F5CA362AD70E,83BC2256B4FCAFA0FCEBF7367D1A17DBE416DA82E082B096A93B7B60734D077D,D696BBFA42DD1A840708B9C42E824036862ED17D538B2B47551641D8145854DB,COMPLETE_FIXED_MODEL_BRANCH_READOUT_DIAGNOSTIC_NOT_FORMAL_ABLATION
ODCR-D696,RRSHID-Test,RRSHID-Test_0165,thick_fog/1852.png,output,17.416196823120117,0.24317999184131622,0.7825645208358765,0.5518662929534912,62CB8178139325BAE486DF136F205DA86A8BC07D151E4D20F1022B1748617401,12777828855F330806DAA1B7F431FE52BF112F542BCCF61C6E21F5CA362AD70E,25682408A57DE66A2DAC49827FF02612988BF47D80D95D43D917EDEA5EDB5019,D696BBFA42DD1A840708B9C42E824036862ED17D538B2B47551641D8145854DB,COMPLETE_FIXED_MODEL_BRANCH_READOUT_DIAGNOSTIC_NOT_FORMAL_ABLATION
ODCR-D696,RRSHID-Test,RRSHID-Test_0166,thick_fog/1891.png,direct,20.210668563842773,0.2586195766925812,0.7820295095443726,0.49870604276657104,7D3D32B6B452D00AC31EFD5591259377453340A79F61907FF6013B2138B20FB5,598BCB78728650F0DDF8AC58113B2F09C8C274CF20A709AFFAC785D7B9215EC3,EE1DCDA25573641FAFF2634E69BBE16FF2A79D38B9D3F2960ACACD152320E049,D696BBFA42DD1A840708B9C42E824036862ED17D538B2B47551641D8145854DB,COMPLETE_FIXED_MODEL_BRANCH_READOUT_DIAGNOSTIC_NOT_FORMAL_ABLATION
ODCR-D696,RRSHID-Test,RRSHID-Test_0166,thick_fog/1891.png,physical,9.42551040649414,0.16134564578533173,0.7396941184997559,0.3863963484764099,7D3D32B6B452D00AC31EFD5591259377453340A79F61907FF6013B2138B20FB5,598BCB78728650F0DDF8AC58113B2F09C8C274CF20A709AFFAC785D7B9215EC3,8BD89A5789814317127DF3BB2B0338C091E61394080FF6D02D05E1004F91982D,D696BBFA42DD1A840708B9C42E824036862ED17D538B2B47551641D8145854DB,COMPLETE_FIXED_MODEL_BRANCH_READOUT_DIAGNOSTIC_NOT_FORMAL_ABLATION
ODCR-D696,RRSHID-Test,RRSHID-Test_0166,thick_fog/1891.png,output,20.2882022857666,0.25937971472740173,0.7732071876525879,0.4879767894744873,7D3D32B6B452D00AC31EFD5591259377453340A79F61907FF6013B2138B20FB5,598BCB78728650F0DDF8AC58113B2F09C8C274CF20A709AFFAC785D7B9215EC3,45E478371FD6B1DECFB7ED898151848B4E5E0F0C6B0C664194DB1B58913F2B22,D696BBFA42DD1A840708B9C42E824036862ED17D538B2B47551641D8145854DB,COMPLETE_FIXED_MODEL_BRANCH_READOUT_DIAGNOSTIC_NOT_FORMAL_ABLATION
ODCR-D696,RRSHID-Test,RRSHID-Test_0167,thick_fog/1907.png,direct,17.17094612121582,0.2762533128261566,0.7879161834716797,0.5675235986709595,7AC76F9C8855BA84DF2BA63AD9A3D49E63EDE1C859F3E26C840B48C5AEE61A24,9FF5CBB24F0D60FEBBA0EE25D80855DB941B7280923565C18F664B8A1E67765A,C1FAFFBC6F80B3EA0D2A0BB31FFADE6C1B1B7CAAC1A1C3E3AFC3AABF8BFEEC17,D696BBFA42DD1A840708B9C42E824036862ED17D538B2B47551641D8145854DB,COMPLETE_FIXED_MODEL_BRANCH_READOUT_DIAGNOSTIC_NOT_FORMAL_ABLATION
ODCR-D696,RRSHID-Test,RRSHID-Test_0167,thick_fog/1907.png,physical,6.621831893920898,0.12617264688014984,0.7903469800949097,0.4613105058670044,7AC76F9C8855BA84DF2BA63AD9A3D49E63EDE1C859F3E26C840B48C5AEE61A24,9FF5CBB24F0D60FEBBA0EE25D80855DB941B7280923565C18F664B8A1E67765A,77042B04F9C4F11D92B3EAB5B596D1C0F3EB3D5DD9C2D24C7D94C7F78CF16DC2,D696BBFA42DD1A840708B9C42E824036862ED17D538B2B47551641D8145854DB,COMPLETE_FIXED_MODEL_BRANCH_READOUT_DIAGNOSTIC_NOT_FORMAL_ABLATION
ODCR-D696,RRSHID-Test,RRSHID-Test_0167,thick_fog/1907.png,output,17.035964965820312,0.2753765285015106,0.7791502475738525,0.558553159236908,7AC76F9C8855BA84DF2BA63AD9A3D49E63EDE1C859F3E26C840B48C5AEE61A24,9FF5CBB24F0D60FEBBA0EE25D80855DB941B7280923565C18F664B8A1E67765A,DA843114A9B1D951FB6F7438BF0AD294D02D29380864A14CC2E7F5617694A654,D696BBFA42DD1A840708B9C42E824036862ED17D538B2B47551641D8145854DB,COMPLETE_FIXED_MODEL_BRANCH_READOUT_DIAGNOSTIC_NOT_FORMAL_ABLATION
ODCR-D696,RRSHID-Test,RRSHID-Test_0168,thick_fog/1910.png,direct,19.47209930419922,0.2182602435350418,0.7826676368713379,0.5506883263587952,78D63DC3A2532DCADB2C884C39B0F795A3B7EC8B2FA94C7A4CF06882B8744C69,FCBAB18FFFE9ED186096B6B6B8A64C3B98C6C17666F98138C5C03C0F24D58138,BDC1E69D2501457BA521E2C9CE9DDEF1B854B9733732DFA52FDFAFFA5A665091,D696BBFA42DD1A840708B9C42E824036862ED17D538B2B47551641D8145854DB,COMPLETE_FIXED_MODEL_BRANCH_READOUT_DIAGNOSTIC_NOT_FORMAL_ABLATION
ODCR-D696,RRSHID-Test,RRSHID-Test_0168,thick_fog/1910.png,physical,10.60571575164795,0.1623011976480484,0.7655103206634521,0.40649235248565674,78D63DC3A2532DCADB2C884C39B0F795A3B7EC8B2FA94C7A4CF06882B8744C69,FCBAB18FFFE9ED186096B6B6B8A64C3B98C6C17666F98138C5C03C0F24D58138,99C3D90E51122A06FCAF66577FFC1B2C3B863C7E38EB9A58B89580274B79895B,D696BBFA42DD1A840708B9C42E824036862ED17D538B2B47551641D8145854DB,COMPLETE_FIXED_MODEL_BRANCH_READOUT_DIAGNOSTIC_NOT_FORMAL_ABLATION
ODCR-D696,RRSHID-Test,RRSHID-Test_0168,thick_fog/1910.png,output,19.479711532592773,0.21916697919368744,0.7728977799415588,0.5404900312423706,78D63DC3A2532DCADB2C884C39B0F795A3B7EC8B2FA94C7A4CF06882B8744C69,FCBAB18FFFE9ED186096B6B6B8A64C3B98C6C17666F98138C5C03C0F24D58138,2ACA7BEF14C40F58C1D1C9E60135B68DB1A72B013B9B124A704CA8BF497D012E,D696BBFA42DD1A840708B9C42E824036862ED17D538B2B47551641D8145854DB,COMPLETE_FIXED_MODEL_BRANCH_READOUT_DIAGNOSTIC_NOT_FORMAL_ABLATION
ODCR-D696,RRSHID-Test,RRSHID-Test_0169,thick_fog/1911.png,direct,19.83197784423828,0.307934045791626,0.7320659756660461,0.5534420013427734,BCFBFA273326392141CD1786F2EE37E09F5575D32509EDC59CC5D88BC9BC0AA0,DFA056E966B065B152CECBF519BC7681FDBAA834FABEC01DF92C07F6088BB1D4,13B8A02D06E2B13AB308E71BBEA89E9FB8E530B4743EEF5C6EB87E904F8AD072,D696BBFA42DD1A840708B9C42E824036862ED17D538B2B47551641D8145854DB,COMPLETE_FIXED_MODEL_BRANCH_READOUT_DIAGNOSTIC_NOT_FORMAL_ABLATION
ODCR-D696,RRSHID-Test,RRSHID-Test_0169,thick_fog/1911.png,physical,11.182622909545898,0.1851089596748352,0.7333148121833801,0.3961540460586548,BCFBFA273326392141CD1786F2EE37E09F5575D32509EDC59CC5D88BC9BC0AA0,DFA056E966B065B152CECBF519BC7681FDBAA834FABEC01DF92C07F6088BB1D4,BED78335B0632045D2A9D3EC511CCFEBDCF0BADB04F54D49654DF4840C11B3D4,D696BBFA42DD1A840708B9C42E824036862ED17D538B2B47551641D8145854DB,COMPLETE_FIXED_MODEL_BRANCH_READOUT_DIAGNOSTIC_NOT_FORMAL_ABLATION
ODCR-D696,RRSHID-Test,RRSHID-Test_0169,thick_fog/1911.png,output,19.806324005126953,0.30816465616226196,0.7171432375907898,0.545295774936676,BCFBFA273326392141CD1786F2EE37E09F5575D32509EDC59CC5D88BC9BC0AA0,DFA056E966B065B152CECBF519BC7681FDBAA834FABEC01DF92C07F6088BB1D4,E3F3D9EE1493A5DCAEB15EAB04304864F3CD972FCB4915A5295626598E1DEAE7,D696BBFA42DD1A840708B9C42E824036862ED17D538B2B47551641D8145854DB,COMPLETE_FIXED_MODEL_BRANCH_READOUT_DIAGNOSTIC_NOT_FORMAL_ABLATION
ODCR-D696,RRSHID-Test,RRSHID-Test_0170,thick_fog/221.png,direct,25.692733764648438,0.8343806862831116,0.3097209334373474,0.2615785598754883,5F78D709C76FA59D5FA85DC04D078C354C868B62CFFDCE9F873A782CF36F6872,9F75BFF475A18B6C0E54C3EAA490AC31FA1FD3928FFDAB5ECE697235C559ED22,9686A3DD72E7753A0291813EB9CF9FD71CCDAEB29A2781936F0FDA2908416FD1,D696BBFA42DD1A840708B9C42E824036862ED17D538B2B47551641D8145854DB,COMPLETE_FIXED_MODEL_BRANCH_READOUT_DIAGNOSTIC_NOT_FORMAL_ABLATION
ODCR-D696,RRSHID-Test,RRSHID-Test_0170,thick_fog/221.png,physical,16.50469207763672,0.39276209473609924,0.5235353708267212,0.3391376733779907,5F78D709C76FA59D5FA85DC04D078C354C868B62CFFDCE9F873A782CF36F6872,9F75BFF475A18B6C0E54C3EAA490AC31FA1FD3928FFDAB5ECE697235C559ED22,6F2116673633121CC1E07D240C3CA4BD28B4CBCE861EA5943144BC3E70BF815E,D696BBFA42DD1A840708B9C42E824036862ED17D538B2B47551641D8145854DB,COMPLETE_FIXED_MODEL_BRANCH_READOUT_DIAGNOSTIC_NOT_FORMAL_ABLATION
ODCR-D696,RRSHID-Test,RRSHID-Test_0170,thick_fog/221.png,output,26.39397621154785,0.8323886394500732,0.29350554943084717,0.24802041053771973,5F78D709C76FA59D5FA85DC04D078C354C868B62CFFDCE9F873A782CF36F6872,9F75BFF475A18B6C0E54C3EAA490AC31FA1FD3928FFDAB5ECE697235C559ED22,343E5E29E69CD1E567215B2DAA5F2BDA0C1FC1FF1BFDFCFA02743545197EBD79,D696BBFA42DD1A840708B9C42E824036862ED17D538B2B47551641D8145854DB,COMPLETE_FIXED_MODEL_BRANCH_READOUT_DIAGNOSTIC_NOT_FORMAL_ABLATION
ODCR-D696,RRSHID-Test,RRSHID-Test_0171,thick_fog/232.png,direct,20.962867736816406,0.7203173041343689,0.2938918173313141,0.2504420280456543,50438E08B23F5658B7E094E32F657E5EAFA33B9C958B88FBC91FDE06E1443F03,E633AA0A2409320728A0FA739AE1763CC479D1CBE86E07B4824FF25609FBA03A,26D207AD582F6D515ADFDEB8AD842CEA72F88F6CC46B0FBAE34092A1EB917283,D696BBFA42DD1A840708B9C42E824036862ED17D538B2B47551641D8145854DB,COMPLETE_FIXED_MODEL_BRANCH_READOUT_DIAGNOSTIC_NOT_FORMAL_ABLATION
ODCR-D696,RRSHID-Test,RRSHID-Test_0171,thick_fog/232.png,physical,11.947087287902832,0.39229562878608704,0.5017585754394531,0.33783143758773804,50438E08B23F5658B7E094E32F657E5EAFA33B9C958B88FBC91FDE06E1443F03,E633AA0A2409320728A0FA739AE1763CC479D1CBE86E07B4824FF25609FBA03A,77725943180F3514740DC9F9448A45C1C4DF8F43609C5F4691D0853FE32FDAD9,D696BBFA42DD1A840708B9C42E824036862ED17D538B2B47551641D8145854DB,COMPLETE_FIXED_MODEL_BRANCH_READOUT_DIAGNOSTIC_NOT_FORMAL_ABLATION
ODCR-D696,RRSHID-Test,RRSHID-Test_0171,thick_fog/232.png,output,19.619253158569336,0.7050755620002747,0.28372278809547424,0.2528175711631775,50438E08B23F5658B7E094E32F657E5EAFA33B9C958B88FBC91FDE06E1443F03,E633AA0A2409320728A0FA739AE1763CC479D1CBE86E07B4824FF25609FBA03A,5922EE6C8689E1E162A8E9F78BB09A642039929D9C5E0AC9B6601D9F4AB79C29,D696BBFA42DD1A840708B9C42E824036862ED17D538B2B47551641D8145854DB,COMPLETE_FIXED_MODEL_BRANCH_READOUT_DIAGNOSTIC_NOT_FORMAL_ABLATION
ODCR-D696,RRSHID-Test,RRSHID-Test_0172,thick_fog/2487.png,direct,19.480220794677734,0.5550968647003174,0.445534884929657,0.2986793518066406,37011163354A11F02DF39C443B312F157BBED7673C8EA9B7A1523FFFF1BBAD0B,2EBAC23A238A30DCE227A81851AC6C49BA94BFBA1CDD828392F57B841176F393,A6A4A97F4FD8C62C7A14ED2FD6CAF3B5DEFCB9C4E1F394A0E5C4C50F934F9CF2,D696BBFA42DD1A840708B9C42E824036862ED17D538B2B47551641D8145854DB,COMPLETE_FIXED_MODEL_BRANCH_READOUT_DIAGNOSTIC_NOT_FORMAL_ABLATION
ODCR-D696,RRSHID-Test,RRSHID-Test_0172,thick_fog/2487.png,physical,12.221175193786621,0.2583744525909424,0.6489939093589783,0.35204648971557617,37011163354A11F02DF39C443B312F157BBED7673C8EA9B7A1523FFFF1BBAD0B,2EBAC23A238A30DCE227A81851AC6C49BA94BFBA1CDD828392F57B841176F393,E3A4BA2E5765EBA805F6508E1A0AE3DADC2BA84068FB1085C74ABB3261070896,D696BBFA42DD1A840708B9C42E824036862ED17D538B2B47551641D8145854DB,COMPLETE_FIXED_MODEL_BRANCH_READOUT_DIAGNOSTIC_NOT_FORMAL_ABLATION
ODCR-D696,RRSHID-Test,RRSHID-Test_0172,thick_fog/2487.png,output,19.52048683166504,0.5557350516319275,0.43730273842811584,0.29182350635528564,37011163354A11F02DF39C443B312F157BBED7673C8EA9B7A1523FFFF1BBAD0B,2EBAC23A238A30DCE227A81851AC6C49BA94BFBA1CDD828392F57B841176F393,C75B224F56028307B491241D15C6D11F6A151A8DAF534258C4F6A6A156710BCC,D696BBFA42DD1A840708B9C42E824036862ED17D538B2B47551641D8145854DB,COMPLETE_FIXED_MODEL_BRANCH_READOUT_DIAGNOSTIC_NOT_FORMAL_ABLATION
ODCR-D696,RRSHID-Test,RRSHID-Test_0173,thick_fog/2495.png,direct,12.050971984863281,0.3294171392917633,0.43026959896087646,0.3226858377456665,947F655D4C4FF159AAAEFC9F9FD485278849FCA77785721CCA775538204840F5,5645CD50393771A4F1CA7C7AC3FD47F55EE064CB585A7FE8D8D4424892BBA3EF,7C31263FDA22BB8E1F80976B75492A99A896EF87E39B2424AA8DE68ABEC1E753,D696BBFA42DD1A840708B9C42E824036862ED17D538B2B47551641D8145854DB,COMPLETE_FIXED_MODEL_BRANCH_READOUT_DIAGNOSTIC_NOT_FORMAL_ABLATION
ODCR-D696,RRSHID-Test,RRSHID-Test_0173,thick_fog/2495.png,physical,10.023111343383789,0.059567034244537354,0.7163058519363403,0.4462268352508545,947F655D4C4FF159AAAEFC9F9FD485278849FCA77785721CCA775538204840F5,5645CD50393771A4F1CA7C7AC3FD47F55EE064CB585A7FE8D8D4424892BBA3EF,C62917C156DDA157A0950BCE8F033775F1B516541D68C8D6B27823FF1C8F82D2,D696BBFA42DD1A840708B9C42E824036862ED17D538B2B47551641D8145854DB,COMPLETE_FIXED_MODEL_BRANCH_READOUT_DIAGNOSTIC_NOT_FORMAL_ABLATION
ODCR-D696,RRSHID-Test,RRSHID-Test_0173,thick_fog/2495.png,output,12.053606033325195,0.32206839323043823,0.4313909709453583,0.3232682943344116,947F655D4C4FF159AAAEFC9F9FD485278849FCA77785721CCA775538204840F5,5645CD50393771A4F1CA7C7AC3FD47F55EE064CB585A7FE8D8D4424892BBA3EF,6729BB23F7DC0A03D2715DDEC6F8716269283F6F57F6CC72D1291BD93FD27CA7,D696BBFA42DD1A840708B9C42E824036862ED17D538B2B47551641D8145854DB,COMPLETE_FIXED_MODEL_BRANCH_READOUT_DIAGNOSTIC_NOT_FORMAL_ABLATION
ODCR-D696,RRSHID-Test,RRSHID-Test_0174,thick_fog/2527.png,direct,15.389179229736328,0.5801622271537781,0.594637393951416,0.3942687511444092,7B4D48900D3265C46A6946AA2454A6E5E0C0CA83105543FBBCC63FDDA55FA6B2,4F0C711D29DF2889E0240AC1804B240505E2447D6F753A363E34A08BC8A23A80,DDF2951BB605E1F3B6D42606244A26D14BB6066948EE3911B78AD0B5BA19F3A8,D696BBFA42DD1A840708B9C42E824036862ED17D538B2B47551641D8145854DB,COMPLETE_FIXED_MODEL_BRANCH_READOUT_DIAGNOSTIC_NOT_FORMAL_ABLATION
ODCR-D696,RRSHID-Test,RRSHID-Test_0174,thick_fog/2527.png,physical,9.617545127868652,0.1654381901025772,0.7148503661155701,0.394184947013855,7B4D48900D3265C46A6946AA2454A6E5E0C0CA83105543FBBCC63FDDA55FA6B2,4F0C711D29DF2889E0240AC1804B240505E2447D6F753A363E34A08BC8A23A80,7C37B7FB98C6D2BA3C0067977F1F7AD3D07497F2339735C90D24B84282F03946,D696BBFA42DD1A840708B9C42E824036862ED17D538B2B47551641D8145854DB,COMPLETE_FIXED_MODEL_BRANCH_READOUT_DIAGNOSTIC_NOT_FORMAL_ABLATION
ODCR-D696,RRSHID-Test,RRSHID-Test_0174,thick_fog/2527.png,output,15.397883415222168,0.5791020393371582,0.5869965553283691,0.38913553953170776,7B4D48900D3265C46A6946AA2454A6E5E0C0CA83105543FBBCC63FDDA55FA6B2,4F0C711D29DF2889E0240AC1804B240505E2447D6F753A363E34A08BC8A23A80,2C06D5E2EF75735D22410E1D14910B7B875E9BCACAF271FD725F1A4492E17482,D696BBFA42DD1A840708B9C42E824036862ED17D538B2B47551641D8145854DB,COMPLETE_FIXED_MODEL_BRANCH_READOUT_DIAGNOSTIC_NOT_FORMAL_ABLATION
ODCR-D696,RRSHID-Test,RRSHID-Test_0175,thick_fog/2568.png,direct,21.93991470336914,0.7057404518127441,0.37400415539741516,0.2796531319618225,19C9C0FE0A32F55A797D982DC87329C7CF4F84A2A205A2F6FA280F5259547C9F,713C4CB1BAC633ACE60CA0AA16596C7833D1CADC26ED97541A3C3E5E97D41F4D,022C1180F06D6E99D900305E4F9A71EDA6D8B838B91E62767EAD1A48B35E733E,D696BBFA42DD1A840708B9C42E824036862ED17D538B2B47551641D8145854DB,COMPLETE_FIXED_MODEL_BRANCH_READOUT_DIAGNOSTIC_NOT_FORMAL_ABLATION
ODCR-D696,RRSHID-Test,RRSHID-Test_0175,thick_fog/2568.png,physical,15.559808731079102,0.27549728751182556,0.6771501898765564,0.3663973808288574,19C9C0FE0A32F55A797D982DC87329C7CF4F84A2A205A2F6FA280F5259547C9F,713C4CB1BAC633ACE60CA0AA16596C7833D1CADC26ED97541A3C3E5E97D41F4D,C2E6AF7E4D9809C9B3893E1ACD270156AE42A3DD1C71CF9AD9842FAE21C372EB,D696BBFA42DD1A840708B9C42E824036862ED17D538B2B47551641D8145854DB,COMPLETE_FIXED_MODEL_BRANCH_READOUT_DIAGNOSTIC_NOT_FORMAL_ABLATION
ODCR-D696,RRSHID-Test,RRSHID-Test_0175,thick_fog/2568.png,output,22.00210952758789,0.704603910446167,0.3692348003387451,0.2761133909225464,19C9C0FE0A32F55A797D982DC87329C7CF4F84A2A205A2F6FA280F5259547C9F,713C4CB1BAC633ACE60CA0AA16596C7833D1CADC26ED97541A3C3E5E97D41F4D,488B4D6260082FDD3696A316BC88E55F2FA43795887C4196F4D40B64DB117E36,D696BBFA42DD1A840708B9C42E824036862ED17D538B2B47551641D8145854DB,COMPLETE_FIXED_MODEL_BRANCH_READOUT_DIAGNOSTIC_NOT_FORMAL_ABLATION
ODCR-D696,RRSHID-Test,RRSHID-Test_0176,thick_fog/2591.png,direct,23.953224182128906,0.7371912002563477,0.435282826423645,0.3011302947998047,44BA3526189F593C418F698C2C940F0B72FDD1D6FF6B648DE37324B48D1352F9,542D1BE1557BD812311805C3AC93514D224099E3FBF912387D7CD5ECDB4F6A92,0AABCD6377EDBFC3C8412E343080285CE6DAED69DA24E2C0043904196C5CD6BC,D696BBFA42DD1A840708B9C42E824036862ED17D538B2B47551641D8145854DB,COMPLETE_FIXED_MODEL_BRANCH_READOUT_DIAGNOSTIC_NOT_FORMAL_ABLATION
ODCR-D696,RRSHID-Test,RRSHID-Test_0176,thick_fog/2591.png,physical,11.001291275024414,0.20959091186523438,0.6924175024032593,0.37850672006607056,44BA3526189F593C418F698C2C940F0B72FDD1D6FF6B648DE37324B48D1352F9,542D1BE1557BD812311805C3AC93514D224099E3FBF912387D7CD5ECDB4F6A92,DA9DDBC9EA7480E9E09C260FC0C309413E50187DAB918E95B65DC487E6F49EEA,D696BBFA42DD1A840708B9C42E824036862ED17D538B2B47551641D8145854DB,COMPLETE_FIXED_MODEL_BRANCH_READOUT_DIAGNOSTIC_NOT_FORMAL_ABLATION
ODCR-D696,RRSHID-Test,RRSHID-Test_0176,thick_fog/2591.png,output,23.95407485961914,0.7352681756019592,0.43377262353897095,0.29872041940689087,44BA3526189F593C418F698C2C940F0B72FDD1D6FF6B648DE37324B48D1352F9,542D1BE1557BD812311805C3AC93514D224099E3FBF912387D7CD5ECDB4F6A92,B58504F6BC08A514F397B97BB52E939B6E97D7F7AFCCD94485ED46276586929B,D696BBFA42DD1A840708B9C42E824036862ED17D538B2B47551641D8145854DB,COMPLETE_FIXED_MODEL_BRANCH_READOUT_DIAGNOSTIC_NOT_FORMAL_ABLATION
ODCR-D696,RRSHID-Test,RRSHID-Test_0177,thick_fog/2630.png,direct,22.729265213012695,0.7023198008537292,0.5183190703392029,0.4331458806991577,22DB3F31FFEEEF12BC1F8F2EF003FBDF4E46A6A509545AFADE9B3D66CB34E1F5,CE202358F008CC7F94B3260EF058BB7D190761BB670E395D9C23E59EB0A9F7DE,7D75CF8472992DA857C2E79863B812C9E85DADC774882E9C87C857E6299D5A19,D696BBFA42DD1A840708B9C42E824036862ED17D538B2B47551641D8145854DB,COMPLETE_FIXED_MODEL_BRANCH_READOUT_DIAGNOSTIC_NOT_FORMAL_ABLATION
ODCR-D696,RRSHID-Test,RRSHID-Test_0177,thick_fog/2630.png,physical,15.348795890808105,0.22730763256549835,0.7455627918243408,0.4143071174621582,22DB3F31FFEEEF12BC1F8F2EF003FBDF4E46A6A509545AFADE9B3D66CB34E1F5,CE202358F008CC7F94B3260EF058BB7D190761BB670E395D9C23E59EB0A9F7DE,3D1CA180F24B4AEE270CDD8B28D28D59A7C9D6C84CC4C7A3570E98109507625C,D696BBFA42DD1A840708B9C42E824036862ED17D538B2B47551641D8145854DB,COMPLETE_FIXED_MODEL_BRANCH_READOUT_DIAGNOSTIC_NOT_FORMAL_ABLATION
ODCR-D696,RRSHID-Test,RRSHID-Test_0177,thick_fog/2630.png,output,22.74899673461914,0.7005525231361389,0.5201202034950256,0.4287930727005005,22DB3F31FFEEEF12BC1F8F2EF003FBDF4E46A6A509545AFADE9B3D66CB34E1F5,CE202358F008CC7F94B3260EF058BB7D190761BB670E395D9C23E59EB0A9F7DE,C04DDDDCBFF1DF5D981C722A2723200E00DFE5C5A821AFC85C81A3DBD386B33A,D696BBFA42DD1A840708B9C42E824036862ED17D538B2B47551641D8145854DB,COMPLETE_FIXED_MODEL_BRANCH_READOUT_DIAGNOSTIC_NOT_FORMAL_ABLATION
ODCR-D696,RRSHID-Test,RRSHID-Test_0178,thick_fog/2643.png,direct,14.310295104980469,0.3370540142059326,0.6395411491394043,0.38039469718933105,46D8CDF501C0D61B54B05DF4FA1677D6AF843F3A7948C2B2ABDBD71DCC3F12A2,BD58F83AF646D95B23735FFEF7D43CBC582DC32B58483A303A32A653EE80575B,303D446F58543FAB7C4EB8493E6D742C0B40DAD39F5DFB2F2445035F07F2EB51,D696BBFA42DD1A840708B9C42E824036862ED17D538B2B47551641D8145854DB,COMPLETE_FIXED_MODEL_BRANCH_READOUT_DIAGNOSTIC_NOT_FORMAL_ABLATION
ODCR-D696,RRSHID-Test,RRSHID-Test_0178,thick_fog/2643.png,physical,9.218449592590332,0.13095062971115112,0.6273316740989685,0.3562237024307251,46D8CDF501C0D61B54B05DF4FA1677D6AF843F3A7948C2B2ABDBD71DCC3F12A2,BD58F83AF646D95B23735FFEF7D43CBC582DC32B58483A303A32A653EE80575B,4A94581D79B6AC324B37E8E5AA55C368836FAF4FDE6154D970435A376EAA1B7D,D696BBFA42DD1A840708B9C42E824036862ED17D538B2B47551641D8145854DB,COMPLETE_FIXED_MODEL_BRANCH_READOUT_DIAGNOSTIC_NOT_FORMAL_ABLATION
ODCR-D696,RRSHID-Test,RRSHID-Test_0178,thick_fog/2643.png,output,14.280997276306152,0.3357101380825043,0.6292569041252136,0.3740884065628052,46D8CDF501C0D61B54B05DF4FA1677D6AF843F3A7948C2B2ABDBD71DCC3F12A2,BD58F83AF646D95B23735FFEF7D43CBC582DC32B58483A303A32A653EE80575B,C1FEE4863B46BAA06336963DAD52A67067573C60BE559B23ACF538DC96A6F9E1,D696BBFA42DD1A840708B9C42E824036862ED17D538B2B47551641D8145854DB,COMPLETE_FIXED_MODEL_BRANCH_READOUT_DIAGNOSTIC_NOT_FORMAL_ABLATION
ODCR-D696,RRSHID-Test,RRSHID-Test_0179,thick_fog/2696.png,direct,16.822765350341797,0.3005375564098358,0.7390186190605164,0.47556400299072266,775FD8E0E698C40CE7CE46E3BF0C9C3DDCEB03FA875D3621DE8F0687EC348024,7E50EED371710AD85FCDFD22EC9852A14433CAAC7AF8C865762C207159642600,B45889B50FD5C4417C6237901F7749E1B2079C0FC711C4F6AD8B092575AB4F43,D696BBFA42DD1A840708B9C42E824036862ED17D538B2B47551641D8145854DB,COMPLETE_FIXED_MODEL_BRANCH_READOUT_DIAGNOSTIC_NOT_FORMAL_ABLATION
ODCR-D696,RRSHID-Test,RRSHID-Test_0179,thick_fog/2696.png,physical,9.082149505615234,0.12815991044044495,0.7025588154792786,0.41289961338043213,775FD8E0E698C40CE7CE46E3BF0C9C3DDCEB03FA875D3621DE8F0687EC348024,7E50EED371710AD85FCDFD22EC9852A14433CAAC7AF8C865762C207159642600,08B745C9FD188D9832B05C0CC7359088D2250B3F7782E7E01851ADB2F55F2EE8,D696BBFA42DD1A840708B9C42E824036862ED17D538B2B47551641D8145854DB,COMPLETE_FIXED_MODEL_BRANCH_READOUT_DIAGNOSTIC_NOT_FORMAL_ABLATION
ODCR-D696,RRSHID-Test,RRSHID-Test_0179,thick_fog/2696.png,output,16.808975219726562,0.29991188645362854,0.7348474264144897,0.4696323275566101,775FD8E0E698C40CE7CE46E3BF0C9C3DDCEB03FA875D3621DE8F0687EC348024,7E50EED371710AD85FCDFD22EC9852A14433CAAC7AF8C865762C207159642600,F02B466BA327F07E59D6F69896948C40B2946755B21385B34646465034D36714,D696BBFA42DD1A840708B9C42E824036862ED17D538B2B47551641D8145854DB,COMPLETE_FIXED_MODEL_BRANCH_READOUT_DIAGNOSTIC_NOT_FORMAL_ABLATION
ODCR-D696,RRSHID-Test,RRSHID-Test_0180,thick_fog/274.png,direct,23.086673736572266,0.7212298512458801,0.3364528715610504,0.28055518865585327,F25307F7FFB5390E8FCD38BC7986170AB3DF6AD2A9408F4912102DABD7150944,2BC7A36150DADCB7417FDFCA7A72739241F8445879394BE23F204C6F5E4E0CEA,64E42AEA30DF19923C5541EEA93EF6CC82C42DB44B02BDBFF164EC153AE22B36,D696BBFA42DD1A840708B9C42E824036862ED17D538B2B47551641D8145854DB,COMPLETE_FIXED_MODEL_BRANCH_READOUT_DIAGNOSTIC_NOT_FORMAL_ABLATION
ODCR-D696,RRSHID-Test,RRSHID-Test_0180,thick_fog/274.png,physical,17.13813591003418,0.4891906976699829,0.4795570969581604,0.2884643077850342,F25307F7FFB5390E8FCD38BC7986170AB3DF6AD2A9408F4912102DABD7150944,2BC7A36150DADCB7417FDFCA7A72739241F8445879394BE23F204C6F5E4E0CEA,EC711EB55FF1A70BD91884547EB3435AE418A49DA340D1C70B83CD6AAA6140C6,D696BBFA42DD1A840708B9C42E824036862ED17D538B2B47551641D8145854DB,COMPLETE_FIXED_MODEL_BRANCH_READOUT_DIAGNOSTIC_NOT_FORMAL_ABLATION
ODCR-D696,RRSHID-Test,RRSHID-Test_0180,thick_fog/274.png,output,23.234527587890625,0.7320525646209717,0.31177693605422974,0.26654863357543945,F25307F7FFB5390E8FCD38BC7986170AB3DF6AD2A9408F4912102DABD7150944,2BC7A36150DADCB7417FDFCA7A72739241F8445879394BE23F204C6F5E4E0CEA,75E84A5B15E6A3626D50B4F7B4B50F696C0FCA29ED5340BF6CBE252899C7F658,D696BBFA42DD1A840708B9C42E824036862ED17D538B2B47551641D8145854DB,COMPLETE_FIXED_MODEL_BRANCH_READOUT_DIAGNOSTIC_NOT_FORMAL_ABLATION
ODCR-D696,RRSHID-Test,RRSHID-Test_0181,thick_fog/315.png,direct,23.437057495117188,0.7473195195198059,0.3631247282028198,0.31093496084213257,6B86D9434E827D0789CFEA24DB820B6BDCA8CE03ABFC478BE6F28DE032B192D7,01D9B277B22249C0021C19CC80EEAEB306BCB84D6EBE812F34B9721AEBA1C6FA,07FE6EADA0A4633542891D213569BA0DA656CDF0482AA16E4341D96BCB104085,D696BBFA42DD1A840708B9C42E824036862ED17D538B2B47551641D8145854DB,COMPLETE_FIXED_MODEL_BRANCH_READOUT_DIAGNOSTIC_NOT_FORMAL_ABLATION
ODCR-D696,RRSHID-Test,RRSHID-Test_0181,thick_fog/315.png,physical,14.715902328491211,0.4644061326980591,0.5671818852424622,0.3243914246559143,6B86D9434E827D0789CFEA24DB820B6BDCA8CE03ABFC478BE6F28DE032B192D7,01D9B277B22249C0021C19CC80EEAEB306BCB84D6EBE812F34B9721AEBA1C6FA,6F300A84E735DCC33786BEF6A4F51353E92703512641FB0031ED11FDF5ACB608,D696BBFA42DD1A840708B9C42E824036862ED17D538B2B47551641D8145854DB,COMPLETE_FIXED_MODEL_BRANCH_READOUT_DIAGNOSTIC_NOT_FORMAL_ABLATION
ODCR-D696,RRSHID-Test,RRSHID-Test_0181,thick_fog/315.png,output,23.17251968383789,0.7538641095161438,0.3466975688934326,0.2951330542564392,6B86D9434E827D0789CFEA24DB820B6BDCA8CE03ABFC478BE6F28DE032B192D7,01D9B277B22249C0021C19CC80EEAEB306BCB84D6EBE812F34B9721AEBA1C6FA,8FDD47112ED0982CA29EF2AC1B79E881FB2AD74A571BD8596ED977D13AF5C11F,D696BBFA42DD1A840708B9C42E824036862ED17D538B2B47551641D8145854DB,COMPLETE_FIXED_MODEL_BRANCH_READOUT_DIAGNOSTIC_NOT_FORMAL_ABLATION
ODCR-D696,RRSHID-Test,RRSHID-Test_0182,thick_fog/335.png,direct,20.185632705688477,0.597728431224823,0.42645519971847534,0.2511677145957947,727A8C4C9141F10811C9C894569455FEA63976343A9E939FD23E041AEA69A961,095A44A8EC31B60A234383889CAE3AD48B81398D7B525A219C5C4587FE0BB446,66367F30796B513AEAC749BC270B488E5B1180EBA3CBA2678D27BAB6BF1D84D7,D696BBFA42DD1A840708B9C42E824036862ED17D538B2B47551641D8145854DB,COMPLETE_FIXED_MODEL_BRANCH_READOUT_DIAGNOSTIC_NOT_FORMAL_ABLATION
ODCR-D696,RRSHID-Test,RRSHID-Test_0182,thick_fog/335.png,physical,17.77849578857422,0.33562418818473816,0.5123412013053894,0.31505829095840454,727A8C4C9141F10811C9C894569455FEA63976343A9E939FD23E041AEA69A961,095A44A8EC31B60A234383889CAE3AD48B81398D7B525A219C5C4587FE0BB446,A33B2D37779062BE02E0F01DBC0E75213F56E03E36C1C60927CA263862E7B8A6,D696BBFA42DD1A840708B9C42E824036862ED17D538B2B47551641D8145854DB,COMPLETE_FIXED_MODEL_BRANCH_READOUT_DIAGNOSTIC_NOT_FORMAL_ABLATION
ODCR-D696,RRSHID-Test,RRSHID-Test_0182,thick_fog/335.png,output,20.341461181640625,0.5969365239143372,0.4033646583557129,0.24071729183197021,727A8C4C9141F10811C9C894569455FEA63976343A9E939FD23E041AEA69A961,095A44A8EC31B60A234383889CAE3AD48B81398D7B525A219C5C4587FE0BB446,E9D862ABB65254D9C75B4658526CF8AB491707276C6461DC107C76A4F90220D5,D696BBFA42DD1A840708B9C42E824036862ED17D538B2B47551641D8145854DB,COMPLETE_FIXED_MODEL_BRANCH_READOUT_DIAGNOSTIC_NOT_FORMAL_ABLATION
ODCR-D696,RRSHID-Test,RRSHID-Test_0183,thick_fog/353.png,direct,22.65487289428711,0.7042158246040344,0.38067224621772766,0.3338158130645752,CF775004B8CF88E806EBCC53EF1012A1C4554DEBF3BF8DBD3A671DEBE7A11168,EB86F7EA77346C6B41D1504E35055FBFEFD4BF165589FB6C70653C9F2F34F0F5,52B0436423D64AD5715299D1A8E56EAE298E04CD541DED98CE0266E190453E52,D696BBFA42DD1A840708B9C42E824036862ED17D538B2B47551641D8145854DB,COMPLETE_FIXED_MODEL_BRANCH_READOUT_DIAGNOSTIC_NOT_FORMAL_ABLATION
ODCR-D696,RRSHID-Test,RRSHID-Test_0183,thick_fog/353.png,physical,17.595918655395508,0.554725706577301,0.5104462504386902,0.30313509702682495,CF775004B8CF88E806EBCC53EF1012A1C4554DEBF3BF8DBD3A671DEBE7A11168,EB86F7EA77346C6B41D1504E35055FBFEFD4BF165589FB6C70653C9F2F34F0F5,B6B1F01F8CD0440CC2C50D33EAD953541B562693FA2F9C735FEDD491E2B5C411,D696BBFA42DD1A840708B9C42E824036862ED17D538B2B47551641D8145854DB,COMPLETE_FIXED_MODEL_BRANCH_READOUT_DIAGNOSTIC_NOT_FORMAL_ABLATION
ODCR-D696,RRSHID-Test,RRSHID-Test_0183,thick_fog/353.png,output,23.3573055267334,0.7279091477394104,0.3453831672668457,0.30928122997283936,CF775004B8CF88E806EBCC53EF1012A1C4554DEBF3BF8DBD3A671DEBE7A11168,EB86F7EA77346C6B41D1504E35055FBFEFD4BF165589FB6C70653C9F2F34F0F5,F5B9759286B49C3EC4B6FAEA165DE92A89450C8CA3CAABDDF972A0188C1CB636,D696BBFA42DD1A840708B9C42E824036862ED17D538B2B47551641D8145854DB,COMPLETE_FIXED_MODEL_BRANCH_READOUT_DIAGNOSTIC_NOT_FORMAL_ABLATION
ODCR-D696,RRSHID-Test,RRSHID-Test_0184,thick_fog/354.png,direct,21.155521392822266,0.6037848591804504,0.41111335158348083,0.3435770869255066,754E878704FA0CFBA59D793E797513C5C1A7C18C5D30379790862F7E150CE98B,825E5B35673C2184EB22E9240F8B9A2BA3C3E6EA3716E069AC7E71E54D2FF585,E26539B430EDB67753BF79F521AC3FEF4B0AC7D45A3CD181308C2CD98E643099,D696BBFA42DD1A840708B9C42E824036862ED17D538B2B47551641D8145854DB,COMPLETE_FIXED_MODEL_BRANCH_READOUT_DIAGNOSTIC_NOT_FORMAL_ABLATION
ODCR-D696,RRSHID-Test,RRSHID-Test_0184,thick_fog/354.png,physical,17.891292572021484,0.5408908724784851,0.46958065032958984,0.28197717666625977,754E878704FA0CFBA59D793E797513C5C1A7C18C5D30379790862F7E150CE98B,825E5B35673C2184EB22E9240F8B9A2BA3C3E6EA3716E069AC7E71E54D2FF585,4645EE8B8FDC0255CA1AB5B29A05E9104FE4032559E5DCD656286641BD5CA18D,D696BBFA42DD1A840708B9C42E824036862ED17D538B2B47551641D8145854DB,COMPLETE_FIXED_MODEL_BRANCH_READOUT_DIAGNOSTIC_NOT_FORMAL_ABLATION
ODCR-D696,RRSHID-Test,RRSHID-Test_0184,thick_fog/354.png,output,21.761611938476562,0.6348870396614075,0.3769650459289551,0.3238774538040161,754E878704FA0CFBA59D793E797513C5C1A7C18C5D30379790862F7E150CE98B,825E5B35673C2184EB22E9240F8B9A2BA3C3E6EA3716E069AC7E71E54D2FF585,42B4384B90E9FE2BFE773B20B33916F0D4BC73C32691F47AFBACCEBE9A8D08A8,D696BBFA42DD1A840708B9C42E824036862ED17D538B2B47551641D8145854DB,COMPLETE_FIXED_MODEL_BRANCH_READOUT_DIAGNOSTIC_NOT_FORMAL_ABLATION
ODCR-D696,RRSHID-Test,RRSHID-Test_0185,thick_fog/362.png,direct,26.506338119506836,0.7910699844360352,0.40233445167541504,0.3073071837425232,66BE54F666173AB4E12067EF2F6C7134C31018F8316A6097730706CC46FCB4F6,52ACE53053630BA458D59724C6365485BB0CDE7F9E65DCE7D586D541D6D66B7D,29479B739F10F75688B55269CF59FA20663B9364C710A0809934C6D5B73F6EA2,D696BBFA42DD1A840708B9C42E824036862ED17D538B2B47551641D8145854DB,COMPLETE_FIXED_MODEL_BRANCH_READOUT_DIAGNOSTIC_NOT_FORMAL_ABLATION
ODCR-D696,RRSHID-Test,RRSHID-Test_0185,thick_fog/362.png,physical,18.017070770263672,0.4042870104312897,0.5412173867225647,0.31365126371383667,66BE54F666173AB4E12067EF2F6C7134C31018F8316A6097730706CC46FCB4F6,52ACE53053630BA458D59724C6365485BB0CDE7F9E65DCE7D586D541D6D66B7D,F0A35B7969E2DB08995319844F0772821129C870FAB5F094DC4871EE412882D9,D696BBFA42DD1A840708B9C42E824036862ED17D538B2B47551641D8145854DB,COMPLETE_FIXED_MODEL_BRANCH_READOUT_DIAGNOSTIC_NOT_FORMAL_ABLATION
ODCR-D696,RRSHID-Test,RRSHID-Test_0185,thick_fog/362.png,output,26.78169059753418,0.7908380031585693,0.3749438524246216,0.28333520889282227,66BE54F666173AB4E12067EF2F6C7134C31018F8316A6097730706CC46FCB4F6,52ACE53053630BA458D59724C6365485BB0CDE7F9E65DCE7D586D541D6D66B7D,77E133C883BC7D743BF11E59C69FC0120600A969A69B26E4A4B0082FF08EFEA2,D696BBFA42DD1A840708B9C42E824036862ED17D538B2B47551641D8145854DB,COMPLETE_FIXED_MODEL_BRANCH_READOUT_DIAGNOSTIC_NOT_FORMAL_ABLATION
ODCR-D696,RRSHID-Test,RRSHID-Test_0186,thick_fog/374.png,direct,21.68685531616211,0.6139411330223083,0.4294075667858124,0.23890209197998047,ED678858E6300F8D951C4E18A4562917DD9B196EA72333EE711BF9A1B15A18FB,F04DBD6411AADBC152C3A2BE3985A1B923F9CE319AB210DBC7961CA737031FAF,747FE9AF310760E6FE45F3121084F94C7370B7B267402FE81DBB9B15B7AF1A63,D696BBFA42DD1A840708B9C42E824036862ED17D538B2B47551641D8145854DB,COMPLETE_FIXED_MODEL_BRANCH_READOUT_DIAGNOSTIC_NOT_FORMAL_ABLATION
ODCR-D696,RRSHID-Test,RRSHID-Test_0186,thick_fog/374.png,physical,16.546167373657227,0.2895069420337677,0.5901326537132263,0.36189359426498413,ED678858E6300F8D951C4E18A4562917DD9B196EA72333EE711BF9A1B15A18FB,F04DBD6411AADBC152C3A2BE3985A1B923F9CE319AB210DBC7961CA737031FAF,7997BE17EB900CCE409C74E757BF97640393C72623DB94A89A26E66868DC2C71,D696BBFA42DD1A840708B9C42E824036862ED17D538B2B47551641D8145854DB,COMPLETE_FIXED_MODEL_BRANCH_READOUT_DIAGNOSTIC_NOT_FORMAL_ABLATION
ODCR-D696,RRSHID-Test,RRSHID-Test_0186,thick_fog/374.png,output,21.67197036743164,0.6100552082061768,0.41932815313339233,0.23162841796875,ED678858E6300F8D951C4E18A4562917DD9B196EA72333EE711BF9A1B15A18FB,F04DBD6411AADBC152C3A2BE3985A1B923F9CE319AB210DBC7961CA737031FAF,CB5F9508A8C3A2EF39EE67B621ACE7F79D2C027B71887E565658DD92558DCFC7,D696BBFA42DD1A840708B9C42E824036862ED17D538B2B47551641D8145854DB,COMPLETE_FIXED_MODEL_BRANCH_READOUT_DIAGNOSTIC_NOT_FORMAL_ABLATION
ODCR-D696,RRSHID-Test,RRSHID-Test_0187,thick_fog/404.png,direct,20.243995666503906,0.7186474800109863,0.3358170688152313,0.28723061084747314,0515B0E6ABABF3DFA7D9D8AFDE5CE407BE25A7CD65F6AC9BC25E5985F8598485,34839599391037C5F0EF3212DB5BC57AB0AD056AD116DA90299F8D7CE1B77A5A,7428E9670740EA2C16294B879BDE5FF90EF1862172581536B92B8FCA53230D4F,D696BBFA42DD1A840708B9C42E824036862ED17D538B2B47551641D8145854DB,COMPLETE_FIXED_MODEL_BRANCH_READOUT_DIAGNOSTIC_NOT_FORMAL_ABLATION
ODCR-D696,RRSHID-Test,RRSHID-Test_0187,thick_fog/404.png,physical,12.040239334106445,0.3047354519367218,0.5552916526794434,0.3822450637817383,0515B0E6ABABF3DFA7D9D8AFDE5CE407BE25A7CD65F6AC9BC25E5985F8598485,34839599391037C5F0EF3212DB5BC57AB0AD056AD116DA90299F8D7CE1B77A5A,0A0FB1DE3A1AC30B88A1D17D3EA4AF28527F848AB71DB8059EFCEB4F9061DF7B,D696BBFA42DD1A840708B9C42E824036862ED17D538B2B47551641D8145854DB,COMPLETE_FIXED_MODEL_BRANCH_READOUT_DIAGNOSTIC_NOT_FORMAL_ABLATION
ODCR-D696,RRSHID-Test,RRSHID-Test_0187,thick_fog/404.png,output,19.716928482055664,0.7024330496788025,0.331954687833786,0.2871394157409668,0515B0E6ABABF3DFA7D9D8AFDE5CE407BE25A7CD65F6AC9BC25E5985F8598485,34839599391037C5F0EF3212DB5BC57AB0AD056AD116DA90299F8D7CE1B77A5A,AFB632FEBA5F33B4A85C4521E1F56892331169E39CF05281850983800EF5F5F5,D696BBFA42DD1A840708B9C42E824036862ED17D538B2B47551641D8145854DB,COMPLETE_FIXED_MODEL_BRANCH_READOUT_DIAGNOSTIC_NOT_FORMAL_ABLATION
ODCR-D696,RRSHID-Test,RRSHID-Test_0188,thick_fog/429.png,direct,22.45136070251465,0.6453394293785095,0.46411651372909546,0.3339640498161316,86F6BB382E1E48E116A8D74E5C96053734AEEB2E53D6B77A978EAEEBCD6B1F18,70CCE9400046548C60779120452A4A38E99E5B1DDD093E6D7B7160F53C1E83C8,5C866006E280DD9D67324BF8538747D1BB771FA5ADA7A9FC73F664D18548DCAA,D696BBFA42DD1A840708B9C42E824036862ED17D538B2B47551641D8145854DB,COMPLETE_FIXED_MODEL_BRANCH_READOUT_DIAGNOSTIC_NOT_FORMAL_ABLATION
ODCR-D696,RRSHID-Test,RRSHID-Test_0188,thick_fog/429.png,physical,11.205284118652344,0.19746200740337372,0.6497559547424316,0.3457931876182556,86F6BB382E1E48E116A8D74E5C96053734AEEB2E53D6B77A978EAEEBCD6B1F18,70CCE9400046548C60779120452A4A38E99E5B1DDD093E6D7B7160F53C1E83C8,5DBD693C5DBD258543411C4C796339C6A88DA03FFF41EE8C3580F6BABA082342,D696BBFA42DD1A840708B9C42E824036862ED17D538B2B47551641D8145854DB,COMPLETE_FIXED_MODEL_BRANCH_READOUT_DIAGNOSTIC_NOT_FORMAL_ABLATION
ODCR-D696,RRSHID-Test,RRSHID-Test_0188,thick_fog/429.png,output,22.52457046508789,0.6410071849822998,0.4532662630081177,0.3090064525604248,86F6BB382E1E48E116A8D74E5C96053734AEEB2E53D6B77A978EAEEBCD6B1F18,70CCE9400046548C60779120452A4A38E99E5B1DDD093E6D7B7160F53C1E83C8,CA8B57D3D2CC1954432C617D941EE915908D1F64CC5896CFD7A7E246DFD4528B,D696BBFA42DD1A840708B9C42E824036862ED17D538B2B47551641D8145854DB,COMPLETE_FIXED_MODEL_BRANCH_READOUT_DIAGNOSTIC_NOT_FORMAL_ABLATION
ODCR-D696,RRSHID-Test,RRSHID-Test_0189,thick_fog/431.png,direct,22.227582931518555,0.6106700301170349,0.5225786566734314,0.37185394763946533,2E68499F680937DDD11B702632D5DC05FDF3FEC80391BEADB7DC801445942657,44C5CE758A5E728E0767DC1B84BA9C587138807B7987A910302F7468159A78A1,A0B18291BC4852CE558565DA4D9EE917DEE7A2E0EA0D14CF4CE4C88E55280541,D696BBFA42DD1A840708B9C42E824036862ED17D538B2B47551641D8145854DB,COMPLETE_FIXED_MODEL_BRANCH_READOUT_DIAGNOSTIC_NOT_FORMAL_ABLATION
ODCR-D696,RRSHID-Test,RRSHID-Test_0189,thick_fog/431.png,physical,15.5851469039917,0.24928216636180878,0.6634499430656433,0.36903446912765503,2E68499F680937DDD11B702632D5DC05FDF3FEC80391BEADB7DC801445942657,44C5CE758A5E728E0767DC1B84BA9C587138807B7987A910302F7468159A78A1,11D1C26EDA23B7C0DB301AFA26EBE11935D14D96B1E03F6870EBCB450038F313,D696BBFA42DD1A840708B9C42E824036862ED17D538B2B47551641D8145854DB,COMPLETE_FIXED_MODEL_BRANCH_READOUT_DIAGNOSTIC_NOT_FORMAL_ABLATION
ODCR-D696,RRSHID-Test,RRSHID-Test_0189,thick_fog/431.png,output,22.37881851196289,0.608405590057373,0.5069183111190796,0.3489113450050354,2E68499F680937DDD11B702632D5DC05FDF3FEC80391BEADB7DC801445942657,44C5CE758A5E728E0767DC1B84BA9C587138807B7987A910302F7468159A78A1,E1092E3592F00CE0B8C77A2FE143C95652E77E863F31D3853F5D28A831BA92C0,D696BBFA42DD1A840708B9C42E824036862ED17D538B2B47551641D8145854DB,COMPLETE_FIXED_MODEL_BRANCH_READOUT_DIAGNOSTIC_NOT_FORMAL_ABLATION
ODCR-D696,RRSHID-Test,RRSHID-Test_0190,thick_fog/435.png,direct,18.35139274597168,0.5431417226791382,0.4117322266101837,0.33925867080688477,4EB1C507FDDB64DF83AAFC66D064E70FEA8438C826B7588C21478ADB00C14960,E2792D869B3F763524FB47EB68A404119B20F76AA6BF3C96F77461BEB9962291,645FF752D218872AC8F50387C8950B53D28E0469FDB378883D3BAA3FD5D7BCC7,D696BBFA42DD1A840708B9C42E824036862ED17D538B2B47551641D8145854DB,COMPLETE_FIXED_MODEL_BRANCH_READOUT_DIAGNOSTIC_NOT_FORMAL_ABLATION
ODCR-D696,RRSHID-Test,RRSHID-Test_0190,thick_fog/435.png,physical,14.866742134094238,0.3609652519226074,0.46875911951065063,0.30438125133514404,4EB1C507FDDB64DF83AAFC66D064E70FEA8438C826B7588C21478ADB00C14960,E2792D869B3F763524FB47EB68A404119B20F76AA6BF3C96F77461BEB9962291,0422C4ED91E94C068EE944BE1B9116CBECA9AA5B67AB815046EA09072D47CBA8,D696BBFA42DD1A840708B9C42E824036862ED17D538B2B47551641D8145854DB,COMPLETE_FIXED_MODEL_BRANCH_READOUT_DIAGNOSTIC_NOT_FORMAL_ABLATION
ODCR-D696,RRSHID-Test,RRSHID-Test_0190,thick_fog/435.png,output,18.819229125976562,0.5595154166221619,0.39072832465171814,0.3178958296775818,4EB1C507FDDB64DF83AAFC66D064E70FEA8438C826B7588C21478ADB00C14960,E2792D869B3F763524FB47EB68A404119B20F76AA6BF3C96F77461BEB9962291,E4EB77AFA5C542ED8EE07B34B032003255CA6B4B3E7F60C49195033D1FAFD272,D696BBFA42DD1A840708B9C42E824036862ED17D538B2B47551641D8145854DB,COMPLETE_FIXED_MODEL_BRANCH_READOUT_DIAGNOSTIC_NOT_FORMAL_ABLATION
ODCR-D696,RRSHID-Test,RRSHID-Test_0191,thick_fog/478.png,direct,15.509027481079102,0.47561463713645935,0.40536734461784363,0.34574252367019653,74922825CE31A119688AAFF9CCC4E63F9C2964328761B469CA07C11C0B8F79E9,0286AABDFAFAC4E35C89115114A3614071A604979CBD6ED99D425435ED5D3E89,D36D72BF342197BAB2BDD29A64DFA8C629C3BC799D306B0D3F4CC0CC40613740,D696BBFA42DD1A840708B9C42E824036862ED17D538B2B47551641D8145854DB,COMPLETE_FIXED_MODEL_BRANCH_READOUT_DIAGNOSTIC_NOT_FORMAL_ABLATION
ODCR-D696,RRSHID-Test,RRSHID-Test_0191,thick_fog/478.png,physical,14.338510513305664,0.43533167243003845,0.3555792272090912,0.32758820056915283,74922825CE31A119688AAFF9CCC4E63F9C2964328761B469CA07C11C0B8F79E9,0286AABDFAFAC4E35C89115114A3614071A604979CBD6ED99D425435ED5D3E89,6221A1A2D0271594D39D83D0B5D05DE1B9A272B7EAC9425C128A1038BA3B1FC9,D696BBFA42DD1A840708B9C42E824036862ED17D538B2B47551641D8145854DB,COMPLETE_FIXED_MODEL_BRANCH_READOUT_DIAGNOSTIC_NOT_FORMAL_ABLATION
ODCR-D696,RRSHID-Test,RRSHID-Test_0191,thick_fog/478.png,output,15.79730224609375,0.501461923122406,0.3744886517524719,0.33374375104904175,74922825CE31A119688AAFF9CCC4E63F9C2964328761B469CA07C11C0B8F79E9,0286AABDFAFAC4E35C89115114A3614071A604979CBD6ED99D425435ED5D3E89,1FC5D9884F71B6AE6ABAA0008EA6354772812DF158A6EB217BB322E0B5228CE1,D696BBFA42DD1A840708B9C42E824036862ED17D538B2B47551641D8145854DB,COMPLETE_FIXED_MODEL_BRANCH_READOUT_DIAGNOSTIC_NOT_FORMAL_ABLATION
ODCR-D696,RRSHID-Test,RRSHID-Test_0192,thick_fog/480.png,direct,21.391706466674805,0.5765893459320068,0.5083706378936768,0.35443657636642456,8D28E846B9E64D4F451DA268B1D76EC1AA88E40B662377414AD8207FAEFD45EB,C7032E1348992BFABBD7C08F270B719327367B793FA1A5E3B0D803E0A7D0B571,64979D29FC0D010B0AE4DBEA0635108ADBF73EC04A1E1D925D9D5D539D268BC4,D696BBFA42DD1A840708B9C42E824036862ED17D538B2B47551641D8145854DB,COMPLETE_FIXED_MODEL_BRANCH_READOUT_DIAGNOSTIC_NOT_FORMAL_ABLATION
ODCR-D696,RRSHID-Test,RRSHID-Test_0192,thick_fog/480.png,physical,13.190689086914062,0.39660727977752686,0.4585794508457184,0.30123448371887207,8D28E846B9E64D4F451DA268B1D76EC1AA88E40B662377414AD8207FAEFD45EB,C7032E1348992BFABBD7C08F270B719327367B793FA1A5E3B0D803E0A7D0B571,80D6B91A157212A3EB2ECD9AFCB84767F5743B35A995C2296AFF076911503124,D696BBFA42DD1A840708B9C42E824036862ED17D538B2B47551641D8145854DB,COMPLETE_FIXED_MODEL_BRANCH_READOUT_DIAGNOSTIC_NOT_FORMAL_ABLATION
ODCR-D696,RRSHID-Test,RRSHID-Test_0192,thick_fog/480.png,output,21.66518211364746,0.5935201048851013,0.47916921973228455,0.3357037901878357,8D28E846B9E64D4F451DA268B1D76EC1AA88E40B662377414AD8207FAEFD45EB,C7032E1348992BFABBD7C08F270B719327367B793FA1A5E3B0D803E0A7D0B571,54638A4008AD3D2537FA85A68E82E5F4F32321BE979BED6EF919ED9DCEDE1079,D696BBFA42DD1A840708B9C42E824036862ED17D538B2B47551641D8145854DB,COMPLETE_FIXED_MODEL_BRANCH_READOUT_DIAGNOSTIC_NOT_FORMAL_ABLATION
ODCR-D696,RRSHID-Test,RRSHID-Test_0193,thick_fog/486.png,direct,23.72735595703125,0.7759153842926025,0.35001498460769653,0.31618982553482056,3F02B3195256EBD09816FB5E0C39896EA4A7E58FEFE365B7B2A7D9CABDCE24CB,69E3B5FA945F8FF67293542C935979C77DA555C19B2A48333D56E9E016D5FAD5,6167B7F3437F9E9C70C0B4FF378CCB5DE25F011F49512C08CFDF76E280C3AD43,D696BBFA42DD1A840708B9C42E824036862ED17D538B2B47551641D8145854DB,COMPLETE_FIXED_MODEL_BRANCH_READOUT_DIAGNOSTIC_NOT_FORMAL_ABLATION
ODCR-D696,RRSHID-Test,RRSHID-Test_0193,thick_fog/486.png,physical,17.030296325683594,0.4487629234790802,0.5580699443817139,0.32525646686553955,3F02B3195256EBD09816FB5E0C39896EA4A7E58FEFE365B7B2A7D9CABDCE24CB,69E3B5FA945F8FF67293542C935979C77DA555C19B2A48333D56E9E016D5FAD5,D1D6AEDBEF83C59EB67330BA30BFC8E0F2518CF5D2FA57EAD3B0E521E9C7241C,D696BBFA42DD1A840708B9C42E824036862ED17D538B2B47551641D8145854DB,COMPLETE_FIXED_MODEL_BRANCH_READOUT_DIAGNOSTIC_NOT_FORMAL_ABLATION
ODCR-D696,RRSHID-Test,RRSHID-Test_0193,thick_fog/486.png,output,23.667572021484375,0.7746179699897766,0.3385791778564453,0.3028436303138733,3F02B3195256EBD09816FB5E0C39896EA4A7E58FEFE365B7B2A7D9CABDCE24CB,69E3B5FA945F8FF67293542C935979C77DA555C19B2A48333D56E9E016D5FAD5,7929B4FA5A19EE0EF73A90917364D065C928BECC8732603DBFDF10EFC57DEBEB,D696BBFA42DD1A840708B9C42E824036862ED17D538B2B47551641D8145854DB,COMPLETE_FIXED_MODEL_BRANCH_READOUT_DIAGNOSTIC_NOT_FORMAL_ABLATION
ODCR-D696,RRSHID-Test,RRSHID-Test_0194,thick_fog/508.png,direct,22.346179962158203,0.5662966370582581,0.4029383659362793,0.27541661262512207,F4DB54E8C4D717AAF9798FE3F9E48E72E9A6ED8B10473906F148F1EFE1DD5C53,79151BF813FF61026DAEB8E35413CE9AE4CBAD8C9A9A6E46D201676E7EC715A7,F66068DFDA78D0D4A21121271AF1820C0788A370D7CCA46B7E1D3532AB33A847,D696BBFA42DD1A840708B9C42E824036862ED17D538B2B47551641D8145854DB,COMPLETE_FIXED_MODEL_BRANCH_READOUT_DIAGNOSTIC_NOT_FORMAL_ABLATION
ODCR-D696,RRSHID-Test,RRSHID-Test_0194,thick_fog/508.png,physical,16.988101959228516,0.43907055258750916,0.4637712240219116,0.27845269441604614,F4DB54E8C4D717AAF9798FE3F9E48E72E9A6ED8B10473906F148F1EFE1DD5C53,79151BF813FF61026DAEB8E35413CE9AE4CBAD8C9A9A6E46D201676E7EC715A7,D15969E74D239EC32539D2907258F0F02F31ABC2D3ED2298FA67547D6E2A1DBD,D696BBFA42DD1A840708B9C42E824036862ED17D538B2B47551641D8145854DB,COMPLETE_FIXED_MODEL_BRANCH_READOUT_DIAGNOSTIC_NOT_FORMAL_ABLATION
ODCR-D696,RRSHID-Test,RRSHID-Test_0194,thick_fog/508.png,output,22.69117546081543,0.5869934558868408,0.37466681003570557,0.2607443928718567,F4DB54E8C4D717AAF9798FE3F9E48E72E9A6ED8B10473906F148F1EFE1DD5C53,79151BF813FF61026DAEB8E35413CE9AE4CBAD8C9A9A6E46D201676E7EC715A7,C15B7B0E75479D0E06BCDD6C2F85944DAC63F347B631EFCF58A09CC9EE481DA7,D696BBFA42DD1A840708B9C42E824036862ED17D538B2B47551641D8145854DB,COMPLETE_FIXED_MODEL_BRANCH_READOUT_DIAGNOSTIC_NOT_FORMAL_ABLATION
ODCR-D696,RRSHID-Test,RRSHID-Test_0195,thick_fog/516.png,direct,22.505064010620117,0.7935563921928406,0.3303963243961334,0.2785976529121399,C548132E449256922B01E3B56F5A44BE1936A41011D0320FF0EE4798DD951B73,9E09A0A8401964D60A9007440268103EE4841F55C548516B202743E31C61CBC6,CEA7F4A65A9FCDC26A3D03D1597B2683E6B1192E0601BC0BC50A04376839A5E6,D696BBFA42DD1A840708B9C42E824036862ED17D538B2B47551641D8145854DB,COMPLETE_FIXED_MODEL_BRANCH_READOUT_DIAGNOSTIC_NOT_FORMAL_ABLATION
ODCR-D696,RRSHID-Test,RRSHID-Test_0195,thick_fog/516.png,physical,14.615259170532227,0.250590056180954,0.6747272610664368,0.36390233039855957,C548132E449256922B01E3B56F5A44BE1936A41011D0320FF0EE4798DD951B73,9E09A0A8401964D60A9007440268103EE4841F55C548516B202743E31C61CBC6,755B85453887D340A509AB713BDFAB46A3A85C8CC37D5A9CF76A8CCE65821E1E,D696BBFA42DD1A840708B9C42E824036862ED17D538B2B47551641D8145854DB,COMPLETE_FIXED_MODEL_BRANCH_READOUT_DIAGNOSTIC_NOT_FORMAL_ABLATION
ODCR-D696,RRSHID-Test,RRSHID-Test_0195,thick_fog/516.png,output,22.553882598876953,0.7865405678749084,0.3251466155052185,0.25706762075424194,C548132E449256922B01E3B56F5A44BE1936A41011D0320FF0EE4798DD951B73,9E09A0A8401964D60A9007440268103EE4841F55C548516B202743E31C61CBC6,F89A22F93D233AD4F4E81732D53F3BDA470E6C89796E332EFD0F26228137A199,D696BBFA42DD1A840708B9C42E824036862ED17D538B2B47551641D8145854DB,COMPLETE_FIXED_MODEL_BRANCH_READOUT_DIAGNOSTIC_NOT_FORMAL_ABLATION
ODCR-D696,RRSHID-Test,RRSHID-Test_0196,thick_fog/517.png,direct,20.813312530517578,0.7766196131706238,0.3475763201713562,0.29554522037506104,E7B237430980C8372725A00574292336C35CE0ABC45214CEC0EBF65AA020CD2A,831CF76C9D42A4D0A0B26BA30AA685C0183C10A20742262C3D4231DB51A4F95F,11C1CF6E4E5347B6CD15E3475B447E8F6AA6DFB0B2461789A3F8CF15C9FC04BE,D696BBFA42DD1A840708B9C42E824036862ED17D538B2B47551641D8145854DB,COMPLETE_FIXED_MODEL_BRANCH_READOUT_DIAGNOSTIC_NOT_FORMAL_ABLATION
ODCR-D696,RRSHID-Test,RRSHID-Test_0196,thick_fog/517.png,physical,15.769452095031738,0.3297049105167389,0.608291506767273,0.34701716899871826,E7B237430980C8372725A00574292336C35CE0ABC45214CEC0EBF65AA020CD2A,831CF76C9D42A4D0A0B26BA30AA685C0183C10A20742262C3D4231DB51A4F95F,BC730D6B3A4B273C3FA6FBEB0B0086A136E53CBFD86B5B96C6F5F23A3A574E94,D696BBFA42DD1A840708B9C42E824036862ED17D538B2B47551641D8145854DB,COMPLETE_FIXED_MODEL_BRANCH_READOUT_DIAGNOSTIC_NOT_FORMAL_ABLATION
ODCR-D696,RRSHID-Test,RRSHID-Test_0196,thick_fog/517.png,output,21.297578811645508,0.7796590924263,0.3346751928329468,0.27744364738464355,E7B237430980C8372725A00574292336C35CE0ABC45214CEC0EBF65AA020CD2A,831CF76C9D42A4D0A0B26BA30AA685C0183C10A20742262C3D4231DB51A4F95F,11B49C5AC22CB78D3796B12217BA80902E8A310E5F8F72FEFF644AF54E1E7338,D696BBFA42DD1A840708B9C42E824036862ED17D538B2B47551641D8145854DB,COMPLETE_FIXED_MODEL_BRANCH_READOUT_DIAGNOSTIC_NOT_FORMAL_ABLATION
ODCR-D696,RRSHID-Test,RRSHID-Test_0197,thick_fog/520.png,direct,19.89997673034668,0.6470302939414978,0.45458292961120605,0.3651217818260193,8312208BD9E2CB30C7BAF0D90E3E160DE6404F94122ADBC206D028FBAE0E42BB,918E698F52E384A6FD7F028BCEFF6EDC4FED39DAD11A3AAEA66648D574B62FF7,E9FE374B3F6F457A02B128FDDDE462535FF7C87FEA0D024A03C23200EE376A87,D696BBFA42DD1A840708B9C42E824036862ED17D538B2B47551641D8145854DB,COMPLETE_FIXED_MODEL_BRANCH_READOUT_DIAGNOSTIC_NOT_FORMAL_ABLATION
ODCR-D696,RRSHID-Test,RRSHID-Test_0197,thick_fog/520.png,physical,12.83091926574707,0.2981736958026886,0.6108077764511108,0.3779582381248474,8312208BD9E2CB30C7BAF0D90E3E160DE6404F94122ADBC206D028FBAE0E42BB,918E698F52E384A6FD7F028BCEFF6EDC4FED39DAD11A3AAEA66648D574B62FF7,4A0DB69808D82A1108223F467F84AB9541683B1F9BB595E23506B661C71E83BA,D696BBFA42DD1A840708B9C42E824036862ED17D538B2B47551641D8145854DB,COMPLETE_FIXED_MODEL_BRANCH_READOUT_DIAGNOSTIC_NOT_FORMAL_ABLATION
ODCR-D696,RRSHID-Test,RRSHID-Test_0197,thick_fog/520.png,output,19.97307586669922,0.6518771648406982,0.4433152675628662,0.3427938222885132,8312208BD9E2CB30C7BAF0D90E3E160DE6404F94122ADBC206D028FBAE0E42BB,918E698F52E384A6FD7F028BCEFF6EDC4FED39DAD11A3AAEA66648D574B62FF7,5E0FBA1670F79C65AE2E44BB0232CB08CA0213394DFD52A46C27787314A367D4,D696BBFA42DD1A840708B9C42E824036862ED17D538B2B47551641D8145854DB,COMPLETE_FIXED_MODEL_BRANCH_READOUT_DIAGNOSTIC_NOT_FORMAL_ABLATION
ODCR-D696,RRSHID-Test,RRSHID-Test_0198,thick_fog/578.png,direct,22.258426666259766,0.6244902610778809,0.38045793771743774,0.26720529794692993,6AB4F9F95B2E17684E1059622C4C8C3CA0C70EBAE66AB7A6D0F31042F0B7E794,4BD6D63C88EF67A6332FDEDD678EF441ED2D36976D6C07452797D0A37FFD3AB7,87C27DF4B410332EB98981DD9A9C9B7A82CB12C79E67D42A05046E9F2E24C50D,D696BBFA42DD1A840708B9C42E824036862ED17D538B2B47551641D8145854DB,COMPLETE_FIXED_MODEL_BRANCH_READOUT_DIAGNOSTIC_NOT_FORMAL_ABLATION
ODCR-D696,RRSHID-Test,RRSHID-Test_0198,thick_fog/578.png,physical,15.223461151123047,0.40237629413604736,0.4676775336265564,0.3054221272468567,6AB4F9F95B2E17684E1059622C4C8C3CA0C70EBAE66AB7A6D0F31042F0B7E794,4BD6D63C88EF67A6332FDEDD678EF441ED2D36976D6C07452797D0A37FFD3AB7,7B72A61FE3285813C81996D5F677399DA78657A8E8689A4E84052FB9DA4FB4FC,D696BBFA42DD1A840708B9C42E824036862ED17D538B2B47551641D8145854DB,COMPLETE_FIXED_MODEL_BRANCH_READOUT_DIAGNOSTIC_NOT_FORMAL_ABLATION
ODCR-D696,RRSHID-Test,RRSHID-Test_0198,thick_fog/578.png,output,21.356632232666016,0.6216655373573303,0.3632166385650635,0.26228874921798706,6AB4F9F95B2E17684E1059622C4C8C3CA0C70EBAE66AB7A6D0F31042F0B7E794,4BD6D63C88EF67A6332FDEDD678EF441ED2D36976D6C07452797D0A37FFD3AB7,8A5ED11702C19ABD24949ACC375EEFB7BCC34263D00266314EB69FBFF13AB93F,D696BBFA42DD1A840708B9C42E824036862ED17D538B2B47551641D8145854DB,COMPLETE_FIXED_MODEL_BRANCH_READOUT_DIAGNOSTIC_NOT_FORMAL_ABLATION
ODCR-D696,RRSHID-Test,RRSHID-Test_0199,thick_fog/589.png,direct,18.357341766357422,0.7011823058128357,0.3255561292171478,0.26947999000549316,5EA0CA6F29E5AB53069693AF3BCD6B744092C5D5726325E5A5B706F652A7C5B0,9D029F205CBF610B5375F2D20155B4CA71B77864EBAB9D0B27934D0A5886BE1E,7868F6352385B2B0FE2F861AE95CB1169F7400E00B5C45C5BD2EB151E56FEC58,D696BBFA42DD1A840708B9C42E824036862ED17D538B2B47551641D8145854DB,COMPLETE_FIXED_MODEL_BRANCH_READOUT_DIAGNOSTIC_NOT_FORMAL_ABLATION
ODCR-D696,RRSHID-Test,RRSHID-Test_0199,thick_fog/589.png,physical,16.115015029907227,0.4626713991165161,0.485590398311615,0.29676365852355957,5EA0CA6F29E5AB53069693AF3BCD6B744092C5D5726325E5A5B706F652A7C5B0,9D029F205CBF610B5375F2D20155B4CA71B77864EBAB9D0B27934D0A5886BE1E,A493B5907460B32737ACD242CD36EC42AAC21B0A5615A9D0AC75A92D7EF0BD57,D696BBFA42DD1A840708B9C42E824036862ED17D538B2B47551641D8145854DB,COMPLETE_FIXED_MODEL_BRANCH_READOUT_DIAGNOSTIC_NOT_FORMAL_ABLATION
ODCR-D696,RRSHID-Test,RRSHID-Test_0199,thick_fog/589.png,output,19.62911605834961,0.7250568866729736,0.3086799085140228,0.256949782371521,5EA0CA6F29E5AB53069693AF3BCD6B744092C5D5726325E5A5B706F652A7C5B0,9D029F205CBF610B5375F2D20155B4CA71B77864EBAB9D0B27934D0A5886BE1E,3123623AFB02AE6016CF182AA388FF35809BEAB86F4C27789B1E085DE873005D,D696BBFA42DD1A840708B9C42E824036862ED17D538B2B47551641D8145854DB,COMPLETE_FIXED_MODEL_BRANCH_READOUT_DIAGNOSTIC_NOT_FORMAL_ABLATION
ODCR-D696,RRSHID-Test,RRSHID-Test_0200,thick_fog/596.png,direct,23.953752517700195,0.7463691830635071,0.41798460483551025,0.3247620463371277,7575C4DA5FB5791CC60B71EF6ACA543FBE4531D984F938C630C020C732144479,8639B31A34521F7F3E01AF683CDB80B33F729C3E30EBF1F35DE6312F3BBD5265,307CF1C30362DFB40E8C683E8EB46BD57AD94D036E0FD1BE8BD1398541F7E498,D696BBFA42DD1A840708B9C42E824036862ED17D538B2B47551641D8145854DB,COMPLETE_FIXED_MODEL_BRANCH_READOUT_DIAGNOSTIC_NOT_FORMAL_ABLATION
ODCR-D696,RRSHID-Test,RRSHID-Test_0200,thick_fog/596.png,physical,16.378067016601562,0.2998177111148834,0.6675741076469421,0.33430248498916626,7575C4DA5FB5791CC60B71EF6ACA543FBE4531D984F938C630C020C732144479,8639B31A34521F7F3E01AF683CDB80B33F729C3E30EBF1F35DE6312F3BBD5265,3F5026A8F2818506763551DE322F4EA2DE00039C78418834DC8CBBB12938C020,D696BBFA42DD1A840708B9C42E824036862ED17D538B2B47551641D8145854DB,COMPLETE_FIXED_MODEL_BRANCH_READOUT_DIAGNOSTIC_NOT_FORMAL_ABLATION
ODCR-D696,RRSHID-Test,RRSHID-Test_0200,thick_fog/596.png,output,24.12813377380371,0.7438018321990967,0.40649551153182983,0.30301201343536377,7575C4DA5FB5791CC60B71EF6ACA543FBE4531D984F938C630C020C732144479,8639B31A34521F7F3E01AF683CDB80B33F729C3E30EBF1F35DE6312F3BBD5265,CA5B1030FBF9FE3A00DE31E07AC4F7EF2C45F3F192A945B4A9E904E4D6EE42B9,D696BBFA42DD1A840708B9C42E824036862ED17D538B2B47551641D8145854DB,COMPLETE_FIXED_MODEL_BRANCH_READOUT_DIAGNOSTIC_NOT_FORMAL_ABLATION
ODCR-D696,RRSHID-Test,RRSHID-Test_0201,thick_fog/598.png,direct,19.431041717529297,0.5655603408813477,0.3336615264415741,0.3156079649925232,932728745BFADBD67F0360FBEBF7D77EF1F73099FE9EDCFF6EA3808F5DED17CF,CEC400815234A787FE7AFA7BBCE661FFD5EFD1D55E8DCB0A79095C93374D305B,94A3E55B55580F8610E8D24F7BDE51B220FD0627C2440EA0A3904139873FFC7D,D696BBFA42DD1A840708B9C42E824036862ED17D538B2B47551641D8145854DB,COMPLETE_FIXED_MODEL_BRANCH_READOUT_DIAGNOSTIC_NOT_FORMAL_ABLATION
ODCR-D696,RRSHID-Test,RRSHID-Test_0201,thick_fog/598.png,physical,13.722419738769531,0.4181559085845947,0.342783123254776,0.3188095688819885,932728745BFADBD67F0360FBEBF7D77EF1F73099FE9EDCFF6EA3808F5DED17CF,CEC400815234A787FE7AFA7BBCE661FFD5EFD1D55E8DCB0A79095C93374D305B,DFD801B735D3F8B4B3B9614E1EAC23B568903D5D571A48763D773D1B1DAB5E2F,D696BBFA42DD1A840708B9C42E824036862ED17D538B2B47551641D8145854DB,COMPLETE_FIXED_MODEL_BRANCH_READOUT_DIAGNOSTIC_NOT_FORMAL_ABLATION
ODCR-D696,RRSHID-Test,RRSHID-Test_0201,thick_fog/598.png,output,19.846511840820312,0.5978276133537292,0.30416348576545715,0.30134260654449463,932728745BFADBD67F0360FBEBF7D77EF1F73099FE9EDCFF6EA3808F5DED17CF,CEC400815234A787FE7AFA7BBCE661FFD5EFD1D55E8DCB0A79095C93374D305B,E57D6C6B949ACC4A840AC25B9669CEEA9353220513385A4FF2F3CB97F81CCF51,D696BBFA42DD1A840708B9C42E824036862ED17D538B2B47551641D8145854DB,COMPLETE_FIXED_MODEL_BRANCH_READOUT_DIAGNOSTIC_NOT_FORMAL_ABLATION
ODCR-D696,RRSHID-Test,RRSHID-Test_0202,thick_fog/602.png,direct,14.055996894836426,0.540167510509491,0.43950408697128296,0.3787214756011963,FC5F3FDFF8373C06B4900CB942878DCB1955B54368D24480A410173F510C277A,BC162A24B8C4A9311EBC7153D910A4E75B0D7A5FEE7A85EF24B01313C03D51C9,3892E03822C66EB7176C075FFBBDF7CC80C735625CD40DECDDBC43FCCD693520,D696BBFA42DD1A840708B9C42E824036862ED17D538B2B47551641D8145854DB,COMPLETE_FIXED_MODEL_BRANCH_READOUT_DIAGNOSTIC_NOT_FORMAL_ABLATION
ODCR-D696,RRSHID-Test,RRSHID-Test_0202,thick_fog/602.png,physical,14.69198226928711,0.360250324010849,0.505553662776947,0.3261529803276062,FC5F3FDFF8373C06B4900CB942878DCB1955B54368D24480A410173F510C277A,BC162A24B8C4A9311EBC7153D910A4E75B0D7A5FEE7A85EF24B01313C03D51C9,933BABACEC2D35A09F71C3A9A5D1240099BA8114D1A9B50492A4CB8C6AA93CA2,D696BBFA42DD1A840708B9C42E824036862ED17D538B2B47551641D8145854DB,COMPLETE_FIXED_MODEL_BRANCH_READOUT_DIAGNOSTIC_NOT_FORMAL_ABLATION
ODCR-D696,RRSHID-Test,RRSHID-Test_0202,thick_fog/602.png,output,14.349433898925781,0.5519484877586365,0.4252409338951111,0.3616788387298584,FC5F3FDFF8373C06B4900CB942878DCB1955B54368D24480A410173F510C277A,BC162A24B8C4A9311EBC7153D910A4E75B0D7A5FEE7A85EF24B01313C03D51C9,8E32220D9A6C43B64B44EDAF89D499189AC49F0E20A620B9581615275E14A5FA,D696BBFA42DD1A840708B9C42E824036862ED17D538B2B47551641D8145854DB,COMPLETE_FIXED_MODEL_BRANCH_READOUT_DIAGNOSTIC_NOT_FORMAL_ABLATION
ODCR-D696,RRSHID-Test,RRSHID-Test_0203,thick_fog/609.png,direct,24.724557876586914,0.5866373181343079,0.5786066651344299,0.3194388747215271,E590C0D3B4346CC4DA0C933DC31BC3BC30E783FA7A5B3E4E91F97E751C51D481,552D8B55F0EFE3C6FFC94C0372A49B5FD74FEB96E5D91F52B28FBEC0D2FA1D52,3A1A335233A925EEAF9858C83D92F5C484D9159D14C94482F2AE6C964A6A4FB0,D696BBFA42DD1A840708B9C42E824036862ED17D538B2B47551641D8145854DB,COMPLETE_FIXED_MODEL_BRANCH_READOUT_DIAGNOSTIC_NOT_FORMAL_ABLATION
ODCR-D696,RRSHID-Test,RRSHID-Test_0203,thick_fog/609.png,physical,14.150318145751953,0.32261326909065247,0.5710656642913818,0.33256375789642334,E590C0D3B4346CC4DA0C933DC31BC3BC30E783FA7A5B3E4E91F97E751C51D481,552D8B55F0EFE3C6FFC94C0372A49B5FD74FEB96E5D91F52B28FBEC0D2FA1D52,2EA8E9A62F12BFC1A24456E77619ED3AF295AE366887CDAB3C2F51C1EC273FE9,D696BBFA42DD1A840708B9C42E824036862ED17D538B2B47551641D8145854DB,COMPLETE_FIXED_MODEL_BRANCH_READOUT_DIAGNOSTIC_NOT_FORMAL_ABLATION
ODCR-D696,RRSHID-Test,RRSHID-Test_0203,thick_fog/609.png,output,24.183855056762695,0.5862817168235779,0.5548877120018005,0.3058975338935852,E590C0D3B4346CC4DA0C933DC31BC3BC30E783FA7A5B3E4E91F97E751C51D481,552D8B55F0EFE3C6FFC94C0372A49B5FD74FEB96E5D91F52B28FBEC0D2FA1D52,68CFDA978A8C8D42A4E457F7646E965758EEDC5F0FC6671A4B6E75734D830561,D696BBFA42DD1A840708B9C42E824036862ED17D538B2B47551641D8145854DB,COMPLETE_FIXED_MODEL_BRANCH_READOUT_DIAGNOSTIC_NOT_FORMAL_ABLATION
ODCR-D696,RRSHID-Test,RRSHID-Test_0204,thick_fog/635.png,direct,22.763153076171875,0.6539081931114197,0.3467930555343628,0.286749005317688,770C13E438B9F888A3C3D7CAB302CC2D7B31F631F85B4B31ABC7AC58DCFDC077,280D4D617BD847A9834D4D584118943E707FA13F0A24B7F009C0F834D9D815F0,72078DEBBBDC5BE6E6F5F8F466AB006E0C5BD64C3925EACF9C752959A9FDC7CF,D696BBFA42DD1A840708B9C42E824036862ED17D538B2B47551641D8145854DB,COMPLETE_FIXED_MODEL_BRANCH_READOUT_DIAGNOSTIC_NOT_FORMAL_ABLATION
ODCR-D696,RRSHID-Test,RRSHID-Test_0204,thick_fog/635.png,physical,15.953119277954102,0.4541165828704834,0.3727138936519623,0.270038902759552,770C13E438B9F888A3C3D7CAB302CC2D7B31F631F85B4B31ABC7AC58DCFDC077,280D4D617BD847A9834D4D584118943E707FA13F0A24B7F009C0F834D9D815F0,9BEEA9391AEE3189CCBD7257C3C121B8B8BFD278764C288EDE0C35F11A3B0AD7,D696BBFA42DD1A840708B9C42E824036862ED17D538B2B47551641D8145854DB,COMPLETE_FIXED_MODEL_BRANCH_READOUT_DIAGNOSTIC_NOT_FORMAL_ABLATION
ODCR-D696,RRSHID-Test,RRSHID-Test_0204,thick_fog/635.png,output,22.723575592041016,0.671973466873169,0.3191879391670227,0.2649571895599365,770C13E438B9F888A3C3D7CAB302CC2D7B31F631F85B4B31ABC7AC58DCFDC077,280D4D617BD847A9834D4D584118943E707FA13F0A24B7F009C0F834D9D815F0,8A1A1C995F4C54482588ECDCF141282E70E2598E99F07A07A3E24B8D839C5631,D696BBFA42DD1A840708B9C42E824036862ED17D538B2B47551641D8145854DB,COMPLETE_FIXED_MODEL_BRANCH_READOUT_DIAGNOSTIC_NOT_FORMAL_ABLATION
ODCR-D696,RRSHID-Test,RRSHID-Test_0205,thick_fog/638.png,direct,20.157665252685547,0.5880559682846069,0.31539279222488403,0.2961542010307312,9718383D95FDEAE8C0FA11757628F6C8A717EEA4A68BC8C3A08D381AA68289A4,77A514B92DEB2FF611DF38C151C6C3BD847A8F0C00223E2EC00C4E3E3DDEB22A,4A22C20E80EDB4258A755E8F41E95DD05E8F00CF948D59643BDD07502E0A8DAE,D696BBFA42DD1A840708B9C42E824036862ED17D538B2B47551641D8145854DB,COMPLETE_FIXED_MODEL_BRANCH_READOUT_DIAGNOSTIC_NOT_FORMAL_ABLATION
ODCR-D696,RRSHID-Test,RRSHID-Test_0205,thick_fog/638.png,physical,14.408778190612793,0.44850826263427734,0.33850082755088806,0.3052615523338318,9718383D95FDEAE8C0FA11757628F6C8A717EEA4A68BC8C3A08D381AA68289A4,77A514B92DEB2FF611DF38C151C6C3BD847A8F0C00223E2EC00C4E3E3DDEB22A,738388DC2F21E43D8331BD98ACAAAD1DB330A132778D434AD7E117859975E1B7,D696BBFA42DD1A840708B9C42E824036862ED17D538B2B47551641D8145854DB,COMPLETE_FIXED_MODEL_BRANCH_READOUT_DIAGNOSTIC_NOT_FORMAL_ABLATION
ODCR-D696,RRSHID-Test,RRSHID-Test_0205,thick_fog/638.png,output,20.586755752563477,0.6287748217582703,0.28824135661125183,0.2801089882850647,9718383D95FDEAE8C0FA11757628F6C8A717EEA4A68BC8C3A08D381AA68289A4,77A514B92DEB2FF611DF38C151C6C3BD847A8F0C00223E2EC00C4E3E3DDEB22A,D1B0E5548636E004E3160A509EACDF9C4A61081B9C1D4075A62C362231DA904A,D696BBFA42DD1A840708B9C42E824036862ED17D538B2B47551641D8145854DB,COMPLETE_FIXED_MODEL_BRANCH_READOUT_DIAGNOSTIC_NOT_FORMAL_ABLATION
ODCR-D696,RRSHID-Test,RRSHID-Test_0206,thick_fog/645.png,direct,20.840335845947266,0.6087059378623962,0.43643516302108765,0.31268787384033203,CDD44F743B9988776E8D6FD0F9538A745B60A3DB08BEC148855D12E68E29B473,C7FCD84789E7DDF1E9E0204A31D75EB55C2EF118DDFD7CEF8FAF3D8BF5CBBB47,39982A0668032B4690DAE9031FCD67AEDF8DC4DB698608BA4A73BD25F5A8C000,D696BBFA42DD1A840708B9C42E824036862ED17D538B2B47551641D8145854DB,COMPLETE_FIXED_MODEL_BRANCH_READOUT_DIAGNOSTIC_NOT_FORMAL_ABLATION
ODCR-D696,RRSHID-Test,RRSHID-Test_0206,thick_fog/645.png,physical,12.230840682983398,0.30565330386161804,0.5315889716148376,0.3172609806060791,CDD44F743B9988776E8D6FD0F9538A745B60A3DB08BEC148855D12E68E29B473,C7FCD84789E7DDF1E9E0204A31D75EB55C2EF118DDFD7CEF8FAF3D8BF5CBBB47,D05A3011721581131A7C0FEB6C78BCE491E152791E31E43347A6820E75B87987,D696BBFA42DD1A840708B9C42E824036862ED17D538B2B47551641D8145854DB,COMPLETE_FIXED_MODEL_BRANCH_READOUT_DIAGNOSTIC_NOT_FORMAL_ABLATION
ODCR-D696,RRSHID-Test,RRSHID-Test_0206,thick_fog/645.png,output,20.88167953491211,0.6221344470977783,0.4175575375556946,0.30121052265167236,CDD44F743B9988776E8D6FD0F9538A745B60A3DB08BEC148855D12E68E29B473,C7FCD84789E7DDF1E9E0204A31D75EB55C2EF118DDFD7CEF8FAF3D8BF5CBBB47,CB29157CB02322DCC108513FC08FA26D9213E33566D0B6C1D761C3473ADC19F3,D696BBFA42DD1A840708B9C42E824036862ED17D538B2B47551641D8145854DB,COMPLETE_FIXED_MODEL_BRANCH_READOUT_DIAGNOSTIC_NOT_FORMAL_ABLATION
ODCR-D696,RRSHID-Test,RRSHID-Test_0207,thick_fog/655.png,direct,23.363483428955078,0.6978610157966614,0.34305307269096375,0.2824578881263733,0BD9F4538A28EFD177E4FC5ABB9FA118172FE22C5F43F4340D881797DB00AB94,AE2D0443B0168CB4255C20E8367238C033DF434B0CD7D3CB04EA08D63D1869DE,F07D47A9E2852A06DE27373FCA4E55635DA092B974722611E414078635F0DACB,D696BBFA42DD1A840708B9C42E824036862ED17D538B2B47551641D8145854DB,COMPLETE_FIXED_MODEL_BRANCH_READOUT_DIAGNOSTIC_NOT_FORMAL_ABLATION
ODCR-D696,RRSHID-Test,RRSHID-Test_0207,thick_fog/655.png,physical,14.866538047790527,0.38233110308647156,0.4773617386817932,0.2769547700881958,0BD9F4538A28EFD177E4FC5ABB9FA118172FE22C5F43F4340D881797DB00AB94,AE2D0443B0168CB4255C20E8367238C033DF434B0CD7D3CB04EA08D63D1869DE,63A44B71E304A6BFFCA441FAD898D0BF826ED27D00F9B97379F8E97AA2B5E0ED,D696BBFA42DD1A840708B9C42E824036862ED17D538B2B47551641D8145854DB,COMPLETE_FIXED_MODEL_BRANCH_READOUT_DIAGNOSTIC_NOT_FORMAL_ABLATION
ODCR-D696,RRSHID-Test,RRSHID-Test_0207,thick_fog/655.png,output,23.449329376220703,0.7045753598213196,0.32022738456726074,0.26924049854278564,0BD9F4538A28EFD177E4FC5ABB9FA118172FE22C5F43F4340D881797DB00AB94,AE2D0443B0168CB4255C20E8367238C033DF434B0CD7D3CB04EA08D63D1869DE,D8575F041965CF0943C404D2C7B45E895EA94F9C103C41E9AD106BD93C010427,D696BBFA42DD1A840708B9C42E824036862ED17D538B2B47551641D8145854DB,COMPLETE_FIXED_MODEL_BRANCH_READOUT_DIAGNOSTIC_NOT_FORMAL_ABLATION
ODCR-D696,RRSHID-Test,RRSHID-Test_0208,thick_fog/674.png,direct,22.264873504638672,0.7119884490966797,0.34003403782844543,0.28841638565063477,47B57263701E361B2625919F62408245EA16C997B1149F1483C57E2ADF4CEA10,E5F4AA8C7D859A8ECFD19B9BCA3808BEB5AAAC96845DA7F5298A45A8D5E0F230,84FBA07A0297FAA774873BA406931516B1FA53BBA97075831315A528978AA54D,D696BBFA42DD1A840708B9C42E824036862ED17D538B2B47551641D8145854DB,COMPLETE_FIXED_MODEL_BRANCH_READOUT_DIAGNOSTIC_NOT_FORMAL_ABLATION
ODCR-D696,RRSHID-Test,RRSHID-Test_0208,thick_fog/674.png,physical,15.30887222290039,0.403283953666687,0.5144871473312378,0.3034536838531494,47B57263701E361B2625919F62408245EA16C997B1149F1483C57E2ADF4CEA10,E5F4AA8C7D859A8ECFD19B9BCA3808BEB5AAAC96845DA7F5298A45A8D5E0F230,9EC556318E68A28C4ED8DBF6478EBD635C1B72A7311EBDEB122C815BAA05F623,D696BBFA42DD1A840708B9C42E824036862ED17D538B2B47551641D8145854DB,COMPLETE_FIXED_MODEL_BRANCH_READOUT_DIAGNOSTIC_NOT_FORMAL_ABLATION
ODCR-D696,RRSHID-Test,RRSHID-Test_0208,thick_fog/674.png,output,22.98885726928711,0.7214047312736511,0.3245871961116791,0.27309292554855347,47B57263701E361B2625919F62408245EA16C997B1149F1483C57E2ADF4CEA10,E5F4AA8C7D859A8ECFD19B9BCA3808BEB5AAAC96845DA7F5298A45A8D5E0F230,F8B0B876D728FFE6FF9116553DBB86374F69AAAD65EBA5F86F5F034682623949,D696BBFA42DD1A840708B9C42E824036862ED17D538B2B47551641D8145854DB,COMPLETE_FIXED_MODEL_BRANCH_READOUT_DIAGNOSTIC_NOT_FORMAL_ABLATION
ODCR-D696,RRSHID-Test,RRSHID-Test_0209,thick_fog/682.png,direct,23.610515594482422,0.6548148989677429,0.5203152894973755,0.38572025299072266,F998D9A08937A640A1D3D6BD4AD6CDD6F98FC278FD10C78056D205C4AECD7E92,D8A2CCF69F75BF701468E59C95676846ACA25DF2671FD88E54775AF4F6A89222,6696A080A45A8F9176D8FAD72DA9E6941044F82A8FE19DFD4EA053E18FED81A3,D696BBFA42DD1A840708B9C42E824036862ED17D538B2B47551641D8145854DB,COMPLETE_FIXED_MODEL_BRANCH_READOUT_DIAGNOSTIC_NOT_FORMAL_ABLATION
ODCR-D696,RRSHID-Test,RRSHID-Test_0209,thick_fog/682.png,physical,11.50449275970459,0.31425634026527405,0.6164160370826721,0.35594916343688965,F998D9A08937A640A1D3D6BD4AD6CDD6F98FC278FD10C78056D205C4AECD7E92,D8A2CCF69F75BF701468E59C95676846ACA25DF2671FD88E54775AF4F6A89222,C338565191AF6B61ADE15160A20E377B8CD64877A4544D1703CABE42E30C920E,D696BBFA42DD1A840708B9C42E824036862ED17D538B2B47551641D8145854DB,COMPLETE_FIXED_MODEL_BRANCH_READOUT_DIAGNOSTIC_NOT_FORMAL_ABLATION
ODCR-D696,RRSHID-Test,RRSHID-Test_0209,thick_fog/682.png,output,24.046152114868164,0.6585095524787903,0.5075259208679199,0.36437249183654785,F998D9A08937A640A1D3D6BD4AD6CDD6F98FC278FD10C78056D205C4AECD7E92,D8A2CCF69F75BF701468E59C95676846ACA25DF2671FD88E54775AF4F6A89222,289BDBB038DB151C706392416F0F38645ECA585060FC9666B2B2AEC8FDF8A90B,D696BBFA42DD1A840708B9C42E824036862ED17D538B2B47551641D8145854DB,COMPLETE_FIXED_MODEL_BRANCH_READOUT_DIAGNOSTIC_NOT_FORMAL_ABLATION
ODCR-D696,RRSHID-Test,RRSHID-Test_0210,thick_fog/684.png,direct,20.263154983520508,0.6691985726356506,0.46764081716537476,0.31863677501678467,F16CE0B9D226A6128A8C348F8CD073F928C78DC946A94F9912E060F0AAE13840,3BD2C676CD97324199CD293218247519B2D7C46E8184F36D325A5DC4FD94DD7A,4EA001EA5351EBA5F22032C6C8F538A0166AEA9E271B8ADC81ED52871A770BBE,D696BBFA42DD1A840708B9C42E824036862ED17D538B2B47551641D8145854DB,COMPLETE_FIXED_MODEL_BRANCH_READOUT_DIAGNOSTIC_NOT_FORMAL_ABLATION
ODCR-D696,RRSHID-Test,RRSHID-Test_0210,thick_fog/684.png,physical,11.950159072875977,0.22556237876415253,0.6433649063110352,0.36473214626312256,F16CE0B9D226A6128A8C348F8CD073F928C78DC946A94F9912E060F0AAE13840,3BD2C676CD97324199CD293218247519B2D7C46E8184F36D325A5DC4FD94DD7A,8221D89881618FB74F0531C03A1E2F0562726A4E496CDB379856B96CB1551138,D696BBFA42DD1A840708B9C42E824036862ED17D538B2B47551641D8145854DB,COMPLETE_FIXED_MODEL_BRANCH_READOUT_DIAGNOSTIC_NOT_FORMAL_ABLATION
ODCR-D696,RRSHID-Test,RRSHID-Test_0210,thick_fog/684.png,output,20.31279754638672,0.6653545498847961,0.4658452868461609,0.30843985080718994,F16CE0B9D226A6128A8C348F8CD073F928C78DC946A94F9912E060F0AAE13840,3BD2C676CD97324199CD293218247519B2D7C46E8184F36D325A5DC4FD94DD7A,29CC54A1952DB1FC4857E02529720E3F410E3681D14AE573E707814543588B6C,D696BBFA42DD1A840708B9C42E824036862ED17D538B2B47551641D8145854DB,COMPLETE_FIXED_MODEL_BRANCH_READOUT_DIAGNOSTIC_NOT_FORMAL_ABLATION
ODCR-D696,RRSHID-Test,RRSHID-Test_0211,thick_fog/685.png,direct,22.131654739379883,0.6542040109634399,0.37155383825302124,0.3032233715057373,E64390D92CF94550A1AC2273A1026488104F668C71F0AE6A0FB666601503F675,330BF1774DF8A8C8F7AE28C2128329AD18334A912C4CAB857D8DF4F71DEA19A5,2716B5C0AE4CAAD3E7BBE2A18BF841FC0FC2229E9C11C6406AE05FEB17CD72BC,D696BBFA42DD1A840708B9C42E824036862ED17D538B2B47551641D8145854DB,COMPLETE_FIXED_MODEL_BRANCH_READOUT_DIAGNOSTIC_NOT_FORMAL_ABLATION
ODCR-D696,RRSHID-Test,RRSHID-Test_0211,thick_fog/685.png,physical,12.965576171875,0.3868902623653412,0.48261284828186035,0.3141523599624634,E64390D92CF94550A1AC2273A1026488104F668C71F0AE6A0FB666601503F675,330BF1774DF8A8C8F7AE28C2128329AD18334A912C4CAB857D8DF4F71DEA19A5,85083FD929DFA26DCC064B6E7AF456ED8B26D878910BB5B604E6E7DCE8235A2F,D696BBFA42DD1A840708B9C42E824036862ED17D538B2B47551641D8145854DB,COMPLETE_FIXED_MODEL_BRANCH_READOUT_DIAGNOSTIC_NOT_FORMAL_ABLATION
ODCR-D696,RRSHID-Test,RRSHID-Test_0211,thick_fog/685.png,output,22.380151748657227,0.6689122319221497,0.35824862122535706,0.2869631052017212,E64390D92CF94550A1AC2273A1026488104F668C71F0AE6A0FB666601503F675,330BF1774DF8A8C8F7AE28C2128329AD18334A912C4CAB857D8DF4F71DEA19A5,C72F846905E30AB936C68B73FE726529AC132AB5857794CC026E3616566342D0,D696BBFA42DD1A840708B9C42E824036862ED17D538B2B47551641D8145854DB,COMPLETE_FIXED_MODEL_BRANCH_READOUT_DIAGNOSTIC_NOT_FORMAL_ABLATION
ODCR-D696,RRSHID-Test,RRSHID-Test_0212,thick_fog/698.png,direct,22.752071380615234,0.6828646659851074,0.4818132519721985,0.3043648600578308,5B5EEF5A309A5EC5DB37507B925A0F881E91B8A08B7B3EBB96B2ADA21CF4F1B1,3D0E1A5BAE4B0C5F88B20EE1B03EDC5ACC75B37A6187D5EA1447E927163B0FCE,E322B6E4C7EA295789B43FE4A6B0224292DCD3A2869D9D4C363F26A874012B93,D696BBFA42DD1A840708B9C42E824036862ED17D538B2B47551641D8145854DB,COMPLETE_FIXED_MODEL_BRANCH_READOUT_DIAGNOSTIC_NOT_FORMAL_ABLATION
ODCR-D696,RRSHID-Test,RRSHID-Test_0212,thick_fog/698.png,physical,15.600757598876953,0.4042092561721802,0.48105889558792114,0.30026674270629883,5B5EEF5A309A5EC5DB37507B925A0F881E91B8A08B7B3EBB96B2ADA21CF4F1B1,3D0E1A5BAE4B0C5F88B20EE1B03EDC5ACC75B37A6187D5EA1447E927163B0FCE,55617EB42D938535772CA8FA740EF72EBDC8AB51F16FE2689E4CCED9C080A79E,D696BBFA42DD1A840708B9C42E824036862ED17D538B2B47551641D8145854DB,COMPLETE_FIXED_MODEL_BRANCH_READOUT_DIAGNOSTIC_NOT_FORMAL_ABLATION
ODCR-D696,RRSHID-Test,RRSHID-Test_0212,thick_fog/698.png,output,23.359519958496094,0.6804296374320984,0.44404348731040955,0.2827611565589905,5B5EEF5A309A5EC5DB37507B925A0F881E91B8A08B7B3EBB96B2ADA21CF4F1B1,3D0E1A5BAE4B0C5F88B20EE1B03EDC5ACC75B37A6187D5EA1447E927163B0FCE,8D7CA86F02D3C895399D61005A7271468F9558D5FCA9A60758C3DEC766894298,D696BBFA42DD1A840708B9C42E824036862ED17D538B2B47551641D8145854DB,COMPLETE_FIXED_MODEL_BRANCH_READOUT_DIAGNOSTIC_NOT_FORMAL_ABLATION
ODCR-D696,RRSHID-Test,RRSHID-Test_0213,thick_fog/725.png,direct,18.70287322998047,0.6659995913505554,0.3172793388366699,0.29058200120925903,EB89A5AD7D0A4F639D2C0533973489B9541ED8AB99245958283A14C11016BCC7,07DCA3ABF3246627FCC278D464E1B0AAD1918885208D3D448799CB015BEEF673,DEEDEC30017B2AB90164FE4703C0B9785C132E8FE59C87C7CAA2C49C3F41A6A0,D696BBFA42DD1A840708B9C42E824036862ED17D538B2B47551641D8145854DB,COMPLETE_FIXED_MODEL_BRANCH_READOUT_DIAGNOSTIC_NOT_FORMAL_ABLATION
ODCR-D696,RRSHID-Test,RRSHID-Test_0213,thick_fog/725.png,physical,15.540470123291016,0.4146427810192108,0.45467421412467957,0.2612763047218323,EB89A5AD7D0A4F639D2C0533973489B9541ED8AB99245958283A14C11016BCC7,07DCA3ABF3246627FCC278D464E1B0AAD1918885208D3D448799CB015BEEF673,677EA65E675855125B53DB27700A9B8B142C23949A07A083C4E05469832FBD88,D696BBFA42DD1A840708B9C42E824036862ED17D538B2B47551641D8145854DB,COMPLETE_FIXED_MODEL_BRANCH_READOUT_DIAGNOSTIC_NOT_FORMAL_ABLATION
ODCR-D696,RRSHID-Test,RRSHID-Test_0213,thick_fog/725.png,output,19.390750885009766,0.6842520833015442,0.29707059264183044,0.27339524030685425,EB89A5AD7D0A4F639D2C0533973489B9541ED8AB99245958283A14C11016BCC7,07DCA3ABF3246627FCC278D464E1B0AAD1918885208D3D448799CB015BEEF673,D689C688DD2B878B58B3BE874C2DE3E13126CCE8310E48AE8DEEF49D402088AA,D696BBFA42DD1A840708B9C42E824036862ED17D538B2B47551641D8145854DB,COMPLETE_FIXED_MODEL_BRANCH_READOUT_DIAGNOSTIC_NOT_FORMAL_ABLATION
ODCR-D696,RRSHID-Test,RRSHID-Test_0214,thick_fog/757.png,direct,25.73920440673828,0.7457941174507141,0.475639671087265,0.3620598316192627,15EFBABAE37B698AF78DC6F597B7D4527533AA927E82EADF4A6714EB14DD32EA,A01B1A44F6039667F1B7B519E82EE4D9B017DFD10781909D9A3423B95AB78575,5E6D6180635C5103D7D2B358B4BF98795E9DDEC0100518540CFAD84E8E886F83,D696BBFA42DD1A840708B9C42E824036862ED17D538B2B47551641D8145854DB,COMPLETE_FIXED_MODEL_BRANCH_READOUT_DIAGNOSTIC_NOT_FORMAL_ABLATION
ODCR-D696,RRSHID-Test,RRSHID-Test_0214,thick_fog/757.png,physical,14.845725059509277,0.19061434268951416,0.6962311863899231,0.40312284231185913,15EFBABAE37B698AF78DC6F597B7D4527533AA927E82EADF4A6714EB14DD32EA,A01B1A44F6039667F1B7B519E82EE4D9B017DFD10781909D9A3423B95AB78575,274B68829357B792B62F0786F67B16DBA1703293CEAF0E4A75C142AEAF899162,D696BBFA42DD1A840708B9C42E824036862ED17D538B2B47551641D8145854DB,COMPLETE_FIXED_MODEL_BRANCH_READOUT_DIAGNOSTIC_NOT_FORMAL_ABLATION
ODCR-D696,RRSHID-Test,RRSHID-Test_0214,thick_fog/757.png,output,25.605754852294922,0.7368154525756836,0.46425914764404297,0.3383095860481262,15EFBABAE37B698AF78DC6F597B7D4527533AA927E82EADF4A6714EB14DD32EA,A01B1A44F6039667F1B7B519E82EE4D9B017DFD10781909D9A3423B95AB78575,377A3B906D658F9ED9AB711AF7BA7B098910050EFBA5A7CED3C73FC492052278,D696BBFA42DD1A840708B9C42E824036862ED17D538B2B47551641D8145854DB,COMPLETE_FIXED_MODEL_BRANCH_READOUT_DIAGNOSTIC_NOT_FORMAL_ABLATION
ODCR-D696,RRSHID-Test,RRSHID-Test_0215,thick_fog/759.png,direct,27.24074935913086,0.675164520740509,0.5250084400177002,0.34960395097732544,551F4A7E2E1C31355CFE2EF33CCBCA3F03A2A13AD85326D41E81C1C267520F06,A35AE07CF40358B4140A5CCFE8C2B94AAD36B9810F6179A7E9BA976641FC5367,C559F83B55D8E8387F5D5412E27A3C4FC46F45B99219E43268C0E92150BA6524,D696BBFA42DD1A840708B9C42E824036862ED17D538B2B47551641D8145854DB,COMPLETE_FIXED_MODEL_BRANCH_READOUT_DIAGNOSTIC_NOT_FORMAL_ABLATION
ODCR-D696,RRSHID-Test,RRSHID-Test_0215,thick_fog/759.png,physical,13.006915092468262,0.18336372077465057,0.6883628368377686,0.4021305441856384,551F4A7E2E1C31355CFE2EF33CCBCA3F03A2A13AD85326D41E81C1C267520F06,A35AE07CF40358B4140A5CCFE8C2B94AAD36B9810F6179A7E9BA976641FC5367,E0E12075787A5EEBB8AC0C2FF7524DF5834E4CA5ACA50FFBA2140D9454B6CAE0,D696BBFA42DD1A840708B9C42E824036862ED17D538B2B47551641D8145854DB,COMPLETE_FIXED_MODEL_BRANCH_READOUT_DIAGNOSTIC_NOT_FORMAL_ABLATION
ODCR-D696,RRSHID-Test,RRSHID-Test_0215,thick_fog/759.png,output,27.242778778076172,0.6695744395256042,0.511756181716919,0.3250654935836792,551F4A7E2E1C31355CFE2EF33CCBCA3F03A2A13AD85326D41E81C1C267520F06,A35AE07CF40358B4140A5CCFE8C2B94AAD36B9810F6179A7E9BA976641FC5367,5A073D82301755C72B0FF0E2A1618C8CA1B83CA16079BA2A1B7140677B2CF5DC,D696BBFA42DD1A840708B9C42E824036862ED17D538B2B47551641D8145854DB,COMPLETE_FIXED_MODEL_BRANCH_READOUT_DIAGNOSTIC_NOT_FORMAL_ABLATION
ODCR-D696,RRSHID-Test,RRSHID-Test_0216,thick_fog/764.png,direct,23.846513748168945,0.7841927409172058,0.29215937852859497,0.26986193656921387,F1ED2F8991E6E957EFD5EEB839770EF1656E56D33719781171A96DC0B5ABCF48,DB19954EA10A12760113E71145AB7253174647227BE5E11881C30D75DC510A13,6F99D4ED57851C1D3BD2E60B7CF61CA83825927E3B8BCE24FB728B9A294779C1,D696BBFA42DD1A840708B9C42E824036862ED17D538B2B47551641D8145854DB,COMPLETE_FIXED_MODEL_BRANCH_READOUT_DIAGNOSTIC_NOT_FORMAL_ABLATION
ODCR-D696,RRSHID-Test,RRSHID-Test_0216,thick_fog/764.png,physical,17.722530364990234,0.4734687805175781,0.4330722689628601,0.28448355197906494,F1ED2F8991E6E957EFD5EEB839770EF1656E56D33719781171A96DC0B5ABCF48,DB19954EA10A12760113E71145AB7253174647227BE5E11881C30D75DC510A13,9B0CDB271EFB42AABECA9BC8C08B19DF5C2FDDB172AA569D9E2C2335B898D449,D696BBFA42DD1A840708B9C42E824036862ED17D538B2B47551641D8145854DB,COMPLETE_FIXED_MODEL_BRANCH_READOUT_DIAGNOSTIC_NOT_FORMAL_ABLATION
ODCR-D696,RRSHID-Test,RRSHID-Test_0216,thick_fog/764.png,output,24.493061065673828,0.7909152507781982,0.26689213514328003,0.2555336356163025,F1ED2F8991E6E957EFD5EEB839770EF1656E56D33719781171A96DC0B5ABCF48,DB19954EA10A12760113E71145AB7253174647227BE5E11881C30D75DC510A13,B8F4F20A7B26B4EA6A45CD357E8951D96BB381A4D3A132737A48E4A88CC180FC,D696BBFA42DD1A840708B9C42E824036862ED17D538B2B47551641D8145854DB,COMPLETE_FIXED_MODEL_BRANCH_READOUT_DIAGNOSTIC_NOT_FORMAL_ABLATION
ODCR-D696,RRSHID-Test,RRSHID-Test_0217,thick_fog/765.png,direct,24.54491424560547,0.7976303696632385,0.3078422248363495,0.2744884490966797,F206E0ABC142CD5A3604D902E3ADC210A988CC67EB5483C47447A5432FD0CF99,3B8CA229A2C9DF3240941527B2A28350FF135D9C1BDA576C3B10BACE363DE626,0D8131880EBC30684388F8D0B3204755F7FD7C6F32D3F02ED443ACD036265832,D696BBFA42DD1A840708B9C42E824036862ED17D538B2B47551641D8145854DB,COMPLETE_FIXED_MODEL_BRANCH_READOUT_DIAGNOSTIC_NOT_FORMAL_ABLATION
ODCR-D696,RRSHID-Test,RRSHID-Test_0217,thick_fog/765.png,physical,18.16408920288086,0.4819631576538086,0.47021687030792236,0.2827252149581909,F206E0ABC142CD5A3604D902E3ADC210A988CC67EB5483C47447A5432FD0CF99,3B8CA229A2C9DF3240941527B2A28350FF135D9C1BDA576C3B10BACE363DE626,42B579D832AFDC00986F0B2C972954C459483C5D2FA36BFF44961A8D67910AB2,D696BBFA42DD1A840708B9C42E824036862ED17D538B2B47551641D8145854DB,COMPLETE_FIXED_MODEL_BRANCH_READOUT_DIAGNOSTIC_NOT_FORMAL_ABLATION
ODCR-D696,RRSHID-Test,RRSHID-Test_0217,thick_fog/765.png,output,25.194812774658203,0.8025872111320496,0.2845975458621979,0.2514140009880066,F206E0ABC142CD5A3604D902E3ADC210A988CC67EB5483C47447A5432FD0CF99,3B8CA229A2C9DF3240941527B2A28350FF135D9C1BDA576C3B10BACE363DE626,A13BFC76E4A101679E4177D7EEE69D17EF4B41D73C046FD2EB88911BD20AF0B2,D696BBFA42DD1A840708B9C42E824036862ED17D538B2B47551641D8145854DB,COMPLETE_FIXED_MODEL_BRANCH_READOUT_DIAGNOSTIC_NOT_FORMAL_ABLATION
ODCR-D696,RRSHID-Test,RRSHID-Test_0218,thick_fog/801.png,direct,24.742149353027344,0.6747620701789856,0.4357966184616089,0.3390007019042969,B702AE75AABCDE42888E21885727F3C9352EF157293DB784E3583B6A01BC78FA,391ACD1229E67739B31BD18A1D07A1D9BF9062841E51367B9262891FB40897D6,7997E11F8BD9C48A7ADEBB4E4B2573CF4D50A1E8EE05EE755A1B56DD43D68F2C,D696BBFA42DD1A840708B9C42E824036862ED17D538B2B47551641D8145854DB,COMPLETE_FIXED_MODEL_BRANCH_READOUT_DIAGNOSTIC_NOT_FORMAL_ABLATION
ODCR-D696,RRSHID-Test,RRSHID-Test_0218,thick_fog/801.png,physical,13.633224487304688,0.21112169325351715,0.5955188274383545,0.3787585496902466,B702AE75AABCDE42888E21885727F3C9352EF157293DB784E3583B6A01BC78FA,391ACD1229E67739B31BD18A1D07A1D9BF9062841E51367B9262891FB40897D6,0CF551FF5F65FE0E40C56C4E3875D3A04C11733792CCE5B57BBE577984D4D11E,D696BBFA42DD1A840708B9C42E824036862ED17D538B2B47551641D8145854DB,COMPLETE_FIXED_MODEL_BRANCH_READOUT_DIAGNOSTIC_NOT_FORMAL_ABLATION
ODCR-D696,RRSHID-Test,RRSHID-Test_0218,thick_fog/801.png,output,24.878816604614258,0.6696298122406006,0.4205438494682312,0.315832257270813,B702AE75AABCDE42888E21885727F3C9352EF157293DB784E3583B6A01BC78FA,391ACD1229E67739B31BD18A1D07A1D9BF9062841E51367B9262891FB40897D6,5EEE021AFB52FE4A9CCF72886C58DBDC23A5CC4838E139E7846723FDD7FC7037,D696BBFA42DD1A840708B9C42E824036862ED17D538B2B47551641D8145854DB,COMPLETE_FIXED_MODEL_BRANCH_READOUT_DIAGNOSTIC_NOT_FORMAL_ABLATION
ODCR-D696,RRSHID-Test,RRSHID-Test_0219,thick_fog/820.png,direct,16.955080032348633,0.6316132545471191,0.4034981429576874,0.28487157821655273,69CA490788D406B0ACB08B3F7D7A5EE7C6C8F4681BAB88ABD849648E4C28161E,2DAC79490E25181FA1D249580FB49D47BDD0A144674A333FF695A34D42FCA333,FA16650CD74F9423B98DE21A07F1B6AA982BA9199D7FC379D770723A5050BC5D,D696BBFA42DD1A840708B9C42E824036862ED17D538B2B47551641D8145854DB,COMPLETE_FIXED_MODEL_BRANCH_READOUT_DIAGNOSTIC_NOT_FORMAL_ABLATION
ODCR-D696,RRSHID-Test,RRSHID-Test_0219,thick_fog/820.png,physical,12.770917892456055,0.3272355794906616,0.5241683125495911,0.32578128576278687,69CA490788D406B0ACB08B3F7D7A5EE7C6C8F4681BAB88ABD849648E4C28161E,2DAC79490E25181FA1D249580FB49D47BDD0A144674A333FF695A34D42FCA333,83BA7DE78A19E4727ECBC35FB71A5679C98A1CBC5720D634FE67675745DF878C,D696BBFA42DD1A840708B9C42E824036862ED17D538B2B47551641D8145854DB,COMPLETE_FIXED_MODEL_BRANCH_READOUT_DIAGNOSTIC_NOT_FORMAL_ABLATION
ODCR-D696,RRSHID-Test,RRSHID-Test_0219,thick_fog/820.png,output,16.571435928344727,0.6182543635368347,0.37903785705566406,0.2755581736564636,69CA490788D406B0ACB08B3F7D7A5EE7C6C8F4681BAB88ABD849648E4C28161E,2DAC79490E25181FA1D249580FB49D47BDD0A144674A333FF695A34D42FCA333,7174B5B4C6B913BDA3B24DAA5A9B1D4412C15B44F16E17F66C69741AF5EA76FF,D696BBFA42DD1A840708B9C42E824036862ED17D538B2B47551641D8145854DB,COMPLETE_FIXED_MODEL_BRANCH_READOUT_DIAGNOSTIC_NOT_FORMAL_ABLATION
ODCR-D696,RRSHID-Test,RRSHID-Test_0220,thick_fog/851.png,direct,28.644617080688477,0.7857176661491394,0.3819667100906372,0.27508795261383057,CCE3774C9518F5E8371C454C897EE324F798AFA4785A0E2C2D524C70C88B288E,741DD9049C02007BC8EB8AFB29729531849CAEF21AE788C77E2A0AAC6C2BDB6C,2090D8F3D978198DB729829C8C4439AE30DB237B131ADE32518A7CC0844E0556,D696BBFA42DD1A840708B9C42E824036862ED17D538B2B47551641D8145854DB,COMPLETE_FIXED_MODEL_BRANCH_READOUT_DIAGNOSTIC_NOT_FORMAL_ABLATION
ODCR-D696,RRSHID-Test,RRSHID-Test_0220,thick_fog/851.png,physical,14.661623001098633,0.23405008018016815,0.6101369857788086,0.3967524766921997,CCE3774C9518F5E8371C454C897EE324F798AFA4785A0E2C2D524C70C88B288E,741DD9049C02007BC8EB8AFB29729531849CAEF21AE788C77E2A0AAC6C2BDB6C,E5546C3A8BAAD4EF999C5A6F3E1B83D6F6CF01555168ADF402F12E613CD02AE3,D696BBFA42DD1A840708B9C42E824036862ED17D538B2B47551641D8145854DB,COMPLETE_FIXED_MODEL_BRANCH_READOUT_DIAGNOSTIC_NOT_FORMAL_ABLATION
ODCR-D696,RRSHID-Test,RRSHID-Test_0220,thick_fog/851.png,output,28.50132179260254,0.7738918662071228,0.37601011991500854,0.2598220109939575,CCE3774C9518F5E8371C454C897EE324F798AFA4785A0E2C2D524C70C88B288E,741DD9049C02007BC8EB8AFB29729531849CAEF21AE788C77E2A0AAC6C2BDB6C,47029C474389C46B3D5FA6ED49EDDBCE6AEB5DA87814470019AAF68455E14E63,D696BBFA42DD1A840708B9C42E824036862ED17D538B2B47551641D8145854DB,COMPLETE_FIXED_MODEL_BRANCH_READOUT_DIAGNOSTIC_NOT_FORMAL_ABLATION
ODCR-D696,RRSHID-Test,RRSHID-Test_0221,thick_fog/858.png,direct,22.358381271362305,0.538407027721405,0.45094820857048035,0.27821236848831177,B68654D5185EF4223E26E4E55ED38B19679FC112306DC20EFA40B81330165AF9,379FE8ECA9F2F6264D7D1266245E60F9B59ACBF84959185F51B7BFEC9AD353E8,EAEE279D42CDAF7FCD80669B2E4431711438E8FF202F7E551323FC22E295634A,D696BBFA42DD1A840708B9C42E824036862ED17D538B2B47551641D8145854DB,COMPLETE_FIXED_MODEL_BRANCH_READOUT_DIAGNOSTIC_NOT_FORMAL_ABLATION
ODCR-D696,RRSHID-Test,RRSHID-Test_0221,thick_fog/858.png,physical,14.45866584777832,0.345529168844223,0.5015969276428223,0.30602169036865234,B68654D5185EF4223E26E4E55ED38B19679FC112306DC20EFA40B81330165AF9,379FE8ECA9F2F6264D7D1266245E60F9B59ACBF84959185F51B7BFEC9AD353E8,8BCC42C194ECE5F3422548FE162A567BA9639807084E94F98925B6CB1CE75B2C,D696BBFA42DD1A840708B9C42E824036862ED17D538B2B47551641D8145854DB,COMPLETE_FIXED_MODEL_BRANCH_READOUT_DIAGNOSTIC_NOT_FORMAL_ABLATION
ODCR-D696,RRSHID-Test,RRSHID-Test_0221,thick_fog/858.png,output,21.96274185180664,0.5452823042869568,0.4284229874610901,0.2673591375350952,B68654D5185EF4223E26E4E55ED38B19679FC112306DC20EFA40B81330165AF9,379FE8ECA9F2F6264D7D1266245E60F9B59ACBF84959185F51B7BFEC9AD353E8,EACE38D02A33A231E64D7E4CD22B1F4C764365B498CC7C6EBD7BAD71A55E6A6A,D696BBFA42DD1A840708B9C42E824036862ED17D538B2B47551641D8145854DB,COMPLETE_FIXED_MODEL_BRANCH_READOUT_DIAGNOSTIC_NOT_FORMAL_ABLATION
ODCR-D696,RRSHID-Test,RRSHID-Test_0222,thick_fog/885.png,direct,17.450855255126953,0.5492170453071594,0.5174568295478821,0.3562673330307007,533F8278AA4E26834D5D0E08BB8CA9DBDB5C8FCC917F8F07671EB7000B7DFC04,994178867EEBA856568C4B64B7F7C77415504E19AD7FDD22E96E5D64F52B09A6,B5230EC0F4A94EFE52BA1D8B0B6481FDC7F135B029EA1F761D1C7D2E985A2B76,D696BBFA42DD1A840708B9C42E824036862ED17D538B2B47551641D8145854DB,COMPLETE_FIXED_MODEL_BRANCH_READOUT_DIAGNOSTIC_NOT_FORMAL_ABLATION
ODCR-D696,RRSHID-Test,RRSHID-Test_0222,thick_fog/885.png,physical,14.694717407226562,0.22123968601226807,0.6556589007377625,0.36224043369293213,533F8278AA4E26834D5D0E08BB8CA9DBDB5C8FCC917F8F07671EB7000B7DFC04,994178867EEBA856568C4B64B7F7C77415504E19AD7FDD22E96E5D64F52B09A6,01C225214010E71E2B8CA6EA57EF3F45A33C3575DD3468656BA1F91E2D100DAD,D696BBFA42DD1A840708B9C42E824036862ED17D538B2B47551641D8145854DB,COMPLETE_FIXED_MODEL_BRANCH_READOUT_DIAGNOSTIC_NOT_FORMAL_ABLATION
ODCR-D696,RRSHID-Test,RRSHID-Test_0222,thick_fog/885.png,output,17.497074127197266,0.5461543202400208,0.5028420686721802,0.3374972939491272,533F8278AA4E26834D5D0E08BB8CA9DBDB5C8FCC917F8F07671EB7000B7DFC04,994178867EEBA856568C4B64B7F7C77415504E19AD7FDD22E96E5D64F52B09A6,CABD6F818C327EB06C31C37DAACC5994F6522E42FF83DD3130CF4CDFC21BB367,D696BBFA42DD1A840708B9C42E824036862ED17D538B2B47551641D8145854DB,COMPLETE_FIXED_MODEL_BRANCH_READOUT_DIAGNOSTIC_NOT_FORMAL_ABLATION
ODCR-D696,RRSHID-Test,RRSHID-Test_0223,thick_fog/897.png,direct,25.11655044555664,0.6706907153129578,0.3958594799041748,0.326519250869751,994BA33EAE70D6EAC619BFBA851ACAABE3FEB804A8D361FC00EE12DBB379765C,8A288E828835F9CC05688E5E021064F68417CE9080AFC7F670835A65A4C6EA2F,30D74617415F721F61CBEDAF53B40A69E941DD7EA6CF39CCB71EB6DC80C8A0FA,D696BBFA42DD1A840708B9C42E824036862ED17D538B2B47551641D8145854DB,COMPLETE_FIXED_MODEL_BRANCH_READOUT_DIAGNOSTIC_NOT_FORMAL_ABLATION
ODCR-D696,RRSHID-Test,RRSHID-Test_0223,thick_fog/897.png,physical,17.143735885620117,0.3294733464717865,0.5465526580810547,0.33744341135025024,994BA33EAE70D6EAC619BFBA851ACAABE3FEB804A8D361FC00EE12DBB379765C,8A288E828835F9CC05688E5E021064F68417CE9080AFC7F670835A65A4C6EA2F,E11BDAB2B8E2CFEE3C816B5549201E15A4C50146347E19F560B9C6C4D5FEAF41,D696BBFA42DD1A840708B9C42E824036862ED17D538B2B47551641D8145854DB,COMPLETE_FIXED_MODEL_BRANCH_READOUT_DIAGNOSTIC_NOT_FORMAL_ABLATION
ODCR-D696,RRSHID-Test,RRSHID-Test_0223,thick_fog/897.png,output,25.03396987915039,0.6674470901489258,0.382992684841156,0.3124966621398926,994BA33EAE70D6EAC619BFBA851ACAABE3FEB804A8D361FC00EE12DBB379765C,8A288E828835F9CC05688E5E021064F68417CE9080AFC7F670835A65A4C6EA2F,253085EDC1C65622C4CA7E1F25FC6E49379DBEA5FA11C3D40B5B3E8B792ACB15,D696BBFA42DD1A840708B9C42E824036862ED17D538B2B47551641D8145854DB,COMPLETE_FIXED_MODEL_BRANCH_READOUT_DIAGNOSTIC_NOT_FORMAL_ABLATION
ODCR-D696,RRSHID-Test,RRSHID-Test_0224,thick_fog/899.png,direct,21.123748779296875,0.5478386282920837,0.4695238471031189,0.2877284288406372,1738AEC287D6C4BF944D7C38CFF13A7D77FCCD029116D42F1E387AD74CBB98DB,D2B06267AE360F889E57BF67D536898388FE417ABFFC3C1884603F411A829835,3E9D2BD92434ED17C5F016B1D3CF6C14D9FE80D8824B36D8A24702D3797A69C5,D696BBFA42DD1A840708B9C42E824036862ED17D538B2B47551641D8145854DB,COMPLETE_FIXED_MODEL_BRANCH_READOUT_DIAGNOSTIC_NOT_FORMAL_ABLATION
ODCR-D696,RRSHID-Test,RRSHID-Test_0224,thick_fog/899.png,physical,13.58535385131836,0.3490380346775055,0.4804213047027588,0.32369357347488403,1738AEC287D6C4BF944D7C38CFF13A7D77FCCD029116D42F1E387AD74CBB98DB,D2B06267AE360F889E57BF67D536898388FE417ABFFC3C1884603F411A829835,7121BD8353FC199CF355E61162FC71CEFA266FE04741FCAF47AEF7586E608CB6,D696BBFA42DD1A840708B9C42E824036862ED17D538B2B47551641D8145854DB,COMPLETE_FIXED_MODEL_BRANCH_READOUT_DIAGNOSTIC_NOT_FORMAL_ABLATION
ODCR-D696,RRSHID-Test,RRSHID-Test_0224,thick_fog/899.png,output,20.34592628479004,0.5512471795082092,0.4348742365837097,0.27937978506088257,1738AEC287D6C4BF944D7C38CFF13A7D77FCCD029116D42F1E387AD74CBB98DB,D2B06267AE360F889E57BF67D536898388FE417ABFFC3C1884603F411A829835,94EA982D47C057E424E6FE884E3057C5346009587DEC76B4942AC4E84C323EF6,D696BBFA42DD1A840708B9C42E824036862ED17D538B2B47551641D8145854DB,COMPLETE_FIXED_MODEL_BRANCH_READOUT_DIAGNOSTIC_NOT_FORMAL_ABLATION
ODCR-D696,RRSHID-Test,RRSHID-Test_0225,thick_fog/911.png,direct,26.674835205078125,0.7425637245178223,0.3505006432533264,0.29210811853408813,CFBBF15409F453B004838775F538BA4112B2E8ADFB3577424689E00FD3F00105,38E3358FC370F9B25D801FC110C7EF7234B6F5AF7FBE61BF53E25D04B1AAD019,03C1CAA60C50D9B8FEC8120EACA1D5A0904AD6BA58CD15DAAF8BAF8E015145A3,D696BBFA42DD1A840708B9C42E824036862ED17D538B2B47551641D8145854DB,COMPLETE_FIXED_MODEL_BRANCH_READOUT_DIAGNOSTIC_NOT_FORMAL_ABLATION
ODCR-D696,RRSHID-Test,RRSHID-Test_0225,thick_fog/911.png,physical,20.206287384033203,0.42155882716178894,0.5087750554084778,0.3055794835090637,CFBBF15409F453B004838775F538BA4112B2E8ADFB3577424689E00FD3F00105,38E3358FC370F9B25D801FC110C7EF7234B6F5AF7FBE61BF53E25D04B1AAD019,6AD227000189379EB6BF93A80E27804856D24762B7189F3E1EED021A738D96EB,D696BBFA42DD1A840708B9C42E824036862ED17D538B2B47551641D8145854DB,COMPLETE_FIXED_MODEL_BRANCH_READOUT_DIAGNOSTIC_NOT_FORMAL_ABLATION
ODCR-D696,RRSHID-Test,RRSHID-Test_0225,thick_fog/911.png,output,27.081329345703125,0.7437848448753357,0.33349061012268066,0.2694430351257324,CFBBF15409F453B004838775F538BA4112B2E8ADFB3577424689E00FD3F00105,38E3358FC370F9B25D801FC110C7EF7234B6F5AF7FBE61BF53E25D04B1AAD019,1A3EB9AA4515A5CB20A367DD28B1DFE3BEB9444C0AF59AB81CCA5F50FA4946C3,D696BBFA42DD1A840708B9C42E824036862ED17D538B2B47551641D8145854DB,COMPLETE_FIXED_MODEL_BRANCH_READOUT_DIAGNOSTIC_NOT_FORMAL_ABLATION
ODCR-D696,RRSHID-Test,RRSHID-Test_0226,thick_fog/956.png,direct,25.198196411132812,0.675765335559845,0.43218064308166504,0.3626304268836975,471B5A131DF885407AAA563EABFE3778EB5D83C500407048117A16F27086B637,765FCFDF067801E3A12A0E4958CF8A64A323574161E36E530F60A22752EB5CD2,1459B54D4C9FCAA09F938DCA43A946F36B91DFE8CA4ACA01D334831F303A1EA6,D696BBFA42DD1A840708B9C42E824036862ED17D538B2B47551641D8145854DB,COMPLETE_FIXED_MODEL_BRANCH_READOUT_DIAGNOSTIC_NOT_FORMAL_ABLATION
ODCR-D696,RRSHID-Test,RRSHID-Test_0226,thick_fog/956.png,physical,17.539480209350586,0.29046690464019775,0.5270982980728149,0.3379875421524048,471B5A131DF885407AAA563EABFE3778EB5D83C500407048117A16F27086B637,765FCFDF067801E3A12A0E4958CF8A64A323574161E36E530F60A22752EB5CD2,43394472D0910F3F5C56C2B73EE1AD3F88643AA54F0E1B4AF239E6DF45E69E8C,D696BBFA42DD1A840708B9C42E824036862ED17D538B2B47551641D8145854DB,COMPLETE_FIXED_MODEL_BRANCH_READOUT_DIAGNOSTIC_NOT_FORMAL_ABLATION
ODCR-D696,RRSHID-Test,RRSHID-Test_0226,thick_fog/956.png,output,25.31719207763672,0.6722192764282227,0.41522306203842163,0.3443033695220947,471B5A131DF885407AAA563EABFE3778EB5D83C500407048117A16F27086B637,765FCFDF067801E3A12A0E4958CF8A64A323574161E36E530F60A22752EB5CD2,6B7EDE2460E4CFF02BB870E4A32B26C3A916168A8E779CA771386B591D9FF228,D696BBFA42DD1A840708B9C42E824036862ED17D538B2B47551641D8145854DB,COMPLETE_FIXED_MODEL_BRANCH_READOUT_DIAGNOSTIC_NOT_FORMAL_ABLATION
ODCR-D696,RRSHID-Test,RRSHID-Test_0227,thick_fog/957.png,direct,23.7655086517334,0.7497588992118835,0.3716319501399994,0.27303552627563477,4EF1E7892C0178014633046639DDFF18F0A736AB8CE91A077FEAF77F9540C040,825F1C7F3D45C7303D67E9E72522B3A6173AD14FC6226DA495558477545233E8,CE5D5D2255910FB21B0BF77083FF50BA64CA865ECDF4D7CD19F5CB30482A07F0,D696BBFA42DD1A840708B9C42E824036862ED17D538B2B47551641D8145854DB,COMPLETE_FIXED_MODEL_BRANCH_READOUT_DIAGNOSTIC_NOT_FORMAL_ABLATION
ODCR-D696,RRSHID-Test,RRSHID-Test_0227,thick_fog/957.png,physical,18.19601821899414,0.45898130536079407,0.4658752977848053,0.27585309743881226,4EF1E7892C0178014633046639DDFF18F0A736AB8CE91A077FEAF77F9540C040,825F1C7F3D45C7303D67E9E72522B3A6173AD14FC6226DA495558477545233E8,429B5C690565C811A6D1F9C78115369B627EB41F77DB765D3D9EF517D54664A3,D696BBFA42DD1A840708B9C42E824036862ED17D538B2B47551641D8145854DB,COMPLETE_FIXED_MODEL_BRANCH_READOUT_DIAGNOSTIC_NOT_FORMAL_ABLATION
ODCR-D696,RRSHID-Test,RRSHID-Test_0227,thick_fog/957.png,output,23.793495178222656,0.7509951591491699,0.3469804525375366,0.25523602962493896,4EF1E7892C0178014633046639DDFF18F0A736AB8CE91A077FEAF77F9540C040,825F1C7F3D45C7303D67E9E72522B3A6173AD14FC6226DA495558477545233E8,9AE0B8B6F123E8EBC821BB3E0BB43BE7DF2C1571695892D2A55EE28BCF79C241,D696BBFA42DD1A840708B9C42E824036862ED17D538B2B47551641D8145854DB,COMPLETE_FIXED_MODEL_BRANCH_READOUT_DIAGNOSTIC_NOT_FORMAL_ABLATION
ODCR-D696,RRSHID-Test,RRSHID-Test_0228,thick_fog/961.png,direct,20.567855834960938,0.5440556406974792,0.5177817344665527,0.35141992568969727,9DF8170ACA0E754A7762391D2ADF58DEE92B55C135499C40DE36D7F29CAD6F45,43A19AC64E6D68687072E752D675BAFD4411893CF8C22EF616167FFF78B44AEF,53D14E4BBF91824F86DC79002C295576E8582C01E84B5990E6A7A9ADD48C95F0,D696BBFA42DD1A840708B9C42E824036862ED17D538B2B47551641D8145854DB,COMPLETE_FIXED_MODEL_BRANCH_READOUT_DIAGNOSTIC_NOT_FORMAL_ABLATION
ODCR-D696,RRSHID-Test,RRSHID-Test_0228,thick_fog/961.png,physical,15.770051956176758,0.23231934010982513,0.621778130531311,0.3778054714202881,9DF8170ACA0E754A7762391D2ADF58DEE92B55C135499C40DE36D7F29CAD6F45,43A19AC64E6D68687072E752D675BAFD4411893CF8C22EF616167FFF78B44AEF,3209392872452BC82C57EFA55573F8AB2E3AFE246ED03C3A65AAB0D202B6FCFB,D696BBFA42DD1A840708B9C42E824036862ED17D538B2B47551641D8145854DB,COMPLETE_FIXED_MODEL_BRANCH_READOUT_DIAGNOSTIC_NOT_FORMAL_ABLATION
ODCR-D696,RRSHID-Test,RRSHID-Test_0228,thick_fog/961.png,output,20.6691837310791,0.5423188805580139,0.4973441958427429,0.33936917781829834,9DF8170ACA0E754A7762391D2ADF58DEE92B55C135499C40DE36D7F29CAD6F45,43A19AC64E6D68687072E752D675BAFD4411893CF8C22EF616167FFF78B44AEF,4C5282656AD8E51212F964D304B80B7379C36616B99C4551A8C88B0E863AACA5,D696BBFA42DD1A840708B9C42E824036862ED17D538B2B47551641D8145854DB,COMPLETE_FIXED_MODEL_BRANCH_READOUT_DIAGNOSTIC_NOT_FORMAL_ABLATION
ODCR-D696,RRSHID-Test,RRSHID-Test_0229,thin_fog/1023.png,direct,28.016691207885742,0.8265634179115295,0.20982035994529724,0.2221672534942627,F8F3E95417FC4437C0D63E36498E7E71C72C9C1538EFBE4FC07150B234E49D88,2D9EAC14F1184F42BF3EA6793DE41164C9167F01B9C949739B99A8C35DA711CA,A05A8C7CC3E53EF4620AAD5282D9832ED76F21F46FBBE3801B2E465AAB861126,D696BBFA42DD1A840708B9C42E824036862ED17D538B2B47551641D8145854DB,COMPLETE_FIXED_MODEL_BRANCH_READOUT_DIAGNOSTIC_NOT_FORMAL_ABLATION
ODCR-D696,RRSHID-Test,RRSHID-Test_0229,thin_fog/1023.png,physical,26.95665740966797,0.7673933506011963,0.39431703090667725,0.25754547119140625,F8F3E95417FC4437C0D63E36498E7E71C72C9C1538EFBE4FC07150B234E49D88,2D9EAC14F1184F42BF3EA6793DE41164C9167F01B9C949739B99A8C35DA711CA,585F1AC3B2E3CD881BE6316B6749FE33814EE12B3D05B2788D286CD5F47CF991,D696BBFA42DD1A840708B9C42E824036862ED17D538B2B47551641D8145854DB,COMPLETE_FIXED_MODEL_BRANCH_READOUT_DIAGNOSTIC_NOT_FORMAL_ABLATION
ODCR-D696,RRSHID-Test,RRSHID-Test_0229,thin_fog/1023.png,output,29.944080352783203,0.8644678592681885,0.18640471994876862,0.21646559238433838,F8F3E95417FC4437C0D63E36498E7E71C72C9C1538EFBE4FC07150B234E49D88,2D9EAC14F1184F42BF3EA6793DE41164C9167F01B9C949739B99A8C35DA711CA,A462AC8DB3192EA66FED1D69B80A4370044E2C3B98ADA6E998324E987DEAF019,D696BBFA42DD1A840708B9C42E824036862ED17D538B2B47551641D8145854DB,COMPLETE_FIXED_MODEL_BRANCH_READOUT_DIAGNOSTIC_NOT_FORMAL_ABLATION
ODCR-D696,RRSHID-Test,RRSHID-Test_0230,thin_fog/1035.png,direct,26.303308486938477,0.6598307490348816,0.3981799781322479,0.23198342323303223,FD54770E41AC62E6047F746643790935F7B967A44C502880115A461803DC828E,C5EDF64171F2F02C624DCAA57C014F30582E88E06F6AF5CB53F7471767D5F1FB,6F119C23A62608AE10199672512E2719CDFD98DDA9E5EDEBDB64F4DBBBD73EB4,D696BBFA42DD1A840708B9C42E824036862ED17D538B2B47551641D8145854DB,COMPLETE_FIXED_MODEL_BRANCH_READOUT_DIAGNOSTIC_NOT_FORMAL_ABLATION
ODCR-D696,RRSHID-Test,RRSHID-Test_0230,thin_fog/1035.png,physical,22.999155044555664,0.5912884473800659,0.26197266578674316,0.1950942873954773,FD54770E41AC62E6047F746643790935F7B967A44C502880115A461803DC828E,C5EDF64171F2F02C624DCAA57C014F30582E88E06F6AF5CB53F7471767D5F1FB,2FBF1D69A99DC42E78C219031DE822803D6CE3F245CA7D9D48109E84060E853E,D696BBFA42DD1A840708B9C42E824036862ED17D538B2B47551641D8145854DB,COMPLETE_FIXED_MODEL_BRANCH_READOUT_DIAGNOSTIC_NOT_FORMAL_ABLATION
ODCR-D696,RRSHID-Test,RRSHID-Test_0230,thin_fog/1035.png,output,26.70410919189453,0.6860897541046143,0.30523520708084106,0.2077162265777588,FD54770E41AC62E6047F746643790935F7B967A44C502880115A461803DC828E,C5EDF64171F2F02C624DCAA57C014F30582E88E06F6AF5CB53F7471767D5F1FB,E82D3A77510595319B214A095E6398401A6F45CCAD88E5A189D0DBE227677CC6,D696BBFA42DD1A840708B9C42E824036862ED17D538B2B47551641D8145854DB,COMPLETE_FIXED_MODEL_BRANCH_READOUT_DIAGNOSTIC_NOT_FORMAL_ABLATION
ODCR-D696,RRSHID-Test,RRSHID-Test_0231,thin_fog/1075.png,direct,24.841548919677734,0.6792915463447571,0.3641912043094635,0.23350787162780762,9E186D076E6CBAD817F7C4C3796E36BE3B4D3BF11D3D569616D2C89EF4ACEB71,558C788C71DC27C5EA7AB4C4936B1A507631BBEB60CA77A2764CA424DA8CD989,619155AB3F710AFBD02C66951EA6B7F3E5E5850132A759E26C564B28D3BDCBE9,D696BBFA42DD1A840708B9C42E824036862ED17D538B2B47551641D8145854DB,COMPLETE_FIXED_MODEL_BRANCH_READOUT_DIAGNOSTIC_NOT_FORMAL_ABLATION
ODCR-D696,RRSHID-Test,RRSHID-Test_0231,thin_fog/1075.png,physical,23.144189834594727,0.6279568076133728,0.24791990220546722,0.19728493690490723,9E186D076E6CBAD817F7C4C3796E36BE3B4D3BF11D3D569616D2C89EF4ACEB71,558C788C71DC27C5EA7AB4C4936B1A507631BBEB60CA77A2764CA424DA8CD989,DECFA295BF71598FF314C955A0BB40200722BF80A5AD54DE131CFF3E506EBD81,D696BBFA42DD1A840708B9C42E824036862ED17D538B2B47551641D8145854DB,COMPLETE_FIXED_MODEL_BRANCH_READOUT_DIAGNOSTIC_NOT_FORMAL_ABLATION
ODCR-D696,RRSHID-Test,RRSHID-Test_0231,thin_fog/1075.png,output,25.51740264892578,0.7055813670158386,0.28077414631843567,0.21500205993652344,9E186D076E6CBAD817F7C4C3796E36BE3B4D3BF11D3D569616D2C89EF4ACEB71,558C788C71DC27C5EA7AB4C4936B1A507631BBEB60CA77A2764CA424DA8CD989,C6CAC5A15AD2BAF4FBB19123A3372AEFE3DA617922727679D7776F418A5AECB5,D696BBFA42DD1A840708B9C42E824036862ED17D538B2B47551641D8145854DB,COMPLETE_FIXED_MODEL_BRANCH_READOUT_DIAGNOSTIC_NOT_FORMAL_ABLATION
ODCR-D696,RRSHID-Test,RRSHID-Test_0232,thin_fog/1230.png,direct,24.863239288330078,0.7491462230682373,0.2909601628780365,0.22398072481155396,59EE4815046B3C9C7F3FC6663092A1139B77FFD096854753B579132B3FBB4D96,F7B73D2156F18FC630221883958071C713756DA75AFDD15E3267357D20133CCF,B1269272E3DF957754D7D5C18101258B4C0565CB96EF0A68B01924DFAD1D80D1,D696BBFA42DD1A840708B9C42E824036862ED17D538B2B47551641D8145854DB,COMPLETE_FIXED_MODEL_BRANCH_READOUT_DIAGNOSTIC_NOT_FORMAL_ABLATION
ODCR-D696,RRSHID-Test,RRSHID-Test_0232,thin_fog/1230.png,physical,24.04601287841797,0.7181302905082703,0.29742616415023804,0.24005812406539917,59EE4815046B3C9C7F3FC6663092A1139B77FFD096854753B579132B3FBB4D96,F7B73D2156F18FC630221883958071C713756DA75AFDD15E3267357D20133CCF,3AF4DFE0C3180B6F5F83C664936521BC1A559D77D4C350DEF4E6F7FB9C41E842,D696BBFA42DD1A840708B9C42E824036862ED17D538B2B47551641D8145854DB,COMPLETE_FIXED_MODEL_BRANCH_READOUT_DIAGNOSTIC_NOT_FORMAL_ABLATION
ODCR-D696,RRSHID-Test,RRSHID-Test_0232,thin_fog/1230.png,output,26.218544006347656,0.7843573689460754,0.24237754940986633,0.21200788021087646,59EE4815046B3C9C7F3FC6663092A1139B77FFD096854753B579132B3FBB4D96,F7B73D2156F18FC630221883958071C713756DA75AFDD15E3267357D20133CCF,C87D31A2DC8323BA04DD9F4F8A9B495A1924596782BFC6FA47496A5514140FAD,D696BBFA42DD1A840708B9C42E824036862ED17D538B2B47551641D8145854DB,COMPLETE_FIXED_MODEL_BRANCH_READOUT_DIAGNOSTIC_NOT_FORMAL_ABLATION
ODCR-D696,RRSHID-Test,RRSHID-Test_0233,thin_fog/1291.png,direct,23.380525588989258,0.7219617366790771,0.33986568450927734,0.29223716259002686,04CA625AA4CC47F1502BB9C00B97B8E301B8FCC06492766841B448DA8E90A1CF,B6561B5854C0A0E324071FA0ABC96DE7346D182E1BFCBCA30DEC3DBB90FC4C22,D7689C6E2D1B8895A5733316FB9EEC7EFCF7FC5B49ED3D846717BE55AA71F556,D696BBFA42DD1A840708B9C42E824036862ED17D538B2B47551641D8145854DB,COMPLETE_FIXED_MODEL_BRANCH_READOUT_DIAGNOSTIC_NOT_FORMAL_ABLATION
ODCR-D696,RRSHID-Test,RRSHID-Test_0233,thin_fog/1291.png,physical,23.704952239990234,0.7119680047035217,0.35741668939590454,0.2776130437850952,04CA625AA4CC47F1502BB9C00B97B8E301B8FCC06492766841B448DA8E90A1CF,B6561B5854C0A0E324071FA0ABC96DE7346D182E1BFCBCA30DEC3DBB90FC4C22,7EB5D0B5ADA6D289CF511008F756A0E25A867B7F79479C7030CE531A12A49EA7,D696BBFA42DD1A840708B9C42E824036862ED17D538B2B47551641D8145854DB,COMPLETE_FIXED_MODEL_BRANCH_READOUT_DIAGNOSTIC_NOT_FORMAL_ABLATION
ODCR-D696,RRSHID-Test,RRSHID-Test_0233,thin_fog/1291.png,output,24.91484832763672,0.7643693089485168,0.2860362231731415,0.2752748131752014,04CA625AA4CC47F1502BB9C00B97B8E301B8FCC06492766841B448DA8E90A1CF,B6561B5854C0A0E324071FA0ABC96DE7346D182E1BFCBCA30DEC3DBB90FC4C22,2FF01DB079EECC6BAFEA961F340D1DE0AB1238CC0BAF3A05E73B31E6C1EDF675,D696BBFA42DD1A840708B9C42E824036862ED17D538B2B47551641D8145854DB,COMPLETE_FIXED_MODEL_BRANCH_READOUT_DIAGNOSTIC_NOT_FORMAL_ABLATION
ODCR-D696,RRSHID-Test,RRSHID-Test_0234,thin_fog/1292.png,direct,23.418237686157227,0.6565543413162231,0.43996167182922363,0.25561821460723877,A1A0C53EE0D55CC0ED7327CAE81F7AC9711F08554DB8E98C6A1895D50F385E29,1BFE67BB68CF59E78058CECE9FC33290F76DADF9BCBC20B7390BEF15722268B9,7A5C60816484C1BE3BAE24E65AFCD7D5FCF2FFD7D66067E52BC683EFA86F7FF6,D696BBFA42DD1A840708B9C42E824036862ED17D538B2B47551641D8145854DB,COMPLETE_FIXED_MODEL_BRANCH_READOUT_DIAGNOSTIC_NOT_FORMAL_ABLATION
ODCR-D696,RRSHID-Test,RRSHID-Test_0234,thin_fog/1292.png,physical,23.354721069335938,0.6639194488525391,0.3869859278202057,0.2402135729789734,A1A0C53EE0D55CC0ED7327CAE81F7AC9711F08554DB8E98C6A1895D50F385E29,1BFE67BB68CF59E78058CECE9FC33290F76DADF9BCBC20B7390BEF15722268B9,C0D06E6071E163AB40300291D45B309949F4C28AC1E0B5D92A28EE66DDB96FAA,D696BBFA42DD1A840708B9C42E824036862ED17D538B2B47551641D8145854DB,COMPLETE_FIXED_MODEL_BRANCH_READOUT_DIAGNOSTIC_NOT_FORMAL_ABLATION
ODCR-D696,RRSHID-Test,RRSHID-Test_0234,thin_fog/1292.png,output,24.77799415588379,0.7030794024467468,0.3874783515930176,0.24253618717193604,A1A0C53EE0D55CC0ED7327CAE81F7AC9711F08554DB8E98C6A1895D50F385E29,1BFE67BB68CF59E78058CECE9FC33290F76DADF9BCBC20B7390BEF15722268B9,FB3C941443838A3DCC21AD02D44ABE2FF34058981C5DD25EAEC35D8004DBEFBC,D696BBFA42DD1A840708B9C42E824036862ED17D538B2B47551641D8145854DB,COMPLETE_FIXED_MODEL_BRANCH_READOUT_DIAGNOSTIC_NOT_FORMAL_ABLATION
ODCR-D696,RRSHID-Test,RRSHID-Test_0235,thin_fog/1295.png,direct,20.715721130371094,0.6276612281799316,0.3359912037849426,0.24673044681549072,79A055039AB143FC48D7C7D6191B6CC84DD1ACE03074F48034488D771101DEA2,2F9CF3CA928E6BBDBFDCBC1C53C01A9077B5C0B5F6556CE0E0FFCC7B7B79F380,E21B2A62AD0341CE9DFA16251C71ED2C6E433CD1672AAEE62DC0058981FCFA46,D696BBFA42DD1A840708B9C42E824036862ED17D538B2B47551641D8145854DB,COMPLETE_FIXED_MODEL_BRANCH_READOUT_DIAGNOSTIC_NOT_FORMAL_ABLATION
ODCR-D696,RRSHID-Test,RRSHID-Test_0235,thin_fog/1295.png,physical,20.84048080444336,0.6039056181907654,0.39076411724090576,0.24612891674041748,79A055039AB143FC48D7C7D6191B6CC84DD1ACE03074F48034488D771101DEA2,2F9CF3CA928E6BBDBFDCBC1C53C01A9077B5C0B5F6556CE0E0FFCC7B7B79F380,2C069C40815A44F3C8206D8C5D1183F94226FB30681AA82835BEF723ACD89A08,D696BBFA42DD1A840708B9C42E824036862ED17D538B2B47551641D8145854DB,COMPLETE_FIXED_MODEL_BRANCH_READOUT_DIAGNOSTIC_NOT_FORMAL_ABLATION
ODCR-D696,RRSHID-Test,RRSHID-Test_0235,thin_fog/1295.png,output,21.792037963867188,0.6594468951225281,0.3144046366214752,0.2381734848022461,79A055039AB143FC48D7C7D6191B6CC84DD1ACE03074F48034488D771101DEA2,2F9CF3CA928E6BBDBFDCBC1C53C01A9077B5C0B5F6556CE0E0FFCC7B7B79F380,70C4B5A8B12592575F5B5BFC4805500CAC30790C05F68FB193B5116321E4E945,D696BBFA42DD1A840708B9C42E824036862ED17D538B2B47551641D8145854DB,COMPLETE_FIXED_MODEL_BRANCH_READOUT_DIAGNOSTIC_NOT_FORMAL_ABLATION
ODCR-D696,RRSHID-Test,RRSHID-Test_0236,thin_fog/130.png,direct,22.224327087402344,0.6834949851036072,0.1990150660276413,0.14562809467315674,1FBF6089EF50B34A00B4A0683022270B8D628A3B30BA5FD5FB5CBF8311B6B49D,774611CE99D6ED67C414C55EFC07AF8430DCB4D13018DE9AED2A192384ADF1F0,2B506C6FB9FB23EFFFBAD34CB2D955DEAAA381AE2F8BEB6693895DC8C957DD94,D696BBFA42DD1A840708B9C42E824036862ED17D538B2B47551641D8145854DB,COMPLETE_FIXED_MODEL_BRANCH_READOUT_DIAGNOSTIC_NOT_FORMAL_ABLATION
ODCR-D696,RRSHID-Test,RRSHID-Test_0236,thin_fog/130.png,physical,21.31008529663086,0.6270396709442139,0.19385245442390442,0.1547311544418335,1FBF6089EF50B34A00B4A0683022270B8D628A3B30BA5FD5FB5CBF8311B6B49D,774611CE99D6ED67C414C55EFC07AF8430DCB4D13018DE9AED2A192384ADF1F0,3D38FBEF0269B9FF8F293836A9489F5DF2A902ACD2A446FD98E4FCBBE268540D,D696BBFA42DD1A840708B9C42E824036862ED17D538B2B47551641D8145854DB,COMPLETE_FIXED_MODEL_BRANCH_READOUT_DIAGNOSTIC_NOT_FORMAL_ABLATION
ODCR-D696,RRSHID-Test,RRSHID-Test_0236,thin_fog/130.png,output,22.37430191040039,0.6795099377632141,0.17249342799186707,0.13106626272201538,1FBF6089EF50B34A00B4A0683022270B8D628A3B30BA5FD5FB5CBF8311B6B49D,774611CE99D6ED67C414C55EFC07AF8430DCB4D13018DE9AED2A192384ADF1F0,FCDB1DBECC385A6D58AA4B67AC7A0379BA9E8B018D28172A99C11C8A10C2AC52,D696BBFA42DD1A840708B9C42E824036862ED17D538B2B47551641D8145854DB,COMPLETE_FIXED_MODEL_BRANCH_READOUT_DIAGNOSTIC_NOT_FORMAL_ABLATION
ODCR-D696,RRSHID-Test,RRSHID-Test_0237,thin_fog/1422.png,direct,23.864269256591797,0.6385514140129089,0.3350551724433899,0.17716306447982788,7437B7963EFA7A0CB464A5B2D444922E23F98EE3372F5C662EF9EA4C4FCD1485,D4C570DC8D516D1AFDAA3B2FDA436D6FF73776E40BEFE21ED727F309CB827F5E,942BF7A8E7B5EAA4B3BBFE328E14FCC2B0DB3ADF3A4BA4B9B56970E7840BEF91,D696BBFA42DD1A840708B9C42E824036862ED17D538B2B47551641D8145854DB,COMPLETE_FIXED_MODEL_BRANCH_READOUT_DIAGNOSTIC_NOT_FORMAL_ABLATION
ODCR-D696,RRSHID-Test,RRSHID-Test_0237,thin_fog/1422.png,physical,22.84151268005371,0.5917955040931702,0.35294991731643677,0.1639779806137085,7437B7963EFA7A0CB464A5B2D444922E23F98EE3372F5C662EF9EA4C4FCD1485,D4C570DC8D516D1AFDAA3B2FDA436D6FF73776E40BEFE21ED727F309CB827F5E,CE5B16A0B02C087236B311918767856B42A28158348E44922F3C47A12F4F78AE,D696BBFA42DD1A840708B9C42E824036862ED17D538B2B47551641D8145854DB,COMPLETE_FIXED_MODEL_BRANCH_READOUT_DIAGNOSTIC_NOT_FORMAL_ABLATION
ODCR-D696,RRSHID-Test,RRSHID-Test_0237,thin_fog/1422.png,output,24.830358505249023,0.6673784852027893,0.29283052682876587,0.15769720077514648,7437B7963EFA7A0CB464A5B2D444922E23F98EE3372F5C662EF9EA4C4FCD1485,D4C570DC8D516D1AFDAA3B2FDA436D6FF73776E40BEFE21ED727F309CB827F5E,426188995494504565C8AE2DE24F31DC36E5B2EFD290C14A82CF4FC721006B84,D696BBFA42DD1A840708B9C42E824036862ED17D538B2B47551641D8145854DB,COMPLETE_FIXED_MODEL_BRANCH_READOUT_DIAGNOSTIC_NOT_FORMAL_ABLATION
ODCR-D696,RRSHID-Test,RRSHID-Test_0238,thin_fog/1432.png,direct,25.13913917541504,0.6655495762825012,0.3226824700832367,0.22105515003204346,3E484D246424DE275D5D8CF47BEA00C91BBD93D09D451BE25F2B08F449F031D5,AADF436BCD37848A76C2774213D0D63940ABED6CBCDFAA4D0C43916175081C4C,0DC9D4E8DBE53A9BD1FF451A58611801512655AA458E2B3BC7C072FC550C6DCD,D696BBFA42DD1A840708B9C42E824036862ED17D538B2B47551641D8145854DB,COMPLETE_FIXED_MODEL_BRANCH_READOUT_DIAGNOSTIC_NOT_FORMAL_ABLATION
ODCR-D696,RRSHID-Test,RRSHID-Test_0238,thin_fog/1432.png,physical,20.365585327148438,0.5070268511772156,0.31319206953048706,0.21535181999206543,3E484D246424DE275D5D8CF47BEA00C91BBD93D09D451BE25F2B08F449F031D5,AADF436BCD37848A76C2774213D0D63940ABED6CBCDFAA4D0C43916175081C4C,069C6506EF29409B9713729447F24BA6E07553A0DDD6A7212F8DB65AB4899742,D696BBFA42DD1A840708B9C42E824036862ED17D538B2B47551641D8145854DB,COMPLETE_FIXED_MODEL_BRANCH_READOUT_DIAGNOSTIC_NOT_FORMAL_ABLATION
ODCR-D696,RRSHID-Test,RRSHID-Test_0238,thin_fog/1432.png,output,24.59088134765625,0.6624581217765808,0.2598695158958435,0.19813859462738037,3E484D246424DE275D5D8CF47BEA00C91BBD93D09D451BE25F2B08F449F031D5,AADF436BCD37848A76C2774213D0D63940ABED6CBCDFAA4D0C43916175081C4C,8FF939416EADD0E97E04ADC3F38C41382E88CF24139462159B89BEDF876F13FC,D696BBFA42DD1A840708B9C42E824036862ED17D538B2B47551641D8145854DB,COMPLETE_FIXED_MODEL_BRANCH_READOUT_DIAGNOSTIC_NOT_FORMAL_ABLATION
ODCR-D696,RRSHID-Test,RRSHID-Test_0239,thin_fog/1571.png,direct,25.28424835205078,0.7693465352058411,0.2318907231092453,0.21133261919021606,D9389929A8F357AE327A9FE1C3994CE3B23A5FA5365EACBCC28947D3774D6506,9BAD8240D4349A9B4AB6445D3579F29761059C55697AAEA6B16391AF520811B1,704C5E9E8F1D17A53B7198E63B5D294BE49434E5A2AA2D61FD998BFAACED9B1C,D696BBFA42DD1A840708B9C42E824036862ED17D538B2B47551641D8145854DB,COMPLETE_FIXED_MODEL_BRANCH_READOUT_DIAGNOSTIC_NOT_FORMAL_ABLATION
ODCR-D696,RRSHID-Test,RRSHID-Test_0239,thin_fog/1571.png,physical,19.64972686767578,0.6257764101028442,0.2726740539073944,0.20783424377441406,D9389929A8F357AE327A9FE1C3994CE3B23A5FA5365EACBCC28947D3774D6506,9BAD8240D4349A9B4AB6445D3579F29761059C55697AAEA6B16391AF520811B1,4CAF6222FE9AC635F0774772364ABA6883802948E18AC8727C8B4F259695C0A9,D696BBFA42DD1A840708B9C42E824036862ED17D538B2B47551641D8145854DB,COMPLETE_FIXED_MODEL_BRANCH_READOUT_DIAGNOSTIC_NOT_FORMAL_ABLATION
ODCR-D696,RRSHID-Test,RRSHID-Test_0239,thin_fog/1571.png,output,23.970468521118164,0.768317699432373,0.20256207883358002,0.19882798194885254,D9389929A8F357AE327A9FE1C3994CE3B23A5FA5365EACBCC28947D3774D6506,9BAD8240D4349A9B4AB6445D3579F29761059C55697AAEA6B16391AF520811B1,C0603B27A419C101DF79E43A16A7E81A122AB53B60314DE6900D5113F463461E,D696BBFA42DD1A840708B9C42E824036862ED17D538B2B47551641D8145854DB,COMPLETE_FIXED_MODEL_BRANCH_READOUT_DIAGNOSTIC_NOT_FORMAL_ABLATION
ODCR-D696,RRSHID-Test,RRSHID-Test_0240,thin_fog/1615.png,direct,14.82007122039795,0.48498058319091797,0.5368484258651733,0.3436204195022583,6F0D4BB3BE01F25944B0A34E35ECDB9745CE7239AC44887B416E244CD4DB1CBD,B3C071A411EE59D2D06A71FB66FD653E96D7A8867810BA505BE06390A56E4832,47FEDEA7BD164A004BFC4048AB0805ECB9C841EEDC4BB595B6CC1BF86473D041,D696BBFA42DD1A840708B9C42E824036862ED17D538B2B47551641D8145854DB,COMPLETE_FIXED_MODEL_BRANCH_READOUT_DIAGNOSTIC_NOT_FORMAL_ABLATION
ODCR-D696,RRSHID-Test,RRSHID-Test_0240,thin_fog/1615.png,physical,15.693001747131348,0.4846508502960205,0.42027074098587036,0.24937212467193604,6F0D4BB3BE01F25944B0A34E35ECDB9745CE7239AC44887B416E244CD4DB1CBD,B3C071A411EE59D2D06A71FB66FD653E96D7A8867810BA505BE06390A56E4832,3BC327196B023A503121092F873D6BFF9204D403431B8EC3F60E18D07C5BB960,D696BBFA42DD1A840708B9C42E824036862ED17D538B2B47551641D8145854DB,COMPLETE_FIXED_MODEL_BRANCH_READOUT_DIAGNOSTIC_NOT_FORMAL_ABLATION
ODCR-D696,RRSHID-Test,RRSHID-Test_0240,thin_fog/1615.png,output,15.421194076538086,0.5235337615013123,0.43124452233314514,0.29529184103012085,6F0D4BB3BE01F25944B0A34E35ECDB9745CE7239AC44887B416E244CD4DB1CBD,B3C071A411EE59D2D06A71FB66FD653E96D7A8867810BA505BE06390A56E4832,1CF90867EAD484AAA7051AA7B3A9BD54448414817A38E022DBD367AB848C4D36,D696BBFA42DD1A840708B9C42E824036862ED17D538B2B47551641D8145854DB,COMPLETE_FIXED_MODEL_BRANCH_READOUT_DIAGNOSTIC_NOT_FORMAL_ABLATION
ODCR-D696,RRSHID-Test,RRSHID-Test_0241,thin_fog/1738.png,direct,22.390350341796875,0.5523656010627747,0.4391472339630127,0.3209441304206848,905C9990E9E523D07A949205B0AF5810450E947CD92CFD4F57B4655E5EF19306,F0E486EC07ADCF2AB6B7F543E698CAD70DC65EC26FE63303052A0E94A1780BB1,3E646AD0C640DC0657699EAD45C5E988487644A8215A0350A4E07C15707C63CF,D696BBFA42DD1A840708B9C42E824036862ED17D538B2B47551641D8145854DB,COMPLETE_FIXED_MODEL_BRANCH_READOUT_DIAGNOSTIC_NOT_FORMAL_ABLATION
ODCR-D696,RRSHID-Test,RRSHID-Test_0241,thin_fog/1738.png,physical,16.96416473388672,0.5603746175765991,0.37085404992103577,0.2964387536048889,905C9990E9E523D07A949205B0AF5810450E947CD92CFD4F57B4655E5EF19306,F0E486EC07ADCF2AB6B7F543E698CAD70DC65EC26FE63303052A0E94A1780BB1,B11A9D1383BBC7C0A8B8998D61FB43ADC826F59338EC8A464AAF09781F0B6EF8,D696BBFA42DD1A840708B9C42E824036862ED17D538B2B47551641D8145854DB,COMPLETE_FIXED_MODEL_BRANCH_READOUT_DIAGNOSTIC_NOT_FORMAL_ABLATION
ODCR-D696,RRSHID-Test,RRSHID-Test_0241,thin_fog/1738.png,output,21.70150375366211,0.5972291827201843,0.35511887073516846,0.28757166862487793,905C9990E9E523D07A949205B0AF5810450E947CD92CFD4F57B4655E5EF19306,F0E486EC07ADCF2AB6B7F543E698CAD70DC65EC26FE63303052A0E94A1780BB1,96D4A8C9D1C99806C2AC48895108400FBE77527CF12374E993ED3137F4BBFD98,D696BBFA42DD1A840708B9C42E824036862ED17D538B2B47551641D8145854DB,COMPLETE_FIXED_MODEL_BRANCH_READOUT_DIAGNOSTIC_NOT_FORMAL_ABLATION
ODCR-D696,RRSHID-Test,RRSHID-Test_0242,thin_fog/1744.png,direct,12.951916694641113,0.46865522861480713,0.3998832702636719,0.30733346939086914,19195813A606CED020D62501953E4F084C39BBE053D860AEE32C8818FD27614E,FEF835D45546323A710A8CA2E549184234CD58954CF15DACE7275079F8911187,886C594ABC823AC9E0127CF18811A9D1FB35AE37E2C15B14588F8C4CDE034096,D696BBFA42DD1A840708B9C42E824036862ED17D538B2B47551641D8145854DB,COMPLETE_FIXED_MODEL_BRANCH_READOUT_DIAGNOSTIC_NOT_FORMAL_ABLATION
ODCR-D696,RRSHID-Test,RRSHID-Test_0242,thin_fog/1744.png,physical,11.768877029418945,0.4017471373081207,0.3199191987514496,0.2669413089752197,19195813A606CED020D62501953E4F084C39BBE053D860AEE32C8818FD27614E,FEF835D45546323A710A8CA2E549184234CD58954CF15DACE7275079F8911187,ACD9487857B465036F633B1CD655F9BDA214D53B79D4A5A0B31B07406DFBE4FD,D696BBFA42DD1A840708B9C42E824036862ED17D538B2B47551641D8145854DB,COMPLETE_FIXED_MODEL_BRANCH_READOUT_DIAGNOSTIC_NOT_FORMAL_ABLATION
ODCR-D696,RRSHID-Test,RRSHID-Test_0242,thin_fog/1744.png,output,12.416654586791992,0.4713928997516632,0.31344741582870483,0.2696518301963806,19195813A606CED020D62501953E4F084C39BBE053D860AEE32C8818FD27614E,FEF835D45546323A710A8CA2E549184234CD58954CF15DACE7275079F8911187,289FC235736B75E973F3ABCE27124EEA45B1BD8EF8E1CD908EE4FEFC9DE02423,D696BBFA42DD1A840708B9C42E824036862ED17D538B2B47551641D8145854DB,COMPLETE_FIXED_MODEL_BRANCH_READOUT_DIAGNOSTIC_NOT_FORMAL_ABLATION
ODCR-D696,RRSHID-Test,RRSHID-Test_0243,thin_fog/1746.png,direct,18.162233352661133,0.4782629907131195,0.559759795665741,0.3510424494743347,7BB15E3951BEFCAC1D92FB73784A6A15ACC1EB795F41EC059A7E9D75232C1EE2,DD244A0C16774613C65F99F812A0A81D87CF0B1217CD1769A1DF0EEEA341B9C6,18325134BDF512E8A4F135AE2257F36C43D6C087F921B6201473D40E574A26BA,D696BBFA42DD1A840708B9C42E824036862ED17D538B2B47551641D8145854DB,COMPLETE_FIXED_MODEL_BRANCH_READOUT_DIAGNOSTIC_NOT_FORMAL_ABLATION
ODCR-D696,RRSHID-Test,RRSHID-Test_0243,thin_fog/1746.png,physical,17.084949493408203,0.4974971115589142,0.37953975796699524,0.27086853981018066,7BB15E3951BEFCAC1D92FB73784A6A15ACC1EB795F41EC059A7E9D75232C1EE2,DD244A0C16774613C65F99F812A0A81D87CF0B1217CD1769A1DF0EEEA341B9C6,79D1E87E86D0A31642B3A92CB133EA437D5EE3F55A7BB99BBFAC873B9538751B,D696BBFA42DD1A840708B9C42E824036862ED17D538B2B47551641D8145854DB,COMPLETE_FIXED_MODEL_BRANCH_READOUT_DIAGNOSTIC_NOT_FORMAL_ABLATION
ODCR-D696,RRSHID-Test,RRSHID-Test_0243,thin_fog/1746.png,output,18.415754318237305,0.5433576703071594,0.41144639253616333,0.2848142981529236,7BB15E3951BEFCAC1D92FB73784A6A15ACC1EB795F41EC059A7E9D75232C1EE2,DD244A0C16774613C65F99F812A0A81D87CF0B1217CD1769A1DF0EEEA341B9C6,D8872FFEAB6290FFB51FB2D21F963AB4F5FFD8F46F4AF661F9C3C0478612B013,D696BBFA42DD1A840708B9C42E824036862ED17D538B2B47551641D8145854DB,COMPLETE_FIXED_MODEL_BRANCH_READOUT_DIAGNOSTIC_NOT_FORMAL_ABLATION
ODCR-D696,RRSHID-Test,RRSHID-Test_0244,thin_fog/1747.png,direct,18.579172134399414,0.42974555492401123,0.549025297164917,0.3704574704170227,ED1ADC30B6A2796685E1C7867FF92853DCAD7267F3F5293250B87303B68BD218,27E21C31DF745285B5558A4979A99637034194BB25840F77FDFD0908274971CA,EF313FA63165A56AEC80774910239F9BCF64223F74B59559DCFEFA4469CA614F,D696BBFA42DD1A840708B9C42E824036862ED17D538B2B47551641D8145854DB,COMPLETE_FIXED_MODEL_BRANCH_READOUT_DIAGNOSTIC_NOT_FORMAL_ABLATION
ODCR-D696,RRSHID-Test,RRSHID-Test_0244,thin_fog/1747.png,physical,17.04228973388672,0.44594570994377136,0.4240194857120514,0.28532713651657104,ED1ADC30B6A2796685E1C7867FF92853DCAD7267F3F5293250B87303B68BD218,27E21C31DF745285B5558A4979A99637034194BB25840F77FDFD0908274971CA,E2C4231DEF74E1D3437C8E591BA1FAFF3E9FA9F1D45B7D180401D5DB870E2C19,D696BBFA42DD1A840708B9C42E824036862ED17D538B2B47551641D8145854DB,COMPLETE_FIXED_MODEL_BRANCH_READOUT_DIAGNOSTIC_NOT_FORMAL_ABLATION
ODCR-D696,RRSHID-Test,RRSHID-Test_0244,thin_fog/1747.png,output,18.466777801513672,0.4740656316280365,0.44610220193862915,0.30677032470703125,ED1ADC30B6A2796685E1C7867FF92853DCAD7267F3F5293250B87303B68BD218,27E21C31DF745285B5558A4979A99637034194BB25840F77FDFD0908274971CA,CF8B3F07909CF03F841DA110D8C5C42C76A527F26AB50499A51A6900086C3C67,D696BBFA42DD1A840708B9C42E824036862ED17D538B2B47551641D8145854DB,COMPLETE_FIXED_MODEL_BRANCH_READOUT_DIAGNOSTIC_NOT_FORMAL_ABLATION
ODCR-D696,RRSHID-Test,RRSHID-Test_0245,thin_fog/1762.png,direct,14.694743156433105,0.5013116002082825,0.7499659061431885,0.41383957862854004,C811E9B1B079FF9BAA133C08DE5AB5159E23898C50D77DF95D76064076932F25,AABE596D8F943D2D308176E3EF222721814BD5A517C0EDFF8EB5FFD9A7B38C6C,01F4695042B16D89F04DA86AEAE18B46ADD8AEAB422113B2CF558083EDE90239,D696BBFA42DD1A840708B9C42E824036862ED17D538B2B47551641D8145854DB,COMPLETE_FIXED_MODEL_BRANCH_READOUT_DIAGNOSTIC_NOT_FORMAL_ABLATION
ODCR-D696,RRSHID-Test,RRSHID-Test_0245,thin_fog/1762.png,physical,16.04229736328125,0.46052083373069763,0.5112760066986084,0.30893629789352417,C811E9B1B079FF9BAA133C08DE5AB5159E23898C50D77DF95D76064076932F25,AABE596D8F943D2D308176E3EF222721814BD5A517C0EDFF8EB5FFD9A7B38C6C,5670E91072BFAC85475D25659D148BA6ED716600D6AD4829EFAB468308C3F4EE,D696BBFA42DD1A840708B9C42E824036862ED17D538B2B47551641D8145854DB,COMPLETE_FIXED_MODEL_BRANCH_READOUT_DIAGNOSTIC_NOT_FORMAL_ABLATION
ODCR-D696,RRSHID-Test,RRSHID-Test_0245,thin_fog/1762.png,output,16.127452850341797,0.5332179069519043,0.6073793768882751,0.35888248682022095,C811E9B1B079FF9BAA133C08DE5AB5159E23898C50D77DF95D76064076932F25,AABE596D8F943D2D308176E3EF222721814BD5A517C0EDFF8EB5FFD9A7B38C6C,6BF8EDC70BDCFAF474FB4F38DE8254A8BD7012FCD6DF59A0C07AD1D2D3AEB653,D696BBFA42DD1A840708B9C42E824036862ED17D538B2B47551641D8145854DB,COMPLETE_FIXED_MODEL_BRANCH_READOUT_DIAGNOSTIC_NOT_FORMAL_ABLATION
ODCR-D696,RRSHID-Test,RRSHID-Test_0246,thin_fog/184.png,direct,27.733688354492188,0.862725019454956,0.1766461431980133,0.18118947744369507,79DA7C90E38D01F0FFA74812C40A2B4405F1D2CCFC8384AE21D3AC9557259960,F1F8998E25F4BE72665F4A8052A65688523A3FA0D4DC09C7945C2BCCFEB9F22C,7387C4E67081B6A6AABCE1EC4E282C83C5B74B5289E58B9447CFED19331CA495,D696BBFA42DD1A840708B9C42E824036862ED17D538B2B47551641D8145854DB,COMPLETE_FIXED_MODEL_BRANCH_READOUT_DIAGNOSTIC_NOT_FORMAL_ABLATION
ODCR-D696,RRSHID-Test,RRSHID-Test_0246,thin_fog/184.png,physical,22.117874145507812,0.754662036895752,0.29267561435699463,0.227880597114563,79DA7C90E38D01F0FFA74812C40A2B4405F1D2CCFC8384AE21D3AC9557259960,F1F8998E25F4BE72665F4A8052A65688523A3FA0D4DC09C7945C2BCCFEB9F22C,588472382CCFF569D62DA9F62336BA5D92C1AE7F34E044022BA124626ED932E9,D696BBFA42DD1A840708B9C42E824036862ED17D538B2B47551641D8145854DB,COMPLETE_FIXED_MODEL_BRANCH_READOUT_DIAGNOSTIC_NOT_FORMAL_ABLATION
ODCR-D696,RRSHID-Test,RRSHID-Test_0246,thin_fog/184.png,output,26.601945877075195,0.8685864806175232,0.16574449837207794,0.16994625329971313,79DA7C90E38D01F0FFA74812C40A2B4405F1D2CCFC8384AE21D3AC9557259960,F1F8998E25F4BE72665F4A8052A65688523A3FA0D4DC09C7945C2BCCFEB9F22C,8EEE4EF3FC3A0650683BBDDF0A44F4AEA32371E54C47FE718F873729DDC0EF0C,D696BBFA42DD1A840708B9C42E824036862ED17D538B2B47551641D8145854DB,COMPLETE_FIXED_MODEL_BRANCH_READOUT_DIAGNOSTIC_NOT_FORMAL_ABLATION
ODCR-D696,RRSHID-Test,RRSHID-Test_0247,thin_fog/2033.png,direct,15.19039249420166,0.28208187222480774,0.6522471308708191,0.37649381160736084,29212453AA8B060A13E0056B16D6233C3FE681939DA21997FDA966A51AB3FAF7,683843A7098548CD32C831ACD7EE91ED5BD57C873FA09B63F3238652C0B5143C,0C225FE9CC3A5084338A8DF89E468A8EE9EFE048F77FC4D1C7FF95929CBF0E21,D696BBFA42DD1A840708B9C42E824036862ED17D538B2B47551641D8145854DB,COMPLETE_FIXED_MODEL_BRANCH_READOUT_DIAGNOSTIC_NOT_FORMAL_ABLATION
ODCR-D696,RRSHID-Test,RRSHID-Test_0247,thin_fog/2033.png,physical,11.450204849243164,0.3338598310947418,0.5260910987854004,0.3533046841621399,29212453AA8B060A13E0056B16D6233C3FE681939DA21997FDA966A51AB3FAF7,683843A7098548CD32C831ACD7EE91ED5BD57C873FA09B63F3238652C0B5143C,7C24C2133D9FE85AA9B85F02F26673460B3FA5ACF407461487173495B6CFAC6D,D696BBFA42DD1A840708B9C42E824036862ED17D538B2B47551641D8145854DB,COMPLETE_FIXED_MODEL_BRANCH_READOUT_DIAGNOSTIC_NOT_FORMAL_ABLATION
ODCR-D696,RRSHID-Test,RRSHID-Test_0247,thin_fog/2033.png,output,14.343914985656738,0.3408362865447998,0.5227766036987305,0.33757174015045166,29212453AA8B060A13E0056B16D6233C3FE681939DA21997FDA966A51AB3FAF7,683843A7098548CD32C831ACD7EE91ED5BD57C873FA09B63F3238652C0B5143C,71FFDFA7B958FDAC6C0181873484F134330191B322E704B72ABFD56736E61269,D696BBFA42DD1A840708B9C42E824036862ED17D538B2B47551641D8145854DB,COMPLETE_FIXED_MODEL_BRANCH_READOUT_DIAGNOSTIC_NOT_FORMAL_ABLATION
ODCR-D696,RRSHID-Test,RRSHID-Test_0248,thin_fog/2036.png,direct,20.292787551879883,0.4761946201324463,0.5957050919532776,0.34696370363235474,3FE2F41F648E420BB88FBA4D4CFD3B80CD0DE69BBD132E4273BB2CE12DD1366C,51078933D4A47AAA855014828FB6B4A51F6AB94B0017129048169E340CFA015C,0A664A6B0790902EB78D965AA3CFD97B6E420AF8DC61C95E9A28716DC710E3A8,D696BBFA42DD1A840708B9C42E824036862ED17D538B2B47551641D8145854DB,COMPLETE_FIXED_MODEL_BRANCH_READOUT_DIAGNOSTIC_NOT_FORMAL_ABLATION
ODCR-D696,RRSHID-Test,RRSHID-Test_0248,thin_fog/2036.png,physical,11.396845817565918,0.4164775311946869,0.5615562200546265,0.3415924310684204,3FE2F41F648E420BB88FBA4D4CFD3B80CD0DE69BBD132E4273BB2CE12DD1366C,51078933D4A47AAA855014828FB6B4A51F6AB94B0017129048169E340CFA015C,DDA5562E023A57EB927F075FAB0D4258B5A17CE7C61B1EC2C305FDDE094C9385,D696BBFA42DD1A840708B9C42E824036862ED17D538B2B47551641D8145854DB,COMPLETE_FIXED_MODEL_BRANCH_READOUT_DIAGNOSTIC_NOT_FORMAL_ABLATION
ODCR-D696,RRSHID-Test,RRSHID-Test_0248,thin_fog/2036.png,output,19.279550552368164,0.5090895295143127,0.5110807418823242,0.3082426190376282,3FE2F41F648E420BB88FBA4D4CFD3B80CD0DE69BBD132E4273BB2CE12DD1366C,51078933D4A47AAA855014828FB6B4A51F6AB94B0017129048169E340CFA015C,855B61DE16CBFE31FD8FC7D9D1EE721F1D8204C0405296B39992B68BFC4CB34D,D696BBFA42DD1A840708B9C42E824036862ED17D538B2B47551641D8145854DB,COMPLETE_FIXED_MODEL_BRANCH_READOUT_DIAGNOSTIC_NOT_FORMAL_ABLATION
ODCR-D696,RRSHID-Test,RRSHID-Test_0249,thin_fog/2163.png,direct,17.103256225585938,0.4360998570919037,0.5168089866638184,0.39439642429351807,C032EA477A6110ECBFF3A602CA4E6D2D8560D7FFA7452966AD7F7A09B324C5AE,3A97001398F40A33B3F7E08FD96D03AE82EC685C6DB80127C475DC64F9C42A59,E1A30512436120B2DB6D6BD14C2C802569A01342D4DD140D4212825D2590CBE7,D696BBFA42DD1A840708B9C42E824036862ED17D538B2B47551641D8145854DB,COMPLETE_FIXED_MODEL_BRANCH_READOUT_DIAGNOSTIC_NOT_FORMAL_ABLATION
ODCR-D696,RRSHID-Test,RRSHID-Test_0249,thin_fog/2163.png,physical,16.198917388916016,0.4631398618221283,0.3379049003124237,0.29474931955337524,C032EA477A6110ECBFF3A602CA4E6D2D8560D7FFA7452966AD7F7A09B324C5AE,3A97001398F40A33B3F7E08FD96D03AE82EC685C6DB80127C475DC64F9C42A59,1EA440BF26C4148811CCD5155E2AC015D6ED266EE06C564E7F806FA705B5A06A,D696BBFA42DD1A840708B9C42E824036862ED17D538B2B47551641D8145854DB,COMPLETE_FIXED_MODEL_BRANCH_READOUT_DIAGNOSTIC_NOT_FORMAL_ABLATION
ODCR-D696,RRSHID-Test,RRSHID-Test_0249,thin_fog/2163.png,output,16.674251556396484,0.473370224237442,0.3533453941345215,0.3187955617904663,C032EA477A6110ECBFF3A602CA4E6D2D8560D7FFA7452966AD7F7A09B324C5AE,3A97001398F40A33B3F7E08FD96D03AE82EC685C6DB80127C475DC64F9C42A59,7D6832D23ED47071A66531300D51AF853DC123B2D2D15B0681574F686E7E1B2C,D696BBFA42DD1A840708B9C42E824036862ED17D538B2B47551641D8145854DB,COMPLETE_FIXED_MODEL_BRANCH_READOUT_DIAGNOSTIC_NOT_FORMAL_ABLATION
ODCR-D696,RRSHID-Test,RRSHID-Test_0250,thin_fog/2250.png,direct,22.702743530273438,0.5473448038101196,0.49304234981536865,0.3007134795188904,F59D6919C378FB43E8450806FD08FD3FECBBBFF825DDFB4E3CCAF9C63A1C79EB,C7BD0E9632DC70B2783C14EF2202670175AD0F8712BE25388D923B7024833C36,0DD24A7410BE6B631B52E7A6E7600126E4966E2BD7E754F1757FC62BCC5A2670,D696BBFA42DD1A840708B9C42E824036862ED17D538B2B47551641D8145854DB,COMPLETE_FIXED_MODEL_BRANCH_READOUT_DIAGNOSTIC_NOT_FORMAL_ABLATION
ODCR-D696,RRSHID-Test,RRSHID-Test_0250,thin_fog/2250.png,physical,14.626435279846191,0.4903768002986908,0.47196492552757263,0.28864240646362305,F59D6919C378FB43E8450806FD08FD3FECBBBFF825DDFB4E3CCAF9C63A1C79EB,C7BD0E9632DC70B2783C14EF2202670175AD0F8712BE25388D923B7024833C36,12F26C2BF02B62393E584ACE92D582428AFDB44448C4167ABF89AA8F09D31799,D696BBFA42DD1A840708B9C42E824036862ED17D538B2B47551641D8145854DB,COMPLETE_FIXED_MODEL_BRANCH_READOUT_DIAGNOSTIC_NOT_FORMAL_ABLATION
ODCR-D696,RRSHID-Test,RRSHID-Test_0250,thin_fog/2250.png,output,21.5638427734375,0.564250648021698,0.41884148120880127,0.26361632347106934,F59D6919C378FB43E8450806FD08FD3FECBBBFF825DDFB4E3CCAF9C63A1C79EB,C7BD0E9632DC70B2783C14EF2202670175AD0F8712BE25388D923B7024833C36,0C571723711B05C941AD12B99F085008ECD3899149C6F54F17C7E56D6613F94A,D696BBFA42DD1A840708B9C42E824036862ED17D538B2B47551641D8145854DB,COMPLETE_FIXED_MODEL_BRANCH_READOUT_DIAGNOSTIC_NOT_FORMAL_ABLATION
ODCR-D696,RRSHID-Test,RRSHID-Test_0251,thin_fog/2343.png,direct,18.893619537353516,0.46595343947410583,0.43815141916275024,0.31390029191970825,C0AB39A62734AE2958F8181B965F4DC962BE335217D32377F89A7E70181A9912,9EA42559924DFDCE7E5637E0E7063CB8C1D197A207AFF4C618E2D58751EB4E5E,4C7F4C3C9FD3B30635B07419223F376ACC0B30F75C4554DF0CD804F8B457A086,D696BBFA42DD1A840708B9C42E824036862ED17D538B2B47551641D8145854DB,COMPLETE_FIXED_MODEL_BRANCH_READOUT_DIAGNOSTIC_NOT_FORMAL_ABLATION
ODCR-D696,RRSHID-Test,RRSHID-Test_0251,thin_fog/2343.png,physical,15.283670425415039,0.33412227034568787,0.35119450092315674,0.2415274977684021,C0AB39A62734AE2958F8181B965F4DC962BE335217D32377F89A7E70181A9912,9EA42559924DFDCE7E5637E0E7063CB8C1D197A207AFF4C618E2D58751EB4E5E,DC80897E89F6D3FED2D1DDE44B925E763916E248933EE8883197D503BB3B54A0,D696BBFA42DD1A840708B9C42E824036862ED17D538B2B47551641D8145854DB,COMPLETE_FIXED_MODEL_BRANCH_READOUT_DIAGNOSTIC_NOT_FORMAL_ABLATION
ODCR-D696,RRSHID-Test,RRSHID-Test_0251,thin_fog/2343.png,output,19.01816177368164,0.4653925895690918,0.3906599283218384,0.29269683361053467,C0AB39A62734AE2958F8181B965F4DC962BE335217D32377F89A7E70181A9912,9EA42559924DFDCE7E5637E0E7063CB8C1D197A207AFF4C618E2D58751EB4E5E,B18EF0C4B0EE4E7414F1357E736FF3113A10620D0AACFE2BD5CD8AFF8C4B9AB9,D696BBFA42DD1A840708B9C42E824036862ED17D538B2B47551641D8145854DB,COMPLETE_FIXED_MODEL_BRANCH_READOUT_DIAGNOSTIC_NOT_FORMAL_ABLATION
ODCR-D696,RRSHID-Test,RRSHID-Test_0252,thin_fog/2369.png,direct,18.42360496520996,0.4164189398288727,0.5397608876228333,0.33643484115600586,FFCF07773485513948971611A17E072E00928EF44DEE431129D6B9B84FC9ABBD,F7301C3E15346D929A2CC209FE8DA1BA8298B9FAA1BA5FF9CFB5578C4DA562F8,C43ACD979409EB66AD7B475B39DC4A7BD87A97E4118D487063FBA02E4EFFC6D2,D696BBFA42DD1A840708B9C42E824036862ED17D538B2B47551641D8145854DB,COMPLETE_FIXED_MODEL_BRANCH_READOUT_DIAGNOSTIC_NOT_FORMAL_ABLATION
ODCR-D696,RRSHID-Test,RRSHID-Test_0252,thin_fog/2369.png,physical,16.24968719482422,0.37629878520965576,0.4761574864387512,0.26246726512908936,FFCF07773485513948971611A17E072E00928EF44DEE431129D6B9B84FC9ABBD,F7301C3E15346D929A2CC209FE8DA1BA8298B9FAA1BA5FF9CFB5578C4DA562F8,C4A497C854D78363111B1B98CB1DADC6ACAF8F3C65806CCA92C6B94BF5F9880E,D696BBFA42DD1A840708B9C42E824036862ED17D538B2B47551641D8145854DB,COMPLETE_FIXED_MODEL_BRANCH_READOUT_DIAGNOSTIC_NOT_FORMAL_ABLATION
ODCR-D696,RRSHID-Test,RRSHID-Test_0252,thin_fog/2369.png,output,18.81501579284668,0.43138912320137024,0.487128347158432,0.3022627830505371,FFCF07773485513948971611A17E072E00928EF44DEE431129D6B9B84FC9ABBD,F7301C3E15346D929A2CC209FE8DA1BA8298B9FAA1BA5FF9CFB5578C4DA562F8,7EAB396BF2E6E71B27DAC1D228F0EE457FAF21A8579FFBB049A4F68030A2EAB3,D696BBFA42DD1A840708B9C42E824036862ED17D538B2B47551641D8145854DB,COMPLETE_FIXED_MODEL_BRANCH_READOUT_DIAGNOSTIC_NOT_FORMAL_ABLATION
ODCR-D696,RRSHID-Test,RRSHID-Test_0253,thin_fog/2372.png,direct,17.674768447875977,0.3927609920501709,0.4352293610572815,0.29108160734176636,FDA7C45B617121BEA5C5235EDEA37C7E977AD9757DFC1415EC0061DBE524D4D5,9F1F2EA6A699FEA863D8B8F6A07BBBBD1CD6D273E0F0763365588A74CC48305D,5BCBCB333DCAF57CD79B2E0D0B526FA7375799AE47AE04ACD0D74050FE5A04A0,D696BBFA42DD1A840708B9C42E824036862ED17D538B2B47551641D8145854DB,COMPLETE_FIXED_MODEL_BRANCH_READOUT_DIAGNOSTIC_NOT_FORMAL_ABLATION
ODCR-D696,RRSHID-Test,RRSHID-Test_0253,thin_fog/2372.png,physical,17.20942497253418,0.37577497959136963,0.340362548828125,0.2483465075492859,FDA7C45B617121BEA5C5235EDEA37C7E977AD9757DFC1415EC0061DBE524D4D5,9F1F2EA6A699FEA863D8B8F6A07BBBBD1CD6D273E0F0763365588A74CC48305D,12385ED140ECE9FE101EB9279C3379623709E063B5D32E919587484102AF4A1C,D696BBFA42DD1A840708B9C42E824036862ED17D538B2B47551641D8145854DB,COMPLETE_FIXED_MODEL_BRANCH_READOUT_DIAGNOSTIC_NOT_FORMAL_ABLATION
ODCR-D696,RRSHID-Test,RRSHID-Test_0253,thin_fog/2372.png,output,17.95264434814453,0.414257287979126,0.3439681828022003,0.2636365294456482,FDA7C45B617121BEA5C5235EDEA37C7E977AD9757DFC1415EC0061DBE524D4D5,9F1F2EA6A699FEA863D8B8F6A07BBBBD1CD6D273E0F0763365588A74CC48305D,8404834A50A73605A3C4E4F08DB931C6C453A456C85B93571416543D329CD857,D696BBFA42DD1A840708B9C42E824036862ED17D538B2B47551641D8145854DB,COMPLETE_FIXED_MODEL_BRANCH_READOUT_DIAGNOSTIC_NOT_FORMAL_ABLATION
ODCR-D696,RRSHID-Test,RRSHID-Test_0254,thin_fog/2375.png,direct,17.539621353149414,0.45016583800315857,0.5271280407905579,0.308746874332428,E2C661E9E5D660942A723FB25919DF611883127B2B9CFB00870C5B27636F5683,91304C3AA93C1F41FA05259A942BCA429A408F773F22783319F6755BA5D1F261,3393D24E49E0E9DF4B463DCB875FB565DA6592B18A0E9471A8DC5BAEC973D152,D696BBFA42DD1A840708B9C42E824036862ED17D538B2B47551641D8145854DB,COMPLETE_FIXED_MODEL_BRANCH_READOUT_DIAGNOSTIC_NOT_FORMAL_ABLATION
ODCR-D696,RRSHID-Test,RRSHID-Test_0254,thin_fog/2375.png,physical,15.781525611877441,0.3705660402774811,0.5520544052124023,0.2943892478942871,E2C661E9E5D660942A723FB25919DF611883127B2B9CFB00870C5B27636F5683,91304C3AA93C1F41FA05259A942BCA429A408F773F22783319F6755BA5D1F261,84D3F901F3AD263AE6A02002BDD48EAF337C7CA5B03793CE29B23664A2CA51E2,D696BBFA42DD1A840708B9C42E824036862ED17D538B2B47551641D8145854DB,COMPLETE_FIXED_MODEL_BRANCH_READOUT_DIAGNOSTIC_NOT_FORMAL_ABLATION
ODCR-D696,RRSHID-Test,RRSHID-Test_0254,thin_fog/2375.png,output,17.52891731262207,0.4650818407535553,0.4847528040409088,0.2894321084022522,E2C661E9E5D660942A723FB25919DF611883127B2B9CFB00870C5B27636F5683,91304C3AA93C1F41FA05259A942BCA429A408F773F22783319F6755BA5D1F261,8BCAE9454604573EB388B0D2D49EFBFFEBBA9E0BA1E42F37C1D477EC1080C9E7,D696BBFA42DD1A840708B9C42E824036862ED17D538B2B47551641D8145854DB,COMPLETE_FIXED_MODEL_BRANCH_READOUT_DIAGNOSTIC_NOT_FORMAL_ABLATION
ODCR-D696,RRSHID-Test,RRSHID-Test_0255,thin_fog/2389.png,direct,17.501747131347656,0.4831060469150543,0.4191727638244629,0.2877899408340454,73C962219007B60DB0BC106AF7BA72462FB19A8F6409063BD9E9CE94289FFD0A,2012A1EF7DC3FB2001AA61B6E33E41BFECF2FEA19E52A4EC066BCAAEC8BE7C91,E03897609F4AB105B92CDFBD22970DCEBE94697783F119A7BE9094E1CBFE2722,D696BBFA42DD1A840708B9C42E824036862ED17D538B2B47551641D8145854DB,COMPLETE_FIXED_MODEL_BRANCH_READOUT_DIAGNOSTIC_NOT_FORMAL_ABLATION
ODCR-D696,RRSHID-Test,RRSHID-Test_0255,thin_fog/2389.png,physical,18.284833908081055,0.4892672300338745,0.35576555132865906,0.2420838475227356,73C962219007B60DB0BC106AF7BA72462FB19A8F6409063BD9E9CE94289FFD0A,2012A1EF7DC3FB2001AA61B6E33E41BFECF2FEA19E52A4EC066BCAAEC8BE7C91,7F588C4BACA4DDA9759E9F656DDCC0377CACE2832A6F6F0079BD001F8B7E579B,D696BBFA42DD1A840708B9C42E824036862ED17D538B2B47551641D8145854DB,COMPLETE_FIXED_MODEL_BRANCH_READOUT_DIAGNOSTIC_NOT_FORMAL_ABLATION
ODCR-D696,RRSHID-Test,RRSHID-Test_0255,thin_fog/2389.png,output,18.759496688842773,0.52681565284729,0.3404380977153778,0.24891602993011475,73C962219007B60DB0BC106AF7BA72462FB19A8F6409063BD9E9CE94289FFD0A,2012A1EF7DC3FB2001AA61B6E33E41BFECF2FEA19E52A4EC066BCAAEC8BE7C91,42051DA8410A153CF375FEBE267C856C16B14991E947895B4E11B67CE9EB2092,D696BBFA42DD1A840708B9C42E824036862ED17D538B2B47551641D8145854DB,COMPLETE_FIXED_MODEL_BRANCH_READOUT_DIAGNOSTIC_NOT_FORMAL_ABLATION
ODCR-D696,RRSHID-Test,RRSHID-Test_0256,thin_fog/2399.png,direct,18.250102996826172,0.5009482502937317,0.35103628039360046,0.20470768213272095,78E66ACF85AFCECB8EDFB0C00D58204596CD9377786F665895CA317A643AB88F,F39A418E5B87921CD48D091F9F5A54D70F549F27236039EBF8CFB956ACD7A962,DC107A317F5F3CED2B100ABE7DFEBBB6092DC1958811CDD4F5659D9DA8D14100,D696BBFA42DD1A840708B9C42E824036862ED17D538B2B47551641D8145854DB,COMPLETE_FIXED_MODEL_BRANCH_READOUT_DIAGNOSTIC_NOT_FORMAL_ABLATION
ODCR-D696,RRSHID-Test,RRSHID-Test_0256,thin_fog/2399.png,physical,18.422958374023438,0.4854259490966797,0.34716689586639404,0.17012929916381836,78E66ACF85AFCECB8EDFB0C00D58204596CD9377786F665895CA317A643AB88F,F39A418E5B87921CD48D091F9F5A54D70F549F27236039EBF8CFB956ACD7A962,352DA133A0C6C7F591F9420AD82AA39939D52CBFA4B4CA59172D1D32A28D5D62,D696BBFA42DD1A840708B9C42E824036862ED17D538B2B47551641D8145854DB,COMPLETE_FIXED_MODEL_BRANCH_READOUT_DIAGNOSTIC_NOT_FORMAL_ABLATION
ODCR-D696,RRSHID-Test,RRSHID-Test_0256,thin_fog/2399.png,output,18.74820899963379,0.5226426720619202,0.32316017150878906,0.17583972215652466,78E66ACF85AFCECB8EDFB0C00D58204596CD9377786F665895CA317A643AB88F,F39A418E5B87921CD48D091F9F5A54D70F549F27236039EBF8CFB956ACD7A962,EFF78576D667AF4DE408061B83BC8D75E24D4E8C912BC26B790895E29D866009,D696BBFA42DD1A840708B9C42E824036862ED17D538B2B47551641D8145854DB,COMPLETE_FIXED_MODEL_BRANCH_READOUT_DIAGNOSTIC_NOT_FORMAL_ABLATION
ODCR-D696,RRSHID-Test,RRSHID-Test_0257,thin_fog/2451.png,direct,18.59318733215332,0.5093578696250916,0.36467254161834717,0.23757684230804443,A45660CA0D7583ED3BF4ACDC3B8E66247A341A9903B07068C602AC17B5836F42,62D265EF63B1CC8F67E6D7E195489C2DFAE8EC3B4C64EFD3646ED9603B68920E,69835798CF3DB508571AC2111BD1D3189AB72120F576130CC5E2DDA13E364B83,D696BBFA42DD1A840708B9C42E824036862ED17D538B2B47551641D8145854DB,COMPLETE_FIXED_MODEL_BRANCH_READOUT_DIAGNOSTIC_NOT_FORMAL_ABLATION
ODCR-D696,RRSHID-Test,RRSHID-Test_0257,thin_fog/2451.png,physical,18.334373474121094,0.5099866390228271,0.35731765627861023,0.22867745161056519,A45660CA0D7583ED3BF4ACDC3B8E66247A341A9903B07068C602AC17B5836F42,62D265EF63B1CC8F67E6D7E195489C2DFAE8EC3B4C64EFD3646ED9603B68920E,3FF83B49984DABC7AC712EBF0179A91C1B1A707B4AE74EB9F13ACA9A34F1D052,D696BBFA42DD1A840708B9C42E824036862ED17D538B2B47551641D8145854DB,COMPLETE_FIXED_MODEL_BRANCH_READOUT_DIAGNOSTIC_NOT_FORMAL_ABLATION
ODCR-D696,RRSHID-Test,RRSHID-Test_0257,thin_fog/2451.png,output,19.015533447265625,0.5451207756996155,0.3227965533733368,0.21813416481018066,A45660CA0D7583ED3BF4ACDC3B8E66247A341A9903B07068C602AC17B5836F42,62D265EF63B1CC8F67E6D7E195489C2DFAE8EC3B4C64EFD3646ED9603B68920E,D0EE2388B7D443C061D6DB01257D0A31F7E8DD66F9A444CE337D602A5E0A03DD,D696BBFA42DD1A840708B9C42E824036862ED17D538B2B47551641D8145854DB,COMPLETE_FIXED_MODEL_BRANCH_READOUT_DIAGNOSTIC_NOT_FORMAL_ABLATION
ODCR-D696,RRSHID-Test,RRSHID-Test_0258,thin_fog/2465.png,direct,19.40450096130371,0.506340503692627,0.3974110782146454,0.23605334758758545,BD2F0476DB7505BA0BEA7A796EEE8C40005870665167EAA95144587CE56F9CAC,A90474AD7BAEF24C705369448C6D63B8C2C1C9058CD0DC091E27D2979AB86491,F5CE167322B973E401AC55E105A35C420A38FC5CFC8CD737A29524D9FC30520D,D696BBFA42DD1A840708B9C42E824036862ED17D538B2B47551641D8145854DB,COMPLETE_FIXED_MODEL_BRANCH_READOUT_DIAGNOSTIC_NOT_FORMAL_ABLATION
ODCR-D696,RRSHID-Test,RRSHID-Test_0258,thin_fog/2465.png,physical,18.178600311279297,0.4563428461551666,0.4109329283237457,0.2349047064781189,BD2F0476DB7505BA0BEA7A796EEE8C40005870665167EAA95144587CE56F9CAC,A90474AD7BAEF24C705369448C6D63B8C2C1C9058CD0DC091E27D2979AB86491,ABF43FE65BEA3FBAC29AD0B2BA7DE96E6A0ACB344FB0C1E6FE5FBD21CBB040F1,D696BBFA42DD1A840708B9C42E824036862ED17D538B2B47551641D8145854DB,COMPLETE_FIXED_MODEL_BRANCH_READOUT_DIAGNOSTIC_NOT_FORMAL_ABLATION
ODCR-D696,RRSHID-Test,RRSHID-Test_0258,thin_fog/2465.png,output,19.587909698486328,0.5314270853996277,0.37268155813217163,0.22444289922714233,BD2F0476DB7505BA0BEA7A796EEE8C40005870665167EAA95144587CE56F9CAC,A90474AD7BAEF24C705369448C6D63B8C2C1C9058CD0DC091E27D2979AB86491,3E66784D4D0D744024E44B113B93AD2BDB79E42A649A67BDFFEAEA027F6DC98B,D696BBFA42DD1A840708B9C42E824036862ED17D538B2B47551641D8145854DB,COMPLETE_FIXED_MODEL_BRANCH_READOUT_DIAGNOSTIC_NOT_FORMAL_ABLATION
ODCR-D696,RRSHID-Test,RRSHID-Test_0259,thin_fog/2481.png,direct,19.871280670166016,0.5530303120613098,0.33504846692085266,0.26060032844543457,8DE9DC9FB7EA0394C3354468172E9E9BA070D9B76DE848C1290D3AD5F3FE8111,80F8DB0A33BD3FEFB66456AA5234023F960B11439AB7F4626B8A63058A00C442,C6606AF72CFE520C3AE6635F1098EA572666B73D271FEF9495C0DD72D692CBE5,D696BBFA42DD1A840708B9C42E824036862ED17D538B2B47551641D8145854DB,COMPLETE_FIXED_MODEL_BRANCH_READOUT_DIAGNOSTIC_NOT_FORMAL_ABLATION
ODCR-D696,RRSHID-Test,RRSHID-Test_0259,thin_fog/2481.png,physical,16.544593811035156,0.47048667073249817,0.3600867986679077,0.26324814558029175,8DE9DC9FB7EA0394C3354468172E9E9BA070D9B76DE848C1290D3AD5F3FE8111,80F8DB0A33BD3FEFB66456AA5234023F960B11439AB7F4626B8A63058A00C442,78BDD9E5F188E8926E7CF8836FBE9E1554FE4966B5AA3AFB59551D5AF942F10B,D696BBFA42DD1A840708B9C42E824036862ED17D538B2B47551641D8145854DB,COMPLETE_FIXED_MODEL_BRANCH_READOUT_DIAGNOSTIC_NOT_FORMAL_ABLATION
ODCR-D696,RRSHID-Test,RRSHID-Test_0259,thin_fog/2481.png,output,19.667911529541016,0.5738674402236938,0.2716197669506073,0.2247539758682251,8DE9DC9FB7EA0394C3354468172E9E9BA070D9B76DE848C1290D3AD5F3FE8111,80F8DB0A33BD3FEFB66456AA5234023F960B11439AB7F4626B8A63058A00C442,29688DAAC6A98F35B61A253E089A524FC845DE022C70AF92662468374D04964A,D696BBFA42DD1A840708B9C42E824036862ED17D538B2B47551641D8145854DB,COMPLETE_FIXED_MODEL_BRANCH_READOUT_DIAGNOSTIC_NOT_FORMAL_ABLATION
ODCR-D696,RRSHID-Test,RRSHID-Test_0260,thin_fog/2511.png,direct,20.39596939086914,0.5147896409034729,0.3869934380054474,0.31127214431762695,831BBA2786E64B373EAFC9DD8EB68136E2B54AB06B7908987F63DFED4A27D2DF,5BCBBA7E94CD73AA6876722ED392A142BE52946073EF7490BEE7BC3E7F2341E2,F86BB67606CEE32164C7A75C69B7A7E9E96896D4709110305CD12C6C83EC5821,D696BBFA42DD1A840708B9C42E824036862ED17D538B2B47551641D8145854DB,COMPLETE_FIXED_MODEL_BRANCH_READOUT_DIAGNOSTIC_NOT_FORMAL_ABLATION
ODCR-D696,RRSHID-Test,RRSHID-Test_0260,thin_fog/2511.png,physical,17.412776947021484,0.3844660520553589,0.49021244049072266,0.2992985248565674,831BBA2786E64B373EAFC9DD8EB68136E2B54AB06B7908987F63DFED4A27D2DF,5BCBBA7E94CD73AA6876722ED392A142BE52946073EF7490BEE7BC3E7F2341E2,E8F354120F4C066D1804B5690116FF45EDB7CEC28341B1F84ECE3CA75BBB4242,D696BBFA42DD1A840708B9C42E824036862ED17D538B2B47551641D8145854DB,COMPLETE_FIXED_MODEL_BRANCH_READOUT_DIAGNOSTIC_NOT_FORMAL_ABLATION
ODCR-D696,RRSHID-Test,RRSHID-Test_0260,thin_fog/2511.png,output,20.60628890991211,0.5206018090248108,0.3580987751483917,0.2887822985649109,831BBA2786E64B373EAFC9DD8EB68136E2B54AB06B7908987F63DFED4A27D2DF,5BCBBA7E94CD73AA6876722ED392A142BE52946073EF7490BEE7BC3E7F2341E2,22568F0F0853A8BADE8DCD855DDDA8931614A7B4AA0140BDB6A18C12CCD25A27,D696BBFA42DD1A840708B9C42E824036862ED17D538B2B47551641D8145854DB,COMPLETE_FIXED_MODEL_BRANCH_READOUT_DIAGNOSTIC_NOT_FORMAL_ABLATION
ODCR-D696,RRSHID-Test,RRSHID-Test_0261,thin_fog/2543.png,direct,21.15127182006836,0.5595812797546387,0.45514994859695435,0.2754175662994385,1DE29C8313CAC17A39DA23C9AA0FB6DFF1698E0F7A5442CB712AC7E38B7A42D8,B902FF5DAB5CAA8E054CF6033E2361FB8FC9948E8499666368B691C978EF7881,7E9CCD5E9EC1729906A5A2214950A13ACE829D5916CCFDFA55833BD9EC4C17C9,D696BBFA42DD1A840708B9C42E824036862ED17D538B2B47551641D8145854DB,COMPLETE_FIXED_MODEL_BRANCH_READOUT_DIAGNOSTIC_NOT_FORMAL_ABLATION
ODCR-D696,RRSHID-Test,RRSHID-Test_0261,thin_fog/2543.png,physical,19.212602615356445,0.45137616991996765,0.5173648595809937,0.27327072620391846,1DE29C8313CAC17A39DA23C9AA0FB6DFF1698E0F7A5442CB712AC7E38B7A42D8,B902FF5DAB5CAA8E054CF6033E2361FB8FC9948E8499666368B691C978EF7881,957DC83A58AD81EE91C1C91659D87D5967AF25D5B306793C1CAAB450573316D8,D696BBFA42DD1A840708B9C42E824036862ED17D538B2B47551641D8145854DB,COMPLETE_FIXED_MODEL_BRANCH_READOUT_DIAGNOSTIC_NOT_FORMAL_ABLATION
ODCR-D696,RRSHID-Test,RRSHID-Test_0261,thin_fog/2543.png,output,21.5718994140625,0.5682801604270935,0.4222951829433441,0.25298774242401123,1DE29C8313CAC17A39DA23C9AA0FB6DFF1698E0F7A5442CB712AC7E38B7A42D8,B902FF5DAB5CAA8E054CF6033E2361FB8FC9948E8499666368B691C978EF7881,9F4469280F40C1E92A0C715AFCBFB089B54F2BFD76118F03201128E3FB7127BF,D696BBFA42DD1A840708B9C42E824036862ED17D538B2B47551641D8145854DB,COMPLETE_FIXED_MODEL_BRANCH_READOUT_DIAGNOSTIC_NOT_FORMAL_ABLATION
ODCR-D696,RRSHID-Test,RRSHID-Test_0262,thin_fog/2672.png,direct,22.26814079284668,0.6453698873519897,0.3220790922641754,0.22071999311447144,EFAF85C6BAB234DFE1C6F65D15F3CDF5A4CE0A7074B5D3D0279B13F5D222FA2B,5E73B93DAB523730791849A6681BD0124216976CDF9FFD5B9AC415A07D2D408D,9DC08AF346CE95BCDC5FA6E7E4270A508FB593583B924C33607C3D00AF819E5F,D696BBFA42DD1A840708B9C42E824036862ED17D538B2B47551641D8145854DB,COMPLETE_FIXED_MODEL_BRANCH_READOUT_DIAGNOSTIC_NOT_FORMAL_ABLATION
ODCR-D696,RRSHID-Test,RRSHID-Test_0262,thin_fog/2672.png,physical,13.068021774291992,0.3713362216949463,0.6582657098770142,0.332980215549469,EFAF85C6BAB234DFE1C6F65D15F3CDF5A4CE0A7074B5D3D0279B13F5D222FA2B,5E73B93DAB523730791849A6681BD0124216976CDF9FFD5B9AC415A07D2D408D,41560A235591D4C738E4A190D960D31C4395B04129C888D6A3638598D0C0E1FF,D696BBFA42DD1A840708B9C42E824036862ED17D538B2B47551641D8145854DB,COMPLETE_FIXED_MODEL_BRANCH_READOUT_DIAGNOSTIC_NOT_FORMAL_ABLATION
ODCR-D696,RRSHID-Test,RRSHID-Test_0262,thin_fog/2672.png,output,21.550674438476562,0.6284810900688171,0.3276006579399109,0.22742539644241333,EFAF85C6BAB234DFE1C6F65D15F3CDF5A4CE0A7074B5D3D0279B13F5D222FA2B,5E73B93DAB523730791849A6681BD0124216976CDF9FFD5B9AC415A07D2D408D,B46B92A48CB66D3B236CC41E83D39B4CB3D37DEF7E02ED818DEC8A5EFD60A4F2,D696BBFA42DD1A840708B9C42E824036862ED17D538B2B47551641D8145854DB,COMPLETE_FIXED_MODEL_BRANCH_READOUT_DIAGNOSTIC_NOT_FORMAL_ABLATION
ODCR-D696,RRSHID-Test,RRSHID-Test_0263,thin_fog/27.png,direct,26.040477752685547,0.7418028712272644,0.30172741413116455,0.18296635150909424,C825FCF260CEFE5A6E4781DF49E947FCF8EEE5136778CA39412447D5A58AE8DC,FF63FFC15E43E67E4BA98CD1774661C0B768CA26A1A6AC4F72EFD4EAD71C57D4,9C5A44AFB8D55F82CFCDDA2DBBC852AEE039DD17651B7F3835DD5F12CC3F57E7,D696BBFA42DD1A840708B9C42E824036862ED17D538B2B47551641D8145854DB,COMPLETE_FIXED_MODEL_BRANCH_READOUT_DIAGNOSTIC_NOT_FORMAL_ABLATION
ODCR-D696,RRSHID-Test,RRSHID-Test_0263,thin_fog/27.png,physical,20.491437911987305,0.5738576054573059,0.4086621105670929,0.22997641563415527,C825FCF260CEFE5A6E4781DF49E947FCF8EEE5136778CA39412447D5A58AE8DC,FF63FFC15E43E67E4BA98CD1774661C0B768CA26A1A6AC4F72EFD4EAD71C57D4,BBDE8AE518C51D049533A31C6548077AEA88B6C69D0EAC561B1AFD32AF0B5549,D696BBFA42DD1A840708B9C42E824036862ED17D538B2B47551641D8145854DB,COMPLETE_FIXED_MODEL_BRANCH_READOUT_DIAGNOSTIC_NOT_FORMAL_ABLATION
ODCR-D696,RRSHID-Test,RRSHID-Test_0263,thin_fog/27.png,output,25.31447410583496,0.7438108325004578,0.25867706537246704,0.17439329624176025,C825FCF260CEFE5A6E4781DF49E947FCF8EEE5136778CA39412447D5A58AE8DC,FF63FFC15E43E67E4BA98CD1774661C0B768CA26A1A6AC4F72EFD4EAD71C57D4,F655333031FB765BE2EBA4C19AA7FF1BB819CFEC07C6B472D0895AB870B1A272,D696BBFA42DD1A840708B9C42E824036862ED17D538B2B47551641D8145854DB,COMPLETE_FIXED_MODEL_BRANCH_READOUT_DIAGNOSTIC_NOT_FORMAL_ABLATION
ODCR-D696,RRSHID-Test,RRSHID-Test_0264,thin_fog/2706.png,direct,21.431076049804688,0.4704776108264923,0.535053551197052,0.3260464072227478,D2DC480EC12AC51A8098991728E371A7476A2B33B6EC879A7F9982B6F34C639C,E47228FD35750D491249F3F9F7DC1BCF6052F6DC27B194790A334E339637AE9D,120F304AF15922D22FFF8D2842EDD5306E111F5BD1DB149DA9F488714A1C334E,D696BBFA42DD1A840708B9C42E824036862ED17D538B2B47551641D8145854DB,COMPLETE_FIXED_MODEL_BRANCH_READOUT_DIAGNOSTIC_NOT_FORMAL_ABLATION
ODCR-D696,RRSHID-Test,RRSHID-Test_0264,thin_fog/2706.png,physical,18.73064613342285,0.35600829124450684,0.4748595058917999,0.3201907277107239,D2DC480EC12AC51A8098991728E371A7476A2B33B6EC879A7F9982B6F34C639C,E47228FD35750D491249F3F9F7DC1BCF6052F6DC27B194790A334E339637AE9D,9F94CE3A3D1AD829CE27D26DE1F0D70572D188163BB84EF59A0C7003D28A9A82,D696BBFA42DD1A840708B9C42E824036862ED17D538B2B47551641D8145854DB,COMPLETE_FIXED_MODEL_BRANCH_READOUT_DIAGNOSTIC_NOT_FORMAL_ABLATION
ODCR-D696,RRSHID-Test,RRSHID-Test_0264,thin_fog/2706.png,output,20.700647354125977,0.45255792140960693,0.46189433336257935,0.30869060754776,D2DC480EC12AC51A8098991728E371A7476A2B33B6EC879A7F9982B6F34C639C,E47228FD35750D491249F3F9F7DC1BCF6052F6DC27B194790A334E339637AE9D,A6A508405DE4C7669E7AF741D20F9AF49B123ADA459C523E81E58F89A3BF9A5D,D696BBFA42DD1A840708B9C42E824036862ED17D538B2B47551641D8145854DB,COMPLETE_FIXED_MODEL_BRANCH_READOUT_DIAGNOSTIC_NOT_FORMAL_ABLATION
ODCR-D696,RRSHID-Test,RRSHID-Test_0265,thin_fog/2725.png,direct,19.37682342529297,0.46195629239082336,0.5361201763153076,0.33736586570739746,A907D2CC7BE39B12E45C61328B7B0463E917FA9FF6FF4E15C4987F072AB31CE4,0B7284A4D5FBF85FF586B7FD9AAE38174227798D17060A166D16283767C61E03,36CDD390084FF45CD0060B0E25A54471455E04930A967D25351FD03AB15D0816,D696BBFA42DD1A840708B9C42E824036862ED17D538B2B47551641D8145854DB,COMPLETE_FIXED_MODEL_BRANCH_READOUT_DIAGNOSTIC_NOT_FORMAL_ABLATION
ODCR-D696,RRSHID-Test,RRSHID-Test_0265,thin_fog/2725.png,physical,12.685781478881836,0.3399156630039215,0.5208232402801514,0.35535162687301636,A907D2CC7BE39B12E45C61328B7B0463E917FA9FF6FF4E15C4987F072AB31CE4,0B7284A4D5FBF85FF586B7FD9AAE38174227798D17060A166D16283767C61E03,6F82C1B59F73A4EA13E9A0997A47A9DF6D88DF4D218BD645199B1EBD696014E9,D696BBFA42DD1A840708B9C42E824036862ED17D538B2B47551641D8145854DB,COMPLETE_FIXED_MODEL_BRANCH_READOUT_DIAGNOSTIC_NOT_FORMAL_ABLATION
ODCR-D696,RRSHID-Test,RRSHID-Test_0265,thin_fog/2725.png,output,19.36033058166504,0.4745369255542755,0.4532010555267334,0.31293821334838867,A907D2CC7BE39B12E45C61328B7B0463E917FA9FF6FF4E15C4987F072AB31CE4,0B7284A4D5FBF85FF586B7FD9AAE38174227798D17060A166D16283767C61E03,DCA8AA145111B312802A144CA602455AC74A7822F83C15280B733D714AC217F7,D696BBFA42DD1A840708B9C42E824036862ED17D538B2B47551641D8145854DB,COMPLETE_FIXED_MODEL_BRANCH_READOUT_DIAGNOSTIC_NOT_FORMAL_ABLATION
ODCR-D696,RRSHID-Test,RRSHID-Test_0266,thin_fog/2727.png,direct,19.51987075805664,0.4341091215610504,0.5045774579048157,0.3391854763031006,2AD73107E55A7983179AC35F479ADB9F318EFDC17EE072EC34CF75733414886C,A653E2453AAA78BB61FEB3837DAF04D219E06877BD445E49338938D737F41088,3A445E307397D7BB91678448231F2B0A02A4ECA235373DBFC2888218D05C77C4,D696BBFA42DD1A840708B9C42E824036862ED17D538B2B47551641D8145854DB,COMPLETE_FIXED_MODEL_BRANCH_READOUT_DIAGNOSTIC_NOT_FORMAL_ABLATION
ODCR-D696,RRSHID-Test,RRSHID-Test_0266,thin_fog/2727.png,physical,17.182682037353516,0.34123101830482483,0.3710799217224121,0.24498724937438965,2AD73107E55A7983179AC35F479ADB9F318EFDC17EE072EC34CF75733414886C,A653E2453AAA78BB61FEB3837DAF04D219E06877BD445E49338938D737F41088,D8C03E69733CC5DA07621A1A2068D18BC27AB4DD7719BC1F0B748488CDD10013,D696BBFA42DD1A840708B9C42E824036862ED17D538B2B47551641D8145854DB,COMPLETE_FIXED_MODEL_BRANCH_READOUT_DIAGNOSTIC_NOT_FORMAL_ABLATION
ODCR-D696,RRSHID-Test,RRSHID-Test_0266,thin_fog/2727.png,output,19.20423698425293,0.42240968346595764,0.38564327359199524,0.2804267406463623,2AD73107E55A7983179AC35F479ADB9F318EFDC17EE072EC34CF75733414886C,A653E2453AAA78BB61FEB3837DAF04D219E06877BD445E49338938D737F41088,EB324F9036A1585C976B16A9BFD93962FDD991D360017EB617EE4C86A7AD5190,D696BBFA42DD1A840708B9C42E824036862ED17D538B2B47551641D8145854DB,COMPLETE_FIXED_MODEL_BRANCH_READOUT_DIAGNOSTIC_NOT_FORMAL_ABLATION
ODCR-D696,RRSHID-Test,RRSHID-Test_0267,thin_fog/2738.png,direct,20.09697151184082,0.4195786714553833,0.5173854231834412,0.3589615225791931,E3DA205EBBF38369EE7860BBCE51DFBB5F8EB52D93394383EB6C4002F6D9B38F,E513BB384C0C57B5C2275260FD19DE979E37464796C6AE162DB60C8D1D86A09E,F1B31C7862429BEFC3A003DDB1B87A47CDA1FE9B9E30F60C1A6F6218A53E9213,D696BBFA42DD1A840708B9C42E824036862ED17D538B2B47551641D8145854DB,COMPLETE_FIXED_MODEL_BRANCH_READOUT_DIAGNOSTIC_NOT_FORMAL_ABLATION
ODCR-D696,RRSHID-Test,RRSHID-Test_0267,thin_fog/2738.png,physical,18.51990509033203,0.3152945041656494,0.3990894556045532,0.24307793378829956,E3DA205EBBF38369EE7860BBCE51DFBB5F8EB52D93394383EB6C4002F6D9B38F,E513BB384C0C57B5C2275260FD19DE979E37464796C6AE162DB60C8D1D86A09E,522D0F5BB33154DAD055AFB195610FB0DA1D0D3939103372E4A413E1B5BDCC45,D696BBFA42DD1A840708B9C42E824036862ED17D538B2B47551641D8145854DB,COMPLETE_FIXED_MODEL_BRANCH_READOUT_DIAGNOSTIC_NOT_FORMAL_ABLATION
ODCR-D696,RRSHID-Test,RRSHID-Test_0267,thin_fog/2738.png,output,19.965576171875,0.4146292209625244,0.4067605137825012,0.2862527370452881,E3DA205EBBF38369EE7860BBCE51DFBB5F8EB52D93394383EB6C4002F6D9B38F,E513BB384C0C57B5C2275260FD19DE979E37464796C6AE162DB60C8D1D86A09E,4407E798D83AC58FBF4A561277BE1080AEA20114CDF92D62631B821747AFDC77,D696BBFA42DD1A840708B9C42E824036862ED17D538B2B47551641D8145854DB,COMPLETE_FIXED_MODEL_BRANCH_READOUT_DIAGNOSTIC_NOT_FORMAL_ABLATION
ODCR-D696,RRSHID-Test,RRSHID-Test_0268,thin_fog/2741.png,direct,18.736068725585938,0.37929752469062805,0.5594515800476074,0.34372490644454956,0AE5819AFD5A3AC6ABDF569D144046661CB78C592D5CD10C1DA4CD1C5DEC7EE8,3CA237E71B0111FC49C8E854E4D6A4E79DC9916D285493123C4864037D115652,D04B4EE70CB1D4604D215B34B1DAFB197DFCED87DC9B5A1BE2C7D2BC6D88DE92,D696BBFA42DD1A840708B9C42E824036862ED17D538B2B47551641D8145854DB,COMPLETE_FIXED_MODEL_BRANCH_READOUT_DIAGNOSTIC_NOT_FORMAL_ABLATION
ODCR-D696,RRSHID-Test,RRSHID-Test_0268,thin_fog/2741.png,physical,16.578041076660156,0.30577385425567627,0.43754076957702637,0.27117735147476196,0AE5819AFD5A3AC6ABDF569D144046661CB78C592D5CD10C1DA4CD1C5DEC7EE8,3CA237E71B0111FC49C8E854E4D6A4E79DC9916D285493123C4864037D115652,56CA6D03952ECEE0FA864A33C19E8FBA745136066FDFFF8887AD5E4B3C23F643,D696BBFA42DD1A840708B9C42E824036862ED17D538B2B47551641D8145854DB,COMPLETE_FIXED_MODEL_BRANCH_READOUT_DIAGNOSTIC_NOT_FORMAL_ABLATION
ODCR-D696,RRSHID-Test,RRSHID-Test_0268,thin_fog/2741.png,output,18.686023712158203,0.3996303975582123,0.4503309726715088,0.29719316959381104,0AE5819AFD5A3AC6ABDF569D144046661CB78C592D5CD10C1DA4CD1C5DEC7EE8,3CA237E71B0111FC49C8E854E4D6A4E79DC9916D285493123C4864037D115652,730C055A5385E545DB7EA91BCD0F162FFFC17B05873F4F5D1418ECAF82441D16,D696BBFA42DD1A840708B9C42E824036862ED17D538B2B47551641D8145854DB,COMPLETE_FIXED_MODEL_BRANCH_READOUT_DIAGNOSTIC_NOT_FORMAL_ABLATION
ODCR-D696,RRSHID-Test,RRSHID-Test_0269,thin_fog/2749.png,direct,22.66960906982422,0.5042838454246521,0.4859810471534729,0.33611541986465454,2A36B6DC787C660B29B66B82BB44CFDF3E8509798BEA40A94AB43DD9F39BB83D,F83CB98F47A1FE05AB0DA82FDA9075D3A5F865F09A8D02223E90521D4994D655,5F42A9DF172D1747345E0AF875612EEE4CF5380BF8122EA46C7921EC07F5EA83,D696BBFA42DD1A840708B9C42E824036862ED17D538B2B47551641D8145854DB,COMPLETE_FIXED_MODEL_BRANCH_READOUT_DIAGNOSTIC_NOT_FORMAL_ABLATION
ODCR-D696,RRSHID-Test,RRSHID-Test_0269,thin_fog/2749.png,physical,19.63429832458496,0.368947833776474,0.4050128757953644,0.2703201174736023,2A36B6DC787C660B29B66B82BB44CFDF3E8509798BEA40A94AB43DD9F39BB83D,F83CB98F47A1FE05AB0DA82FDA9075D3A5F865F09A8D02223E90521D4994D655,44AE0F02B6B0B66CE1561A1F8ED54FDA8BEC1BBB92C386CBEEEF1118657D39CF,D696BBFA42DD1A840708B9C42E824036862ED17D538B2B47551641D8145854DB,COMPLETE_FIXED_MODEL_BRANCH_READOUT_DIAGNOSTIC_NOT_FORMAL_ABLATION
ODCR-D696,RRSHID-Test,RRSHID-Test_0269,thin_fog/2749.png,output,22.728139877319336,0.49197515845298767,0.3806212544441223,0.2851718068122864,2A36B6DC787C660B29B66B82BB44CFDF3E8509798BEA40A94AB43DD9F39BB83D,F83CB98F47A1FE05AB0DA82FDA9075D3A5F865F09A8D02223E90521D4994D655,DA9010F434F5064F049CD7205F51FAC58FCE3685EB039393B80312C7E0D470B5,D696BBFA42DD1A840708B9C42E824036862ED17D538B2B47551641D8145854DB,COMPLETE_FIXED_MODEL_BRANCH_READOUT_DIAGNOSTIC_NOT_FORMAL_ABLATION
ODCR-D696,RRSHID-Test,RRSHID-Test_0270,thin_fog/2759.png,direct,17.70602798461914,0.4303433895111084,0.5157899260520935,0.3257688283920288,C247042CED6AF8EEEFC5B44FEE9B06600A73959364BE7FBF8F6FDAE479C11FB8,6399E3761BEC79EA4B531862D3AFACFAE22271AC93607BAF751E4D2614836456,1EECE9E45439D0A6394F1A3036E4A3DD86DD6E8CED1CCD1D287F36EDCB151088,D696BBFA42DD1A840708B9C42E824036862ED17D538B2B47551641D8145854DB,COMPLETE_FIXED_MODEL_BRANCH_READOUT_DIAGNOSTIC_NOT_FORMAL_ABLATION
ODCR-D696,RRSHID-Test,RRSHID-Test_0270,thin_fog/2759.png,physical,16.002710342407227,0.35739561915397644,0.3744043707847595,0.26228010654449463,C247042CED6AF8EEEFC5B44FEE9B06600A73959364BE7FBF8F6FDAE479C11FB8,6399E3761BEC79EA4B531862D3AFACFAE22271AC93607BAF751E4D2614836456,7C5EAFA996853336D77680C3AE63100958D206A4203DCF747FF0BDD8E66363A0,D696BBFA42DD1A840708B9C42E824036862ED17D538B2B47551641D8145854DB,COMPLETE_FIXED_MODEL_BRANCH_READOUT_DIAGNOSTIC_NOT_FORMAL_ABLATION
ODCR-D696,RRSHID-Test,RRSHID-Test_0270,thin_fog/2759.png,output,17.342432022094727,0.42022421956062317,0.3899470865726471,0.27416718006134033,C247042CED6AF8EEEFC5B44FEE9B06600A73959364BE7FBF8F6FDAE479C11FB8,6399E3761BEC79EA4B531862D3AFACFAE22271AC93607BAF751E4D2614836456,BF6CA542A73FFC2826B639C944A59722FD34FB642F5F8C04111E740BC63DDB10,D696BBFA42DD1A840708B9C42E824036862ED17D538B2B47551641D8145854DB,COMPLETE_FIXED_MODEL_BRANCH_READOUT_DIAGNOSTIC_NOT_FORMAL_ABLATION
ODCR-D696,RRSHID-Test,RRSHID-Test_0271,thin_fog/2772.png,direct,19.93271255493164,0.3809669315814972,0.5792948007583618,0.332822322845459,DE8C41AC5E487F33EFE8954209E4B02E0C78E9F85FCB4AD11E5B38A85B0EC41E,69CB85E2F5B9E675E0D5CC7C8AEDE8905EA3E683FFEFE6E0D52E1E6D74DD5ECC,560D90AD0CCF3FEF385147DA223F70C29DE404DB9CF3708272201009AD5E78B0,D696BBFA42DD1A840708B9C42E824036862ED17D538B2B47551641D8145854DB,COMPLETE_FIXED_MODEL_BRANCH_READOUT_DIAGNOSTIC_NOT_FORMAL_ABLATION
ODCR-D696,RRSHID-Test,RRSHID-Test_0271,thin_fog/2772.png,physical,17.950342178344727,0.3063548505306244,0.41682010889053345,0.2514660954475403,DE8C41AC5E487F33EFE8954209E4B02E0C78E9F85FCB4AD11E5B38A85B0EC41E,69CB85E2F5B9E675E0D5CC7C8AEDE8905EA3E683FFEFE6E0D52E1E6D74DD5ECC,E0124CDE28FB38FA14E485B1905A27BF9CF39D5BB3E0B7C71D217A92BFE30DEC,D696BBFA42DD1A840708B9C42E824036862ED17D538B2B47551641D8145854DB,COMPLETE_FIXED_MODEL_BRANCH_READOUT_DIAGNOSTIC_NOT_FORMAL_ABLATION
ODCR-D696,RRSHID-Test,RRSHID-Test_0271,thin_fog/2772.png,output,19.998981475830078,0.3850996792316437,0.45316436886787415,0.28430497646331787,DE8C41AC5E487F33EFE8954209E4B02E0C78E9F85FCB4AD11E5B38A85B0EC41E,69CB85E2F5B9E675E0D5CC7C8AEDE8905EA3E683FFEFE6E0D52E1E6D74DD5ECC,03E2C0B768EF686DEBD5DBF556D3038905DCE765341BC5BEAEAFBAC04AED9374,D696BBFA42DD1A840708B9C42E824036862ED17D538B2B47551641D8145854DB,COMPLETE_FIXED_MODEL_BRANCH_READOUT_DIAGNOSTIC_NOT_FORMAL_ABLATION
ODCR-D696,RRSHID-Test,RRSHID-Test_0272,thin_fog/2820.png,direct,20.4373722076416,0.40431714057922363,0.5480660796165466,0.3519321084022522,9FCFBFD47432523D288A7BF94E456B09D66B93331EF6E2C92AC10CCCA21926E0,97E42B28626A316B192072031968AE39CB734382AE8CD0CDD053BE14A5965974,7A3E933A76592D43FFD8D9D2DDF859260E7B75B714817088A7E0C37C52E75BC6,D696BBFA42DD1A840708B9C42E824036862ED17D538B2B47551641D8145854DB,COMPLETE_FIXED_MODEL_BRANCH_READOUT_DIAGNOSTIC_NOT_FORMAL_ABLATION
ODCR-D696,RRSHID-Test,RRSHID-Test_0272,thin_fog/2820.png,physical,18.806840896606445,0.30429378151893616,0.41671496629714966,0.27714937925338745,9FCFBFD47432523D288A7BF94E456B09D66B93331EF6E2C92AC10CCCA21926E0,97E42B28626A316B192072031968AE39CB734382AE8CD0CDD053BE14A5965974,AAF328B1387ECB13F0E98CD528A5A417173DD0AAE2A3A5D6572F3F1F44E027EB,D696BBFA42DD1A840708B9C42E824036862ED17D538B2B47551641D8145854DB,COMPLETE_FIXED_MODEL_BRANCH_READOUT_DIAGNOSTIC_NOT_FORMAL_ABLATION
ODCR-D696,RRSHID-Test,RRSHID-Test_0272,thin_fog/2820.png,output,19.935091018676758,0.3777567148208618,0.4334556460380554,0.3045501708984375,9FCFBFD47432523D288A7BF94E456B09D66B93331EF6E2C92AC10CCCA21926E0,97E42B28626A316B192072031968AE39CB734382AE8CD0CDD053BE14A5965974,7D46A5B477E7BC2C3F6FE02ECB8A8D92A57A0355558C15B2ADC72CECCD3692BF,D696BBFA42DD1A840708B9C42E824036862ED17D538B2B47551641D8145854DB,COMPLETE_FIXED_MODEL_BRANCH_READOUT_DIAGNOSTIC_NOT_FORMAL_ABLATION
ODCR-D696,RRSHID-Test,RRSHID-Test_0273,thin_fog/2863.png,direct,20.135028839111328,0.337444931268692,0.5743352174758911,0.29154473543167114,FBB83D6A7925D81B18D3C74B786E5DCC901BFDFF8CFE453A8280EDC8D972FE1F,0519B2F0DACF89C2E0F88229343BA67A12190358AE7C40B2055F44AFE362B2AE,E765D172BB005B6818706F7FE2AD87C77F2330984CF9E72DCC66737F02017B81,D696BBFA42DD1A840708B9C42E824036862ED17D538B2B47551641D8145854DB,COMPLETE_FIXED_MODEL_BRANCH_READOUT_DIAGNOSTIC_NOT_FORMAL_ABLATION
ODCR-D696,RRSHID-Test,RRSHID-Test_0273,thin_fog/2863.png,physical,17.539215087890625,0.26019152998924255,0.48027747869491577,0.27422481775283813,FBB83D6A7925D81B18D3C74B786E5DCC901BFDFF8CFE453A8280EDC8D972FE1F,0519B2F0DACF89C2E0F88229343BA67A12190358AE7C40B2055F44AFE362B2AE,B73EBE8A03F9F7C8D68D38B9527D7C649AE0B8DB0B6471DDAF2E942571A4DBD3,D696BBFA42DD1A840708B9C42E824036862ED17D538B2B47551641D8145854DB,COMPLETE_FIXED_MODEL_BRANCH_READOUT_DIAGNOSTIC_NOT_FORMAL_ABLATION
ODCR-D696,RRSHID-Test,RRSHID-Test_0273,thin_fog/2863.png,output,20.344383239746094,0.3368937075138092,0.44109463691711426,0.2507546544075012,FBB83D6A7925D81B18D3C74B786E5DCC901BFDFF8CFE453A8280EDC8D972FE1F,0519B2F0DACF89C2E0F88229343BA67A12190358AE7C40B2055F44AFE362B2AE,08E014BC82403601B4A48E477FDC3F52F3D0F3AB39B2FE05EB581DE293B3B2BB,D696BBFA42DD1A840708B9C42E824036862ED17D538B2B47551641D8145854DB,COMPLETE_FIXED_MODEL_BRANCH_READOUT_DIAGNOSTIC_NOT_FORMAL_ABLATION
ODCR-D696,RRSHID-Test,RRSHID-Test_0274,thin_fog/2867.png,direct,19.195592880249023,0.41018494963645935,0.4597717821598053,0.28957223892211914,C356E8C620E95F0F9D7E2570100A6494F88D1DDB2D7B7514CFE6672A4E29745C,DFA27B3411AB82A981F914B10656C0A1497CEA75726F98C8BCE44ACE1376A870,3EF199F6B8541122A4ED3E0B3398675CA6BBA4C9227EAE8B34E8A6DC263E46A3,D696BBFA42DD1A840708B9C42E824036862ED17D538B2B47551641D8145854DB,COMPLETE_FIXED_MODEL_BRANCH_READOUT_DIAGNOSTIC_NOT_FORMAL_ABLATION
ODCR-D696,RRSHID-Test,RRSHID-Test_0274,thin_fog/2867.png,physical,17.4545841217041,0.3415975868701935,0.37202441692352295,0.24635529518127441,C356E8C620E95F0F9D7E2570100A6494F88D1DDB2D7B7514CFE6672A4E29745C,DFA27B3411AB82A981F914B10656C0A1497CEA75726F98C8BCE44ACE1376A870,7C7259D0F9CC2D42571D4503C8FDFF03617343EB9DC5027F81EE42F3F16AC289,D696BBFA42DD1A840708B9C42E824036862ED17D538B2B47551641D8145854DB,COMPLETE_FIXED_MODEL_BRANCH_READOUT_DIAGNOSTIC_NOT_FORMAL_ABLATION
ODCR-D696,RRSHID-Test,RRSHID-Test_0274,thin_fog/2867.png,output,18.605058670043945,0.3768163025379181,0.36887112259864807,0.25072723627090454,C356E8C620E95F0F9D7E2570100A6494F88D1DDB2D7B7514CFE6672A4E29745C,DFA27B3411AB82A981F914B10656C0A1497CEA75726F98C8BCE44ACE1376A870,2ED320D3A5E93BBAFC373424CBB96683DDB29268C5D1B4F10DA3BD300259907E,D696BBFA42DD1A840708B9C42E824036862ED17D538B2B47551641D8145854DB,COMPLETE_FIXED_MODEL_BRANCH_READOUT_DIAGNOSTIC_NOT_FORMAL_ABLATION
ODCR-D696,RRSHID-Test,RRSHID-Test_0275,thin_fog/2892.png,direct,22.269073486328125,0.4026544988155365,0.5230107307434082,0.2564728260040283,A53D1958CDE7F10D50FE7B8A1234D213F016EA2327FC193EB943CFD816F84254,660A30D89ABB6AE7E7B4C6AF6B585D9DF56405230DA52153D57A8BAE9AD64C5C,FEBD48542BF419508FA98F694915B47C64E3B206AE352379A97A453CB7A96A22,D696BBFA42DD1A840708B9C42E824036862ED17D538B2B47551641D8145854DB,COMPLETE_FIXED_MODEL_BRANCH_READOUT_DIAGNOSTIC_NOT_FORMAL_ABLATION
ODCR-D696,RRSHID-Test,RRSHID-Test_0275,thin_fog/2892.png,physical,21.345287322998047,0.32869935035705566,0.3558926582336426,0.18955683708190918,A53D1958CDE7F10D50FE7B8A1234D213F016EA2327FC193EB943CFD816F84254,660A30D89ABB6AE7E7B4C6AF6B585D9DF56405230DA52153D57A8BAE9AD64C5C,DB68A5344553DD32153CD78B412279C22323A8F189F9778AB78AD90356765E2A,D696BBFA42DD1A840708B9C42E824036862ED17D538B2B47551641D8145854DB,COMPLETE_FIXED_MODEL_BRANCH_READOUT_DIAGNOSTIC_NOT_FORMAL_ABLATION
ODCR-D696,RRSHID-Test,RRSHID-Test_0275,thin_fog/2892.png,output,21.83824920654297,0.3604032099246979,0.36306101083755493,0.19849342107772827,A53D1958CDE7F10D50FE7B8A1234D213F016EA2327FC193EB943CFD816F84254,660A30D89ABB6AE7E7B4C6AF6B585D9DF56405230DA52153D57A8BAE9AD64C5C,9E324589353DF7398C310F271EE828A1B9B8821FB351EEF4ABDCE10BAE0F4029,D696BBFA42DD1A840708B9C42E824036862ED17D538B2B47551641D8145854DB,COMPLETE_FIXED_MODEL_BRANCH_READOUT_DIAGNOSTIC_NOT_FORMAL_ABLATION
ODCR-D696,RRSHID-Test,RRSHID-Test_0276,thin_fog/2896.png,direct,22.68863296508789,0.5407143235206604,0.4391924738883972,0.2714124917984009,77A584EB9358F89B7D3627EB93297661ECA2AAF7967571C214F6636347F505B4,9087ECDFAF77D277C6669D838F65B7BDF7EC958884E14CDA2A1739116B63E0AD,B4A59AAABD3FD2A0A7B9F70B2590D62A665373223555DAE5C70A36061E2697DB,D696BBFA42DD1A840708B9C42E824036862ED17D538B2B47551641D8145854DB,COMPLETE_FIXED_MODEL_BRANCH_READOUT_DIAGNOSTIC_NOT_FORMAL_ABLATION
ODCR-D696,RRSHID-Test,RRSHID-Test_0276,thin_fog/2896.png,physical,18.25731086730957,0.3947630226612091,0.4096318483352661,0.2632523775100708,77A584EB9358F89B7D3627EB93297661ECA2AAF7967571C214F6636347F505B4,9087ECDFAF77D277C6669D838F65B7BDF7EC958884E14CDA2A1739116B63E0AD,420808011CA2A5A6F604B855A6C3409E89CE2506299DC800CA317B9E6298B586,D696BBFA42DD1A840708B9C42E824036862ED17D538B2B47551641D8145854DB,COMPLETE_FIXED_MODEL_BRANCH_READOUT_DIAGNOSTIC_NOT_FORMAL_ABLATION
ODCR-D696,RRSHID-Test,RRSHID-Test_0276,thin_fog/2896.png,output,20.07980728149414,0.4828472137451172,0.372333824634552,0.23592686653137207,77A584EB9358F89B7D3627EB93297661ECA2AAF7967571C214F6636347F505B4,9087ECDFAF77D277C6669D838F65B7BDF7EC958884E14CDA2A1739116B63E0AD,CB7A2B5DD7E3F7C5AAD9EAE6C046CF42B5DEFD3CD059646188B944F08C6E8FC8,D696BBFA42DD1A840708B9C42E824036862ED17D538B2B47551641D8145854DB,COMPLETE_FIXED_MODEL_BRANCH_READOUT_DIAGNOSTIC_NOT_FORMAL_ABLATION
ODCR-D696,RRSHID-Test,RRSHID-Test_0277,thin_fog/2898.png,direct,19.77664566040039,0.4478326737880707,0.4278644621372223,0.29069918394088745,215225688A182ECAF022F7772DA04401226C3D58FE55320D58C4835D140CF9B0,81B14AC4C8F972B6CCC7F10F6F687F47AA72199093AFEFFBF96BC8CB14E3FA6C,763739614990E05A6AD4CFD91E36C7F0A3E8CD6761B9C666DB82C26C9BF32D5E,D696BBFA42DD1A840708B9C42E824036862ED17D538B2B47551641D8145854DB,COMPLETE_FIXED_MODEL_BRANCH_READOUT_DIAGNOSTIC_NOT_FORMAL_ABLATION
ODCR-D696,RRSHID-Test,RRSHID-Test_0277,thin_fog/2898.png,physical,18.40762710571289,0.3884868621826172,0.3483770191669464,0.2388169765472412,215225688A182ECAF022F7772DA04401226C3D58FE55320D58C4835D140CF9B0,81B14AC4C8F972B6CCC7F10F6F687F47AA72199093AFEFFBF96BC8CB14E3FA6C,613D46211114786E44FDC110C11B67374E389E122C9CC2FA23F6AEBEB9831CDC,D696BBFA42DD1A840708B9C42E824036862ED17D538B2B47551641D8145854DB,COMPLETE_FIXED_MODEL_BRANCH_READOUT_DIAGNOSTIC_NOT_FORMAL_ABLATION
ODCR-D696,RRSHID-Test,RRSHID-Test_0277,thin_fog/2898.png,output,18.905418395996094,0.41979649662971497,0.34005337953567505,0.23298871517181396,215225688A182ECAF022F7772DA04401226C3D58FE55320D58C4835D140CF9B0,81B14AC4C8F972B6CCC7F10F6F687F47AA72199093AFEFFBF96BC8CB14E3FA6C,C44F9DD1EB901FBF2BDDE091C026B4632EFE317F4971E7842D3A97A0FA544474,D696BBFA42DD1A840708B9C42E824036862ED17D538B2B47551641D8145854DB,COMPLETE_FIXED_MODEL_BRANCH_READOUT_DIAGNOSTIC_NOT_FORMAL_ABLATION
ODCR-D696,RRSHID-Test,RRSHID-Test_0278,thin_fog/2903.png,direct,20.867422103881836,0.4641595184803009,0.4714926481246948,0.32504504919052124,ACFAD31FFEC9148C14668BFD12BC9390847BCBA0FA217F7B14B4DF1E51ECC732,C8491768D01C624609942A10D1025BC94F9647D7B5E6DF925E98386A6A31EAD8,872CE5C0984376570FA0D751BE449F89DCD9D0DCF8392925B2B06B36B5BAD257,D696BBFA42DD1A840708B9C42E824036862ED17D538B2B47551641D8145854DB,COMPLETE_FIXED_MODEL_BRANCH_READOUT_DIAGNOSTIC_NOT_FORMAL_ABLATION
ODCR-D696,RRSHID-Test,RRSHID-Test_0278,thin_fog/2903.png,physical,18.102205276489258,0.3533473014831543,0.33335113525390625,0.24582332372665405,ACFAD31FFEC9148C14668BFD12BC9390847BCBA0FA217F7B14B4DF1E51ECC732,C8491768D01C624609942A10D1025BC94F9647D7B5E6DF925E98386A6A31EAD8,EEFE3A96794085D17F9CA43175C94E82462AA1AD9CC83FD2F044921AF226FC56,D696BBFA42DD1A840708B9C42E824036862ED17D538B2B47551641D8145854DB,COMPLETE_FIXED_MODEL_BRANCH_READOUT_DIAGNOSTIC_NOT_FORMAL_ABLATION
ODCR-D696,RRSHID-Test,RRSHID-Test_0278,thin_fog/2903.png,output,20.09979248046875,0.4368721544742584,0.3280763328075409,0.2520682215690613,ACFAD31FFEC9148C14668BFD12BC9390847BCBA0FA217F7B14B4DF1E51ECC732,C8491768D01C624609942A10D1025BC94F9647D7B5E6DF925E98386A6A31EAD8,0CAFA4A35936A4C013D602E54EC5BC200B8FFB5A2146B9D435915C7128311B16,D696BBFA42DD1A840708B9C42E824036862ED17D538B2B47551641D8145854DB,COMPLETE_FIXED_MODEL_BRANCH_READOUT_DIAGNOSTIC_NOT_FORMAL_ABLATION
ODCR-D696,RRSHID-Test,RRSHID-Test_0279,thin_fog/2908.png,direct,18.842653274536133,0.38522961735725403,0.538453996181488,0.31609290838241577,7EFD13FDB9141F79952FEDA380697A468847A1792E2E04DFEF7C5B1DBB115E6B,5C204E03C1AE3A7B61BF008F67BF1F87BCD61314B040C8B5CCAB43AB90723F0B,838D2915CC9F9E546E9E0D6FF3D300A8DFA4E69B5EE00273498AEE1B4300F3F4,D696BBFA42DD1A840708B9C42E824036862ED17D538B2B47551641D8145854DB,COMPLETE_FIXED_MODEL_BRANCH_READOUT_DIAGNOSTIC_NOT_FORMAL_ABLATION
ODCR-D696,RRSHID-Test,RRSHID-Test_0279,thin_fog/2908.png,physical,17.229263305664062,0.3199474513530731,0.3937774896621704,0.2357499599456787,7EFD13FDB9141F79952FEDA380697A468847A1792E2E04DFEF7C5B1DBB115E6B,5C204E03C1AE3A7B61BF008F67BF1F87BCD61314B040C8B5CCAB43AB90723F0B,C710928418917275D7AC57D136723D4ADBD19E462351322FF98929D542AC70C1,D696BBFA42DD1A840708B9C42E824036862ED17D538B2B47551641D8145854DB,COMPLETE_FIXED_MODEL_BRANCH_READOUT_DIAGNOSTIC_NOT_FORMAL_ABLATION
ODCR-D696,RRSHID-Test,RRSHID-Test_0279,thin_fog/2908.png,output,18.36209487915039,0.3750627338886261,0.40113016963005066,0.2566063404083252,7EFD13FDB9141F79952FEDA380697A468847A1792E2E04DFEF7C5B1DBB115E6B,5C204E03C1AE3A7B61BF008F67BF1F87BCD61314B040C8B5CCAB43AB90723F0B,41E6C96274FFD45D4EDCD68637C0ACFB61BCFD7E5F7CF3829633D6E155468112,D696BBFA42DD1A840708B9C42E824036862ED17D538B2B47551641D8145854DB,COMPLETE_FIXED_MODEL_BRANCH_READOUT_DIAGNOSTIC_NOT_FORMAL_ABLATION
ODCR-D696,RRSHID-Test,RRSHID-Test_0280,thin_fog/2918.png,direct,20.28929901123047,0.48370158672332764,0.4556995928287506,0.2773357033729553,86F381086441201574BC66B6145CF7F6B7B061ECF83599F138CBF5020B961584,894CA1DF97768C70E034C502EBAD064DC3367DA3DCBFE09D7B14F518156C1C0E,D5AC4608C29C7CBD9355638170E855D4D13A071C30FFCC290632DE5E868A36A0,D696BBFA42DD1A840708B9C42E824036862ED17D538B2B47551641D8145854DB,COMPLETE_FIXED_MODEL_BRANCH_READOUT_DIAGNOSTIC_NOT_FORMAL_ABLATION
ODCR-D696,RRSHID-Test,RRSHID-Test_0280,thin_fog/2918.png,physical,19.56545639038086,0.4537116289138794,0.39859864115715027,0.22788166999816895,86F381086441201574BC66B6145CF7F6B7B061ECF83599F138CBF5020B961584,894CA1DF97768C70E034C502EBAD064DC3367DA3DCBFE09D7B14F518156C1C0E,BC414EA9A2BD15AF94C457E215AAAC45E5E73D95B668E0BA834B968E58342C61,D696BBFA42DD1A840708B9C42E824036862ED17D538B2B47551641D8145854DB,COMPLETE_FIXED_MODEL_BRANCH_READOUT_DIAGNOSTIC_NOT_FORMAL_ABLATION
ODCR-D696,RRSHID-Test,RRSHID-Test_0280,thin_fog/2918.png,output,20.110605239868164,0.4860951006412506,0.3882947564125061,0.2368180751800537,86F381086441201574BC66B6145CF7F6B7B061ECF83599F138CBF5020B961584,894CA1DF97768C70E034C502EBAD064DC3367DA3DCBFE09D7B14F518156C1C0E,4E03569556036D6E72793787C0116319095F0D6B4128345ADF56CDA83415BBC2,D696BBFA42DD1A840708B9C42E824036862ED17D538B2B47551641D8145854DB,COMPLETE_FIXED_MODEL_BRANCH_READOUT_DIAGNOSTIC_NOT_FORMAL_ABLATION
ODCR-D696,RRSHID-Test,RRSHID-Test_0281,thin_fog/2919.png,direct,17.032556533813477,0.3578545153141022,0.4761655032634735,0.29917365312576294,23AA0A6CFB5EB827CFE32A31F9BF07B56DBF6F1DFFD03EAE037CAC0C0B901C3A,08D00A838EE3FEC440861F28B2CE21AEE3FD1BA0325C7842FF4FA023996DC66F,1CA38FAD6056F0DF6F895D314C58527CFF28BC814809B4E9C9DCCD84D18DD8C3,D696BBFA42DD1A840708B9C42E824036862ED17D538B2B47551641D8145854DB,COMPLETE_FIXED_MODEL_BRANCH_READOUT_DIAGNOSTIC_NOT_FORMAL_ABLATION
ODCR-D696,RRSHID-Test,RRSHID-Test_0281,thin_fog/2919.png,physical,13.484025955200195,0.2649287283420563,0.45052817463874817,0.2793371081352234,23AA0A6CFB5EB827CFE32A31F9BF07B56DBF6F1DFFD03EAE037CAC0C0B901C3A,08D00A838EE3FEC440861F28B2CE21AEE3FD1BA0325C7842FF4FA023996DC66F,B4A8CE1B66378CFA3A387D49F48F267D64B49B58419565C38D6814577213034A,D696BBFA42DD1A840708B9C42E824036862ED17D538B2B47551641D8145854DB,COMPLETE_FIXED_MODEL_BRANCH_READOUT_DIAGNOSTIC_NOT_FORMAL_ABLATION
ODCR-D696,RRSHID-Test,RRSHID-Test_0281,thin_fog/2919.png,output,16.581417083740234,0.349109411239624,0.4452315866947174,0.28165626525878906,23AA0A6CFB5EB827CFE32A31F9BF07B56DBF6F1DFFD03EAE037CAC0C0B901C3A,08D00A838EE3FEC440861F28B2CE21AEE3FD1BA0325C7842FF4FA023996DC66F,A69779CA3D5D0B1DDC7ECB6DE4E6FAA41C8871B1E14431517153F7610A8AC529,D696BBFA42DD1A840708B9C42E824036862ED17D538B2B47551641D8145854DB,COMPLETE_FIXED_MODEL_BRANCH_READOUT_DIAGNOSTIC_NOT_FORMAL_ABLATION
ODCR-D696,RRSHID-Test,RRSHID-Test_0282,thin_fog/2931.png,direct,20.631404876708984,0.3855017125606537,0.5660861730575562,0.3137419819831848,663B10592E30CC1D9ACCB1C79C16E45488DE2B35F3953D5114534FD03D1478FD,15B06CE60085E7EC6CE1FCA48671C0B8EB7B43E78CEC8B2519E417BD7B9DBE57,EC1D4D28993B12D709FAE70D4FFC98DD1A9CA56AE2E705FA580440638D23D4DF,D696BBFA42DD1A840708B9C42E824036862ED17D538B2B47551641D8145854DB,COMPLETE_FIXED_MODEL_BRANCH_READOUT_DIAGNOSTIC_NOT_FORMAL_ABLATION
ODCR-D696,RRSHID-Test,RRSHID-Test_0282,thin_fog/2931.png,physical,19.711532592773438,0.33188942074775696,0.4219769835472107,0.24166524410247803,663B10592E30CC1D9ACCB1C79C16E45488DE2B35F3953D5114534FD03D1478FD,15B06CE60085E7EC6CE1FCA48671C0B8EB7B43E78CEC8B2519E417BD7B9DBE57,B54BBE2FB4CD6589223ADAFB9E2E821F323DEC0BA708E5100D674C65B96FB598,D696BBFA42DD1A840708B9C42E824036862ED17D538B2B47551641D8145854DB,COMPLETE_FIXED_MODEL_BRANCH_READOUT_DIAGNOSTIC_NOT_FORMAL_ABLATION
ODCR-D696,RRSHID-Test,RRSHID-Test_0282,thin_fog/2931.png,output,20.760438919067383,0.3840317726135254,0.4356954097747803,0.25031590461730957,663B10592E30CC1D9ACCB1C79C16E45488DE2B35F3953D5114534FD03D1478FD,15B06CE60085E7EC6CE1FCA48671C0B8EB7B43E78CEC8B2519E417BD7B9DBE57,4CC1698AFBDAB9287979DD928F3402BACE129633B0E26290ED90692A5F9B3557,D696BBFA42DD1A840708B9C42E824036862ED17D538B2B47551641D8145854DB,COMPLETE_FIXED_MODEL_BRANCH_READOUT_DIAGNOSTIC_NOT_FORMAL_ABLATION
ODCR-D696,RRSHID-Test,RRSHID-Test_0283,thin_fog/2940.png,direct,21.542587280273438,0.4318062365055084,0.4825873076915741,0.2885907292366028,C11D2521F77C1F88FDADAFC89CCED2FD7AB5553C904F82B7F350F2D3A5201FAA,6378F9C5BF3A519525FA86BD145363F1A904BF2AF400EEB8ADB48CB344424C45,5CA2694A675AED593C40F1D4D2E0072C02CA09171BA83CE9317DA6E1EA927B6A,D696BBFA42DD1A840708B9C42E824036862ED17D538B2B47551641D8145854DB,COMPLETE_FIXED_MODEL_BRANCH_READOUT_DIAGNOSTIC_NOT_FORMAL_ABLATION
ODCR-D696,RRSHID-Test,RRSHID-Test_0283,thin_fog/2940.png,physical,19.70416259765625,0.37559378147125244,0.32091614603996277,0.22890740633010864,C11D2521F77C1F88FDADAFC89CCED2FD7AB5553C904F82B7F350F2D3A5201FAA,6378F9C5BF3A519525FA86BD145363F1A904BF2AF400EEB8ADB48CB344424C45,5A76A647C367845C432CB091FDC843420E4F6DE96C6860DB3AA63E0284766C51,D696BBFA42DD1A840708B9C42E824036862ED17D538B2B47551641D8145854DB,COMPLETE_FIXED_MODEL_BRANCH_READOUT_DIAGNOSTIC_NOT_FORMAL_ABLATION
ODCR-D696,RRSHID-Test,RRSHID-Test_0283,thin_fog/2940.png,output,21.38838768005371,0.42156052589416504,0.35449156165122986,0.24003541469573975,C11D2521F77C1F88FDADAFC89CCED2FD7AB5553C904F82B7F350F2D3A5201FAA,6378F9C5BF3A519525FA86BD145363F1A904BF2AF400EEB8ADB48CB344424C45,372E09B433BC8E5490DDB854E600E73628FFC2292E24247104FDD61DB154CC1E,D696BBFA42DD1A840708B9C42E824036862ED17D538B2B47551641D8145854DB,COMPLETE_FIXED_MODEL_BRANCH_READOUT_DIAGNOSTIC_NOT_FORMAL_ABLATION
ODCR-D696,RRSHID-Test,RRSHID-Test_0284,thin_fog/2946.png,direct,22.493192672729492,0.5540634989738464,0.31733405590057373,0.17967462539672852,16AD5C6AA3169A5133541CD7BEFC22796F3FF2337BB19FF2AD12CFF334CF7D55,BB14714095BBAB2B268A8D756387BC9F5CFD10752AF2CDEBF36057D1C9C5A902,9E2C5646105F683A3E5876BE13975A0F0EED2AB69AD4F13A67B00AEE523EF90B,D696BBFA42DD1A840708B9C42E824036862ED17D538B2B47551641D8145854DB,COMPLETE_FIXED_MODEL_BRANCH_READOUT_DIAGNOSTIC_NOT_FORMAL_ABLATION
ODCR-D696,RRSHID-Test,RRSHID-Test_0284,thin_fog/2946.png,physical,20.665023803710938,0.4681926965713501,0.28201696276664734,0.1696673035621643,16AD5C6AA3169A5133541CD7BEFC22796F3FF2337BB19FF2AD12CFF334CF7D55,BB14714095BBAB2B268A8D756387BC9F5CFD10752AF2CDEBF36057D1C9C5A902,11E70DAA194B0932129B7707AA9C3477658463BC68E7640EFBC129FA1678A5D1,D696BBFA42DD1A840708B9C42E824036862ED17D538B2B47551641D8145854DB,COMPLETE_FIXED_MODEL_BRANCH_READOUT_DIAGNOSTIC_NOT_FORMAL_ABLATION
ODCR-D696,RRSHID-Test,RRSHID-Test_0284,thin_fog/2946.png,output,21.852474212646484,0.5177184343338013,0.25730037689208984,0.15364289283752441,16AD5C6AA3169A5133541CD7BEFC22796F3FF2337BB19FF2AD12CFF334CF7D55,BB14714095BBAB2B268A8D756387BC9F5CFD10752AF2CDEBF36057D1C9C5A902,51F6B8A9BFC921CBF24106F9E0D3598B34C6744F8098541AC7AA6A3CFCCA0326,D696BBFA42DD1A840708B9C42E824036862ED17D538B2B47551641D8145854DB,COMPLETE_FIXED_MODEL_BRANCH_READOUT_DIAGNOSTIC_NOT_FORMAL_ABLATION
ODCR-D696,RRSHID-Test,RRSHID-Test_0285,thin_fog/2953.png,direct,22.851451873779297,0.4293931722640991,0.42156052589416504,0.26058459281921387,B30DD6085FA155E4BFC53A65270FF02424F584A333CB92D7530E15DF748C7B7E,B46F72B0A6B1450F2EE2E1B120D3BD52A7DA018047D755C8E8FC6CA867A878EE,B738A79D10B78B568BEAB6271B73732479E46206484B5563BB3359FC61FFE157,D696BBFA42DD1A840708B9C42E824036862ED17D538B2B47551641D8145854DB,COMPLETE_FIXED_MODEL_BRANCH_READOUT_DIAGNOSTIC_NOT_FORMAL_ABLATION
ODCR-D696,RRSHID-Test,RRSHID-Test_0285,thin_fog/2953.png,physical,20.352869033813477,0.29461222887039185,0.39094123244285583,0.2376728057861328,B30DD6085FA155E4BFC53A65270FF02424F584A333CB92D7530E15DF748C7B7E,B46F72B0A6B1450F2EE2E1B120D3BD52A7DA018047D755C8E8FC6CA867A878EE,7AEABE720C8F669CAC9DEE217068661B1773DA09C8F5A95AAEB4B4D76AE1F651,D696BBFA42DD1A840708B9C42E824036862ED17D538B2B47551641D8145854DB,COMPLETE_FIXED_MODEL_BRANCH_READOUT_DIAGNOSTIC_NOT_FORMAL_ABLATION
ODCR-D696,RRSHID-Test,RRSHID-Test_0285,thin_fog/2953.png,output,22.24947738647461,0.39241495728492737,0.34436511993408203,0.22018176317214966,B30DD6085FA155E4BFC53A65270FF02424F584A333CB92D7530E15DF748C7B7E,B46F72B0A6B1450F2EE2E1B120D3BD52A7DA018047D755C8E8FC6CA867A878EE,6EBCF54308D2F4E14D7EF174387BD120B88AE3AFC04F9B68695552C6C1E5D556,D696BBFA42DD1A840708B9C42E824036862ED17D538B2B47551641D8145854DB,COMPLETE_FIXED_MODEL_BRANCH_READOUT_DIAGNOSTIC_NOT_FORMAL_ABLATION
ODCR-D696,RRSHID-Test,RRSHID-Test_0286,thin_fog/2955.png,direct,20.508506774902344,0.43086302280426025,0.5073422193527222,0.31507837772369385,8BC7547788AEEC7DFDC554F67D093AF92B9A2AE9020C9939D69438DF99E6FBC9,949EF2C219E7A5FB288287351946D7998DD5C914C67C7345BB16C1F1BDFC524C,46B1C2FABA5C25E955B145D0CAFA88C7A430D1FD18B3EB61141E44FF7221BAB9,D696BBFA42DD1A840708B9C42E824036862ED17D538B2B47551641D8145854DB,COMPLETE_FIXED_MODEL_BRANCH_READOUT_DIAGNOSTIC_NOT_FORMAL_ABLATION
ODCR-D696,RRSHID-Test,RRSHID-Test_0286,thin_fog/2955.png,physical,19.5555477142334,0.36650505661964417,0.4026360809803009,0.23342245817184448,8BC7547788AEEC7DFDC554F67D093AF92B9A2AE9020C9939D69438DF99E6FBC9,949EF2C219E7A5FB288287351946D7998DD5C914C67C7345BB16C1F1BDFC524C,F632F5A19D81B5F2C4B33A1ED67B77E63BCB00D1EECFEB4AD0BFA77ECA5D7B59,D696BBFA42DD1A840708B9C42E824036862ED17D538B2B47551641D8145854DB,COMPLETE_FIXED_MODEL_BRANCH_READOUT_DIAGNOSTIC_NOT_FORMAL_ABLATION
ODCR-D696,RRSHID-Test,RRSHID-Test_0286,thin_fog/2955.png,output,20.205493927001953,0.4110264778137207,0.40716278553009033,0.24518513679504395,8BC7547788AEEC7DFDC554F67D093AF92B9A2AE9020C9939D69438DF99E6FBC9,949EF2C219E7A5FB288287351946D7998DD5C914C67C7345BB16C1F1BDFC524C,AB90CBA5DD452A10F9E01042105AA3D57408DE76ACB2071C055DEAAF6B63AE72,D696BBFA42DD1A840708B9C42E824036862ED17D538B2B47551641D8145854DB,COMPLETE_FIXED_MODEL_BRANCH_READOUT_DIAGNOSTIC_NOT_FORMAL_ABLATION
ODCR-D696,RRSHID-Test,RRSHID-Test_0287,thin_fog/2956.png,direct,19.939910888671875,0.4226650893688202,0.4935111701488495,0.3178147077560425,B80B9C06566741EEA6D673E0A5EF0F9A60C86AAEC049B66C6B41D8D63FC50D95,C7A14E0EF5F0E542CBD0C5CCE33625D039FABB13E7B8BE02C6E3A967620B492D,100842DAD3A8A49D8A09A25FB673FD8C43F25C102F2395E2D2B93F0E58ABEEC1,D696BBFA42DD1A840708B9C42E824036862ED17D538B2B47551641D8145854DB,COMPLETE_FIXED_MODEL_BRANCH_READOUT_DIAGNOSTIC_NOT_FORMAL_ABLATION
ODCR-D696,RRSHID-Test,RRSHID-Test_0287,thin_fog/2956.png,physical,18.956573486328125,0.3826528489589691,0.4141380786895752,0.24123793840408325,B80B9C06566741EEA6D673E0A5EF0F9A60C86AAEC049B66C6B41D8D63FC50D95,C7A14E0EF5F0E542CBD0C5CCE33625D039FABB13E7B8BE02C6E3A967620B492D,77F4C00631E518B024FF45EB7F115CDE51EFC0F51DEA2BBCA0BDB8BF07687689,D696BBFA42DD1A840708B9C42E824036862ED17D538B2B47551641D8145854DB,COMPLETE_FIXED_MODEL_BRANCH_READOUT_DIAGNOSTIC_NOT_FORMAL_ABLATION
ODCR-D696,RRSHID-Test,RRSHID-Test_0287,thin_fog/2956.png,output,19.694774627685547,0.4172240197658539,0.41175296902656555,0.25278663635253906,B80B9C06566741EEA6D673E0A5EF0F9A60C86AAEC049B66C6B41D8D63FC50D95,C7A14E0EF5F0E542CBD0C5CCE33625D039FABB13E7B8BE02C6E3A967620B492D,143A49D7F5408E0F00E0BC1948A161A50F85711675B814EE91BF40806C6C7455,D696BBFA42DD1A840708B9C42E824036862ED17D538B2B47551641D8145854DB,COMPLETE_FIXED_MODEL_BRANCH_READOUT_DIAGNOSTIC_NOT_FORMAL_ABLATION
ODCR-D696,RRSHID-Test,RRSHID-Test_0288,thin_fog/2966.png,direct,19.54123306274414,0.39412060379981995,0.4442567825317383,0.24785560369491577,40691CBAA150D2A2D9063DD73EFBDD4C8C3DAD984AE3B5F29346FC1DBE1DCEB5,D5B54E5C286400E48E79E6F000FF90AEA81CB7A37C3E9F1D816925C15992C017,3B9D4C34FC654B7FF7C5FEED0A0FB27D09559DE78AE3FAE8F59B03A3B2E35BD4,D696BBFA42DD1A840708B9C42E824036862ED17D538B2B47551641D8145854DB,COMPLETE_FIXED_MODEL_BRANCH_READOUT_DIAGNOSTIC_NOT_FORMAL_ABLATION
ODCR-D696,RRSHID-Test,RRSHID-Test_0288,thin_fog/2966.png,physical,17.3079833984375,0.2941182553768158,0.4163357615470886,0.24073642492294312,40691CBAA150D2A2D9063DD73EFBDD4C8C3DAD984AE3B5F29346FC1DBE1DCEB5,D5B54E5C286400E48E79E6F000FF90AEA81CB7A37C3E9F1D816925C15992C017,9110643C13FDB35C76259C4837AA07F89F03AF1960E207483FDF9164F2940BAC,D696BBFA42DD1A840708B9C42E824036862ED17D538B2B47551641D8145854DB,COMPLETE_FIXED_MODEL_BRANCH_READOUT_DIAGNOSTIC_NOT_FORMAL_ABLATION
ODCR-D696,RRSHID-Test,RRSHID-Test_0288,thin_fog/2966.png,output,18.9256649017334,0.3550136089324951,0.3908386826515198,0.23188644647598267,40691CBAA150D2A2D9063DD73EFBDD4C8C3DAD984AE3B5F29346FC1DBE1DCEB5,D5B54E5C286400E48E79E6F000FF90AEA81CB7A37C3E9F1D816925C15992C017,D457FD5D5BB304BFB7C4AE2FB852BBE4A28B21A8F91B17182510ACA86F98A1B2,D696BBFA42DD1A840708B9C42E824036862ED17D538B2B47551641D8145854DB,COMPLETE_FIXED_MODEL_BRANCH_READOUT_DIAGNOSTIC_NOT_FORMAL_ABLATION
ODCR-D696,RRSHID-Test,RRSHID-Test_0289,thin_fog/2976.png,direct,16.753664016723633,0.3245615065097809,0.45848017930984497,0.2967223525047302,279F6A2EB8D3A29BE96E9C563837F7C8D1B515BB0CEB487175F34010A365E637,DD3AC76B3515E567D7B1135DDEBAB69898985FCE1E9E88F1612C8EF250B15FB4,A8779C4B4A344456DD7E91DCA0474D798A3F2F7464B66723F4975433AD9FC530,D696BBFA42DD1A840708B9C42E824036862ED17D538B2B47551641D8145854DB,COMPLETE_FIXED_MODEL_BRANCH_READOUT_DIAGNOSTIC_NOT_FORMAL_ABLATION
ODCR-D696,RRSHID-Test,RRSHID-Test_0289,thin_fog/2976.png,physical,15.680943489074707,0.2658959925174713,0.38189592957496643,0.26144909858703613,279F6A2EB8D3A29BE96E9C563837F7C8D1B515BB0CEB487175F34010A365E637,DD3AC76B3515E567D7B1135DDEBAB69898985FCE1E9E88F1612C8EF250B15FB4,1E776B4121F3D0C55025F614E5B02085C1A78FA8E742B729B94825AE8CF7566C,D696BBFA42DD1A840708B9C42E824036862ED17D538B2B47551641D8145854DB,COMPLETE_FIXED_MODEL_BRANCH_READOUT_DIAGNOSTIC_NOT_FORMAL_ABLATION
ODCR-D696,RRSHID-Test,RRSHID-Test_0289,thin_fog/2976.png,output,16.161165237426758,0.2957128882408142,0.37942856550216675,0.2662498354911804,279F6A2EB8D3A29BE96E9C563837F7C8D1B515BB0CEB487175F34010A365E637,DD3AC76B3515E567D7B1135DDEBAB69898985FCE1E9E88F1612C8EF250B15FB4,ABB379BF9DD29C9D0EC1E61B89E43F871E449582DE138134E027D4942CB60126,D696BBFA42DD1A840708B9C42E824036862ED17D538B2B47551641D8145854DB,COMPLETE_FIXED_MODEL_BRANCH_READOUT_DIAGNOSTIC_NOT_FORMAL_ABLATION
ODCR-D696,RRSHID-Test,RRSHID-Test_0290,thin_fog/2993.png,direct,13.919440269470215,0.19624806940555573,0.43022802472114563,0.2966930866241455,A040D12C16E446828890195F7A4D81D7EAA03BB6255BA6AF2BFE02AE54BF8F9D,E7FEEF686EB55F2AD047E03584CDCA5D7026AF0BE2DFF0A5F79A2E085B35B8C4,ABE754C841E5E4A9C378C148B33E69BF2E2D5DFE9043C332C1FF7D5B3A9E62B8,D696BBFA42DD1A840708B9C42E824036862ED17D538B2B47551641D8145854DB,COMPLETE_FIXED_MODEL_BRANCH_READOUT_DIAGNOSTIC_NOT_FORMAL_ABLATION
ODCR-D696,RRSHID-Test,RRSHID-Test_0290,thin_fog/2993.png,physical,12.427040100097656,0.13191364705562592,0.4392855167388916,0.2941015362739563,A040D12C16E446828890195F7A4D81D7EAA03BB6255BA6AF2BFE02AE54BF8F9D,E7FEEF686EB55F2AD047E03584CDCA5D7026AF0BE2DFF0A5F79A2E085B35B8C4,86DCF846D871C621CB13E399D9A08825BB41BAEB817E8A021344FBC51776CE9B,D696BBFA42DD1A840708B9C42E824036862ED17D538B2B47551641D8145854DB,COMPLETE_FIXED_MODEL_BRANCH_READOUT_DIAGNOSTIC_NOT_FORMAL_ABLATION
ODCR-D696,RRSHID-Test,RRSHID-Test_0290,thin_fog/2993.png,output,13.531648635864258,0.18203912675380707,0.3829890489578247,0.2868751883506775,A040D12C16E446828890195F7A4D81D7EAA03BB6255BA6AF2BFE02AE54BF8F9D,E7FEEF686EB55F2AD047E03584CDCA5D7026AF0BE2DFF0A5F79A2E085B35B8C4,1AAA58E2C6D4549191220490087A2051BB532B8654B5BEAA52E91D78A2A24B22,D696BBFA42DD1A840708B9C42E824036862ED17D538B2B47551641D8145854DB,COMPLETE_FIXED_MODEL_BRANCH_READOUT_DIAGNOSTIC_NOT_FORMAL_ABLATION
ODCR-D696,RRSHID-Test,RRSHID-Test_0291,thin_fog/2996.png,direct,21.62026596069336,0.34726688265800476,0.363066703081131,0.23753339052200317,0A3175AD13E81CD6AA99F8C1C6D25D3EC05E2847541A4E1C2B61396E325625DF,540B6F09D9AEE44D401A7437E8E7DC16C9010C0B74D3EF3AF8DC549C557E4220,780B6DB655FB3760E574F9C36B8F58D2C022482F419EF20B2D01E2135C2FA295,D696BBFA42DD1A840708B9C42E824036862ED17D538B2B47551641D8145854DB,COMPLETE_FIXED_MODEL_BRANCH_READOUT_DIAGNOSTIC_NOT_FORMAL_ABLATION
ODCR-D696,RRSHID-Test,RRSHID-Test_0291,thin_fog/2996.png,physical,18.391984939575195,0.22531841695308685,0.32118159532546997,0.22783583402633667,0A3175AD13E81CD6AA99F8C1C6D25D3EC05E2847541A4E1C2B61396E325625DF,540B6F09D9AEE44D401A7437E8E7DC16C9010C0B74D3EF3AF8DC549C557E4220,778ED0EDEFD15F8BF241379346ABBD508373986BBD9F173FE96CADE7FF2D276E,D696BBFA42DD1A840708B9C42E824036862ED17D538B2B47551641D8145854DB,COMPLETE_FIXED_MODEL_BRANCH_READOUT_DIAGNOSTIC_NOT_FORMAL_ABLATION
ODCR-D696,RRSHID-Test,RRSHID-Test_0291,thin_fog/2996.png,output,19.72170639038086,0.2756757438182831,0.28641045093536377,0.20174026489257812,0A3175AD13E81CD6AA99F8C1C6D25D3EC05E2847541A4E1C2B61396E325625DF,540B6F09D9AEE44D401A7437E8E7DC16C9010C0B74D3EF3AF8DC549C557E4220,12AD22F515D91A89F73BEEAA3F0EE53A9D56CB81E71AAB9C129E5F50ACB7DCE0,D696BBFA42DD1A840708B9C42E824036862ED17D538B2B47551641D8145854DB,COMPLETE_FIXED_MODEL_BRANCH_READOUT_DIAGNOSTIC_NOT_FORMAL_ABLATION
ODCR-D696,RRSHID-Test,RRSHID-Test_0292,thin_fog/2999.png,direct,21.157838821411133,0.39114534854888916,0.4481606185436249,0.2742818593978882,F2D0B905FED313BE71C7B888E371539FAFBA047A24BA48047C41FCE1BE0796A3,13B24347E73B17141AEFFC449D7041A59984B62FF829F572C97B317E33ED3B05,58C76AEC722E2B31C21F143804BF9CF37092F0EC77D9538A9B0EA238AF34D37A,D696BBFA42DD1A840708B9C42E824036862ED17D538B2B47551641D8145854DB,COMPLETE_FIXED_MODEL_BRANCH_READOUT_DIAGNOSTIC_NOT_FORMAL_ABLATION
ODCR-D696,RRSHID-Test,RRSHID-Test_0292,thin_fog/2999.png,physical,19.51471710205078,0.28452691435813904,0.3903388977050781,0.2367713451385498,F2D0B905FED313BE71C7B888E371539FAFBA047A24BA48047C41FCE1BE0796A3,13B24347E73B17141AEFFC449D7041A59984B62FF829F572C97B317E33ED3B05,A7D255BD9007A23090CC927ADFAA1164443CA29166CF3FA7DC679DAEEBDF15A0,D696BBFA42DD1A840708B9C42E824036862ED17D538B2B47551641D8145854DB,COMPLETE_FIXED_MODEL_BRANCH_READOUT_DIAGNOSTIC_NOT_FORMAL_ABLATION
ODCR-D696,RRSHID-Test,RRSHID-Test_0292,thin_fog/2999.png,output,20.339763641357422,0.3341794013977051,0.3667023479938507,0.2285829782485962,F2D0B905FED313BE71C7B888E371539FAFBA047A24BA48047C41FCE1BE0796A3,13B24347E73B17141AEFFC449D7041A59984B62FF829F572C97B317E33ED3B05,D40014FFB7FD3D3CE45BB490912392BD442E96768B6B581CD4D68EF4D7A6258E,D696BBFA42DD1A840708B9C42E824036862ED17D538B2B47551641D8145854DB,COMPLETE_FIXED_MODEL_BRANCH_READOUT_DIAGNOSTIC_NOT_FORMAL_ABLATION
ODCR-D696,RRSHID-Test,RRSHID-Test_0293,thin_fog/3008.png,direct,20.592899322509766,0.4918821156024933,0.46938642859458923,0.3028445839881897,00F3E635D6F245286D19FBDFC7F0580E2657CE2590EBBA75DA80183E4E9B49CA,8733FFCE0157EBB8E14C936CD4A696751746303E77839C6164C16A129D0619A6,0880192C91ECD91EAEFDD16516A4F4E37390783144D71DD4F3BF9FA385081171,D696BBFA42DD1A840708B9C42E824036862ED17D538B2B47551641D8145854DB,COMPLETE_FIXED_MODEL_BRANCH_READOUT_DIAGNOSTIC_NOT_FORMAL_ABLATION
ODCR-D696,RRSHID-Test,RRSHID-Test_0293,thin_fog/3008.png,physical,18.85650634765625,0.38185033202171326,0.37024933099746704,0.2229442000389099,00F3E635D6F245286D19FBDFC7F0580E2657CE2590EBBA75DA80183E4E9B49CA,8733FFCE0157EBB8E14C936CD4A696751746303E77839C6164C16A129D0619A6,3EEC85BDF7B667EFA486826EC61F11577CE47E85EA985FBD031397D3A7B556AC,D696BBFA42DD1A840708B9C42E824036862ED17D538B2B47551641D8145854DB,COMPLETE_FIXED_MODEL_BRANCH_READOUT_DIAGNOSTIC_NOT_FORMAL_ABLATION
ODCR-D696,RRSHID-Test,RRSHID-Test_0293,thin_fog/3008.png,output,20.22681427001953,0.4613335132598877,0.3682459592819214,0.24851655960083008,00F3E635D6F245286D19FBDFC7F0580E2657CE2590EBBA75DA80183E4E9B49CA,8733FFCE0157EBB8E14C936CD4A696751746303E77839C6164C16A129D0619A6,A8DE0695983746358D1154B9FF33050D92260039DFF8F0D876B07E5AD760C47F,D696BBFA42DD1A840708B9C42E824036862ED17D538B2B47551641D8145854DB,COMPLETE_FIXED_MODEL_BRANCH_READOUT_DIAGNOSTIC_NOT_FORMAL_ABLATION
ODCR-D696,RRSHID-Test,RRSHID-Test_0294,thin_fog/3044.png,direct,22.27072525024414,0.5992805361747742,0.4653005003929138,0.2997399568557739,21466F0EBC73C114125904EB9E2EBFD008DB457C37C9F81D8A70996BFAE45A12,0CE0679F350FB98D643F5B336A6B25CB71689212664BC96CCE17376AA4D40B71,76B076B38A30F03D489FAA44C43C9EFB45896E50F59378567FF0C4D8E04A6309,D696BBFA42DD1A840708B9C42E824036862ED17D538B2B47551641D8145854DB,COMPLETE_FIXED_MODEL_BRANCH_READOUT_DIAGNOSTIC_NOT_FORMAL_ABLATION
ODCR-D696,RRSHID-Test,RRSHID-Test_0294,thin_fog/3044.png,physical,19.609155654907227,0.44422635436058044,0.4576711058616638,0.2871871590614319,21466F0EBC73C114125904EB9E2EBFD008DB457C37C9F81D8A70996BFAE45A12,0CE0679F350FB98D643F5B336A6B25CB71689212664BC96CCE17376AA4D40B71,B3A61B2C34DF719BFD6EFFDEB36E2DC881B419D48890B204392C56AB4E6DDDD2,D696BBFA42DD1A840708B9C42E824036862ED17D538B2B47551641D8145854DB,COMPLETE_FIXED_MODEL_BRANCH_READOUT_DIAGNOSTIC_NOT_FORMAL_ABLATION
ODCR-D696,RRSHID-Test,RRSHID-Test_0294,thin_fog/3044.png,output,21.932933807373047,0.5697972774505615,0.3801325261592865,0.2708047032356262,21466F0EBC73C114125904EB9E2EBFD008DB457C37C9F81D8A70996BFAE45A12,0CE0679F350FB98D643F5B336A6B25CB71689212664BC96CCE17376AA4D40B71,FC7404F7664C0F851ACD7B382B68C317B500302708259FDF4CC4FE89F32021B2,D696BBFA42DD1A840708B9C42E824036862ED17D538B2B47551641D8145854DB,COMPLETE_FIXED_MODEL_BRANCH_READOUT_DIAGNOSTIC_NOT_FORMAL_ABLATION
ODCR-D696,RRSHID-Test,RRSHID-Test_0295,thin_fog/457.png,direct,21.649490356445312,0.584890604019165,0.3347729444503784,0.27655547857284546,DA108BE3D582148F3A11153B0E7BE6957E3B0338D4374B3F9D7C43977B88939A,E5E17B16973B560FCF81304FC8E60537B81A3E0C09DC1D8F6AC24800693DE966,DD514AF5BFB3B72544E80112734B1F68C87D74929C7797EFE58CBE531B966AF5,D696BBFA42DD1A840708B9C42E824036862ED17D538B2B47551641D8145854DB,COMPLETE_FIXED_MODEL_BRANCH_READOUT_DIAGNOSTIC_NOT_FORMAL_ABLATION
ODCR-D696,RRSHID-Test,RRSHID-Test_0295,thin_fog/457.png,physical,16.31827735900879,0.4048902690410614,0.401561975479126,0.29849302768707275,DA108BE3D582148F3A11153B0E7BE6957E3B0338D4374B3F9D7C43977B88939A,E5E17B16973B560FCF81304FC8E60537B81A3E0C09DC1D8F6AC24800693DE966,2875F4325A73C0E1F36ABC8D988041ACAA3142BD58FBDB77228C04C119D44FC7,D696BBFA42DD1A840708B9C42E824036862ED17D538B2B47551641D8145854DB,COMPLETE_FIXED_MODEL_BRANCH_READOUT_DIAGNOSTIC_NOT_FORMAL_ABLATION
ODCR-D696,RRSHID-Test,RRSHID-Test_0295,thin_fog/457.png,output,20.428544998168945,0.5725460648536682,0.2992660105228424,0.26698875427246094,DA108BE3D582148F3A11153B0E7BE6957E3B0338D4374B3F9D7C43977B88939A,E5E17B16973B560FCF81304FC8E60537B81A3E0C09DC1D8F6AC24800693DE966,3343B477194727B7B559DF57EFB13D537992B6D167A3F4A435211F07A80E196B,D696BBFA42DD1A840708B9C42E824036862ED17D538B2B47551641D8145854DB,COMPLETE_FIXED_MODEL_BRANCH_READOUT_DIAGNOSTIC_NOT_FORMAL_ABLATION
ODCR-D696,RRSHID-Test,RRSHID-Test_0296,thin_fog/46.png,direct,24.789379119873047,0.7492401599884033,0.21997195482254028,0.20283102989196777,ED2C2737A58308B0797135607E5460C46C3CD3778BA489DA15B515F4F6519C75,BC7AEA6A210502227955BA93A12DC66AD8E36128E797D354F3EF34D791D4FC2E,491A06E100B330845739215D100D11541D5A27097D9B5AA4C4E5B7265878863F,D696BBFA42DD1A840708B9C42E824036862ED17D538B2B47551641D8145854DB,COMPLETE_FIXED_MODEL_BRANCH_READOUT_DIAGNOSTIC_NOT_FORMAL_ABLATION
ODCR-D696,RRSHID-Test,RRSHID-Test_0296,thin_fog/46.png,physical,21.100719451904297,0.6569080948829651,0.27309176325798035,0.20668017864227295,ED2C2737A58308B0797135607E5460C46C3CD3778BA489DA15B515F4F6519C75,BC7AEA6A210502227955BA93A12DC66AD8E36128E797D354F3EF34D791D4FC2E,2B57849B40AFFD4417C29F942DF80D92A1B8E2B61BB138950D0BA3E249E57F25,D696BBFA42DD1A840708B9C42E824036862ED17D538B2B47551641D8145854DB,COMPLETE_FIXED_MODEL_BRANCH_READOUT_DIAGNOSTIC_NOT_FORMAL_ABLATION
ODCR-D696,RRSHID-Test,RRSHID-Test_0296,thin_fog/46.png,output,24.28326416015625,0.7598822116851807,0.19547605514526367,0.18140369653701782,ED2C2737A58308B0797135607E5460C46C3CD3778BA489DA15B515F4F6519C75,BC7AEA6A210502227955BA93A12DC66AD8E36128E797D354F3EF34D791D4FC2E,A21CAB8D3546F7812C6296712DC8A6DA98DFBDA265374D86E21D18E3915D3A17,D696BBFA42DD1A840708B9C42E824036862ED17D538B2B47551641D8145854DB,COMPLETE_FIXED_MODEL_BRANCH_READOUT_DIAGNOSTIC_NOT_FORMAL_ABLATION
ODCR-D696,RRSHID-Test,RRSHID-Test_0297,thin_fog/47.png,direct,24.762168884277344,0.7250528931617737,0.23811647295951843,0.2209763526916504,D237292AE957483B92EA901F9129353981479E9E5F88153A176BEB510A3BCCDF,59CF575B9402336CCD2463AC24626BDCE4B84AFB2655A5053AA61C63404944A9,DF5BDA1BD37615B13B964D85A36E02F0238C3B331D9AFE1D617C0C6FCB59715B,D696BBFA42DD1A840708B9C42E824036862ED17D538B2B47551641D8145854DB,COMPLETE_FIXED_MODEL_BRANCH_READOUT_DIAGNOSTIC_NOT_FORMAL_ABLATION
ODCR-D696,RRSHID-Test,RRSHID-Test_0297,thin_fog/47.png,physical,21.46877670288086,0.637694776058197,0.2662246525287628,0.220808207988739,D237292AE957483B92EA901F9129353981479E9E5F88153A176BEB510A3BCCDF,59CF575B9402336CCD2463AC24626BDCE4B84AFB2655A5053AA61C63404944A9,1550C9873458C92E7E7750D56A5D85C6027C242A1F12A6C35D2EF3A494CC656A,D696BBFA42DD1A840708B9C42E824036862ED17D538B2B47551641D8145854DB,COMPLETE_FIXED_MODEL_BRANCH_READOUT_DIAGNOSTIC_NOT_FORMAL_ABLATION
ODCR-D696,RRSHID-Test,RRSHID-Test_0297,thin_fog/47.png,output,24.293025970458984,0.7286767363548279,0.20271815359592438,0.21589165925979614,D237292AE957483B92EA901F9129353981479E9E5F88153A176BEB510A3BCCDF,59CF575B9402336CCD2463AC24626BDCE4B84AFB2655A5053AA61C63404944A9,D026F5445C69B685796F5EF8F08FB2AB99D13C93A3E1A53C2ABC7F0EAB409DA7,D696BBFA42DD1A840708B9C42E824036862ED17D538B2B47551641D8145854DB,COMPLETE_FIXED_MODEL_BRANCH_READOUT_DIAGNOSTIC_NOT_FORMAL_ABLATION
ODCR-D696,RRSHID-Test,RRSHID-Test_0298,thin_fog/498.png,direct,22.485809326171875,0.5841811895370483,0.2732200622558594,0.236955463886261,9B0222D0D8BCCB46C74E567922260E2A10A3B233EB7419BB8B05C9409E9830F2,CC71A35EA99052B68963F726377AC90E150CE56E45C88A93113BF3C2A57F41A2,3472F292348BCFCF99F614D4F7CA4B6512B201E7E4A401DDF9BEFCB1CB80932D,D696BBFA42DD1A840708B9C42E824036862ED17D538B2B47551641D8145854DB,COMPLETE_FIXED_MODEL_BRANCH_READOUT_DIAGNOSTIC_NOT_FORMAL_ABLATION
ODCR-D696,RRSHID-Test,RRSHID-Test_0298,thin_fog/498.png,physical,21.09942626953125,0.5286814570426941,0.2730792462825775,0.25114619731903076,9B0222D0D8BCCB46C74E567922260E2A10A3B233EB7419BB8B05C9409E9830F2,CC71A35EA99052B68963F726377AC90E150CE56E45C88A93113BF3C2A57F41A2,C2228AF8A367EE60840724482E4868AEA704B9069019708E69A108CC0DEA4955,D696BBFA42DD1A840708B9C42E824036862ED17D538B2B47551641D8145854DB,COMPLETE_FIXED_MODEL_BRANCH_READOUT_DIAGNOSTIC_NOT_FORMAL_ABLATION
ODCR-D696,RRSHID-Test,RRSHID-Test_0298,thin_fog/498.png,output,23.106979370117188,0.6126606464385986,0.23836123943328857,0.22935521602630615,9B0222D0D8BCCB46C74E567922260E2A10A3B233EB7419BB8B05C9409E9830F2,CC71A35EA99052B68963F726377AC90E150CE56E45C88A93113BF3C2A57F41A2,5410418DFC8C1F5824A0EE05CF1FCFCB5047832A1B8AC4F95A04E77EF3CC0FE8,D696BBFA42DD1A840708B9C42E824036862ED17D538B2B47551641D8145854DB,COMPLETE_FIXED_MODEL_BRANCH_READOUT_DIAGNOSTIC_NOT_FORMAL_ABLATION
ODCR-D696,RRSHID-Test,RRSHID-Test_0299,thin_fog/57.png,direct,22.225692749023438,0.6871450543403625,0.25606223940849304,0.2317844033241272,8C6B829F439937D52EA836A254A0A790095DAED39BF3F9A0049C8590ACB1AA32,7DD4BA00E65F7F9ED151A6858FA76E6B068F1F6DF8F0366F9CE722FF0222D997,C0539F39FC2C5251DB8A295FF18E44AE14FDFF9C610AD48D30D517F3CA025B63,D696BBFA42DD1A840708B9C42E824036862ED17D538B2B47551641D8145854DB,COMPLETE_FIXED_MODEL_BRANCH_READOUT_DIAGNOSTIC_NOT_FORMAL_ABLATION
ODCR-D696,RRSHID-Test,RRSHID-Test_0299,thin_fog/57.png,physical,19.58631134033203,0.600209653377533,0.3002839684486389,0.23550784587860107,8C6B829F439937D52EA836A254A0A790095DAED39BF3F9A0049C8590ACB1AA32,7DD4BA00E65F7F9ED151A6858FA76E6B068F1F6DF8F0366F9CE722FF0222D997,5A1155203472FD56F701A14AD735D6F6968500844B273B13CC5F70A11FCE3687,D696BBFA42DD1A840708B9C42E824036862ED17D538B2B47551641D8145854DB,COMPLETE_FIXED_MODEL_BRANCH_READOUT_DIAGNOSTIC_NOT_FORMAL_ABLATION
ODCR-D696,RRSHID-Test,RRSHID-Test_0299,thin_fog/57.png,output,21.690404891967773,0.6850618720054626,0.24344517290592194,0.20670753717422485,8C6B829F439937D52EA836A254A0A790095DAED39BF3F9A0049C8590ACB1AA32,7DD4BA00E65F7F9ED151A6858FA76E6B068F1F6DF8F0366F9CE722FF0222D997,C3B50671A6944A18FD9E8778C29A03E9D92F1154A5176E0A81AB8017F083B57F,D696BBFA42DD1A840708B9C42E824036862ED17D538B2B47551641D8145854DB,COMPLETE_FIXED_MODEL_BRANCH_READOUT_DIAGNOSTIC_NOT_FORMAL_ABLATION
ODCR-D696,RRSHID-Test,RRSHID-Test_0300,thin_fog/823.png,direct,24.021528244018555,0.6847816109657288,0.30142664909362793,0.17444759607315063,26A2C1E8AF5A8A02D13B39FE9C91595BDCE388F28A39BD51DBA45A0A09C39E21,D1F3AE05DE7FB65F37AE57E1091ACF60B21066258C0058F37FDA300EFD1F3945,8152210B571041183529551A0AF1FA335A2A0A5527E850125CDD50D2E30F40F7,D696BBFA42DD1A840708B9C42E824036862ED17D538B2B47551641D8145854DB,COMPLETE_FIXED_MODEL_BRANCH_READOUT_DIAGNOSTIC_NOT_FORMAL_ABLATION
ODCR-D696,RRSHID-Test,RRSHID-Test_0300,thin_fog/823.png,physical,21.702592849731445,0.5775159001350403,0.31198740005493164,0.18289482593536377,26A2C1E8AF5A8A02D13B39FE9C91595BDCE388F28A39BD51DBA45A0A09C39E21,D1F3AE05DE7FB65F37AE57E1091ACF60B21066258C0058F37FDA300EFD1F3945,4E37D45194506715F67D17D2AD62A62D6076EB9C2936768D6CD16DFC42252572,D696BBFA42DD1A840708B9C42E824036862ED17D538B2B47551641D8145854DB,COMPLETE_FIXED_MODEL_BRANCH_READOUT_DIAGNOSTIC_NOT_FORMAL_ABLATION
ODCR-D696,RRSHID-Test,RRSHID-Test_0300,thin_fog/823.png,output,24.87665367126465,0.7089363932609558,0.26022377610206604,0.16012561321258545,26A2C1E8AF5A8A02D13B39FE9C91595BDCE388F28A39BD51DBA45A0A09C39E21,D1F3AE05DE7FB65F37AE57E1091ACF60B21066258C0058F37FDA300EFD1F3945,ACD2780A1AC1EDDF31D600F615445F704971827A3C144C77D5822CBB1C6BA24E,D696BBFA42DD1A840708B9C42E824036862ED17D538B2B47551641D8145854DB,COMPLETE_FIXED_MODEL_BRANCH_READOUT_DIAGNOSTIC_NOT_FORMAL_ABLATION
ODCR-D696,RRSHID-Test,RRSHID-Test_0301,thin_fog/88.png,direct,27.22870635986328,0.727901041507721,0.2978859543800354,0.21324360370635986,996B2EFA2A31A4B74ED698E68AEF8944C82A71CCEA45989939AD259A21F4E3B3,85480FAD7835DC731624BAA8A7BAAE90333A3298A20115C3C78369237867E619,F2F9261D5B66E27644C37EB972FA31D7153A5E8220752FD32E5C670FE27FB3A1,D696BBFA42DD1A840708B9C42E824036862ED17D538B2B47551641D8145854DB,COMPLETE_FIXED_MODEL_BRANCH_READOUT_DIAGNOSTIC_NOT_FORMAL_ABLATION
ODCR-D696,RRSHID-Test,RRSHID-Test_0301,thin_fog/88.png,physical,19.726181030273438,0.5351874828338623,0.3598141670227051,0.24420315027236938,996B2EFA2A31A4B74ED698E68AEF8944C82A71CCEA45989939AD259A21F4E3B3,85480FAD7835DC731624BAA8A7BAAE90333A3298A20115C3C78369237867E619,5776794B47D2D094F604B1E94C49F4EB8581E36A14938E4004FA7CCB73DD8425,D696BBFA42DD1A840708B9C42E824036862ED17D538B2B47551641D8145854DB,COMPLETE_FIXED_MODEL_BRANCH_READOUT_DIAGNOSTIC_NOT_FORMAL_ABLATION
ODCR-D696,RRSHID-Test,RRSHID-Test_0301,thin_fog/88.png,output,26.440204620361328,0.7344228625297546,0.24725505709648132,0.20227038860321045,996B2EFA2A31A4B74ED698E68AEF8944C82A71CCEA45989939AD259A21F4E3B3,85480FAD7835DC731624BAA8A7BAAE90333A3298A20115C3C78369237867E619,55B98F3D62EB8A0F4451726611C1C030BD1FCBCFAAB0F57F9F39EF3EA7E11067,D696BBFA42DD1A840708B9C42E824036862ED17D538B2B47551641D8145854DB,COMPLETE_FIXED_MODEL_BRANCH_READOUT_DIAGNOSTIC_NOT_FORMAL_ABLATION
ODCR-D696,RRSHID-Test,RRSHID-Test_0302,thin_fog/95.png,direct,19.43082046508789,0.5655168890953064,0.39805543422698975,0.25446516275405884,2D4F181FB3C9650FCBC9043A770FE5716AE641AE34BFB75DAEF1B2D5A8164207,42C53009823BB5D27C8E8844EE943C094BE94039B0F02ECC19E0CB67642F968D,40155B9E8329068BA39DD9F66A3F5CD2FF987B853DFCD1B0B1780F95614A9619,D696BBFA42DD1A840708B9C42E824036862ED17D538B2B47551641D8145854DB,COMPLETE_FIXED_MODEL_BRANCH_READOUT_DIAGNOSTIC_NOT_FORMAL_ABLATION
ODCR-D696,RRSHID-Test,RRSHID-Test_0302,thin_fog/95.png,physical,20.624595642089844,0.4899289608001709,0.35978683829307556,0.2583157420158386,2D4F181FB3C9650FCBC9043A770FE5716AE641AE34BFB75DAEF1B2D5A8164207,42C53009823BB5D27C8E8844EE943C094BE94039B0F02ECC19E0CB67642F968D,B3C64440D8CDAC096B8208B3F62FD7F6F105829E63A638318E5EEA7820DA561E,D696BBFA42DD1A840708B9C42E824036862ED17D538B2B47551641D8145854DB,COMPLETE_FIXED_MODEL_BRANCH_READOUT_DIAGNOSTIC_NOT_FORMAL_ABLATION
ODCR-D696,RRSHID-Test,RRSHID-Test_0302,thin_fog/95.png,output,20.240602493286133,0.5896735191345215,0.34415802359580994,0.23853111267089844,2D4F181FB3C9650FCBC9043A770FE5716AE641AE34BFB75DAEF1B2D5A8164207,42C53009823BB5D27C8E8844EE943C094BE94039B0F02ECC19E0CB67642F968D,7C65CF5ADC67A1AE2A74AF8FC9267C2C825ED06B542D5172DB3D7EC2F4629282,D696BBFA42DD1A840708B9C42E824036862ED17D538B2B47551641D8145854DB,COMPLETE_FIXED_MODEL_BRANCH_READOUT_DIAGNOSTIC_NOT_FORMAL_ABLATION
ODCR-D696,RRSHID-Test,RRSHID-Test_0303,thin_fog/972.png,direct,26.240951538085938,0.6873099207878113,0.40028858184814453,0.23984646797180176,90D7DF308AE74B1674757E9C90B78305DFAFC66B86353EC5525E6F4282FC48C5,E3F0324CFD28A68A62ED959F65542E2B6F70E22374991D92186D5B31782FDAAC,F3F259B5F77C0E941714108ABE624F72B7B74818DF0AEC218A0A33532692D0D8,D696BBFA42DD1A840708B9C42E824036862ED17D538B2B47551641D8145854DB,COMPLETE_FIXED_MODEL_BRANCH_READOUT_DIAGNOSTIC_NOT_FORMAL_ABLATION
ODCR-D696,RRSHID-Test,RRSHID-Test_0303,thin_fog/972.png,physical,22.20650863647461,0.5735411047935486,0.3343814015388489,0.243139386177063,90D7DF308AE74B1674757E9C90B78305DFAFC66B86353EC5525E6F4282FC48C5,E3F0324CFD28A68A62ED959F65542E2B6F70E22374991D92186D5B31782FDAAC,788BDC3E3AB595B033CF620153CD9ACE36CB6DFAED37DFC80158FA35B9E576DC,D696BBFA42DD1A840708B9C42E824036862ED17D538B2B47551641D8145854DB,COMPLETE_FIXED_MODEL_BRANCH_READOUT_DIAGNOSTIC_NOT_FORMAL_ABLATION
ODCR-D696,RRSHID-Test,RRSHID-Test_0303,thin_fog/972.png,output,26.887514114379883,0.7074177861213684,0.34016674757003784,0.2269337773323059,90D7DF308AE74B1674757E9C90B78305DFAFC66B86353EC5525E6F4282FC48C5,E3F0324CFD28A68A62ED959F65542E2B6F70E22374991D92186D5B31782FDAAC,09A2564D61D92727B03C8E10F87477D55CF1422B54A7A9B67B92695214C5CE7F,D696BBFA42DD1A840708B9C42E824036862ED17D538B2B47551641D8145854DB,COMPLETE_FIXED_MODEL_BRANCH_READOUT_DIAGNOSTIC_NOT_FORMAL_ABLATION
ODCR-D696,RRSHID-Test,RRSHID-Test_0304,thin_fog/990.png,direct,24.279449462890625,0.6919456124305725,0.28202253580093384,0.23380142450332642,7111E397A39DA97790D36FA5AFF528DF59BF06EC423F087F9E6EA7DBBCC18413,3E98E6F74D0CFC2CB22A25CA140C86CA8BA535B044384426A29E56AEFD0EC034,071E05CC9FC4752185FE28B62E587C03C34C939ED30FEFBFA28BAEAFEDA9925A,D696BBFA42DD1A840708B9C42E824036862ED17D538B2B47551641D8145854DB,COMPLETE_FIXED_MODEL_BRANCH_READOUT_DIAGNOSTIC_NOT_FORMAL_ABLATION
ODCR-D696,RRSHID-Test,RRSHID-Test_0304,thin_fog/990.png,physical,22.993383407592773,0.6922808289527893,0.275797963142395,0.21560227870941162,7111E397A39DA97790D36FA5AFF528DF59BF06EC423F087F9E6EA7DBBCC18413,3E98E6F74D0CFC2CB22A25CA140C86CA8BA535B044384426A29E56AEFD0EC034,5262D20BBEB2574380D13129432ABDE749058557E42847A41AFD2BDF5997F264,D696BBFA42DD1A840708B9C42E824036862ED17D538B2B47551641D8145854DB,COMPLETE_FIXED_MODEL_BRANCH_READOUT_DIAGNOSTIC_NOT_FORMAL_ABLATION
ODCR-D696,RRSHID-Test,RRSHID-Test_0304,thin_fog/990.png,output,24.966094970703125,0.7321181893348694,0.2342178225517273,0.20847183465957642,7111E397A39DA97790D36FA5AFF528DF59BF06EC423F087F9E6EA7DBBCC18413,3E98E6F74D0CFC2CB22A25CA140C86CA8BA535B044384426A29E56AEFD0EC034,C1932EB5F001F418B5AF1620D8E66C1D8E488F5997D3FF8525F56001CFE4E0F0,D696BBFA42DD1A840708B9C42E824036862ED17D538B2B47551641D8145854DB,COMPLETE_FIXED_MODEL_BRANCH_READOUT_DIAGNOSTIC_NOT_FORMAL_ABLATION
