method_id,dataset_id,pair_key,PSNR,SSIM_Gaussian11,LPIPS,DISTS,input_sha256,gt_sha256,output_sha256,checkpoint_sha256,source_status,evidence_status
ODCR-D696,D01,1,22.921659008483914,0.8693144347027572,0.06984664499759674,0.0735207200050354,311ED8326392FBBD8C238739A19C409C2207AC3D5AB079FE8ADFB4F4FE56D5E1,0855DCABAB1E842DCD02DA5EB1E1D93AA722EAF405CC81F929C41144A3F0119E,7E3AA9938F6C66A9F163B001CC65BF07E4DD9991CC6D98FBC8178DD9A5FC863C,D696BBFA42DD1A840708B9C42E824036862ED17D538B2B47551641D8145854DB,SAVED_FIXED_OUTPUT,HASH_VERIFIED_SUPPLEMENT_NOT_STRICT_FINAL
ODCR-D696,D01,2,13.901104828333184,0.7384014153509972,0.20227500796318054,0.1374572515487671,47B6313F1143C781178724F7FBCDF4E6182C09AF281830E0259F3CF5843ED6B3,0855DCABAB1E842DCD02DA5EB1E1D93AA722EAF405CC81F929C41144A3F0119E,7AC99E9B20FC6DC1E42EF56D9C9925A5AB4806A7FFE113574B1CC83D00DB668B,D696BBFA42DD1A840708B9C42E824036862ED17D538B2B47551641D8145854DB,SAVED_FIXED_OUTPUT,HASH_VERIFIED_SUPPLEMENT_NOT_STRICT_FINAL
ODCR-D696,D01,3,21.75475487889805,0.857469615263717,0.08048425614833832,0.07868039608001709,17FDE2A494365FBACF8ED43EAAD97031498DA5B35EDAD4944381B063808CE26D,0855DCABAB1E842DCD02DA5EB1E1D93AA722EAF405CC81F929C41144A3F0119E,0D99F1F717DD047A0EC3FDF2B87A5C2A488EAD89552B9F139841580032D4E10D,D696BBFA42DD1A840708B9C42E824036862ED17D538B2B47551641D8145854DB,SAVED_FIXED_OUTPUT,HASH_VERIFIED_SUPPLEMENT_NOT_STRICT_FINAL
ODCR-D696,D01,4,20.758336556965425,0.8480277851840766,0.09260566532611847,0.0880236029624939,261C58D30BEF388B6B4AFA8A998D4DB2B715F5F59E28247D17EEFF182EF8B136,0855DCABAB1E842DCD02DA5EB1E1D93AA722EAF405CC81F929C41144A3F0119E,86C6F553C1DC24664EE66A3D26B7C4B847CA00D590547D497C01C2F5CD528696,D696BBFA42DD1A840708B9C42E824036862ED17D538B2B47551641D8145854DB,SAVED_FIXED_OUTPUT,HASH_VERIFIED_SUPPLEMENT_NOT_STRICT_FINAL
ODCR-D696,D01,5,19.75598564417183,0.8361712164402727,0.10803772509098053,0.09798288345336914,1D10EC34521876A44F13C179AD428C15118B58A596DBC20A3367899F163DE74E,0855DCABAB1E842DCD02DA5EB1E1D93AA722EAF405CC81F929C41144A3F0119E,A8C637B708ADB6F561C5BB3B8B73052005449C6B586DC10385497C14B1DC50FD,D696BBFA42DD1A840708B9C42E824036862ED17D538B2B47551641D8145854DB,SAVED_FIXED_OUTPUT,HASH_VERIFIED_SUPPLEMENT_NOT_STRICT_FINAL
ODCR-D696,D01,6,18.65792018684979,0.8197276763607508,0.12589775025844574,0.10561835765838623,469481DA8847E6139954E0147C44DE593E82B3EB2AC1BC7D80921627BBC9C0ED,0855DCABAB1E842DCD02DA5EB1E1D93AA722EAF405CC81F929C41144A3F0119E,4E099813CE17A9074BA4E7694A721F5DF3734B487205B279C5D89273ECC36CE5,D696BBFA42DD1A840708B9C42E824036862ED17D538B2B47551641D8145854DB,SAVED_FIXED_OUTPUT,HASH_VERIFIED_SUPPLEMENT_NOT_STRICT_FINAL
ODCR-D696,D01,7,17.60430903058713,0.8009711953110625,0.14408424496650696,0.1161392331123352,80C164A355DA58C3F8EC9E15BC4C897435771C0222B09EBA3F65A7B996F6AC74,0855DCABAB1E842DCD02DA5EB1E1D93AA722EAF405CC81F929C41144A3F0119E,CD6564193CC2D5A4478EAC033C80AD3A4DCDEB7689B8B80EBC289133EE032497,D696BBFA42DD1A840708B9C42E824036862ED17D538B2B47551641D8145854DB,SAVED_FIXED_OUTPUT,HASH_VERIFIED_SUPPLEMENT_NOT_STRICT_FINAL
ODCR-D696,D01,8,16.56983096434988,0.7820294715231677,0.16087256371974945,0.12321174144744873,434014F7727A335C3CE8D5AB4E39EE00529BFB2C656E0D48EBA4FE8EB9F17A06,0855DCABAB1E842DCD02DA5EB1E1D93AA722EAF405CC81F929C41144A3F0119E,1B7FEF517D70C3E2841553DFE74FEB995B1A3CA02C409528D375C79854381285,D696BBFA42DD1A840708B9C42E824036862ED17D538B2B47551641D8145854DB,SAVED_FIXED_OUTPUT,HASH_VERIFIED_SUPPLEMENT_NOT_STRICT_FINAL
ODCR-D696,D01,9,15.579182295641466,0.7650228329490766,0.1751047968864441,0.12781965732574463,0458616D18E005E7E71CD1F742056B78AD99CCEBA0F15CA872DAF88AC3095DCE,0855DCABAB1E842DCD02DA5EB1E1D93AA722EAF405CC81F929C41144A3F0119E,7DF766B157A888E199063991FABFEBED9A16C12AFF0897618AEEAAAB02A7261C,D696BBFA42DD1A840708B9C42E824036862ED17D538B2B47551641D8145854DB,SAVED_FIXED_OUTPUT,HASH_VERIFIED_SUPPLEMENT_NOT_STRICT_FINAL
ODCR-D696,D01,10,14.691616390118853,0.7509213090167114,0.18904784321784973,0.13338220119476318,F0DA228040D399B5C9B335AA0DADB98F0068BE0DE37D32FC22882909F9F14852,0855DCABAB1E842DCD02DA5EB1E1D93AA722EAF405CC81F929C41144A3F0119E,DBEA9C295747521DF467EF2BF5E8A668A1E0FEF79A331F2C9E7CBC5F74832FF0,D696BBFA42DD1A840708B9C42E824036862ED17D538B2B47551641D8145854DB,SAVED_FIXED_OUTPUT,HASH_VERIFIED_SUPPLEMENT_NOT_STRICT_FINAL
ODCR-D696,D01,11,26.014405304036032,0.893717318008119,0.0588366836309433,0.07383882999420166,C580A7A4E3E0FDB83F3F75FCC142B1FB3495EBAC6B5FEBDD65142F91EEF0EEB1,E3876BA4457DDCA60DCE6B98AF795A40B36BF7D23B8DCE26304AF76501AAF8E4,FA28EE1AEE3EF69C77111065DA433657D2958A71A728167C998111A72F9F3295,D696BBFA42DD1A840708B9C42E824036862ED17D538B2B47551641D8145854DB,SAVED_FIXED_OUTPUT,HASH_VERIFIED_SUPPLEMENT_NOT_STRICT_FINAL
ODCR-D696,D01,12,16.7791509179398,0.8073646510151812,0.17218612134456635,0.11905592679977417,80CCF6F0996451AED34F3E1B7A60E00F703B5B551D5A26A57683B87C2C9F64AB,E3876BA4457DDCA60DCE6B98AF795A40B36BF7D23B8DCE26304AF76501AAF8E4,26EBB64AA031F1956C882CF1D67197FC4528382F0B5AEED93BCB4AD31F489E55,D696BBFA42DD1A840708B9C42E824036862ED17D538B2B47551641D8145854DB,SAVED_FIXED_OUTPUT,HASH_VERIFIED_SUPPLEMENT_NOT_STRICT_FINAL
ODCR-D696,D01,13,25.040274187052937,0.8847719961210663,0.06651739776134491,0.0840766429901123,8B0D6C96A59D8A6E4654D889187EC287544795B555613AEEB52DE26861FDC5D4,E3876BA4457DDCA60DCE6B98AF795A40B36BF7D23B8DCE26304AF76501AAF8E4,B1DABCF314870A49947195A5928959F553CE845B0791A9436568A5680E9F1CFF,D696BBFA42DD1A840708B9C42E824036862ED17D538B2B47551641D8145854DB,SAVED_FIXED_OUTPUT,HASH_VERIFIED_SUPPLEMENT_NOT_STRICT_FINAL
ODCR-D696,D01,14,23.897935425843663,0.8768272827798554,0.0754178985953331,0.09102362394332886,4A269A71C305E446180A2FD4EA45782B5A95C69F1F440C4F8C0573BFBDD4EB97,E3876BA4457DDCA60DCE6B98AF795A40B36BF7D23B8DCE26304AF76501AAF8E4,3D630688E8863F23B1535EB9FD31B17827E0DD8587B6806DF40AE3B05D9D3C28,D696BBFA42DD1A840708B9C42E824036862ED17D538B2B47551641D8145854DB,SAVED_FIXED_OUTPUT,HASH_VERIFIED_SUPPLEMENT_NOT_STRICT_FINAL
ODCR-D696,D01,15,22.687552646312135,0.8694377431025212,0.08578599989414215,0.09482866525650024,18DECBFF03A7438C7E015BF140A65B1797E79F022BB76A01B9876736A5EF41DD,E3876BA4457DDCA60DCE6B98AF795A40B36BF7D23B8DCE26304AF76501AAF8E4,F6C5DC58D5E60C38D612E31C0A0C3DAA1DBA4FA83773E16B355C1D3AFC6D7358,D696BBFA42DD1A840708B9C42E824036862ED17D538B2B47551641D8145854DB,SAVED_FIXED_OUTPUT,HASH_VERIFIED_SUPPLEMENT_NOT_STRICT_FINAL
ODCR-D696,D01,16,21.485223106646426,0.8630025938258461,0.09690720587968826,0.09941577911376953,1EA8CB1C3B1EDE323F7C59D441453180F98500DEA940863ADB408B679056D187,E3876BA4457DDCA60DCE6B98AF795A40B36BF7D23B8DCE26304AF76501AAF8E4,C8AE6DF4055BCF15A805A0BC42FB23E182E4F17A71BFC741B88B8D777DB97938,D696BBFA42DD1A840708B9C42E824036862ED17D538B2B47551641D8145854DB,SAVED_FIXED_OUTPUT,HASH_VERIFIED_SUPPLEMENT_NOT_STRICT_FINAL
ODCR-D696,D01,17,20.357516713109433,0.855722516717854,0.10940736532211304,0.10694664716720581,3407BB8E50C330A075B75C9A8AF64E898C5E7F6031212568857E35B40ECBA846,E3876BA4457DDCA60DCE6B98AF795A40B36BF7D23B8DCE26304AF76501AAF8E4,5259B2F5C1CEAA65EC45C0D834B76DBDBD0D35DBD2B104B1FC4F2E2BEF049B96,D696BBFA42DD1A840708B9C42E824036862ED17D538B2B47551641D8145854DB,SAVED_FIXED_OUTPUT,HASH_VERIFIED_SUPPLEMENT_NOT_STRICT_FINAL
ODCR-D696,D01,18,19.334740226667574,0.8475610640442793,0.12322232127189636,0.11131739616394043,2C5DF7435FFDAB4254D911CE9CA822FA3705EBDC027C6E5E1255398200A17261,E3876BA4457DDCA60DCE6B98AF795A40B36BF7D23B8DCE26304AF76501AAF8E4,92570905D9FF59C9A09E9C9100BAA95F47516CA8046593BABDC532A5CDFCC66E,D696BBFA42DD1A840708B9C42E824036862ED17D538B2B47551641D8145854DB,SAVED_FIXED_OUTPUT,HASH_VERIFIED_SUPPLEMENT_NOT_STRICT_FINAL
ODCR-D696,D01,19,18.417337182362786,0.8365021401245175,0.13898903131484985,0.11275309324264526,D25F780B49D4DA41E032B26265025B3949210D3E18BFB864A2FD94F072E576CE,E3876BA4457DDCA60DCE6B98AF795A40B36BF7D23B8DCE26304AF76501AAF8E4,FE00204468E8A7824B682678D08A7A163A3822472F6AC4F055A596041558D86E,D696BBFA42DD1A840708B9C42E824036862ED17D538B2B47551641D8145854DB,SAVED_FIXED_OUTPUT,HASH_VERIFIED_SUPPLEMENT_NOT_STRICT_FINAL
ODCR-D696,D01,20,17.56613008400992,0.8233859633745407,0.15559375286102295,0.11741828918457031,174DDEF31577B070F7701E7656AA4294863842CE01ACCCC3D0B14518645D89B1,E3876BA4457DDCA60DCE6B98AF795A40B36BF7D23B8DCE26304AF76501AAF8E4,55B8E2A03052E0EB294AD404AA583ABD843BDF5B8CCB4C556695537D4422BFDC,D696BBFA42DD1A840708B9C42E824036862ED17D538B2B47551641D8145854DB,SAVED_FIXED_OUTPUT,HASH_VERIFIED_SUPPLEMENT_NOT_STRICT_FINAL
ODCR-D696,D01,21,23.486370442604322,0.8559297663194,0.09725770354270935,0.10410267114639282,E64CCF47801A77827F48B71CCE8FFA650E37605EEBC6CBAD661EEA04209C22DD,588BB0F7C154C9129F54F28E36CA18455CFDDF89D1BEC2A9D198F90C8D0332AA,F3C3AA4299DEAE7CC4B113696BC9BEDAF4AC0F8E6C27E5569D0E9B39ABC086BF,D696BBFA42DD1A840708B9C42E824036862ED17D538B2B47551641D8145854DB,SAVED_FIXED_OUTPUT,HASH_VERIFIED_SUPPLEMENT_NOT_STRICT_FINAL
ODCR-D696,D01,22,15.975428574366495,0.7790546892288471,0.20187264680862427,0.1257190704345703,D42B8AB739BFD7248888C669F42E051069FAB2A62744A9037C81212B29D303CF,588BB0F7C154C9129F54F28E36CA18455CFDDF89D1BEC2A9D198F90C8D0332AA,69ABFF5686F0B94C2B9CA36C7D63DDDE07EC15470E2805F12D2FDFB0F1E626E9,D696BBFA42DD1A840708B9C42E824036862ED17D538B2B47551641D8145854DB,SAVED_FIXED_OUTPUT,HASH_VERIFIED_SUPPLEMENT_NOT_STRICT_FINAL
ODCR-D696,D01,23,22.143400701161656,0.8431543290151863,0.11048076301813126,0.10975027084350586,BB3F3DFAD12B09985E7127522D62E4DF5772750A8557836E634E0F0245046F7E,588BB0F7C154C9129F54F28E36CA18455CFDDF89D1BEC2A9D198F90C8D0332AA,69FA644E4AAF10C8F78C5CDB648597B33940D0A5795AFB9D323CC6138A7DBE2F,D696BBFA42DD1A840708B9C42E824036862ED17D538B2B47551641D8145854DB,SAVED_FIXED_OUTPUT,HASH_VERIFIED_SUPPLEMENT_NOT_STRICT_FINAL
ODCR-D696,D01,24,20.937085605542144,0.8321261245187542,0.12478937953710556,0.11323034763336182,B60B77897CD93088785FFA45667DC5D10FD97D5AA951C0F851B514069FAC20A6,588BB0F7C154C9129F54F28E36CA18455CFDDF89D1BEC2A9D198F90C8D0332AA,81F39CEEDB06D369F9F8AED7E8880488FD41D42839A97F57A174ACEDFABC943D,D696BBFA42DD1A840708B9C42E824036862ED17D538B2B47551641D8145854DB,SAVED_FIXED_OUTPUT,HASH_VERIFIED_SUPPLEMENT_NOT_STRICT_FINAL
ODCR-D696,D01,25,19.9181010000494,0.8232891360979169,0.1396213173866272,0.1157071590423584,8BA69BA932369861360FBF0E0FC6F7D32169C661A3BDD6899FAA9F719A286AE7,588BB0F7C154C9129F54F28E36CA18455CFDDF89D1BEC2A9D198F90C8D0332AA,E29E12D770A0660F2EB4724A46DFF3AD27CF8B02C8662FA302FA5ECF7E3B6C24,D696BBFA42DD1A840708B9C42E824036862ED17D538B2B47551641D8145854DB,SAVED_FIXED_OUTPUT,HASH_VERIFIED_SUPPLEMENT_NOT_STRICT_FINAL
ODCR-D696,D01,26,19.059395534760064,0.8149689629906235,0.1513253152370453,0.11761677265167236,E1A029D8CE43CE41AF78289F1687826BD1FEDFA8DCCA20FCD42CC497110D2E07,588BB0F7C154C9129F54F28E36CA18455CFDDF89D1BEC2A9D198F90C8D0332AA,68E835F6A9CBDD00D6A9320FE9705563FA07995E8D2E40491FDA654EF2D25908,D696BBFA42DD1A840708B9C42E824036862ED17D538B2B47551641D8145854DB,SAVED_FIXED_OUTPUT,HASH_VERIFIED_SUPPLEMENT_NOT_STRICT_FINAL
ODCR-D696,D01,27,18.31152964044087,0.8062964649412901,0.1625595986843109,0.12050759792327881,C0D7C533A85F9DD303A20BBFAA0BDE1127298944595C8434E2AFD7C68B1C7362,588BB0F7C154C9129F54F28E36CA18455CFDDF89D1BEC2A9D198F90C8D0332AA,AE57C40D2E2E9B0352F1EA0830BE21C56A93169938516162E03F849BCCCED8A2,D696BBFA42DD1A840708B9C42E824036862ED17D538B2B47551641D8145854DB,SAVED_FIXED_OUTPUT,HASH_VERIFIED_SUPPLEMENT_NOT_STRICT_FINAL
ODCR-D696,D01,28,17.646138949280402,0.7986642149292368,0.17230452597141266,0.12452423572540283,FC38FC9C9EBCBBFB813AD7FB58770250456CA3457B6572C883178481294DC14F,588BB0F7C154C9129F54F28E36CA18455CFDDF89D1BEC2A9D198F90C8D0332AA,51AB260BD42E1ACAF5616771B77901617293F814BB0658FD8ECEE4EE8BC36B2A,D696BBFA42DD1A840708B9C42E824036862ED17D538B2B47551641D8145854DB,SAVED_FIXED_OUTPUT,HASH_VERIFIED_SUPPLEMENT_NOT_STRICT_FINAL
ODCR-D696,D01,29,17.059793183473403,0.7919724840652863,0.1821305900812149,0.12526708841323853,516A577AC09D3817879160A5D8F5ACEAA17CBC12BF3A26728E9496606D8C7A8B,588BB0F7C154C9129F54F28E36CA18455CFDDF89D1BEC2A9D198F90C8D0332AA,B3D5233317F32DCDD2BAB3D17D5C4F7D22BADD1ACEF35A0E9070417F1783398B,D696BBFA42DD1A840708B9C42E824036862ED17D538B2B47551641D8145854DB,SAVED_FIXED_OUTPUT,HASH_VERIFIED_SUPPLEMENT_NOT_STRICT_FINAL
ODCR-D696,D01,30,16.513096669079555,0.7858109590044181,0.19193241000175476,0.1249132752418518,FCBC366F2DCCB39697564EE00E78A06F164930A6B8DFBD0C31F059BEE83B8A11,588BB0F7C154C9129F54F28E36CA18455CFDDF89D1BEC2A9D198F90C8D0332AA,20BAE55DA7CA25F3E7EF81F1C4FE3006BD6415F2D0200F857298F107FA71127D,D696BBFA42DD1A840708B9C42E824036862ED17D538B2B47551641D8145854DB,SAVED_FIXED_OUTPUT,HASH_VERIFIED_SUPPLEMENT_NOT_STRICT_FINAL
ODCR-D696,D01,31,24.26499846616708,0.8482007638374084,0.1223006546497345,0.11684846878051758,E53BE0B1FFAE6AFEAFD56607B59DAE77EA82DC0A3B73302278EED722AB2954F7,92E35BFFD2441A54C0F1ECBC24DEAD05F60CB94A79EE6ED108BA301E0184E765,38F8BBA40267D05F74D7E08FD620BC7878345930C1CA889DCAF89A4DA75F9200,D696BBFA42DD1A840708B9C42E824036862ED17D538B2B47551641D8145854DB,SAVED_FIXED_OUTPUT,HASH_VERIFIED_SUPPLEMENT_NOT_STRICT_FINAL
ODCR-D696,D01,32,14.906752284131528,0.6961837084620631,0.2740726172924042,0.1614508032798767,DA371AD773D8AC7EBF9F1D5F4D3CA8BC8E332E0786ACC7C51E8A97F4E15952C0,92E35BFFD2441A54C0F1ECBC24DEAD05F60CB94A79EE6ED108BA301E0184E765,FDA8FF790953DCFDEFFA6F3FA0635159FF6F4C93F6B98970871FF6B517153887,D696BBFA42DD1A840708B9C42E824036862ED17D538B2B47551641D8145854DB,SAVED_FIXED_OUTPUT,HASH_VERIFIED_SUPPLEMENT_NOT_STRICT_FINAL
ODCR-D696,D01,33,22.76928195473188,0.8139508966726182,0.15600194036960602,0.13093674182891846,96ABB2C06B38D85C6B49FC3F77AEE820E69C4FAEEEED836E7C682C4B81BE7C96,92E35BFFD2441A54C0F1ECBC24DEAD05F60CB94A79EE6ED108BA301E0184E765,C87E287B5E06BB3FC1DDF3D1B9C66F4A8A91ECFB806DF68DAD071EE0C7EE876F,D696BBFA42DD1A840708B9C42E824036862ED17D538B2B47551641D8145854DB,SAVED_FIXED_OUTPUT,HASH_VERIFIED_SUPPLEMENT_NOT_STRICT_FINAL
ODCR-D696,D01,34,21.273627099371485,0.7793969421030291,0.19121766090393066,0.14598602056503296,E275E928AAC469EAA04B9A0367E82DDEB704EDF2003D7F442E247A32FC8A9E0A,92E35BFFD2441A54C0F1ECBC24DEAD05F60CB94A79EE6ED108BA301E0184E765,FC8818D55CFBDC53B710CEA431E983406AC7EE5F211D5257D461F1D2EC727858,D696BBFA42DD1A840708B9C42E824036862ED17D538B2B47551641D8145854DB,SAVED_FIXED_OUTPUT,HASH_VERIFIED_SUPPLEMENT_NOT_STRICT_FINAL
ODCR-D696,D01,35,20.006302862796716,0.7577435017978562,0.21404936909675598,0.15405821800231934,EC18F7401552DE52F49D8AFD364DB7C819F3E7AC63CE79E6143F2F098022CBCB,92E35BFFD2441A54C0F1ECBC24DEAD05F60CB94A79EE6ED108BA301E0184E765,CCDDBACC3B592E133FCF11D0EA4606CB08D980D0DCC30C69445581704C6BE256,D696BBFA42DD1A840708B9C42E824036862ED17D538B2B47551641D8145854DB,SAVED_FIXED_OUTPUT,HASH_VERIFIED_SUPPLEMENT_NOT_STRICT_FINAL
ODCR-D696,D01,36,18.929464149608087,0.7456114119915047,0.2292371243238449,0.15891391038894653,47313CC6018BBCE402D639D4B9744E6776C4A277912F5A25A56CE71C42AA07EF,92E35BFFD2441A54C0F1ECBC24DEAD05F60CB94A79EE6ED108BA301E0184E765,76B3E533B40E0426713651717BED1BC7F56BB37E1024B1F8D63BD4D7A69857FB,D696BBFA42DD1A840708B9C42E824036862ED17D538B2B47551641D8145854DB,SAVED_FIXED_OUTPUT,HASH_VERIFIED_SUPPLEMENT_NOT_STRICT_FINAL
ODCR-D696,D01,37,18.018243155987324,0.7364702904341124,0.2408129721879959,0.15788394212722778,82409469D1DE37DD5775E401F2E42BDBDE7730A651CD0336F22E7CE9D5B7007B,92E35BFFD2441A54C0F1ECBC24DEAD05F60CB94A79EE6ED108BA301E0184E765,4DBBE1305533DAE2810116D6A0F1D48A4A84F1E9CD869C072408768FCD6A10BA,D696BBFA42DD1A840708B9C42E824036862ED17D538B2B47551641D8145854DB,SAVED_FIXED_OUTPUT,HASH_VERIFIED_SUPPLEMENT_NOT_STRICT_FINAL
ODCR-D696,D01,38,17.24840893455098,0.7267818160642073,0.2545599043369293,0.15955203771591187,E828DB9E3CE06608925C3AD1897DD1B3BFC6BD31E8E1436B0ABC7DC9B4801711,92E35BFFD2441A54C0F1ECBC24DEAD05F60CB94A79EE6ED108BA301E0184E765,EC8432CB993530E810C5CC452B38702A45E58EF54C33A3613514FCEB4BFB4131,D696BBFA42DD1A840708B9C42E824036862ED17D538B2B47551641D8145854DB,SAVED_FIXED_OUTPUT,HASH_VERIFIED_SUPPLEMENT_NOT_STRICT_FINAL
ODCR-D696,D01,39,16.33033609985482,0.7169588333509357,0.2622844874858856,0.15576523542404175,4979AB53834D40D0A36A0CE7BB022EBE318FE14726C8660C70925A915F5D7234,92E35BFFD2441A54C0F1ECBC24DEAD05F60CB94A79EE6ED108BA301E0184E765,A1E8212005EA89FA0197E4425328687044BA29A9873D70D09946809201674D4D,D696BBFA42DD1A840708B9C42E824036862ED17D538B2B47551641D8145854DB,SAVED_FIXED_OUTPUT,HASH_VERIFIED_SUPPLEMENT_NOT_STRICT_FINAL
ODCR-D696,D01,40,15.552248050454896,0.7087212344660708,0.265071839094162,0.15566056966781616,5EF2BB1616F961E328ECFBEB74F407B8CC7BBB6AD4F41F5EAA309DD32DC6E507,92E35BFFD2441A54C0F1ECBC24DEAD05F60CB94A79EE6ED108BA301E0184E765,72FA70F533B1D5040061752720850BF2118A36CBE1628A757D60580D792E65F4,D696BBFA42DD1A840708B9C42E824036862ED17D538B2B47551641D8145854DB,SAVED_FIXED_OUTPUT,HASH_VERIFIED_SUPPLEMENT_NOT_STRICT_FINAL
ODCR-D696,D01,41,23.64992925720861,0.8811350145287434,0.11885415017604828,0.08201336860656738,4BF4A61631AC94604A95797B2050516394FFF049F4FF613B4E01F8B03C761969,A750414FCDCDDAB93D097778383679E1A85981017502E0321A572DD0F757030B,7E52730C6CA10BAA57B4E9800FFD15FF73679E80529BFF9855CEFE4A7829F4D8,D696BBFA42DD1A840708B9C42E824036862ED17D538B2B47551641D8145854DB,SAVED_FIXED_OUTPUT,HASH_VERIFIED_SUPPLEMENT_NOT_STRICT_FINAL
ODCR-D696,D01,42,16.289534897175816,0.8344130451128221,0.19043612480163574,0.11009907722473145,F28C5DECA156A1B762061D4D0BFB8B34D00FE1C0E19C5FAA3F6503F65A215551,A750414FCDCDDAB93D097778383679E1A85981017502E0321A572DD0F757030B,26869F806833C0FFF38FE209C6B8FD2F834A51B3635E4E14DD8F00B9DD0A16B7,D696BBFA42DD1A840708B9C42E824036862ED17D538B2B47551641D8145854DB,SAVED_FIXED_OUTPUT,HASH_VERIFIED_SUPPLEMENT_NOT_STRICT_FINAL
ODCR-D696,D01,43,22.635987761429334,0.8814651444180148,0.1287127137184143,0.0850062370300293,51450FD1B27E6090A4613712A29FD9FBCFA7C8269BAD87C06526AF0A79FC684D,A750414FCDCDDAB93D097778383679E1A85981017502E0321A572DD0F757030B,BBB0DEAF20F155462193B96F6AE1015B620AA6D835D0F043F53A123EC0FA37CF,D696BBFA42DD1A840708B9C42E824036862ED17D538B2B47551641D8145854DB,SAVED_FIXED_OUTPUT,HASH_VERIFIED_SUPPLEMENT_NOT_STRICT_FINAL
ODCR-D696,D01,44,21.608101592418464,0.8781149105612635,0.13760638236999512,0.08774137496948242,EFBD94CF406B0ABDD9BC260C5F2FD0FD046C5A7F55440EC87F9E70A2608E2DE4,A750414FCDCDDAB93D097778383679E1A85981017502E0321A572DD0F757030B,DC89EA8F4DE2D0F5027A131290F59493F4F26550FE2E177B0DD1F517898A1192,D696BBFA42DD1A840708B9C42E824036862ED17D538B2B47551641D8145854DB,SAVED_FIXED_OUTPUT,HASH_VERIFIED_SUPPLEMENT_NOT_STRICT_FINAL
ODCR-D696,D01,45,20.636174652527007,0.8725447353059104,0.14694541692733765,0.09189862012863159,711AC20947E0575D4B812CC7FA1D2A705401CEDCDB9CBE1972445A8F4422D5D3,A750414FCDCDDAB93D097778383679E1A85981017502E0321A572DD0F757030B,7954DC7A32F93F8225FCF5701F69A0E8198D4BABD68AA266B8164E088BB2A3FD,D696BBFA42DD1A840708B9C42E824036862ED17D538B2B47551641D8145854DB,SAVED_FIXED_OUTPUT,HASH_VERIFIED_SUPPLEMENT_NOT_STRICT_FINAL
ODCR-D696,D01,46,19.73297505472032,0.8658537854461078,0.1554516851902008,0.09463638067245483,0DF4908B76382DEC858B3BA671F40F211916C58BA30F6F3CE590AFBA10A5E4B7,A750414FCDCDDAB93D097778383679E1A85981017502E0321A572DD0F757030B,AF99BEDDD65F9847940864F9E23207024DF8ECEF889A2B03C016E3F3CD158EF3,D696BBFA42DD1A840708B9C42E824036862ED17D538B2B47551641D8145854DB,SAVED_FIXED_OUTPUT,HASH_VERIFIED_SUPPLEMENT_NOT_STRICT_FINAL
ODCR-D696,D01,47,18.913934677620972,0.8597376570925674,0.1637757271528244,0.09753358364105225,4FF5DE50AC01B137C7B227C612A7F6571EAE89857BC6B26E43CC0F4DF22B713A,A750414FCDCDDAB93D097778383679E1A85981017502E0321A572DD0F757030B,24AFB69BDCCBA56AAC4381C9F967177E39AD5AC76F6B474ED49C41321A7C404D,D696BBFA42DD1A840708B9C42E824036862ED17D538B2B47551641D8145854DB,SAVED_FIXED_OUTPUT,HASH_VERIFIED_SUPPLEMENT_NOT_STRICT_FINAL
ODCR-D696,D01,48,18.170976565674287,0.8537880179864438,0.17124655842781067,0.0999373197555542,ECAA67C2E562EF2EC8E0AC578A8CD99FBC525738650CC599F6A695B71920ED68,A750414FCDCDDAB93D097778383679E1A85981017502E0321A572DD0F757030B,F24B0124DC0AE1DA8D3572151081C834F5BF4F9DD04D01B3050FC2EB853A1E96,D696BBFA42DD1A840708B9C42E824036862ED17D538B2B47551641D8145854DB,SAVED_FIXED_OUTPUT,HASH_VERIFIED_SUPPLEMENT_NOT_STRICT_FINAL
ODCR-D696,D01,49,17.489587136440324,0.8470275498640562,0.17770877480506897,0.1014602780342102,830FD19FAA004FBA89299B2155F6B9EAEE560725E544E9D3A025661F0A002D46,A750414FCDCDDAB93D097778383679E1A85981017502E0321A572DD0F757030B,55AA5D12B5EF52235B91BF149A74F15DC8D622DE2D0E18336CD5213552B6D294,D696BBFA42DD1A840708B9C42E824036862ED17D538B2B47551641D8145854DB,SAVED_FIXED_OUTPUT,HASH_VERIFIED_SUPPLEMENT_NOT_STRICT_FINAL
ODCR-D696,D01,50,16.85907787406279,0.8406123282862303,0.18431131541728973,0.10529416799545288,688FC70BB1E7323ED91D6399A2D879439739684A67BC686F7BE88D794BBAA561,A750414FCDCDDAB93D097778383679E1A85981017502E0321A572DD0F757030B,5D84B6753A4A82B90B847E04E8666801BEA75D1DF7DBE1781AF25FB8EB30CE12,D696BBFA42DD1A840708B9C42E824036862ED17D538B2B47551641D8145854DB,SAVED_FIXED_OUTPUT,HASH_VERIFIED_SUPPLEMENT_NOT_STRICT_FINAL
ODCR-D696,D01,51,23.480603500477827,0.9062561269949745,0.07444318383932114,0.07138049602508545,4A0D0ACCC7EB547562E188B431A80BA0E3EE063722FDC91CD231A1933A2E6A31,7C3AE59B63D30B65743FC443F2F0DECA88CEED51DBEB1B3E2DADB2BE604B273B,B34A7F18FC501C34188828C25C4907891EB5BE653D38AAA913739B62B5BD4A4F,D696BBFA42DD1A840708B9C42E824036862ED17D538B2B47551641D8145854DB,SAVED_FIXED_OUTPUT,HASH_VERIFIED_SUPPLEMENT_NOT_STRICT_FINAL
ODCR-D696,D01,52,15.693330083467451,0.8658400330815185,0.1467914581298828,0.09675538539886475,9668DBF1BD7CAC1C0CEB4A8F002AB653E700AFEDBDFF19E1ED0F15F1CF1B6B6D,7C3AE59B63D30B65743FC443F2F0DECA88CEED51DBEB1B3E2DADB2BE604B273B,23C9A3B1D226028E2119421959D2F2B5E2C3209F2586080276BCADB26FC8BE0E,D696BBFA42DD1A840708B9C42E824036862ED17D538B2B47551641D8145854DB,SAVED_FIXED_OUTPUT,HASH_VERIFIED_SUPPLEMENT_NOT_STRICT_FINAL
ODCR-D696,D01,53,22.212826261010218,0.9037155497064292,0.08474202454090118,0.0741569995880127,D60E5AD769306F7A9705F45C304C05881D3866125A8E4C488EED86DEC16D3342,7C3AE59B63D30B65743FC443F2F0DECA88CEED51DBEB1B3E2DADB2BE604B273B,6088E2F1F9A034F54AD01EE8D16368E2492381B9ED3B83AC00A86463E6145C6F,D696BBFA42DD1A840708B9C42E824036862ED17D538B2B47551641D8145854DB,SAVED_FIXED_OUTPUT,HASH_VERIFIED_SUPPLEMENT_NOT_STRICT_FINAL
ODCR-D696,D01,54,21.079528959198868,0.9000847097216301,0.09545561671257019,0.0788770318031311,8977CC3C6DEB6022229ADD83E3E8BD826805B19672894BF0A023F27B11152668,7C3AE59B63D30B65743FC443F2F0DECA88CEED51DBEB1B3E2DADB2BE604B273B,28D396BC13DA74A2A54D3CD0E746C7F403A8D97EAD715AF19B0DFC42FAEAB7B4,D696BBFA42DD1A840708B9C42E824036862ED17D538B2B47551641D8145854DB,SAVED_FIXED_OUTPUT,HASH_VERIFIED_SUPPLEMENT_NOT_STRICT_FINAL
ODCR-D696,D01,55,20.077651672250283,0.8952851303074413,0.10555808246135712,0.08228933811187744,4FD656D36938DC43D0C28E8558CA1367B9720F6A7E3BB237B7CBCE4A07434360,7C3AE59B63D30B65743FC443F2F0DECA88CEED51DBEB1B3E2DADB2BE604B273B,BF4FD2A4544927D3FB1009F32012E8FD781852966EB260E4557C19F4429DCD22,D696BBFA42DD1A840708B9C42E824036862ED17D538B2B47551641D8145854DB,SAVED_FIXED_OUTPUT,HASH_VERIFIED_SUPPLEMENT_NOT_STRICT_FINAL
ODCR-D696,D01,56,19.189254317472933,0.8899982382404796,0.1144104152917862,0.08500117063522339,DF1D4F7B9F46ED3BCFE2B106CD74ED95B8C7EA75AE7DBF516701F353CE32DDE8,7C3AE59B63D30B65743FC443F2F0DECA88CEED51DBEB1B3E2DADB2BE604B273B,2ECA2BF7C022810ADFFB2934C583C38155EACBE5D31EF90C6F87F576215E5E63,D696BBFA42DD1A840708B9C42E824036862ED17D538B2B47551641D8145854DB,SAVED_FIXED_OUTPUT,HASH_VERIFIED_SUPPLEMENT_NOT_STRICT_FINAL
ODCR-D696,D01,57,18.382786040785483,0.8851837310598052,0.12234113365411758,0.08645522594451904,8E74EFA955B73BA7CB31942986A033FAAB49F6544EDEE5A931734B5943B2B0B0,7C3AE59B63D30B65743FC443F2F0DECA88CEED51DBEB1B3E2DADB2BE604B273B,F289F0DD4527BA4E35E822A43981CFCF517525C5C936DB167870CCF5AD1133FE,D696BBFA42DD1A840708B9C42E824036862ED17D538B2B47551641D8145854DB,SAVED_FIXED_OUTPUT,HASH_VERIFIED_SUPPLEMENT_NOT_STRICT_FINAL
ODCR-D696,D01,58,17.638527267142955,0.8808418459779261,0.12851901352405548,0.0880327820777893,E248ED47DA409EB766EC3C3EEB839017D04D215EF62B5E771EF161EB2F33A9FD,7C3AE59B63D30B65743FC443F2F0DECA88CEED51DBEB1B3E2DADB2BE604B273B,8747002C235A010F8154981AE75C344E1C92845AC1AF3DD2DB71F5C7BB05824E,D696BBFA42DD1A840708B9C42E824036862ED17D538B2B47551641D8145854DB,SAVED_FIXED_OUTPUT,HASH_VERIFIED_SUPPLEMENT_NOT_STRICT_FINAL
ODCR-D696,D01,59,16.939728476024747,0.876540557002414,0.13474227488040924,0.08912193775177002,AEEF1E526C668F04E4B3A18AC7A2DB10E1D8395F0233ACC3CCD1C2E62E009052,7C3AE59B63D30B65743FC443F2F0DECA88CEED51DBEB1B3E2DADB2BE604B273B,9C19020420851174F5979B6E9A88695C862097D5EE90CACFBA9C43923E6AE2C3,D696BBFA42DD1A840708B9C42E824036862ED17D538B2B47551641D8145854DB,SAVED_FIXED_OUTPUT,HASH_VERIFIED_SUPPLEMENT_NOT_STRICT_FINAL
ODCR-D696,D01,60,16.27854823481837,0.8715779521798251,0.14046123623847961,0.09275394678115845,0E99A1A7A000EB27AA91FD1BE634272FC4505A5139342390C8D31FDADDD11648,7C3AE59B63D30B65743FC443F2F0DECA88CEED51DBEB1B3E2DADB2BE604B273B,ED0D229409436D6B8C40F20C07E64D73FFFA2CAFC4DD8777F48973A8E0FFC92A,D696BBFA42DD1A840708B9C42E824036862ED17D538B2B47551641D8145854DB,SAVED_FIXED_OUTPUT,HASH_VERIFIED_SUPPLEMENT_NOT_STRICT_FINAL
ODCR-D696,D01,61,22.686217446330694,0.8739444476835169,0.08105175197124481,0.08126604557037354,0E3C90C2F914612F9694D4A6BE1880AD7468424AF0901B60F72869F6AF23AB45,B7099CC043405DFEC5107DE5047FB545E62598D81985DDB3B01C90E9B3498609,197E4FA92CF25333C9C3680E4EAFD49F49853782A3ED856E929AD3F4F7B2651F,D696BBFA42DD1A840708B9C42E824036862ED17D538B2B47551641D8145854DB,SAVED_FIXED_OUTPUT,HASH_VERIFIED_SUPPLEMENT_NOT_STRICT_FINAL
ODCR-D696,D01,62,15.437595671685603,0.83429716934915,0.14353935420513153,0.10022234916687012,D7778F886E7AC00BA9BE696B9021B6B00B8D76B88D69DBF6396FA058D639A7F0,B7099CC043405DFEC5107DE5047FB545E62598D81985DDB3B01C90E9B3498609,44F6C4A23593E21385D01CAC717DF4B7F67FE5A8A704CA12A261B7C4B10602A3,D696BBFA42DD1A840708B9C42E824036862ED17D538B2B47551641D8145854DB,SAVED_FIXED_OUTPUT,HASH_VERIFIED_SUPPLEMENT_NOT_STRICT_FINAL
ODCR-D696,D01,63,22.138373600507006,0.8692386598359008,0.08554592728614807,0.0824701189994812,D85AE6E8952424967784FDFFAD65786CD5AAA5CDB43831CD98536A98C8134FB7,B7099CC043405DFEC5107DE5047FB545E62598D81985DDB3B01C90E9B3498609,2D1D8999B2EF46C06624C1A7B56D0A7A5BF3EB23723CE3F9C0C4712273427E13,D696BBFA42DD1A840708B9C42E824036862ED17D538B2B47551641D8145854DB,SAVED_FIXED_OUTPUT,HASH_VERIFIED_SUPPLEMENT_NOT_STRICT_FINAL
ODCR-D696,D01,64,21.337967724377602,0.8645587721386283,0.09080642461776733,0.08606231212615967,EA7975B487CF8F643A83F3FED5D5DE372ECD1AEFD09C01A724C30C02B8E48601,B7099CC043405DFEC5107DE5047FB545E62598D81985DDB3B01C90E9B3498609,29FD303FD02EEFA17F8F76138AC47AA0D3B03BA0702F85A6FF7774D3F0943248,D696BBFA42DD1A840708B9C42E824036862ED17D538B2B47551641D8145854DB,SAVED_FIXED_OUTPUT,HASH_VERIFIED_SUPPLEMENT_NOT_STRICT_FINAL
ODCR-D696,D01,65,20.393648972031958,0.8604082681675363,0.09680622816085815,0.08836865425109863,16F7F09421E76EFD6CEEE914209B393CAF24115956FEC48DA502528C44B227D1,B7099CC043405DFEC5107DE5047FB545E62598D81985DDB3B01C90E9B3498609,86CCEFD57607EA63EEBCFA561E3D2D8C6635EF9380F6D5B9AF3ECA94480D92D8,D696BBFA42DD1A840708B9C42E824036862ED17D538B2B47551641D8145854DB,SAVED_FIXED_OUTPUT,HASH_VERIFIED_SUPPLEMENT_NOT_STRICT_FINAL
ODCR-D696,D01,66,19.419864223190586,0.8566964048307956,0.10358422994613647,0.0906602144241333,57EFC43716CE7BF4B84AC694E4513F62A22F7C3DB8AF320D77096BCFA6B2E45C,B7099CC043405DFEC5107DE5047FB545E62598D81985DDB3B01C90E9B3498609,954B134A74572AB6F722C49E106C2A44F86C244B5722232AF784A4D916D72059,D696BBFA42DD1A840708B9C42E824036862ED17D538B2B47551641D8145854DB,SAVED_FIXED_OUTPUT,HASH_VERIFIED_SUPPLEMENT_NOT_STRICT_FINAL
ODCR-D696,D01,67,18.494930394498276,0.8522970069495593,0.11146027594804764,0.09196144342422485,155A164D373DB45F86D8E329FFEA30FC858C17F60DCB3002EF47190D91CA8C41,B7099CC043405DFEC5107DE5047FB545E62598D81985DDB3B01C90E9B3498609,1C6DB1CEFF963F810DD8E68EB0B1A5122639915A14A52D47D2FA74A2C8E5CDA2,D696BBFA42DD1A840708B9C42E824036862ED17D538B2B47551641D8145854DB,SAVED_FIXED_OUTPUT,HASH_VERIFIED_SUPPLEMENT_NOT_STRICT_FINAL
ODCR-D696,D01,68,17.61043616288137,0.8481413810986699,0.11951562762260437,0.0936400294303894,25D675AC287DAC6E32EC4D0801579242F1D1BEC71D99C0893667475D41D1799E,B7099CC043405DFEC5107DE5047FB545E62598D81985DDB3B01C90E9B3498609,6DB391BB1F4EB49D41AB031C8DBE74F11552BA0298CC200AA6FA23F7B38A7C55,D696BBFA42DD1A840708B9C42E824036862ED17D538B2B47551641D8145854DB,SAVED_FIXED_OUTPUT,HASH_VERIFIED_SUPPLEMENT_NOT_STRICT_FINAL
ODCR-D696,D01,69,16.78188839170228,0.8438161551485219,0.12723416090011597,0.0967562198638916,FDD19C4278FA37F4832A861F2B23E1E7375152DCCF98AC8062F23C54A24CDAD8,B7099CC043405DFEC5107DE5047FB545E62598D81985DDB3B01C90E9B3498609,AC7F94D97B0CFA6E9A3311E90ACFC3791B1E253D4567838300550B0FE58C67DB,D696BBFA42DD1A840708B9C42E824036862ED17D538B2B47551641D8145854DB,SAVED_FIXED_OUTPUT,HASH_VERIFIED_SUPPLEMENT_NOT_STRICT_FINAL
ODCR-D696,D01,70,16.063767317378563,0.838796804065038,0.1357252597808838,0.09802418947219849,C1DB59B37867DD14C904A379A195E6FA42F748724F8A390EA62E15CF4C5C5A15,B7099CC043405DFEC5107DE5047FB545E62598D81985DDB3B01C90E9B3498609,FF60454C825DE4ED65A148026DC9B086684C047C345724C71C02A2D893E195B8,D696BBFA42DD1A840708B9C42E824036862ED17D538B2B47551641D8145854DB,SAVED_FIXED_OUTPUT,HASH_VERIFIED_SUPPLEMENT_NOT_STRICT_FINAL
ODCR-D696,D01,71,22.84185079037178,0.8995583328286934,0.072953000664711,0.0953400731086731,3E3B48E12224D1382BB36A4465DAD9B03E020AB771F7FDCBCA99F04C08ED900F,B079C243F844177BAE8D233E48D93AF41BB27EB665B23C348C2957880D1E1049,666FE9005C05B5A070ACED5454497D01AE9EB637A7EF938FF271E1217619096C,D696BBFA42DD1A840708B9C42E824036862ED17D538B2B47551641D8145854DB,SAVED_FIXED_OUTPUT,HASH_VERIFIED_SUPPLEMENT_NOT_STRICT_FINAL
ODCR-D696,D01,72,17.397160885085555,0.8755833417629785,0.10238178074359894,0.11405867338180542,4D5EE3805971907E8D8B0C6DE32592B91ADF995D0F5B78E33E6037910A7FE320,B079C243F844177BAE8D233E48D93AF41BB27EB665B23C348C2957880D1E1049,54021FE932C8DABBC21D34CAB3C1EDBA0087FF9B79D1B8BBB594A4E63D9A92EF,D696BBFA42DD1A840708B9C42E824036862ED17D538B2B47551641D8145854DB,SAVED_FIXED_OUTPUT,HASH_VERIFIED_SUPPLEMENT_NOT_STRICT_FINAL
ODCR-D696,D01,73,22.84987792978494,0.9028585936085749,0.07209549099206924,0.0955614447593689,D72BA9A35EF8937191AA495962E6EE76705169B5B76D5911A2D71F6635AB83B8,B079C243F844177BAE8D233E48D93AF41BB27EB665B23C348C2957880D1E1049,AC811359709328699AFF3CF22CFB5DB69534361DC12B0735C5988E652D5CE86C,D696BBFA42DD1A840708B9C42E824036862ED17D538B2B47551641D8145854DB,SAVED_FIXED_OUTPUT,HASH_VERIFIED_SUPPLEMENT_NOT_STRICT_FINAL
ODCR-D696,D01,74,22.533144283225894,0.9039820896312635,0.07203555852174759,0.09924453496932983,7EAACE3145DAE24101DF50EB9468A966BE3BFAE20A7FA9D0043BE36DED00F553,B079C243F844177BAE8D233E48D93AF41BB27EB665B23C348C2957880D1E1049,76AA237B5C77B479E771DE273F225753B6A691DCE7244010C20C515BC52AB565,D696BBFA42DD1A840708B9C42E824036862ED17D538B2B47551641D8145854DB,SAVED_FIXED_OUTPUT,HASH_VERIFIED_SUPPLEMENT_NOT_STRICT_FINAL
ODCR-D696,D01,75,21.916875352100092,0.9026546150627137,0.0739980936050415,0.09972167015075684,4392F844ECCDFAD4F5B2E9715E00D9D90C9C625E5DACD4E20DA2FE1E863A3F9B,B079C243F844177BAE8D233E48D93AF41BB27EB665B23C348C2957880D1E1049,220B75B976123D51F5A101E609A7E23BDE36159B600438F0254C5807BFF41F0D,D696BBFA42DD1A840708B9C42E824036862ED17D538B2B47551641D8145854DB,SAVED_FIXED_OUTPUT,HASH_VERIFIED_SUPPLEMENT_NOT_STRICT_FINAL
ODCR-D696,D01,76,21.163268523081467,0.8998193237717237,0.07702883332967758,0.10153204202651978,D182AE6D8FFB606250AFE7955F688AC018DEABF9AB878BC9E0A9C2105E14B089,B079C243F844177BAE8D233E48D93AF41BB27EB665B23C348C2957880D1E1049,ECC474B522A65C1AE4F1C94BF55D4027FB9F7F6B8DC2D9E26C22E5DF2F04E5C6,D696BBFA42DD1A840708B9C42E824036862ED17D538B2B47551641D8145854DB,SAVED_FIXED_OUTPUT,HASH_VERIFIED_SUPPLEMENT_NOT_STRICT_FINAL
ODCR-D696,D01,77,20.35440772882918,0.8956299620529516,0.08134862035512924,0.1048768162727356,FDB3C92A3516AE99C57B6247D5D00F000FE23EDC194B90A22920B29C0F284D60,B079C243F844177BAE8D233E48D93AF41BB27EB665B23C348C2957880D1E1049,55323C5320B3359B4C0CCF8FFA7A3E24B20A8A9CF2B88B078B82043EC4456149,D696BBFA42DD1A840708B9C42E824036862ED17D538B2B47551641D8145854DB,SAVED_FIXED_OUTPUT,HASH_VERIFIED_SUPPLEMENT_NOT_STRICT_FINAL
ODCR-D696,D01,78,19.53544827165886,0.8906736734914791,0.0863790288567543,0.10439705848693848,5783416FCDBB2D00B9ADF418E51AD4C3BC9FAF2E72FD2E9197A03D192132CDE3,B079C243F844177BAE8D233E48D93AF41BB27EB665B23C348C2957880D1E1049,8A291D5979D52A9855DA2A3232ABDCE5757BF9C46D2335C746756D24BE4B1044,D696BBFA42DD1A840708B9C42E824036862ED17D538B2B47551641D8145854DB,SAVED_FIXED_OUTPUT,HASH_VERIFIED_SUPPLEMENT_NOT_STRICT_FINAL
ODCR-D696,D01,79,18.791505157449137,0.8856025401539641,0.09165898710489273,0.1081000566482544,6823F384D3532EFCDB42C224D5855B5BD86287AE7A927D6745F3D93E42F384C1,B079C243F844177BAE8D233E48D93AF41BB27EB665B23C348C2957880D1E1049,608B6C006B499FE482FC0A2C85D31966F5BA3A7B3A327B97E080983340D38F60,D696BBFA42DD1A840708B9C42E824036862ED17D538B2B47551641D8145854DB,SAVED_FIXED_OUTPUT,HASH_VERIFIED_SUPPLEMENT_NOT_STRICT_FINAL
ODCR-D696,D01,80,18.062014012740597,0.8804134743691088,0.0969896987080574,0.11155873537063599,7BB9D2080BF22F86064C9FF7DE484E24C0C7B757469AFC572512E74CC6A9206D,B079C243F844177BAE8D233E48D93AF41BB27EB665B23C348C2957880D1E1049,03B83232A0D0CB47AE7510F70B33037666AA8F36C9C67B90DF18FF6EEF64F982,D696BBFA42DD1A840708B9C42E824036862ED17D538B2B47551641D8145854DB,SAVED_FIXED_OUTPUT,HASH_VERIFIED_SUPPLEMENT_NOT_STRICT_FINAL
ODCR-D696,D01,81,19.571943495604117,0.8610679340137731,0.10351981967687607,0.09226346015930176,7E06BED98BDD46ED5A8A7CE5D831BA59F0519306BB1517DB3085F7EA285846EA,01CE266E4F9404D903B91C6F7124CDF7F6E0DF00029F30F2843E88455C12EB71,267FF87D62066F73DFD602C64654F953A331CAA588D136A49347EAF6CE961C95,D696BBFA42DD1A840708B9C42E824036862ED17D538B2B47551641D8145854DB,SAVED_FIXED_OUTPUT,HASH_VERIFIED_SUPPLEMENT_NOT_STRICT_FINAL
ODCR-D696,D01,82,16.854438245378503,0.8321426415160104,0.14528556168079376,0.10532230138778687,8959507060A0ED48D3D78453C8BEA6F71C0C6C8C19A178824998671C6C70D0B5,01CE266E4F9404D903B91C6F7124CDF7F6E0DF00029F30F2843E88455C12EB71,8BFBEE1AE2E1EAB86FB6B0344A0E997B03ABA771D885CDBB7D5992CF13139752,D696BBFA42DD1A840708B9C42E824036862ED17D538B2B47551641D8145854DB,SAVED_FIXED_OUTPUT,HASH_VERIFIED_SUPPLEMENT_NOT_STRICT_FINAL
ODCR-D696,D01,83,19.530104357338875,0.8617914311800301,0.10599043220281601,0.09280866384506226,7F1DC6369102FDDFEAB6A08223A955583C242CD53ECCFCFE3264310EA402BBE7,01CE266E4F9404D903B91C6F7124CDF7F6E0DF00029F30F2843E88455C12EB71,EB03890A7B70F09FD59BBA6A3F00A897C0EA220E1247A76B977CD55574CE873A,D696BBFA42DD1A840708B9C42E824036862ED17D538B2B47551641D8145854DB,SAVED_FIXED_OUTPUT,HASH_VERIFIED_SUPPLEMENT_NOT_STRICT_FINAL
ODCR-D696,D01,84,19.332411891890388,0.8601976645168014,0.11041826754808426,0.09297937154769897,97852D3A616455DEB6070FA5A11DC2697557F3C483CD3BD45CDF9F6C504A09A6,01CE266E4F9404D903B91C6F7124CDF7F6E0DF00029F30F2843E88455C12EB71,BC1D7528A86D258E041E4988C897D2FE6AE942AEB7BC07B33C318888D45DFDDD,D696BBFA42DD1A840708B9C42E824036862ED17D538B2B47551641D8145854DB,SAVED_FIXED_OUTPUT,HASH_VERIFIED_SUPPLEMENT_NOT_STRICT_FINAL
ODCR-D696,D01,85,19.064990393380313,0.8576690584035923,0.11490564048290253,0.09315222501754761,1B61D3244866EE63C47271756ECDBE8CBCC9E3FC663CB41E09F38CEE574EC71E,01CE266E4F9404D903B91C6F7124CDF7F6E0DF00029F30F2843E88455C12EB71,F16D12E73B9F0E7FD2781752351FFDD9A8F111E243F477C3DEE0722E1AF57FFC,D696BBFA42DD1A840708B9C42E824036862ED17D538B2B47551641D8145854DB,SAVED_FIXED_OUTPUT,HASH_VERIFIED_SUPPLEMENT_NOT_STRICT_FINAL
ODCR-D696,D01,86,18.749670824775645,0.8545782562045421,0.11974091082811356,0.09400355815887451,38876569334345662DA0408BFC1DF985A9670F0CAF47DAB7CB159F8FF5859139,01CE266E4F9404D903B91C6F7124CDF7F6E0DF00029F30F2843E88455C12EB71,A3ED5AE9144674CBE06EA0F8D5A6924B7ED9CFAC783D0906D46A950068DC13D7,D696BBFA42DD1A840708B9C42E824036862ED17D538B2B47551641D8145854DB,SAVED_FIXED_OUTPUT,HASH_VERIFIED_SUPPLEMENT_NOT_STRICT_FINAL
ODCR-D696,D01,87,18.384264923056396,0.8505053978965957,0.12491561472415924,0.09505981206893921,D906CCEDF62B463EABF02C3C60776537317436FFB34BDA9C2F0AEA6CF7685BFB,01CE266E4F9404D903B91C6F7124CDF7F6E0DF00029F30F2843E88455C12EB71,88017717060436DD3BD1533EDDB68DDAB4F17DB571800BBB88096584ABAE8729,D696BBFA42DD1A840708B9C42E824036862ED17D538B2B47551641D8145854DB,SAVED_FIXED_OUTPUT,HASH_VERIFIED_SUPPLEMENT_NOT_STRICT_FINAL
ODCR-D696,D01,88,18.01142051177527,0.8461710528475054,0.130058154463768,0.09822428226470947,05E70490D63212D2FFFC61365532A4956A9FB634A45C6D80A251CA9F1D599FE7,01CE266E4F9404D903B91C6F7124CDF7F6E0DF00029F30F2843E88455C12EB71,AA2E5E4A834D3E9C4ADA8C66C8153563A99010B5B1C6AB881696C9EA6EC3BD79,D696BBFA42DD1A840708B9C42E824036862ED17D538B2B47551641D8145854DB,SAVED_FIXED_OUTPUT,HASH_VERIFIED_SUPPLEMENT_NOT_STRICT_FINAL
ODCR-D696,D01,89,17.64109421978118,0.8417124008405995,0.1350337564945221,0.09966129064559937,068195642A3A64FDA3EAF114DEF73F800C76E5EC9762117D617E29FFD78F6EDC,01CE266E4F9404D903B91C6F7124CDF7F6E0DF00029F30F2843E88455C12EB71,6909B616059187DACFB3AF44085F58DF8047C32820D854CFD807FE6AD6FE17C0,D696BBFA42DD1A840708B9C42E824036862ED17D538B2B47551641D8145854DB,SAVED_FIXED_OUTPUT,HASH_VERIFIED_SUPPLEMENT_NOT_STRICT_FINAL
ODCR-D696,D01,90,17.241979245183963,0.8368900293102083,0.14013594388961792,0.10214364528656006,10709221DB84606B684E182C76950080F048728F4FE6E6D5AAAEC1436AF6E7AB,01CE266E4F9404D903B91C6F7124CDF7F6E0DF00029F30F2843E88455C12EB71,566C0D687359FABD448D6B63A7AD3D4EEA897124CF5B257B79AF5AF34007298D,D696BBFA42DD1A840708B9C42E824036862ED17D538B2B47551641D8145854DB,SAVED_FIXED_OUTPUT,HASH_VERIFIED_SUPPLEMENT_NOT_STRICT_FINAL
ODCR-D696,D01,91,21.658490416154343,0.869082451692675,0.0838594138622284,0.09033823013305664,ADD959C02AAC1AF8AA69A2057E4661A3EFA67595CC7141F018EBFB8F97CE6E12,0B185009EC6A1C364B1E0B3991A8CB08336A50A355FF60AC56306435463E3A71,60D79533AA748700E5981EFF5D72936150B538E883323446D2ED8957E22DEB65,D696BBFA42DD1A840708B9C42E824036862ED17D538B2B47551641D8145854DB,SAVED_FIXED_OUTPUT,HASH_VERIFIED_SUPPLEMENT_NOT_STRICT_FINAL
ODCR-D696,D01,92,15.620174348472846,0.818878628524288,0.15964870154857635,0.10894668102264404,B92FA6F1739D6976BEBA9C5E79ADB450100A03220975EA8879BA5137295FEB70,0B185009EC6A1C364B1E0B3991A8CB08336A50A355FF60AC56306435463E3A71,05D8F361C219B6F4E79B9946A84E463AE9947DFFA02FB9EDEF3351D86FB1C198,D696BBFA42DD1A840708B9C42E824036862ED17D538B2B47551641D8145854DB,SAVED_FIXED_OUTPUT,HASH_VERIFIED_SUPPLEMENT_NOT_STRICT_FINAL
ODCR-D696,D01,93,21.0115924146889,0.8677017725999111,0.08726003021001816,0.0938311219215393,3F4F3FF5EAEBF71440E90000F79C5C069FB1099B754D953F107FC264F92A66AB,0B185009EC6A1C364B1E0B3991A8CB08336A50A355FF60AC56306435463E3A71,7D7BFB33BA8D8C6F5401C9170719ABD1954BD84A5377C80C8F99604020EEF6CD,D696BBFA42DD1A840708B9C42E824036862ED17D538B2B47551641D8145854DB,SAVED_FIXED_OUTPUT,HASH_VERIFIED_SUPPLEMENT_NOT_STRICT_FINAL
ODCR-D696,D01,94,20.284595101148085,0.8653740140151225,0.09111402183771133,0.09591442346572876,004316209434AF2AC09D08B89319BD8691A1DA214626A81588951E1B88EC99DC,0B185009EC6A1C364B1E0B3991A8CB08336A50A355FF60AC56306435463E3A71,2F15E4BE3D6EAEE92BDA33B67F676EED3A5B430788A743301C90885B602C79CF,D696BBFA42DD1A840708B9C42E824036862ED17D538B2B47551641D8145854DB,SAVED_FIXED_OUTPUT,HASH_VERIFIED_SUPPLEMENT_NOT_STRICT_FINAL
ODCR-D696,D01,95,19.502276678942764,0.8614884139927438,0.09689858555793762,0.09776204824447632,560F8EA0FFA3E7B72F1791AA05F8695B197E934A00AD21F8ADDEBD5C082FCFC0,0B185009EC6A1C364B1E0B3991A8CB08336A50A355FF60AC56306435463E3A71,475B7AF6A92CD8BBA7109E3B17EA9712C6FCBCEF9161FD92C5081203A74C3881,D696BBFA42DD1A840708B9C42E824036862ED17D538B2B47551641D8145854DB,SAVED_FIXED_OUTPUT,HASH_VERIFIED_SUPPLEMENT_NOT_STRICT_FINAL
ODCR-D696,D01,96,18.727392466220685,0.8559641481338853,0.10413697361946106,0.09865427017211914,84C5AF0B61EEA24A85E849AA935172795C2E5BF3D5441D25AFE99371D63C6126,0B185009EC6A1C364B1E0B3991A8CB08336A50A355FF60AC56306435463E3A71,078BBC6C445BAB2D9C48C07AE36351B511B2211DCA2A8BE733F308DFBF81EF6E,D696BBFA42DD1A840708B9C42E824036862ED17D538B2B47551641D8145854DB,SAVED_FIXED_OUTPUT,HASH_VERIFIED_SUPPLEMENT_NOT_STRICT_FINAL
ODCR-D696,D01,97,17.996457794553418,0.8488599231880795,0.11351480334997177,0.10065311193466187,DEF10D06DE25F4673A4BB832287D1CC91877337C5EE0B8FF544B767B43182877,0B185009EC6A1C364B1E0B3991A8CB08336A50A355FF60AC56306435463E3A71,65D04CFC73EC13BACB8CEA03D6542E6CC9F539FB43135BDF558AE8BD5F2D3460,D696BBFA42DD1A840708B9C42E824036862ED17D538B2B47551641D8145854DB,SAVED_FIXED_OUTPUT,HASH_VERIFIED_SUPPLEMENT_NOT_STRICT_FINAL
ODCR-D696,D01,98,17.313119810827843,0.8416864987767658,0.12387533485889435,0.10249453783035278,FF2902C530CA9C07F34CC407872CDE296D64CC8E26EDC70900BB2ED119F6C4B5,0B185009EC6A1C364B1E0B3991A8CB08336A50A355FF60AC56306435463E3A71,7C2405F4430BDD6132418BFA7E686E0363777BFC2F0756E55C94B7A2C2E63161,D696BBFA42DD1A840708B9C42E824036862ED17D538B2B47551641D8145854DB,SAVED_FIXED_OUTPUT,HASH_VERIFIED_SUPPLEMENT_NOT_STRICT_FINAL
ODCR-D696,D01,99,16.680870406335767,0.8343443808061148,0.13487781584262848,0.10623186826705933,82DD7FC2B11B18373A1C5A8136BA83D719B98FEA58FC80D37E54E74759DC131A,0B185009EC6A1C364B1E0B3991A8CB08336A50A355FF60AC56306435463E3A71,FFECF6706FA514D9CE5E198A7C514D2D9DA32E84B634EF33A0688FB9CE79643C,D696BBFA42DD1A840708B9C42E824036862ED17D538B2B47551641D8145854DB,SAVED_FIXED_OUTPUT,HASH_VERIFIED_SUPPLEMENT_NOT_STRICT_FINAL
ODCR-D696,D01,100,16.12483258256821,0.8261118044399396,0.14717569947242737,0.10753726959228516,124AE81E9DF5715F4137FB14141B5AA456F1F3ACE5892BCC6D5EDDBE10CE9E61,0B185009EC6A1C364B1E0B3991A8CB08336A50A355FF60AC56306435463E3A71,6EB93D03CBD7DE3064586BCB0FD1C40555EC4D923FB8CA190B1AF444066B88B4,D696BBFA42DD1A840708B9C42E824036862ED17D538B2B47551641D8145854DB,SAVED_FIXED_OUTPUT,HASH_VERIFIED_SUPPLEMENT_NOT_STRICT_FINAL
ODCR-D696,D01,101,23.210446826643274,0.9090646535439175,0.08968661725521088,0.10887449979782104,67F409DB339DF1058249A4D27CA596FC173D0F536384C3066CE28369B942BCDC,400E6AC0553E48CDE32B2D4F3431D759208F178176B541DC07096FCC46B4A236,8A0C725AA03E79F4A417C5DA3CFCD5A1EF34B37C6E0320834D7F9E971F096F63,D696BBFA42DD1A840708B9C42E824036862ED17D538B2B47551641D8145854DB,SAVED_FIXED_OUTPUT,HASH_VERIFIED_SUPPLEMENT_NOT_STRICT_FINAL
ODCR-D696,D01,102,16.03874103698942,0.8689736966743095,0.146913543343544,0.1324496865272522,D0321DEF776F2FC9C5D559E87E5D8F158A035BE203B080C3FBD70CB9B10D59B2,400E6AC0553E48CDE32B2D4F3431D759208F178176B541DC07096FCC46B4A236,5DB88C7DCCC87C3814B5F5CE688328DD31F0AFC8F1D4CC22ACDAD17948533FAC,D696BBFA42DD1A840708B9C42E824036862ED17D538B2B47551641D8145854DB,SAVED_FIXED_OUTPUT,HASH_VERIFIED_SUPPLEMENT_NOT_STRICT_FINAL
ODCR-D696,D01,103,22.887623373413565,0.9091615131436898,0.0920267403125763,0.10725265741348267,D8E0DFE0C9F6A49A68AC0C6B2EC2980974A04B849BB8665A8FFE670DE74E65C1,400E6AC0553E48CDE32B2D4F3431D759208F178176B541DC07096FCC46B4A236,F4AECBD75637716217C2CA2C909E84755DBCEFFA179659FCE7306E21319E9585,D696BBFA42DD1A840708B9C42E824036862ED17D538B2B47551641D8145854DB,SAVED_FIXED_OUTPUT,HASH_VERIFIED_SUPPLEMENT_NOT_STRICT_FINAL
ODCR-D696,D01,104,22.220408490627534,0.9069417508426022,0.09567864239215851,0.10735774040222168,EA45CB66462E26352246A35170C6045B3EFED5429C9327A5B2F5A32F811A3E3C,400E6AC0553E48CDE32B2D4F3431D759208F178176B541DC07096FCC46B4A236,CC7FCB165006154B2E2F3E987152D36E8C9044BDE3106C5E300117C3F2AAE291,D696BBFA42DD1A840708B9C42E824036862ED17D538B2B47551641D8145854DB,SAVED_FIXED_OUTPUT,HASH_VERIFIED_SUPPLEMENT_NOT_STRICT_FINAL
ODCR-D696,D01,105,21.360999472326444,0.9034114218209942,0.09980131685733795,0.10802370309829712,05778F7FE171E5AE1847656D417062967697B6B528ED6E43E92F3BC8299E10D3,400E6AC0553E48CDE32B2D4F3431D759208F178176B541DC07096FCC46B4A236,5831091E392641A964888DE34C48425000CE9B476815DE7FDC38A6CC773FB4D4,D696BBFA42DD1A840708B9C42E824036862ED17D538B2B47551641D8145854DB,SAVED_FIXED_OUTPUT,HASH_VERIFIED_SUPPLEMENT_NOT_STRICT_FINAL
ODCR-D696,D01,106,20.33894118916132,0.8994763525814383,0.10434514284133911,0.10959982872009277,F44A13F63B0E92F157EA1A0EFBF5269CE6F2C80B9AD5C2B2D1BF0B6D728AD453,400E6AC0553E48CDE32B2D4F3431D759208F178176B541DC07096FCC46B4A236,EDE71C271707570486179CF75EC9D9B0E6FEC5F7EB8E3137A8992D1EFDAB30B7,D696BBFA42DD1A840708B9C42E824036862ED17D538B2B47551641D8145854DB,SAVED_FIXED_OUTPUT,HASH_VERIFIED_SUPPLEMENT_NOT_STRICT_FINAL
ODCR-D696,D01,107,19.192287950349904,0.8933314348157296,0.1116221472620964,0.11262869834899902,9EF3CBCCD92582F5A49738ED5C265A2E318B2133236C7FB0C1A0D95136F74048,400E6AC0553E48CDE32B2D4F3431D759208F178176B541DC07096FCC46B4A236,56322A04305FDAA5A926B1D8E4BC50515C0C1ADBB778984E91CBCB1F985CFB49,D696BBFA42DD1A840708B9C42E824036862ED17D538B2B47551641D8145854DB,SAVED_FIXED_OUTPUT,HASH_VERIFIED_SUPPLEMENT_NOT_STRICT_FINAL
ODCR-D696,D01,108,18.246909139446554,0.8877106722711557,0.11902406066656113,0.1168329119682312,AC0179B33E9DE9E5E17AADC5FD256FCA84B06D187B46D7B2EB2131063334F559,400E6AC0553E48CDE32B2D4F3431D759208F178176B541DC07096FCC46B4A236,A762AE8D3F70FD1EF1F97D8B6AE9CD6E17AC9E7C2C04E678E07ED8EFE7C08902,D696BBFA42DD1A840708B9C42E824036862ED17D538B2B47551641D8145854DB,SAVED_FIXED_OUTPUT,HASH_VERIFIED_SUPPLEMENT_NOT_STRICT_FINAL
ODCR-D696,D01,109,17.402138284140257,0.8812934203323791,0.12838715314865112,0.12178152799606323,7978667AD3FFAFBBE87EA0461D2B7B7D24C8CA67602760570052276566191E3E,400E6AC0553E48CDE32B2D4F3431D759208F178176B541DC07096FCC46B4A236,8E488C3BBA426C3126249A7157562B9C51549382E1B04ED65698DFA3B1BF43F7,D696BBFA42DD1A840708B9C42E824036862ED17D538B2B47551641D8145854DB,SAVED_FIXED_OUTPUT,HASH_VERIFIED_SUPPLEMENT_NOT_STRICT_FINAL
ODCR-D696,D01,110,16.67861800462466,0.8748102240063647,0.13764618337154388,0.12682247161865234,9125385BD72508BEBBF3CEE49188809C8D4E3E25E61323026DCC48405EB0ADBB,400E6AC0553E48CDE32B2D4F3431D759208F178176B541DC07096FCC46B4A236,5A2ECFE6DFF0657D65A9867E6536D804CDDBE7FEA27B25BEAE8A21A021792B4A,D696BBFA42DD1A840708B9C42E824036862ED17D538B2B47551641D8145854DB,SAVED_FIXED_OUTPUT,HASH_VERIFIED_SUPPLEMENT_NOT_STRICT_FINAL
ODCR-D696,D01,111,25.479581922578987,0.9028845685860499,0.09648378193378448,0.09440797567367554,094AE678F8DD9C871D5359F5FC605460484FA8E106AF3883DF48D3F6345AD9AC,3F55AD485D8A0AF662AF700C7418068B9ED63BFE23CF13EA8D7562B6B025314C,6AD61B2FC6E9DD7E462322C407C489B3DECA509C10FE0AA5F97BB3C29D6D5E15,D696BBFA42DD1A840708B9C42E824036862ED17D538B2B47551641D8145854DB,SAVED_FIXED_OUTPUT,HASH_VERIFIED_SUPPLEMENT_NOT_STRICT_FINAL
ODCR-D696,D01,112,16.7004363508102,0.8002497405861112,0.16564621031284332,0.12124788761138916,51F7EE7E34CC6FBFFC28B158CC7CCF473B72F23D20356D39E202DCDCDBF903B8,3F55AD485D8A0AF662AF700C7418068B9ED63BFE23CF13EA8D7562B6B025314C,83B4069AC3E43727054A92E6740E40D5F56DAC27F62E2325C6C3FEAEF66EEFC2,D696BBFA42DD1A840708B9C42E824036862ED17D538B2B47551641D8145854DB,SAVED_FIXED_OUTPUT,HASH_VERIFIED_SUPPLEMENT_NOT_STRICT_FINAL
ODCR-D696,D01,113,24.905905128076427,0.9003828691939253,0.09128130227327347,0.09307003021240234,03110285D40BCEFC382C39A23911A00C3FC7F9ADBACFF5BF9EFF54B6B7E4DACC,3F55AD485D8A0AF662AF700C7418068B9ED63BFE23CF13EA8D7562B6B025314C,970B716BC9A0B2172D80348AB4971DE5E1A506AAB8F1AD4994A8EDE8D6EC5582,D696BBFA42DD1A840708B9C42E824036862ED17D538B2B47551641D8145854DB,SAVED_FIXED_OUTPUT,HASH_VERIFIED_SUPPLEMENT_NOT_STRICT_FINAL
ODCR-D696,D01,114,23.53652896592766,0.8901209871448064,0.09061571210622787,0.09195184707641602,D50A7D5CDBB2527E357C68C1B4004AB99B71D0BCE7B34FAA2F324E29C06C8955,3F55AD485D8A0AF662AF700C7418068B9ED63BFE23CF13EA8D7562B6B025314C,046C83B507AD056ED024193BE861E9A2E443DD87D65612B23956AD8E2BB53CC0,D696BBFA42DD1A840708B9C42E824036862ED17D538B2B47551641D8145854DB,SAVED_FIXED_OUTPUT,HASH_VERIFIED_SUPPLEMENT_NOT_STRICT_FINAL
ODCR-D696,D01,115,22.148579726042815,0.8777064862729795,0.0941406786441803,0.09425026178359985,CC5289A94AFD416808E0E33D86C99F384E1CDD5B777F170AAACE207F9EF9CB2F,3F55AD485D8A0AF662AF700C7418068B9ED63BFE23CF13EA8D7562B6B025314C,2143CBE1D2E08AB5CDB652EBCF4AB1BEBD30D591D7AFF7EAF10DE23C86EBFECE,D696BBFA42DD1A840708B9C42E824036862ED17D538B2B47551641D8145854DB,SAVED_FIXED_OUTPUT,HASH_VERIFIED_SUPPLEMENT_NOT_STRICT_FINAL
ODCR-D696,D01,116,20.8274421275728,0.863299924826387,0.10287801921367645,0.09752047061920166,B1731D6BAEA714B954FAA2EA251952F311FE90D08EB6BFC17884997655986841,3F55AD485D8A0AF662AF700C7418068B9ED63BFE23CF13EA8D7562B6B025314C,98CDD78C18A76576DCF72E0594E79F15DC8B733A030D5D09C0613E5F569047AF,D696BBFA42DD1A840708B9C42E824036862ED17D538B2B47551641D8145854DB,SAVED_FIXED_OUTPUT,HASH_VERIFIED_SUPPLEMENT_NOT_STRICT_FINAL
ODCR-D696,D01,117,19.78400344695023,0.850113187238995,0.1137390285730362,0.10315489768981934,9015C55E52BD464060A6BF9F9A70FC47941C6ED02481D2DFA79B3C8BDBC5D30E,3F55AD485D8A0AF662AF700C7418068B9ED63BFE23CF13EA8D7562B6B025314C,F97FC244CD5BBA051A9777B538B87A3F82E138201FB892CEF8ECAFA69CBFAF8C,D696BBFA42DD1A840708B9C42E824036862ED17D538B2B47551641D8145854DB,SAVED_FIXED_OUTPUT,HASH_VERIFIED_SUPPLEMENT_NOT_STRICT_FINAL
ODCR-D696,D01,118,18.94004882285301,0.8375793923775846,0.12543673813343048,0.1067662239074707,3FA1080E8EC4025AFF7D2D832E07941DCF5A4834D2EF1A1F72586D9D2AAA58C4,3F55AD485D8A0AF662AF700C7418068B9ED63BFE23CF13EA8D7562B6B025314C,FA27969097F602EF729A513F72993D50FD114BCDD823DFB477ADDDC8E455078A,D696BBFA42DD1A840708B9C42E824036862ED17D538B2B47551641D8145854DB,SAVED_FIXED_OUTPUT,HASH_VERIFIED_SUPPLEMENT_NOT_STRICT_FINAL
ODCR-D696,D01,119,18.173320452211172,0.8254199292649766,0.13849741220474243,0.1116943359375,42E463A2C085C946D5497B51BE856CBAE14BC0AE2146F6804F0EFC038E83DBF1,3F55AD485D8A0AF662AF700C7418068B9ED63BFE23CF13EA8D7562B6B025314C,DF3048126CFA5B8BF3AD4DDC87F9496A9593380D6989E968886DB2C86B9C9A0E,D696BBFA42DD1A840708B9C42E824036862ED17D538B2B47551641D8145854DB,SAVED_FIXED_OUTPUT,HASH_VERIFIED_SUPPLEMENT_NOT_STRICT_FINAL
ODCR-D696,D01,120,17.41697030448863,0.8129913759849292,0.15217427909374237,0.11613637208938599,ACA425A215112B7B08607CC13F74740D94C5AE82922EE3C5DE1D580530737DE0,3F55AD485D8A0AF662AF700C7418068B9ED63BFE23CF13EA8D7562B6B025314C,9C6021BEF2C9C364CF140ECA14185BB1151858F8D43B28BE42A6B36A18651245,D696BBFA42DD1A840708B9C42E824036862ED17D538B2B47551641D8145854DB,SAVED_FIXED_OUTPUT,HASH_VERIFIED_SUPPLEMENT_NOT_STRICT_FINAL
ODCR-D696,D01,121,20.991764784441894,0.8570334292501848,0.1066044270992279,0.09718620777130127,C304DB480DAED427DDB5B71AE44E3B3BF235D4FDFC7553D2D7C82E95FDC51BE0,E80999C65E748D86DF5D73552BCCE16EC5C05A003AFD298CC535CBE84DBB9045,474713D3DBC5CA76A3C0F9800D0DF41C9124DEC004AC4A99EF42919EC69CE12D,D696BBFA42DD1A840708B9C42E824036862ED17D538B2B47551641D8145854DB,SAVED_FIXED_OUTPUT,HASH_VERIFIED_SUPPLEMENT_NOT_STRICT_FINAL
ODCR-D696,D01,122,15.275586635593438,0.8086602215460527,0.15310229361057281,0.11802023649215698,7A66721EB6B34214EAB5CD056F387034D291BDBF0F41D77939F245461F9C75B3,E80999C65E748D86DF5D73552BCCE16EC5C05A003AFD298CC535CBE84DBB9045,F797CB7A703513A4606AAAD1DCB668920463AD36464A07F6BB06412A051DB88A,D696BBFA42DD1A840708B9C42E824036862ED17D538B2B47551641D8145854DB,SAVED_FIXED_OUTPUT,HASH_VERIFIED_SUPPLEMENT_NOT_STRICT_FINAL
ODCR-D696,D01,123,20.897646643717,0.8534182535620252,0.10989077389240265,0.09678339958190918,95CC960FEEFA6726474FB086751413423278FFF41DB71B51F0E221BB0575CA40,E80999C65E748D86DF5D73552BCCE16EC5C05A003AFD298CC535CBE84DBB9045,3CE4CB4FD33361B90E76209A168A1672F5747E4F3872C9ABD2D0B6D04036076A,D696BBFA42DD1A840708B9C42E824036862ED17D538B2B47551641D8145854DB,SAVED_FIXED_OUTPUT,HASH_VERIFIED_SUPPLEMENT_NOT_STRICT_FINAL
ODCR-D696,D01,124,20.570537274133645,0.8502683338864324,0.11446979641914368,0.09838318824768066,B66F3DBC37BE5874879F2C02CBC56C35F77C9911F7BCB504B7E4D9CDD020864E,E80999C65E748D86DF5D73552BCCE16EC5C05A003AFD298CC535CBE84DBB9045,1CCAE99B38988FA53C976B42A9C9B62CFBD4C0AD3257F8B824A4F5E26B1EC5F6,D696BBFA42DD1A840708B9C42E824036862ED17D538B2B47551641D8145854DB,SAVED_FIXED_OUTPUT,HASH_VERIFIED_SUPPLEMENT_NOT_STRICT_FINAL
ODCR-D696,D01,125,20.040775963183712,0.8471672963212294,0.1179884821176529,0.09911245107650757,4D7F52E1CF53D384DD07C64EE2B1F1C303EB5AC3B9A705AFDEDD73F1A8774298,E80999C65E748D86DF5D73552BCCE16EC5C05A003AFD298CC535CBE84DBB9045,7E10D9966662B3CAC284F58803E181CBE64DA6E9E177E34A04150C58B618ADB5,D696BBFA42DD1A840708B9C42E824036862ED17D538B2B47551641D8145854DB,SAVED_FIXED_OUTPUT,HASH_VERIFIED_SUPPLEMENT_NOT_STRICT_FINAL
ODCR-D696,D01,126,19.39772318533036,0.8444124736708201,0.12176238000392914,0.09914857149124146,670B29CCC357E80ADB0AB37B3860453E98609BA0E6A0A37F6F5B11E8174C2C28,E80999C65E748D86DF5D73552BCCE16EC5C05A003AFD298CC535CBE84DBB9045,BFDF072E1B166ACCF51D0F5F6FB0A09C3B87259D1B573CCFE7BE26D5821C2F70,D696BBFA42DD1A840708B9C42E824036862ED17D538B2B47551641D8145854DB,SAVED_FIXED_OUTPUT,HASH_VERIFIED_SUPPLEMENT_NOT_STRICT_FINAL
ODCR-D696,D01,127,18.664873386556508,0.8400906564108538,0.12557478249073029,0.10313183069229126,1DF9E6CA18E31152A946E47123967894091C3051DC98B94659F7467070088CB2,E80999C65E748D86DF5D73552BCCE16EC5C05A003AFD298CC535CBE84DBB9045,F8C81B781EE0F42A1A14F92CB3BB018F1084C3D662443D7CB3BAA8A8364EA04D,D696BBFA42DD1A840708B9C42E824036862ED17D538B2B47551641D8145854DB,SAVED_FIXED_OUTPUT,HASH_VERIFIED_SUPPLEMENT_NOT_STRICT_FINAL
ODCR-D696,D01,128,17.793588204570057,0.8341402815688026,0.1306629478931427,0.10584300756454468,1F7DE258FCE4F8061AB40EF647AAD3918A33A2B1B2C09793AF11BF30FFA31516,E80999C65E748D86DF5D73552BCCE16EC5C05A003AFD298CC535CBE84DBB9045,ABCF3F75065C1F0AF8DD53444BDCDE69A4F777514497AAFBFA32A8CBF40C6A02,D696BBFA42DD1A840708B9C42E824036862ED17D538B2B47551641D8145854DB,SAVED_FIXED_OUTPUT,HASH_VERIFIED_SUPPLEMENT_NOT_STRICT_FINAL
ODCR-D696,D01,129,16.889224878305917,0.8266320681347251,0.13680031895637512,0.10955595970153809,315BED3755B9E0E8C815223B33ACA49DEB5BC29E457FBA7445085A82E9E3D7DD,E80999C65E748D86DF5D73552BCCE16EC5C05A003AFD298CC535CBE84DBB9045,17FBE44FA3DE6B1D17349DEA94A96E37927554C167070E5629D3ECD275F200DA,D696BBFA42DD1A840708B9C42E824036862ED17D538B2B47551641D8145854DB,SAVED_FIXED_OUTPUT,HASH_VERIFIED_SUPPLEMENT_NOT_STRICT_FINAL
ODCR-D696,D01,130,16.056258597019472,0.8184219564875949,0.144209086894989,0.11418193578720093,809648B0E500AC62590E9622F19A4D283237832EA458DB36221840B3F3C04505,E80999C65E748D86DF5D73552BCCE16EC5C05A003AFD298CC535CBE84DBB9045,BC951A1A8EABA330A0096A5DC0B543A2919CB94B116576F1769887BFAAF1A2E6,D696BBFA42DD1A840708B9C42E824036862ED17D538B2B47551641D8145854DB,SAVED_FIXED_OUTPUT,HASH_VERIFIED_SUPPLEMENT_NOT_STRICT_FINAL
ODCR-D696,D01,131,21.838418344081223,0.8773912027563103,0.10085510462522507,0.08165067434310913,85BD804C3158319E498E2E4F81A4695F7B40C504DD663B05368AFE563B9C3D23,8512E9C73E66DEE436F2DDDD277E0ACF758DF21FCD3D957E92BE6EE9EC7BF436,A64EA2A7579AE6A7979BC261E874110EA3AFA8AD7113C4756844A11767F99E37,D696BBFA42DD1A840708B9C42E824036862ED17D538B2B47551641D8145854DB,SAVED_FIXED_OUTPUT,HASH_VERIFIED_SUPPLEMENT_NOT_STRICT_FINAL
ODCR-D696,D01,132,12.730408205551093,0.7098415219926867,0.24579985439777374,0.12469148635864258,D42D5D4022B0627E9C67A7232ED7C059E31EEEFDA5C49E7BF1727211C54281B6,8512E9C73E66DEE436F2DDDD277E0ACF758DF21FCD3D957E92BE6EE9EC7BF436,3EFB1579005972E4DA1DF2FC25246702D257AB900B20E8361B099BE170F97575,D696BBFA42DD1A840708B9C42E824036862ED17D538B2B47551641D8145854DB,SAVED_FIXED_OUTPUT,HASH_VERIFIED_SUPPLEMENT_NOT_STRICT_FINAL
ODCR-D696,D01,133,20.21921289191736,0.862555125855347,0.10778145492076874,0.08484935760498047,D06211963EED00E7D6CCE72BFDAFFC6088A08FE48DA227C878DCC3ACD882FDB7,8512E9C73E66DEE436F2DDDD277E0ACF758DF21FCD3D957E92BE6EE9EC7BF436,D8650E53CA28AE3F04EC3BB35B0D30963675DD1A0E09F9DBD75C114CC3660632,D696BBFA42DD1A840708B9C42E824036862ED17D538B2B47551641D8145854DB,SAVED_FIXED_OUTPUT,HASH_VERIFIED_SUPPLEMENT_NOT_STRICT_FINAL
ODCR-D696,D01,134,18.851297997600994,0.8442434539898634,0.12037332355976105,0.08684438467025757,185369F06DAD6638154CB98E8D00E8FE2A0A615160D0B7C873E8758EAB4D3B17,8512E9C73E66DEE436F2DDDD277E0ACF758DF21FCD3D957E92BE6EE9EC7BF436,068477A8B3A9FE37CAB5D0CA76C93AE27CF55D8E550A0C5D0F380728CA7F7544,D696BBFA42DD1A840708B9C42E824036862ED17D538B2B47551641D8145854DB,SAVED_FIXED_OUTPUT,HASH_VERIFIED_SUPPLEMENT_NOT_STRICT_FINAL
ODCR-D696,D01,135,17.780512397459706,0.8243555950578937,0.13440287113189697,0.0928083062171936,EBBE8369243AF48D80192B40EED923A25BC441C30478F6A3EFD63ECCCD5F7234,8512E9C73E66DEE436F2DDDD277E0ACF758DF21FCD3D957E92BE6EE9EC7BF436,92364C7532A311DBC6E7BAC6E8286CE1C023A3D3D09D946D9C1B3D35F05F9A34,D696BBFA42DD1A840708B9C42E824036862ED17D538B2B47551641D8145854DB,SAVED_FIXED_OUTPUT,HASH_VERIFIED_SUPPLEMENT_NOT_STRICT_FINAL
ODCR-D696,D01,136,16.89212816959983,0.8042033850040659,0.15118737518787384,0.09884953498840332,DEBD8C344AC8A9483153F4E6DD14C4232D774217C194181F79C38B2EF0606361,8512E9C73E66DEE436F2DDDD277E0ACF758DF21FCD3D957E92BE6EE9EC7BF436,BE9A18E655DF4F0117616FE7D82DDD9F42E86359F07CBBAB8689D0628124F7F3,D696BBFA42DD1A840708B9C42E824036862ED17D538B2B47551641D8145854DB,SAVED_FIXED_OUTPUT,HASH_VERIFIED_SUPPLEMENT_NOT_STRICT_FINAL
ODCR-D696,D01,137,16.024634834291156,0.7841798476898963,0.16824859380722046,0.10522902011871338,AA4AA536089869D82C329B07AB00DF14A93C9E25106F7E5BCCC4B5AD9D31D3D4,8512E9C73E66DEE436F2DDDD277E0ACF758DF21FCD3D957E92BE6EE9EC7BF436,E3B06EF0C18960E71F094944D7942E71D36E53495D2FD26108A4DD2491C18D5C,D696BBFA42DD1A840708B9C42E824036862ED17D538B2B47551641D8145854DB,SAVED_FIXED_OUTPUT,HASH_VERIFIED_SUPPLEMENT_NOT_STRICT_FINAL
ODCR-D696,D01,138,15.16345555013938,0.7649044286785199,0.18643170595169067,0.11158061027526855,0B3FD1E324B402226713F06EBE2F2D62B210DB6F861A0F741E95ACBC01EF9249,8512E9C73E66DEE436F2DDDD277E0ACF758DF21FCD3D957E92BE6EE9EC7BF436,9D3DC06619B11636C05C7463D5084493CC5591AC14CB1303293AABC41F9F5B36,D696BBFA42DD1A840708B9C42E824036862ED17D538B2B47551641D8145854DB,SAVED_FIXED_OUTPUT,HASH_VERIFIED_SUPPLEMENT_NOT_STRICT_FINAL
ODCR-D696,D01,139,14.30033126583557,0.7458704387720886,0.20553550124168396,0.11482971906661987,0807F515588CE32908D697617235EDE86680072383BBDCB97A3F693756B2EEC1,8512E9C73E66DEE436F2DDDD277E0ACF758DF21FCD3D957E92BE6EE9EC7BF436,D7C0397CD2C6D22A8079F1052DDFD44064FB8BE018130FDE0D42E2FBB5F1F765,D696BBFA42DD1A840708B9C42E824036862ED17D538B2B47551641D8145854DB,SAVED_FIXED_OUTPUT,HASH_VERIFIED_SUPPLEMENT_NOT_STRICT_FINAL
ODCR-D696,D01,140,13.503876410951971,0.72784496232787,0.22522591054439545,0.12140560150146484,B8169A1503E84FE30E796B37CAD36A3E9A31CA88E21BEA80DB28DD8683D695D1,8512E9C73E66DEE436F2DDDD277E0ACF758DF21FCD3D957E92BE6EE9EC7BF436,E9208CB4E13BACC8FF363B86469259D385EF40F09494863E75380E67FE1C2242,D696BBFA42DD1A840708B9C42E824036862ED17D538B2B47551641D8145854DB,SAVED_FIXED_OUTPUT,HASH_VERIFIED_SUPPLEMENT_NOT_STRICT_FINAL
ODCR-D696,D01,141,22.744792068742367,0.8457701407868686,0.13198357820510864,0.09005773067474365,BC9CA08CF25CD68B11FB0C4727A0AB206EF2670518B51165432592D3E18493B6,1ECC8D01E2FF252B1961DA2EF953FC4EE6F5C5B7FE9D991C02F8A2B888B2D904,5965EA0EFD762FF8C8248D76781461EC6A1ACCB090651B10627560B94B5219F0,D696BBFA42DD1A840708B9C42E824036862ED17D538B2B47551641D8145854DB,SAVED_FIXED_OUTPUT,HASH_VERIFIED_SUPPLEMENT_NOT_STRICT_FINAL
ODCR-D696,D01,142,14.404149676474072,0.6896453114605007,0.2440238893032074,0.12668925523757935,797CF127B62B1F3799DAFB718C177157AE6B5A95A5A5F77B73A812713FC55DA4,1ECC8D01E2FF252B1961DA2EF953FC4EE6F5C5B7FE9D991C02F8A2B888B2D904,B9C98F7F2A8D3B07A1F8226E9A71450426570775E12D2BEAFA58BC3B5AF43EBB,D696BBFA42DD1A840708B9C42E824036862ED17D538B2B47551641D8145854DB,SAVED_FIXED_OUTPUT,HASH_VERIFIED_SUPPLEMENT_NOT_STRICT_FINAL
ODCR-D696,D01,143,21.825042495291804,0.8297264664776544,0.13963761925697327,0.09102809429168701,CB56870485D0CA1FA45729AE75CC791515753EE586DAAA13F694EB2021A7C2A9,1ECC8D01E2FF252B1961DA2EF953FC4EE6F5C5B7FE9D991C02F8A2B888B2D904,67B04178EF87F9A00CA1F4601DA962B070942C31840C163A18D97BC7A4EDFE95,D696BBFA42DD1A840708B9C42E824036862ED17D538B2B47551641D8145854DB,SAVED_FIXED_OUTPUT,HASH_VERIFIED_SUPPLEMENT_NOT_STRICT_FINAL
ODCR-D696,D01,144,20.854424661176992,0.8144490647495187,0.14296194911003113,0.09400343894958496,CC26D9B77A198E2F50A0512BFEFDEFB1F659B62A1780511E90D762A724273F86,1ECC8D01E2FF252B1961DA2EF953FC4EE6F5C5B7FE9D991C02F8A2B888B2D904,AB616E912EE589C2EA03DB8142015DA2A1C2B698F768A0577119261DCFF5D434,D696BBFA42DD1A840708B9C42E824036862ED17D538B2B47551641D8145854DB,SAVED_FIXED_OUTPUT,HASH_VERIFIED_SUPPLEMENT_NOT_STRICT_FINAL
ODCR-D696,D01,145,19.726273846793866,0.7973868675567034,0.15266001224517822,0.09547370672225952,F7EA28A5CB496775C668BBD4C4B4F5BE16E5BA9D3EEBD91648E79A6B8295C795,1ECC8D01E2FF252B1961DA2EF953FC4EE6F5C5B7FE9D991C02F8A2B888B2D904,323F9995BE2E0209AAEB4C8EAF940C584041252D93768BEC070C6B6AC06E0D1E,D696BBFA42DD1A840708B9C42E824036862ED17D538B2B47551641D8145854DB,SAVED_FIXED_OUTPUT,HASH_VERIFIED_SUPPLEMENT_NOT_STRICT_FINAL
ODCR-D696,D01,146,18.663204373106193,0.7794177017213367,0.1647317111492157,0.0990065336227417,8DCC7B299606915EF3E1D8962474A80200CFB451202DBC5D824AB3D1C13B8E74,1ECC8D01E2FF252B1961DA2EF953FC4EE6F5C5B7FE9D991C02F8A2B888B2D904,DC766149C1414ADDB817AA361DB93E81F657650C8204B4FADE39BF6D110165D3,D696BBFA42DD1A840708B9C42E824036862ED17D538B2B47551641D8145854DB,SAVED_FIXED_OUTPUT,HASH_VERIFIED_SUPPLEMENT_NOT_STRICT_FINAL
ODCR-D696,D01,147,17.628021721095216,0.7607019190822046,0.1779395341873169,0.10137486457824707,353F953BEC06AF802B28C015546A0EB1F9A5A8794930D30944183077CC5C528A,1ECC8D01E2FF252B1961DA2EF953FC4EE6F5C5B7FE9D991C02F8A2B888B2D904,358B2A16590F7E37A9E93C08ACD8F843D94097E89847B549DDA18580DC534649,D696BBFA42DD1A840708B9C42E824036862ED17D538B2B47551641D8145854DB,SAVED_FIXED_OUTPUT,HASH_VERIFIED_SUPPLEMENT_NOT_STRICT_FINAL
ODCR-D696,D01,148,16.674681000661867,0.7412241245009756,0.1941090077161789,0.10555887222290039,046BF5DB9AC5E39FE3B635C169653FB617F0F6E179B04EBCD54BEB5F0288F735,1ECC8D01E2FF252B1961DA2EF953FC4EE6F5C5B7FE9D991C02F8A2B888B2D904,BF6206A850176C4804F30B2770B676A5D172345CCABBA46139BB7E69E65E2FEC,D696BBFA42DD1A840708B9C42E824036862ED17D538B2B47551641D8145854DB,SAVED_FIXED_OUTPUT,HASH_VERIFIED_SUPPLEMENT_NOT_STRICT_FINAL
ODCR-D696,D01,149,15.855498217727753,0.7228006580510064,0.2118718922138214,0.11456936597824097,8FF5E60031C4CDC041C42011EAD35ABB323F7AD9A275A7986D694A89A4D3F2C0,1ECC8D01E2FF252B1961DA2EF953FC4EE6F5C5B7FE9D991C02F8A2B888B2D904,BB4495FD69F0A1253362C14C4440A9D9C50E5CF9E62E6840DE87E2EC64F4ADE5,D696BBFA42DD1A840708B9C42E824036862ED17D538B2B47551641D8145854DB,SAVED_FIXED_OUTPUT,HASH_VERIFIED_SUPPLEMENT_NOT_STRICT_FINAL
ODCR-D696,D01,150,15.142811214722592,0.7063223373699282,0.22722847759723663,0.12008422613143921,920F0A52A773EFD63CF3E5D4A2B2DCB94E902638D554B2A5ECD940232F94E10E,1ECC8D01E2FF252B1961DA2EF953FC4EE6F5C5B7FE9D991C02F8A2B888B2D904,5326E35B3C9F54C7D3CEF3AF0B7CE1391EB9A32BB1F4F7C6D7C99E2D5944B950,D696BBFA42DD1A840708B9C42E824036862ED17D538B2B47551641D8145854DB,SAVED_FIXED_OUTPUT,HASH_VERIFIED_SUPPLEMENT_NOT_STRICT_FINAL
ODCR-D696,D01,151,23.587305269423027,0.9139987036659084,0.1010231077671051,0.10006028413772583,2CB66C6013373898D9D535E6926A38D1827E393FC40232933BF271FC8420D1DF,50136F6D72D60BFF03F62FB4133CA7BD6C77341EEDCBF7E8DA9A7DADB6D475FE,84E074A2BDC49DBB74479A3154BE9B9636C07C0D0A7B153DB76A4CC318F52786,D696BBFA42DD1A840708B9C42E824036862ED17D538B2B47551641D8145854DB,SAVED_FIXED_OUTPUT,HASH_VERIFIED_SUPPLEMENT_NOT_STRICT_FINAL
ODCR-D696,D01,152,12.834174220691569,0.7975320268409698,0.1886889934539795,0.14729201793670654,7A054A6430577656AF7880198716548B34B9BF758365D960485CADC983BD5A11,50136F6D72D60BFF03F62FB4133CA7BD6C77341EEDCBF7E8DA9A7DADB6D475FE,87B4CF129B6281C6CD49E31203CD435276A3DDB244164616CDD9FF5EA5401625,D696BBFA42DD1A840708B9C42E824036862ED17D538B2B47551641D8145854DB,SAVED_FIXED_OUTPUT,HASH_VERIFIED_SUPPLEMENT_NOT_STRICT_FINAL
ODCR-D696,D01,153,21.80697715757233,0.9081707499905373,0.10313683748245239,0.10499745607376099,943836142871E7FE37F25C22AC395504F171C3B0DA2C15BAD370B597CED734BA,50136F6D72D60BFF03F62FB4133CA7BD6C77341EEDCBF7E8DA9A7DADB6D475FE,6EEB4F6BC16C1A7F3919B773C93FBFCE9B226D492BD4E5240E4A87D9A0F6BBAB,D696BBFA42DD1A840708B9C42E824036862ED17D538B2B47551641D8145854DB,SAVED_FIXED_OUTPUT,HASH_VERIFIED_SUPPLEMENT_NOT_STRICT_FINAL
ODCR-D696,D01,154,19.96531888156944,0.8993303215195464,0.10557316243648529,0.10722076892852783,58AD290D7747BBBAD524C13EF66713BC98B011D7737D810AEA5079065F2455BB,50136F6D72D60BFF03F62FB4133CA7BD6C77341EEDCBF7E8DA9A7DADB6D475FE,A2F874BBB237EFC1EDDDF6835EA990E0C1E531BB24CE8DD1780D9D638F21DAFB,D696BBFA42DD1A840708B9C42E824036862ED17D538B2B47551641D8145854DB,SAVED_FIXED_OUTPUT,HASH_VERIFIED_SUPPLEMENT_NOT_STRICT_FINAL
ODCR-D696,D01,155,18.53368481225125,0.8886950383219082,0.10947579890489578,0.11508691310882568,CACD60A22AC777810ABD229B36EEB6268538F0D04578C1C56D7C67F524D753E9,50136F6D72D60BFF03F62FB4133CA7BD6C77341EEDCBF7E8DA9A7DADB6D475FE,C03546CCD2CD2C920F28B7FD5EE9A60E8AF2AE904BE21FEEF928615661564075,D696BBFA42DD1A840708B9C42E824036862ED17D538B2B47551641D8145854DB,SAVED_FIXED_OUTPUT,HASH_VERIFIED_SUPPLEMENT_NOT_STRICT_FINAL
ODCR-D696,D01,156,17.230750192882198,0.8760433572190638,0.11672699451446533,0.11779606342315674,6AC261B059C424C8131624A3E6FF926D8041C02E5ECED61E6BA6020BCCFC742B,50136F6D72D60BFF03F62FB4133CA7BD6C77341EEDCBF7E8DA9A7DADB6D475FE,D8F7AE1EE48CA93042EA03D246F1F48B9D28C37210E03A8EF8C9E3C0C8E06A17,D696BBFA42DD1A840708B9C42E824036862ED17D538B2B47551641D8145854DB,SAVED_FIXED_OUTPUT,HASH_VERIFIED_SUPPLEMENT_NOT_STRICT_FINAL
ODCR-D696,D01,157,16.081893686420567,0.8613637957608908,0.12699110805988312,0.123618483543396,D1B08628243B796807799EF49D5872B7505A8093258EA57E5BB49B141F44E8B0,50136F6D72D60BFF03F62FB4133CA7BD6C77341EEDCBF7E8DA9A7DADB6D475FE,6CFE2D7091DE3CAF2E41ACCF93089D4175F2E536A0084494D5CCF549366CB299,D696BBFA42DD1A840708B9C42E824036862ED17D538B2B47551641D8145854DB,SAVED_FIXED_OUTPUT,HASH_VERIFIED_SUPPLEMENT_NOT_STRICT_FINAL
ODCR-D696,D01,158,15.121569347337598,0.8455383633104404,0.14128786325454712,0.12849104404449463,6CD1578E9A5A5B30DBC9C0C4D091B7234D398A9CEAF3669C83F114BAB38D7E58,50136F6D72D60BFF03F62FB4133CA7BD6C77341EEDCBF7E8DA9A7DADB6D475FE,429FE4205AA1EF9AA5383F14F8BFAC802E356A05FAE0DC3167581F6971AE96F4,D696BBFA42DD1A840708B9C42E824036862ED17D538B2B47551641D8145854DB,SAVED_FIXED_OUTPUT,HASH_VERIFIED_SUPPLEMENT_NOT_STRICT_FINAL
ODCR-D696,D01,159,14.24751513929084,0.8286603374978917,0.15665851533412933,0.13605272769927979,3F69B54FF8512606D3CDDE859A7334B022B97EB8361AF1AE55DA7E4C662897D9,50136F6D72D60BFF03F62FB4133CA7BD6C77341EEDCBF7E8DA9A7DADB6D475FE,19DF0ACA02DF3B24000DDEC36ABC083EA2AE0A2BE9E180BC41C79F5776E7A428,D696BBFA42DD1A840708B9C42E824036862ED17D538B2B47551641D8145854DB,SAVED_FIXED_OUTPUT,HASH_VERIFIED_SUPPLEMENT_NOT_STRICT_FINAL
ODCR-D696,D01,160,13.47000791771058,0.8119564970474125,0.17182187736034393,0.1417561173439026,CCE5044F9DE0BBBB87BB407E5ADDF329ED8C881155C1D4FE4C09E9AB2989E1C0,50136F6D72D60BFF03F62FB4133CA7BD6C77341EEDCBF7E8DA9A7DADB6D475FE,DE47F3AB3F38E857E660F79202EBEF52D66431AD88BADDDB65A63AC20177FD74,D696BBFA42DD1A840708B9C42E824036862ED17D538B2B47551641D8145854DB,SAVED_FIXED_OUTPUT,HASH_VERIFIED_SUPPLEMENT_NOT_STRICT_FINAL
ODCR-D696,D01,161,22.90626315579258,0.914944674710818,0.08286312222480774,0.07041925191879272,F77F647CABE478ED4914142BAABED6C0704B694CB2005B305619D7B6222298E6,CE0D605DF0E3E2DF1CDAE7E7BF82F55BB0FE84614131DA4A46AFB020B287587E,B2DF5B7477C6F4AE27DED88C895ADB7AE08BDE7F93E75E38FC07B9154D5785A4,D696BBFA42DD1A840708B9C42E824036862ED17D538B2B47551641D8145854DB,SAVED_FIXED_OUTPUT,HASH_VERIFIED_SUPPLEMENT_NOT_STRICT_FINAL
ODCR-D696,D01,162,18.098444463076845,0.8844958867995777,0.10319461673498154,0.0866207480430603,A392E296BED3C1B84D214146B64307197C506B9712F77DBF9C96F841144B96B4,CE0D605DF0E3E2DF1CDAE7E7BF82F55BB0FE84614131DA4A46AFB020B287587E,C9B9A4113D476C89166E9A9A709ED183901DC8250B5AB864FCCBF52F1D42A4BF,D696BBFA42DD1A840708B9C42E824036862ED17D538B2B47551641D8145854DB,SAVED_FIXED_OUTPUT,HASH_VERIFIED_SUPPLEMENT_NOT_STRICT_FINAL
ODCR-D696,D01,163,23.126554558563384,0.9163346761895929,0.08038602024316788,0.07083284854888916,985F03AAE496C6F86E38C3C7D4BA7663782E287E6CD88777DFE513D94F94DAEC,CE0D605DF0E3E2DF1CDAE7E7BF82F55BB0FE84614131DA4A46AFB020B287587E,51BFB36301F18BA7A18AB657503DCD40B11C8315C1A7EDEFDC1BBB24774EE0C0,D696BBFA42DD1A840708B9C42E824036862ED17D538B2B47551641D8145854DB,SAVED_FIXED_OUTPUT,HASH_VERIFIED_SUPPLEMENT_NOT_STRICT_FINAL
ODCR-D696,D01,164,23.042351516602004,0.9157899563130859,0.07967466861009598,0.07175660133361816,D114273AB4AE71BBFAFEC422FC25AA5F731B4A2BF8887828B20CB6DC91809A90,CE0D605DF0E3E2DF1CDAE7E7BF82F55BB0FE84614131DA4A46AFB020B287587E,E35A24528589DEDC0C155C9FD186964627559697660B6DF95561576660636AA6,D696BBFA42DD1A840708B9C42E824036862ED17D538B2B47551641D8145854DB,SAVED_FIXED_OUTPUT,HASH_VERIFIED_SUPPLEMENT_NOT_STRICT_FINAL
ODCR-D696,D01,165,22.63888962586619,0.912825446473394,0.08156311511993408,0.07502913475036621,270A53FF0839C01530775113A48ABB59F841BAFA956737D92085782224190E3C,CE0D605DF0E3E2DF1CDAE7E7BF82F55BB0FE84614131DA4A46AFB020B287587E,7CE9B7498DA8F397CBC4F4B7921842C73778687255FD74039FD0C99150A17E99,D696BBFA42DD1A840708B9C42E824036862ED17D538B2B47551641D8145854DB,SAVED_FIXED_OUTPUT,HASH_VERIFIED_SUPPLEMENT_NOT_STRICT_FINAL
ODCR-D696,D01,166,22.09642042181772,0.9092932498020877,0.08308576792478561,0.0754239559173584,266A2275284BAFDFF409B9A50ABE2B206C66CC2A04CED669F7388F1B1E0851D2,CE0D605DF0E3E2DF1CDAE7E7BF82F55BB0FE84614131DA4A46AFB020B287587E,AEA739EEE3000A0E59EABF517B6D6DB2AB095C576D90591A37D2A89209D22A9E,D696BBFA42DD1A840708B9C42E824036862ED17D538B2B47551641D8145854DB,SAVED_FIXED_OUTPUT,HASH_VERIFIED_SUPPLEMENT_NOT_STRICT_FINAL
ODCR-D696,D01,167,21.37184925057696,0.9048122050736832,0.08626225590705872,0.07830893993377686,05D61A56E903A17A5CD9647014103C58690F9C02ACF2E99514BB7ED025690A63,CE0D605DF0E3E2DF1CDAE7E7BF82F55BB0FE84614131DA4A46AFB020B287587E,5E90AF36E407078CFBE472AC970A673E0B2E25C134371C1B57C84FE5B22B9546,D696BBFA42DD1A840708B9C42E824036862ED17D538B2B47551641D8145854DB,SAVED_FIXED_OUTPUT,HASH_VERIFIED_SUPPLEMENT_NOT_STRICT_FINAL
ODCR-D696,D01,168,20.54635522438044,0.8997109203989827,0.0902620330452919,0.07988154888153076,3DCC154D04954AD333ECE6FA35014B4D5141078D49664BFBC79C4AB745F26792,CE0D605DF0E3E2DF1CDAE7E7BF82F55BB0FE84614131DA4A46AFB020B287587E,8090288D9AA704DB854D15DE861206645B9027001D804C6C554CCCF5BA3B1BA3,D696BBFA42DD1A840708B9C42E824036862ED17D538B2B47551641D8145854DB,SAVED_FIXED_OUTPUT,HASH_VERIFIED_SUPPLEMENT_NOT_STRICT_FINAL
ODCR-D696,D01,169,19.7083253459113,0.8948510421791799,0.09359461069107056,0.08120834827423096,74E086462E70F9578EDB39A45406784D35F23A082BC61FDE2026990008351D4B,CE0D605DF0E3E2DF1CDAE7E7BF82F55BB0FE84614131DA4A46AFB020B287587E,A35B44BC76A4A6403D5CF6884447B42702BC0F5BCE7CFF6A1B102FDE1004C02D,D696BBFA42DD1A840708B9C42E824036862ED17D538B2B47551641D8145854DB,SAVED_FIXED_OUTPUT,HASH_VERIFIED_SUPPLEMENT_NOT_STRICT_FINAL
ODCR-D696,D01,170,18.89243728937356,0.8894659692006712,0.098448246717453,0.0833430290222168,E5D55436B6DB4C5C82C1A6F53CFC5D096036AB56FE6D78C122444F8AAE7E1FE5,CE0D605DF0E3E2DF1CDAE7E7BF82F55BB0FE84614131DA4A46AFB020B287587E,7DA498077EA5491B7F40A4A1AA7C1F86515DB7B314A0E58A4A2BD060271621D7,D696BBFA42DD1A840708B9C42E824036862ED17D538B2B47551641D8145854DB,SAVED_FIXED_OUTPUT,HASH_VERIFIED_SUPPLEMENT_NOT_STRICT_FINAL
ODCR-D696,D01,171,22.252976964039828,0.8990838272060898,0.09425224363803864,0.07518911361694336,A93F69501B63DCA56837EAD624FBEFCC5CF3475C3A51CE2D32063CC5C70EC1C3,331500800A96965750971D6634AAD27450D7545A8FFF7B0B7DA2686D9658128B,D3B700E0A0035B4216D2000E99A2043B839F2FA9C21FF94321EFBE1B180CB3BF,D696BBFA42DD1A840708B9C42E824036862ED17D538B2B47551641D8145854DB,SAVED_FIXED_OUTPUT,HASH_VERIFIED_SUPPLEMENT_NOT_STRICT_FINAL
ODCR-D696,D01,172,14.41577274462375,0.7965647672185643,0.22244223952293396,0.09698164463043213,E352781A8AED740FC4F6721529870B6E1591CEB18544F7C70E6402AF21C71918,331500800A96965750971D6634AAD27450D7545A8FFF7B0B7DA2686D9658128B,0692D7D8B08EC8680AFFDE07C45169A7714FD44346C8DFE45E5369BC92D1C43D,D696BBFA42DD1A840708B9C42E824036862ED17D538B2B47551641D8145854DB,SAVED_FIXED_OUTPUT,HASH_VERIFIED_SUPPLEMENT_NOT_STRICT_FINAL
ODCR-D696,D01,173,21.02064627472035,0.8921900637614183,0.1021048054099083,0.07620126008987427,9F5AED201C8E781D0D762ABE72543CA988463261C26BE659CA41CE366D6FD164,331500800A96965750971D6634AAD27450D7545A8FFF7B0B7DA2686D9658128B,1DC31F1A4C2C6FA930F56728FD01219CC70F0254B0760E2BCB46D6DA76130C8D,D696BBFA42DD1A840708B9C42E824036862ED17D538B2B47551641D8145854DB,SAVED_FIXED_OUTPUT,HASH_VERIFIED_SUPPLEMENT_NOT_STRICT_FINAL
ODCR-D696,D01,174,19.86537196386561,0.8812792558091337,0.11373211443424225,0.07900607585906982,C42FB9118ED569A6210A103770AA12D1DB207AC32BA86624453EBA1B534D2D92,331500800A96965750971D6634AAD27450D7545A8FFF7B0B7DA2686D9658128B,CAF747CF5A0C3A523966A40E4F5E0D21C01BD2ED6BED1757A6018986ACDE2980,D696BBFA42DD1A840708B9C42E824036862ED17D538B2B47551641D8145854DB,SAVED_FIXED_OUTPUT,HASH_VERIFIED_SUPPLEMENT_NOT_STRICT_FINAL
ODCR-D696,D01,175,18.831543676505433,0.8691469108463856,0.1274084597826004,0.08257371187210083,12C8456B0CE11264E24DAEE1AD43051A945C40A2628A0D2BBFA19120D688B19C,331500800A96965750971D6634AAD27450D7545A8FFF7B0B7DA2686D9658128B,DF996C9A6B51EE269355E217CE89FCE50A9771B42ABAA56BBEF71A19522A106B,D696BBFA42DD1A840708B9C42E824036862ED17D538B2B47551641D8145854DB,SAVED_FIXED_OUTPUT,HASH_VERIFIED_SUPPLEMENT_NOT_STRICT_FINAL
ODCR-D696,D01,176,17.916866476012853,0.8557801276486318,0.1431688368320465,0.0856318473815918,1AB9384C627C95FDB2A5AEA4223E716F9A31C77A2811E39A5987D84B43EF909C,331500800A96965750971D6634AAD27450D7545A8FFF7B0B7DA2686D9658128B,F81EEF9CB35107DC8D9E0F315F03002EE2A2D2E7E52A46809619A84C9CA06284,D696BBFA42DD1A840708B9C42E824036862ED17D538B2B47551641D8145854DB,SAVED_FIXED_OUTPUT,HASH_VERIFIED_SUPPLEMENT_NOT_STRICT_FINAL
ODCR-D696,D01,177,17.087340289880476,0.8425553821408248,0.1589994877576828,0.08982729911804199,06CD0BD5523C2B9C9CA049CEB45DE67E863646E289CFB89EAC912BE5EF7B1685,331500800A96965750971D6634AAD27450D7545A8FFF7B0B7DA2686D9658128B,12A5F9F61845C4CAE8180C62E5C61F5A6CCDFF4ADB61D4FA42F4386706A0A32D,D696BBFA42DD1A840708B9C42E824036862ED17D538B2B47551641D8145854DB,SAVED_FIXED_OUTPUT,HASH_VERIFIED_SUPPLEMENT_NOT_STRICT_FINAL
ODCR-D696,D01,178,16.328393607177183,0.8299482317341168,0.17592689394950867,0.09204518795013428,360DD42494E79C418788F022263DAC7CE20D6E7DE30602FDDDA7DCFDFCA8B8DB,331500800A96965750971D6634AAD27450D7545A8FFF7B0B7DA2686D9658128B,361CA2375BFE220DDCA46D4117453413A69A726FD314BC6E7A234F0C21FA15F7,D696BBFA42DD1A840708B9C42E824036862ED17D538B2B47551641D8145854DB,SAVED_FIXED_OUTPUT,HASH_VERIFIED_SUPPLEMENT_NOT_STRICT_FINAL
ODCR-D696,D01,179,15.627295917299156,0.8179079422091217,0.1923598349094391,0.0928848385810852,3E22EF2A5ED3987901EA699227F1BB872AC7C576B7D616F1CAA9AE964F531435,331500800A96965750971D6634AAD27450D7545A8FFF7B0B7DA2686D9658128B,E84233FD496E1FD1A7EC1736F4121D3777C35ECCD78BE5CF81B0354AA6B5F2E2,D696BBFA42DD1A840708B9C42E824036862ED17D538B2B47551641D8145854DB,SAVED_FIXED_OUTPUT,HASH_VERIFIED_SUPPLEMENT_NOT_STRICT_FINAL
ODCR-D696,D01,180,14.995140455926121,0.8067962080279236,0.2082899510860443,0.09519344568252563,1F97CA7AB6DD80389627F5E8E3F1F4EE0E6E0644ECC9BD77165424936C5C4992,331500800A96965750971D6634AAD27450D7545A8FFF7B0B7DA2686D9658128B,8ED88165D9FEC70746E109817FF42BF8A21A0075603070116F4D4A0F3AE45B58,D696BBFA42DD1A840708B9C42E824036862ED17D538B2B47551641D8145854DB,SAVED_FIXED_OUTPUT,HASH_VERIFIED_SUPPLEMENT_NOT_STRICT_FINAL
ODCR-D696,D01,181,24.03598826901577,0.8849346778855066,0.08952458947896957,0.07235616445541382,B44309DE29738072BF956F82D4FD4F94788518F7BE159FE3EF87A6925CFF5AAC,F05C354E0E2F99304B8E0760F072DEF0E9F569824739D9A42E9FBB8C9B03D9BB,E871DDF253BA8D5973E0B82E6BD0FD3919FE413EA762E75C5A711092293CBA0D,D696BBFA42DD1A840708B9C42E824036862ED17D538B2B47551641D8145854DB,SAVED_FIXED_OUTPUT,HASH_VERIFIED_SUPPLEMENT_NOT_STRICT_FINAL
ODCR-D696,D01,182,16.341686744544994,0.8207239479661307,0.1516190618276596,0.09568774700164795,ECD9818289E693CE82E6F86906F5D8A7524925D99BCC4AF4F263537924DBE04C,F05C354E0E2F99304B8E0760F072DEF0E9F569824739D9A42E9FBB8C9B03D9BB,62B933503370E6E7EAC1402930224E59CDF92BCE03752DE7F2B390BE46F0B2A2,D696BBFA42DD1A840708B9C42E824036862ED17D538B2B47551641D8145854DB,SAVED_FIXED_OUTPUT,HASH_VERIFIED_SUPPLEMENT_NOT_STRICT_FINAL
ODCR-D696,D01,183,23.3020048585333,0.8852417382114318,0.09291975200176239,0.07274758815765381,3BF815ED270E128BD4B8E94F11AAC022B760403E687A438A26880E2297D8FADA,F05C354E0E2F99304B8E0760F072DEF0E9F569824739D9A42E9FBB8C9B03D9BB,4B30C24A376C69784255CDC807000C16E3E18DECE1357BA7C79686902540EFC6,D696BBFA42DD1A840708B9C42E824036862ED17D538B2B47551641D8145854DB,SAVED_FIXED_OUTPUT,HASH_VERIFIED_SUPPLEMENT_NOT_STRICT_FINAL
ODCR-D696,D01,184,22.40134215755519,0.8839547590626559,0.09706638753414154,0.07484626770019531,99F2DFE2AEF94C9C0E25ED52134B40934E589BD3E59386AAF28258C907C1BA5F,F05C354E0E2F99304B8E0760F072DEF0E9F569824739D9A42E9FBB8C9B03D9BB,1B116F22B0483EEB32150407D42B3F272B843FD96FE600DB4115A2317B4CDCDD,D696BBFA42DD1A840708B9C42E824036862ED17D538B2B47551641D8145854DB,SAVED_FIXED_OUTPUT,HASH_VERIFIED_SUPPLEMENT_NOT_STRICT_FINAL
ODCR-D696,D01,185,21.42753666337559,0.8800055593748985,0.10178449004888535,0.07815033197402954,AD9FBEC38C1608653CFFF81BADAE5AA90D5DA51CD87CA6E070EBFD13EA62F8B0,F05C354E0E2F99304B8E0760F072DEF0E9F569824739D9A42E9FBB8C9B03D9BB,EA782A814B112117455DCFFA59FFE5FA495C3F5F9FA6EB1120D2DC62B18BABC3,D696BBFA42DD1A840708B9C42E824036862ED17D538B2B47551641D8145854DB,SAVED_FIXED_OUTPUT,HASH_VERIFIED_SUPPLEMENT_NOT_STRICT_FINAL
ODCR-D696,D01,186,20.480350841724224,0.8736499431542976,0.10811226069927216,0.08079755306243896,82AFA0E22EA8066E01113DF6B20CCDB7F4857654DD206C24B92815CA144E036D,F05C354E0E2F99304B8E0760F072DEF0E9F569824739D9A42E9FBB8C9B03D9BB,F9F3E005055B62F96917B68F27ABC6AABF9528FAEE060E4A890926A67E3BE56A,D696BBFA42DD1A840708B9C42E824036862ED17D538B2B47551641D8145854DB,SAVED_FIXED_OUTPUT,HASH_VERIFIED_SUPPLEMENT_NOT_STRICT_FINAL
ODCR-D696,D01,187,19.560069256704253,0.8651746812679351,0.1149667352437973,0.08390158414840698,60F5AB8B75C51E00E8DC243C5EC682BC778761DFD8CF65D823CE9E15D981BD0F,F05C354E0E2F99304B8E0760F072DEF0E9F569824739D9A42E9FBB8C9B03D9BB,2E454F94B95FF72297B62D96FD364494CE5759DCF109FC17D9C3A7B24C406FCD,D696BBFA42DD1A840708B9C42E824036862ED17D538B2B47551641D8145854DB,SAVED_FIXED_OUTPUT,HASH_VERIFIED_SUPPLEMENT_NOT_STRICT_FINAL
ODCR-D696,D01,188,18.648470078193178,0.8554925432764322,0.12211109697818756,0.08614879846572876,E224609D6D6EA032BD8CB967C54285805274A2BAA0BFFE8C4130247439266808,F05C354E0E2F99304B8E0760F072DEF0E9F569824739D9A42E9FBB8C9B03D9BB,C3EF2BCD8909E3600F52A19C411ADFB8FA666BAB07183967ACFE27291648C764,D696BBFA42DD1A840708B9C42E824036862ED17D538B2B47551641D8145854DB,SAVED_FIXED_OUTPUT,HASH_VERIFIED_SUPPLEMENT_NOT_STRICT_FINAL
ODCR-D696,D01,189,17.801856954333285,0.8443950004996378,0.13094353675842285,0.0885915756225586,4ECA046FC05C281AB2CF0E0634BAD2BFA95993C0DFBEFA318577F47FEB3EA452,F05C354E0E2F99304B8E0760F072DEF0E9F569824739D9A42E9FBB8C9B03D9BB,6349A565059C6CC5B037FC7E3FEFD93AE96FC3C2DD038C8527B0D4A79D9AD8BF,D696BBFA42DD1A840708B9C42E824036862ED17D538B2B47551641D8145854DB,SAVED_FIXED_OUTPUT,HASH_VERIFIED_SUPPLEMENT_NOT_STRICT_FINAL
ODCR-D696,D01,190,17.042313714041615,0.8324725268922162,0.14097343385219574,0.09218144416809082,1C7554B78B0E0F07006AC01C2D99D67C12C3BB97365B6F6AC0F2258716300E92,F05C354E0E2F99304B8E0760F072DEF0E9F569824739D9A42E9FBB8C9B03D9BB,EEFEFC76786EAE3E5EA9F942C3F9506C8EEA3AA5028F6BD429D8B886EA5BBF21,D696BBFA42DD1A840708B9C42E824036862ED17D538B2B47551641D8145854DB,SAVED_FIXED_OUTPUT,HASH_VERIFIED_SUPPLEMENT_NOT_STRICT_FINAL
ODCR-D696,D01,191,23.345478043409944,0.8935206592511181,0.08343716710805893,0.06344687938690186,26A26EE5A7EFE45FBCDF369B1E4D80D16EB1D97AA883A0AD2AEC308D1AFEB89C,B22CCFE447BB90275543FDA40DFFC13345F3F73F47EC4D967EA9424F62722133,533F3322BB28539D16A2B28A95CF011871119814E4F394314F8767B3A4ECF100,D696BBFA42DD1A840708B9C42E824036862ED17D538B2B47551641D8145854DB,SAVED_FIXED_OUTPUT,HASH_VERIFIED_SUPPLEMENT_NOT_STRICT_FINAL
ODCR-D696,D01,192,15.511060909878417,0.8227595790757168,0.15177693963050842,0.08581572771072388,95F5EE7E37880C3C7C2D3F45361A7307B1FC8ACAF47DC1AE73713774772BD62B,B22CCFE447BB90275543FDA40DFFC13345F3F73F47EC4D967EA9424F62722133,0F36039D7ECA9DE4CA619AFB8B72EF87907C126C9FB79717D9BB5D684B15FD5E,D696BBFA42DD1A840708B9C42E824036862ED17D538B2B47551641D8145854DB,SAVED_FIXED_OUTPUT,HASH_VERIFIED_SUPPLEMENT_NOT_STRICT_FINAL
ODCR-D696,D01,193,22.353690500277757,0.8880172917800081,0.08970920741558075,0.06688648462295532,23E16529307CB2D3BEDBE87356966406FAC3E355B73DBCD8B1DDAD0AC4847702,B22CCFE447BB90275543FDA40DFFC13345F3F73F47EC4D967EA9424F62722133,8FFB7F9908BE24ED3A6766232ADEB549917881D4F3EE03AA190F272DD4243799,D696BBFA42DD1A840708B9C42E824036862ED17D538B2B47551641D8145854DB,SAVED_FIXED_OUTPUT,HASH_VERIFIED_SUPPLEMENT_NOT_STRICT_FINAL
ODCR-D696,D01,194,21.298483557958434,0.8828995713814564,0.09618698060512543,0.06991356611251831,BAAAAAA100A701F62E7B939ECDA1923A212E4F2F9D87675625C4642E8011C970,B22CCFE447BB90275543FDA40DFFC13345F3F73F47EC4D967EA9424F62722133,D32D2E9880AF6976D1361037750E039C08EF688E316E22E10713538F9FFEB714,D696BBFA42DD1A840708B9C42E824036862ED17D538B2B47551641D8145854DB,SAVED_FIXED_OUTPUT,HASH_VERIFIED_SUPPLEMENT_NOT_STRICT_FINAL
ODCR-D696,D01,195,20.26491717520593,0.8771370596299043,0.10313934087753296,0.0716552734375,4C3AB5B661C7F413FC7F0801A6636D88417F3F68D0684BBE4596B76F82EAAF1E,B22CCFE447BB90275543FDA40DFFC13345F3F73F47EC4D967EA9424F62722133,356794FA23A7D62ACAF54D1709CC7D7C43B5E648697ABB9709F22DA3728D5C4C,D696BBFA42DD1A840708B9C42E824036862ED17D538B2B47551641D8145854DB,SAVED_FIXED_OUTPUT,HASH_VERIFIED_SUPPLEMENT_NOT_STRICT_FINAL
ODCR-D696,D01,196,19.313818750879477,0.8701349941724227,0.11077990382909775,0.07348859310150146,40536F3D1C776BB3C79B7E6985F698C1313B6C0D9A5BF179119B16C763634EE4,B22CCFE447BB90275543FDA40DFFC13345F3F73F47EC4D967EA9424F62722133,C9910D50BFFA96419101BD048DBAF3342CCAEC064AC17695C17BFB47E6192F42,D696BBFA42DD1A840708B9C42E824036862ED17D538B2B47551641D8145854DB,SAVED_FIXED_OUTPUT,HASH_VERIFIED_SUPPLEMENT_NOT_STRICT_FINAL
ODCR-D696,D01,197,18.445824779466133,0.8619412972218053,0.11872733384370804,0.07467895746231079,DF3DE084073054F3784C27CCEFD80C207B65EEA9096EB2C81FB66BEE316834E9,B22CCFE447BB90275543FDA40DFFC13345F3F73F47EC4D967EA9424F62722133,D79C4E096305CCA7672F8C81B7E99D84A42A22B773CB6072B0B9CBD8FAA2874A,D696BBFA42DD1A840708B9C42E824036862ED17D538B2B47551641D8145854DB,SAVED_FIXED_OUTPUT,HASH_VERIFIED_SUPPLEMENT_NOT_STRICT_FINAL
ODCR-D696,D01,198,17.632028441088064,0.8529813437278292,0.12633194029331207,0.0756191611289978,10D25F835AA8DEB2FECDA7BD6B3FD6FB9A330FCD867953EFFEEE8DB99C0E3A0D,B22CCFE447BB90275543FDA40DFFC13345F3F73F47EC4D967EA9424F62722133,55B8177D761EA36C378184E0429770A8454F4222567D32D3978F2AE913E73E66,D696BBFA42DD1A840708B9C42E824036862ED17D538B2B47551641D8145854DB,SAVED_FIXED_OUTPUT,HASH_VERIFIED_SUPPLEMENT_NOT_STRICT_FINAL
ODCR-D696,D01,199,16.88848761894374,0.8433363380281147,0.13471929728984833,0.07744860649108887,43867613A2660C72FF1D28AADFC4AAEF19C9D70112B3FC458DFBC777FFA3577E,B22CCFE447BB90275543FDA40DFFC13345F3F73F47EC4D967EA9424F62722133,9BDD140F0C7727825C7AB3F249D1A41BFE69FE02B896F0202817889BB2B8F8E0,D696BBFA42DD1A840708B9C42E824036862ED17D538B2B47551641D8145854DB,SAVED_FIXED_OUTPUT,HASH_VERIFIED_SUPPLEMENT_NOT_STRICT_FINAL
ODCR-D696,D01,200,16.1733314137344,0.8330607125608781,0.14321595430374146,0.08125591278076172,B0A41911F4AC10CF8E93555311DACBCB265AC28FA2E4A631CE0257F0390EFA12,B22CCFE447BB90275543FDA40DFFC13345F3F73F47EC4D967EA9424F62722133,A3D282059DCA31EDD21675AD8BBECC8A243F18308DD240F900B4E64478385218,D696BBFA42DD1A840708B9C42E824036862ED17D538B2B47551641D8145854DB,SAVED_FIXED_OUTPUT,HASH_VERIFIED_SUPPLEMENT_NOT_STRICT_FINAL
ODCR-D696,D01,201,22.348701360971344,0.866496951123726,0.1562182754278183,0.09000265598297119,C221178358614C371954ECC3C2E27ED45554B408AE5E4CC230BCFC24BAE7F920,2417C044806940120E2943F071F607B19EECC620F23BDB5ABC7441AB1162389F,1B55E73CF1169A86344A501A4555AA124C61F73282E9AA34AFE43FF1C69423F9,D696BBFA42DD1A840708B9C42E824036862ED17D538B2B47551641D8145854DB,SAVED_FIXED_OUTPUT,HASH_VERIFIED_SUPPLEMENT_NOT_STRICT_FINAL
ODCR-D696,D01,202,14.3927900562082,0.7531531684846936,0.23821638524532318,0.10747027397155762,E10A036006C283A3FBBD7DB99E5CAE64F26C980B33CF0F9AF8EC41EDDBAC40B3,2417C044806940120E2943F071F607B19EECC620F23BDB5ABC7441AB1162389F,2CE5CE7DD9A951ED09AE72C25AF089E25953A9516F2C6764A1F31D11BC0DD498,D696BBFA42DD1A840708B9C42E824036862ED17D538B2B47551641D8145854DB,SAVED_FIXED_OUTPUT,HASH_VERIFIED_SUPPLEMENT_NOT_STRICT_FINAL
ODCR-D696,D01,203,21.413802482977896,0.8599474180984966,0.15917876362800598,0.09288322925567627,2BE3A34650D09DBCE18A4D810E5BD7F9BDB438120FF4D2CE0A1C5343D0856607,2417C044806940120E2943F071F607B19EECC620F23BDB5ABC7441AB1162389F,A06A8D24FDC1A4E78672751BAC21389AE613BCDB8E72625D33F4D1F87960B5EC,D696BBFA42DD1A840708B9C42E824036862ED17D538B2B47551641D8145854DB,SAVED_FIXED_OUTPUT,HASH_VERIFIED_SUPPLEMENT_NOT_STRICT_FINAL
ODCR-D696,D01,204,20.43750567033223,0.8505469159709297,0.16522225737571716,0.09486567974090576,B5FDF9E6D5E0CB3C6E7BF41F1AD52025C7B2612E24F6A2184467705F9C4E6AC7,2417C044806940120E2943F071F607B19EECC620F23BDB5ABC7441AB1162389F,2B31106C9282E94A6D1BBE18D7942474C54179A9859CAE3783A5636F27077FFF,D696BBFA42DD1A840708B9C42E824036862ED17D538B2B47551641D8145854DB,SAVED_FIXED_OUTPUT,HASH_VERIFIED_SUPPLEMENT_NOT_STRICT_FINAL
ODCR-D696,D01,205,19.566472232516418,0.8403578897906763,0.17227716743946075,0.09550529718399048,9BB2E397E1DD741C67A5DDD6D14FF97A387284CE0679CCCF913F53BF03E09F90,2417C044806940120E2943F071F607B19EECC620F23BDB5ABC7441AB1162389F,CF99B70389C2459F070A8BC21271A93CC14ADD33AFFCEA21DD3D04DE3AB0B5DB,D696BBFA42DD1A840708B9C42E824036862ED17D538B2B47551641D8145854DB,SAVED_FIXED_OUTPUT,HASH_VERIFIED_SUPPLEMENT_NOT_STRICT_FINAL
ODCR-D696,D01,206,18.802874022925764,0.8296758843250615,0.1796470433473587,0.09554171562194824,381F82E6868E8FB132290B7C77F641AB2537028CD3AB367C32CAC69817BB3097,2417C044806940120E2943F071F607B19EECC620F23BDB5ABC7441AB1162389F,2FBB2527213DEAF6D278EE9A7A265296659A23FE9B77632F3B2858236BA20391,D696BBFA42DD1A840708B9C42E824036862ED17D538B2B47551641D8145854DB,SAVED_FIXED_OUTPUT,HASH_VERIFIED_SUPPLEMENT_NOT_STRICT_FINAL
ODCR-D696,D01,207,18.04041388318931,0.8171380414134255,0.18909168243408203,0.09670627117156982,5A4C3DC597C4AA5180B5A510D8FF74F71EF883B39FD99BA2CFB1213EDCFB8673,2417C044806940120E2943F071F607B19EECC620F23BDB5ABC7441AB1162389F,240E797725B9EB64DBA1FDDD35F8F4A1E65E8E21DF2B5FC2F5296DD484BDF437,D696BBFA42DD1A840708B9C42E824036862ED17D538B2B47551641D8145854DB,SAVED_FIXED_OUTPUT,HASH_VERIFIED_SUPPLEMENT_NOT_STRICT_FINAL
ODCR-D696,D01,208,17.192299892932464,0.8031753472869343,0.20040972530841827,0.0997040867805481,B193179AE84535889E1B5117B661CBA100CBBD184929D5EE0261E39F8A90916A,2417C044806940120E2943F071F607B19EECC620F23BDB5ABC7441AB1162389F,322EB3B09B6E184BD730A7B1BFDE565D667569856040755B847C092BB4B63AC7,D696BBFA42DD1A840708B9C42E824036862ED17D538B2B47551641D8145854DB,SAVED_FIXED_OUTPUT,HASH_VERIFIED_SUPPLEMENT_NOT_STRICT_FINAL
ODCR-D696,D01,209,16.300832951256183,0.7876718304906616,0.21258041262626648,0.10238003730773926,33661F61684F1F8BD55740BF1420018034EF1D6CE85F2EE578045370B51FD0E9,2417C044806940120E2943F071F607B19EECC620F23BDB5ABC7441AB1162389F,6BAD81359C5E69EA1BB200DA8FAF0F5F34F19DD744CA3452CE59CD2F1542BA6F,D696BBFA42DD1A840708B9C42E824036862ED17D538B2B47551641D8145854DB,SAVED_FIXED_OUTPUT,HASH_VERIFIED_SUPPLEMENT_NOT_STRICT_FINAL
ODCR-D696,D01,210,15.333843875552757,0.7706116871746845,0.22445955872535706,0.10382217168807983,A72F260D81C7B58BFC4F6C8F5DB0D7F31CCCDD0689AD5B0486E70FB788045529,2417C044806940120E2943F071F607B19EECC620F23BDB5ABC7441AB1162389F,3E77BAF304432F4EC397EFFDC3FC8D30DC002756FBEF299832F3112F4D6409EA,D696BBFA42DD1A840708B9C42E824036862ED17D538B2B47551641D8145854DB,SAVED_FIXED_OUTPUT,HASH_VERIFIED_SUPPLEMENT_NOT_STRICT_FINAL
ODCR-D696,D01,211,24.939954602008573,0.9029684268090362,0.08521188795566559,0.07728409767150879,E686D3670958A9CE8ED2BD0CDE6418F85C73BE02933F149F55B0F987F32326B4,C0BB5591ECCF6B19B6BEB59EA0A46781D89CDD55142D43AAE85930C5C2C95F12,56F2083BB564B6147AEC9088A53526068D935B208F24A05AE2CBB8ED68AD0D3C,D696BBFA42DD1A840708B9C42E824036862ED17D538B2B47551641D8145854DB,SAVED_FIXED_OUTPUT,HASH_VERIFIED_SUPPLEMENT_NOT_STRICT_FINAL
ODCR-D696,D01,212,16.745363447918123,0.8153708670282448,0.15306466817855835,0.11046874523162842,9F804B060E8508B3FE0245AED5D0FAD8F5D342843B6433F7591C0EDF6676E245,C0BB5591ECCF6B19B6BEB59EA0A46781D89CDD55142D43AAE85930C5C2C95F12,49C30CB1B15BF88A6F461FB7E9339C64EFA409C7F87274969D70C06899CE0274,D696BBFA42DD1A840708B9C42E824036862ED17D538B2B47551641D8145854DB,SAVED_FIXED_OUTPUT,HASH_VERIFIED_SUPPLEMENT_NOT_STRICT_FINAL
ODCR-D696,D01,213,23.71986733446822,0.8945875966175502,0.09258042275905609,0.0825268030166626,8B17238BDF21D30EC1CCD00933E7F6795BEFEECC2AAC18CC59CA8189528C717C,C0BB5591ECCF6B19B6BEB59EA0A46781D89CDD55142D43AAE85930C5C2C95F12,91B22C17541937F5B6E4F5B5155F455BCA905A3C33EF74C7C17A0E684B85F150,D696BBFA42DD1A840708B9C42E824036862ED17D538B2B47551641D8145854DB,SAVED_FIXED_OUTPUT,HASH_VERIFIED_SUPPLEMENT_NOT_STRICT_FINAL
ODCR-D696,D01,214,22.548133240328283,0.8850619641047374,0.09861185401678085,0.08655780553817749,BC097DE1E35B470345CFE161226CC5EC9353CFC7D631353AB988602088583BCE,C0BB5591ECCF6B19B6BEB59EA0A46781D89CDD55142D43AAE85930C5C2C95F12,17FD8586527D99762ED70BCDB71E0564A5762D9F102FBF30BD0445830F687F6D,D696BBFA42DD1A840708B9C42E824036862ED17D538B2B47551641D8145854DB,SAVED_FIXED_OUTPUT,HASH_VERIFIED_SUPPLEMENT_NOT_STRICT_FINAL
ODCR-D696,D01,215,21.442502627970292,0.8745567192577556,0.10548000037670135,0.08989018201828003,A26F37FA4A4398551989728F3AB39920D962DC3D0451B59B3F05E43F5419821A,C0BB5591ECCF6B19B6BEB59EA0A46781D89CDD55142D43AAE85930C5C2C95F12,EAF8392D33C26E6550CABFB977E648F27B83EED78903931B13EB03CB348F6372,D696BBFA42DD1A840708B9C42E824036862ED17D538B2B47551641D8145854DB,SAVED_FIXED_OUTPUT,HASH_VERIFIED_SUPPLEMENT_NOT_STRICT_FINAL
ODCR-D696,D01,216,20.43823204489029,0.8645529433164082,0.11301907896995544,0.09665703773498535,2470D0445BB803A9F7DDE42A8A826BEC9F945FCC23D70F86211A060353C2CCFB,C0BB5591ECCF6B19B6BEB59EA0A46781D89CDD55142D43AAE85930C5C2C95F12,2544094C38AC976455B9DF7116700573CF9FFF0AF174F2A99D79664B64127942,D696BBFA42DD1A840708B9C42E824036862ED17D538B2B47551641D8145854DB,SAVED_FIXED_OUTPUT,HASH_VERIFIED_SUPPLEMENT_NOT_STRICT_FINAL
ODCR-D696,D01,217,19.55427799216607,0.8549356333519952,0.12105096876621246,0.10031795501708984,9F5103352BF90849431D7F1B2905D16545F95E2708E300462A89252B9466F06B,C0BB5591ECCF6B19B6BEB59EA0A46781D89CDD55142D43AAE85930C5C2C95F12,75E2A1467FBA349B89A2880963690D4E4D348705D9A23B31A28AD6EB8578DA4A,D696BBFA42DD1A840708B9C42E824036862ED17D538B2B47551641D8145854DB,SAVED_FIXED_OUTPUT,HASH_VERIFIED_SUPPLEMENT_NOT_STRICT_FINAL
ODCR-D696,D01,218,18.735784005119108,0.8447299064389623,0.12914782762527466,0.10286271572113037,C0836F72E691151AE4D8AA9076C2A1E32CCE71A2BE044A2688293C72C7ECD308,C0BB5591ECCF6B19B6BEB59EA0A46781D89CDD55142D43AAE85930C5C2C95F12,DB3F6BBCCFC00340D930E929DDAF698BD43CD530B646C6144BA6CCAA8F67475C,D696BBFA42DD1A840708B9C42E824036862ED17D538B2B47551641D8145854DB,SAVED_FIXED_OUTPUT,HASH_VERIFIED_SUPPLEMENT_NOT_STRICT_FINAL
ODCR-D696,D01,219,18.011711158707193,0.834936498659575,0.13740643858909607,0.10673803091049194,B7AB2C0ED43257C174206CB080B4EE38A1AD3676CF21DCA2A26ACC8C08274F34,C0BB5591ECCF6B19B6BEB59EA0A46781D89CDD55142D43AAE85930C5C2C95F12,A48290E5A6FB72A6F9DFBD9E45F5709C815187C08B50A7275ACEFEFE3286499E,D696BBFA42DD1A840708B9C42E824036862ED17D538B2B47551641D8145854DB,SAVED_FIXED_OUTPUT,HASH_VERIFIED_SUPPLEMENT_NOT_STRICT_FINAL
ODCR-D696,D01,220,17.34902868866171,0.8246821889575474,0.14556971192359924,0.10832709074020386,D7901533BF6902A6BE69CB0D6662FCD70D78D58123016E0EE815D6B8DEF841E0,C0BB5591ECCF6B19B6BEB59EA0A46781D89CDD55142D43AAE85930C5C2C95F12,0F6D940712047454E8874FB1760D234895E831B4D40343A28D2EE33722980F92,D696BBFA42DD1A840708B9C42E824036862ED17D538B2B47551641D8145854DB,SAVED_FIXED_OUTPUT,HASH_VERIFIED_SUPPLEMENT_NOT_STRICT_FINAL
ODCR-D696,D01,221,23.3189347917437,0.8599707465843061,0.09588317573070526,0.09538644552230835,4523EFCC2369993148598A6E127E2286802213E72E166E49FD5CBEDFC74C3681,333B8C671AC8F7FF4AC56BEEA2E1E137D12C89AE7439FDB95E1BCE29BEEB8164,0B75E3C2666D42BC3BFED47D59F36B0EC52CCA321E278C1439A06083AC9C0872,D696BBFA42DD1A840708B9C42E824036862ED17D538B2B47551641D8145854DB,SAVED_FIXED_OUTPUT,HASH_VERIFIED_SUPPLEMENT_NOT_STRICT_FINAL
ODCR-D696,D01,222,13.747390914834623,0.7151806501156298,0.18422573804855347,0.14641964435577393,899563E916B3D758FF8358438937FF05E047C270F11C270E87C07E2E413092D4,333B8C671AC8F7FF4AC56BEEA2E1E137D12C89AE7439FDB95E1BCE29BEEB8164,C1DE822D2EC994F96424F507A1DDF1850A5DD1488EACFA90FE390F9843570E91,D696BBFA42DD1A840708B9C42E824036862ED17D538B2B47551641D8145854DB,SAVED_FIXED_OUTPUT,HASH_VERIFIED_SUPPLEMENT_NOT_STRICT_FINAL
ODCR-D696,D01,223,21.589278317259964,0.8392195637186187,0.1054457277059555,0.09878683090209961,72868DF269B28F1319C060475E91BBBF749F54AC688B28528325A771B492D48B,333B8C671AC8F7FF4AC56BEEA2E1E137D12C89AE7439FDB95E1BCE29BEEB8164,1CC52D2254C346115E36E84EE98D5EFDFC653C5418AE47389DE27F7DC2245F27,D696BBFA42DD1A840708B9C42E824036862ED17D538B2B47551641D8145854DB,SAVED_FIXED_OUTPUT,HASH_VERIFIED_SUPPLEMENT_NOT_STRICT_FINAL
ODCR-D696,D01,224,20.046313821488916,0.8161913749296851,0.11725033074617386,0.10791391134262085,9AC04A415EAAAF019B476422283A9A4085729F21B4C3E5037EECEBAD89D36B32,333B8C671AC8F7FF4AC56BEEA2E1E137D12C89AE7439FDB95E1BCE29BEEB8164,4A7DBD761B7E77D0F80F309477C64AF3D8519F4FC79A4EB689CB771A46217D8B,D696BBFA42DD1A840708B9C42E824036862ED17D538B2B47551641D8145854DB,SAVED_FIXED_OUTPUT,HASH_VERIFIED_SUPPLEMENT_NOT_STRICT_FINAL
ODCR-D696,D01,225,18.683571320481935,0.7951293952368091,0.12971487641334534,0.11375594139099121,53FAC3942A801AA62C11CB00E5B786CE0F467C9D54C421C74F7601E500E05E61,333B8C671AC8F7FF4AC56BEEA2E1E137D12C89AE7439FDB95E1BCE29BEEB8164,424040E140F3330601C87F1D7E7D792F749D85ED1F5443E6106B0A0C7AC275C0,D696BBFA42DD1A840708B9C42E824036862ED17D538B2B47551641D8145854DB,SAVED_FIXED_OUTPUT,HASH_VERIFIED_SUPPLEMENT_NOT_STRICT_FINAL
ODCR-D696,D01,226,17.474245373567975,0.7768779638263071,0.14228859543800354,0.1195688247680664,926746AEA3FB99814C9F8FE344B071B60B2B785868D5DA9BAA10A591B1490E03,333B8C671AC8F7FF4AC56BEEA2E1E137D12C89AE7439FDB95E1BCE29BEEB8164,5EAE465BCC22883DA9E82B07205D8F330C26F569C75F8EBD6E08252D2E9B63B9,D696BBFA42DD1A840708B9C42E824036862ED17D538B2B47551641D8145854DB,SAVED_FIXED_OUTPUT,HASH_VERIFIED_SUPPLEMENT_NOT_STRICT_FINAL
ODCR-D696,D01,227,16.478461523233893,0.7607399851212717,0.1529701203107834,0.13011497259140015,B14323839EDC5384DBD8B70A8432250135186F08CDA32AA7E4E825D00C4F1B8D,333B8C671AC8F7FF4AC56BEEA2E1E137D12C89AE7439FDB95E1BCE29BEEB8164,E86A0015170F940B346F4B617041100E90424080CC2DFEB6266507C5D8D0D530,D696BBFA42DD1A840708B9C42E824036862ED17D538B2B47551641D8145854DB,SAVED_FIXED_OUTPUT,HASH_VERIFIED_SUPPLEMENT_NOT_STRICT_FINAL
ODCR-D696,D01,228,15.625990747451485,0.7477951631859933,0.16168548166751862,0.13847815990447998,06298221AE2C1D86EB7ABC27FA4716174600467409D48C3C0D990414F383ED28,333B8C671AC8F7FF4AC56BEEA2E1E137D12C89AE7439FDB95E1BCE29BEEB8164,C048B2EC7B7BE5694BD57FEC6F3F9BF3054D38EB5D6E0445C370050E4C7BFC5E,D696BBFA42DD1A840708B9C42E824036862ED17D538B2B47551641D8145854DB,SAVED_FIXED_OUTPUT,HASH_VERIFIED_SUPPLEMENT_NOT_STRICT_FINAL
ODCR-D696,D01,229,14.882745605337238,0.7363422199656317,0.1702008843421936,0.1424393653869629,53EBE90EE83B63C333529354895714E6F8F0735D89C0AC63965FA06B9A821D35,333B8C671AC8F7FF4AC56BEEA2E1E137D12C89AE7439FDB95E1BCE29BEEB8164,3B725B5857FD65A5C3760F987745D414B0D0C771DADA4A760C73889B35BEE86F,D696BBFA42DD1A840708B9C42E824036862ED17D538B2B47551641D8145854DB,SAVED_FIXED_OUTPUT,HASH_VERIFIED_SUPPLEMENT_NOT_STRICT_FINAL
ODCR-D696,D01,230,14.262465303156954,0.726013605506394,0.17681413888931274,0.14581918716430664,52C33890E60467161A84921AEA1A9DB57E140D5557900A45D521D52D100559D4,333B8C671AC8F7FF4AC56BEEA2E1E137D12C89AE7439FDB95E1BCE29BEEB8164,52961C57C2D54EF831A33EEC13F7C3BEA6BECADC6898004B84DA5CBAB9FD2B46,D696BBFA42DD1A840708B9C42E824036862ED17D538B2B47551641D8145854DB,SAVED_FIXED_OUTPUT,HASH_VERIFIED_SUPPLEMENT_NOT_STRICT_FINAL
ODCR-D696,D01,231,22.565407700596968,0.8218493208644636,0.12124916911125183,0.10951864719390869,5FC3395F6009E077EBE831D5920465328FA162031A74E80DEFFD659AF80242B9,E7EEA4EED154E46791643BCB0F799A3CE45585E77B876D909D5DBEE13B37A0BA,8344E7CDB67E1AD54B2BA948726567E7CEAEEDC785E7868505DB9BA6F94D189B,D696BBFA42DD1A840708B9C42E824036862ED17D538B2B47551641D8145854DB,SAVED_FIXED_OUTPUT,HASH_VERIFIED_SUPPLEMENT_NOT_STRICT_FINAL
ODCR-D696,D01,232,11.655553107044563,0.6516481588874168,0.2558850347995758,0.1822723150253296,8D4AC0035B660108D2ABBEC4805E18A5913958ED9FABD25FD609899A73A5B33E,E7EEA4EED154E46791643BCB0F799A3CE45585E77B876D909D5DBEE13B37A0BA,36DEA5E3A71EF54A405D75D74AF485844F4D39A62C09A3D44B28ADEAC024892D,D696BBFA42DD1A840708B9C42E824036862ED17D538B2B47551641D8145854DB,SAVED_FIXED_OUTPUT,HASH_VERIFIED_SUPPLEMENT_NOT_STRICT_FINAL
ODCR-D696,D01,233,20.786791334720633,0.798821605637911,0.13605502247810364,0.1198720932006836,AEF3DD33EA26592A3C0C70FE4EFF3DBEC95394622CE472B50C523A732BDE98F9,E7EEA4EED154E46791643BCB0F799A3CE45585E77B876D909D5DBEE13B37A0BA,3D2B459D9E2603902EA6E4604AAEABF35AF00594FE4137057CD6CA64A4A859EF,D696BBFA42DD1A840708B9C42E824036862ED17D538B2B47551641D8145854DB,SAVED_FIXED_OUTPUT,HASH_VERIFIED_SUPPLEMENT_NOT_STRICT_FINAL
ODCR-D696,D01,234,18.9562361343503,0.7727771388312851,0.1487554907798767,0.12732702493667603,6A653E53DF42A23348E9C2A10E73A05A341D5D4075A2302060A5C0C1C081286D,E7EEA4EED154E46791643BCB0F799A3CE45585E77B876D909D5DBEE13B37A0BA,3D7084AA34E13569BC5E41003BACC887A3A614A45853723F6DC8BD01E7F78D50,D696BBFA42DD1A840708B9C42E824036862ED17D538B2B47551641D8145854DB,SAVED_FIXED_OUTPUT,HASH_VERIFIED_SUPPLEMENT_NOT_STRICT_FINAL
ODCR-D696,D01,235,17.211421847293526,0.7462243760455913,0.16382227838039398,0.13788491487503052,D88C8E8B2D0F1D1C1BD1379B2E553F709BF6D9383A93CB97AE69BC360E171C5C,E7EEA4EED154E46791643BCB0F799A3CE45585E77B876D909D5DBEE13B37A0BA,EDFA0A92C5357331FBB00D022B3DFF82743BFDAFF45F2AC6110D473DA3E770C8,D696BBFA42DD1A840708B9C42E824036862ED17D538B2B47551641D8145854DB,SAVED_FIXED_OUTPUT,HASH_VERIFIED_SUPPLEMENT_NOT_STRICT_FINAL
ODCR-D696,D01,236,15.723485464271649,0.7227276215882664,0.1817183792591095,0.14941012859344482,C4310968F284AA83147297688ADF8CA159CE2B7155A621BAE497B3AAA863D645,E7EEA4EED154E46791643BCB0F799A3CE45585E77B876D909D5DBEE13B37A0BA,9F2772C880E92D4E66A3FEEC4B8653C7D7BB35F632C9A677F8C77FB1A5433C72,D696BBFA42DD1A840708B9C42E824036862ED17D538B2B47551641D8145854DB,SAVED_FIXED_OUTPUT,HASH_VERIFIED_SUPPLEMENT_NOT_STRICT_FINAL
ODCR-D696,D01,237,14.490350360241457,0.7019176820978137,0.1996624618768692,0.15645051002502441,0D15CF479DA5C45419EF3689D5B8AFAA95319DECDA5B7A11E446091754AF8547,E7EEA4EED154E46791643BCB0F799A3CE45585E77B876D909D5DBEE13B37A0BA,BD788590E4322CB9A4FB425E2A78CC8CE9D266F1BB34976B48475968656AB930,D696BBFA42DD1A840708B9C42E824036862ED17D538B2B47551641D8145854DB,SAVED_FIXED_OUTPUT,HASH_VERIFIED_SUPPLEMENT_NOT_STRICT_FINAL
ODCR-D696,D01,238,13.506754321377283,0.6863929925799934,0.21377165615558624,0.16520899534225464,6909D2B82733714A48CB15E35A957367996195FF74CE1C2A66F5074DEFE21003,E7EEA4EED154E46791643BCB0F799A3CE45585E77B876D909D5DBEE13B37A0BA,FF72150ED1350E15AF48239592828AF080D4290CD3BB35BC2C1908CE5BCB9D2A,D696BBFA42DD1A840708B9C42E824036862ED17D538B2B47551641D8145854DB,SAVED_FIXED_OUTPUT,HASH_VERIFIED_SUPPLEMENT_NOT_STRICT_FINAL
ODCR-D696,D01,239,12.740372639037261,0.672761037845563,0.22946806252002716,0.17153573036193848,732A70C59198245311CE57ECC3EEFB75F81FA9707BA5C985CB08477A098716DA,E7EEA4EED154E46791643BCB0F799A3CE45585E77B876D909D5DBEE13B37A0BA,EF0A4D2A97A6630E974750FEAC099ECB7FB124A29E538F1CCE461E6AE4FA5571,D696BBFA42DD1A840708B9C42E824036862ED17D538B2B47551641D8145854DB,SAVED_FIXED_OUTPUT,HASH_VERIFIED_SUPPLEMENT_NOT_STRICT_FINAL
ODCR-D696,D01,240,12.160491233176034,0.6611020575936029,0.2433391511440277,0.17765271663665771,FFC9EB71F2DD900337ADFA425DA810EC1FD180D252AA34D2E11D1A33DBBEFF9C,E7EEA4EED154E46791643BCB0F799A3CE45585E77B876D909D5DBEE13B37A0BA,72A8AB9EFDBB8F4CA8315F1ACBCA1FFC599E03F87BEE0B26AE809BBCBFF73778,D696BBFA42DD1A840708B9C42E824036862ED17D538B2B47551641D8145854DB,SAVED_FIXED_OUTPUT,HASH_VERIFIED_SUPPLEMENT_NOT_STRICT_FINAL
ODCR-D696,D01,241,21.447947114223783,0.8840263197099398,0.08011210709810257,0.0625380277633667,C75FC8D754895C1439666E7BE446FA89D62EA1F4C9C0DADEE5B5361649729FBB,3313486C3DBFE3CCEA46BF042A0A8C84F826E6EB1FB67AD0C8A1C8B8A676395B,3DADF20282D528D2CAC67BEAF58408935D83D1BCBB435F6D0E5CF668BD31015D,D696BBFA42DD1A840708B9C42E824036862ED17D538B2B47551641D8145854DB,SAVED_FIXED_OUTPUT,HASH_VERIFIED_SUPPLEMENT_NOT_STRICT_FINAL
ODCR-D696,D01,242,12.979022984068118,0.7536153499330135,0.22068050503730774,0.12368166446685791,00B100C1E5A4C218BA26899BB828D8566861EF7CF9FA23441AF11E9CDAA87EB8,3313486C3DBFE3CCEA46BF042A0A8C84F826E6EB1FB67AD0C8A1C8B8A676395B,34F086B3CBDC3C568629971E9E60E143B3C3A8500B0651923372C27B586307D7,D696BBFA42DD1A840708B9C42E824036862ED17D538B2B47551641D8145854DB,SAVED_FIXED_OUTPUT,HASH_VERIFIED_SUPPLEMENT_NOT_STRICT_FINAL
ODCR-D696,D01,243,19.886816119496633,0.868698429195594,0.095331571996212,0.06941181421279907,20B77DA5CC7892DC6271309E07DADA70F73E8776472EBB88B54F9FFD5BACA0D5,3313486C3DBFE3CCEA46BF042A0A8C84F826E6EB1FB67AD0C8A1C8B8A676395B,7FF214CDDAB4DC5B6ECA22B0680161464257F987FDA4D46EC02722C200FD4479,D696BBFA42DD1A840708B9C42E824036862ED17D538B2B47551641D8145854DB,SAVED_FIXED_OUTPUT,HASH_VERIFIED_SUPPLEMENT_NOT_STRICT_FINAL
ODCR-D696,D01,244,18.62602523678251,0.8527389813612984,0.1110089048743248,0.0784870982170105,40446BEFC85A22AA5E9B91A27647312F7ECD37393AF2CE3425B9CAD7AA119C80,3313486C3DBFE3CCEA46BF042A0A8C84F826E6EB1FB67AD0C8A1C8B8A676395B,59828044BF6E2AC583CC1694CE767AE997D0AA274A5D488600EE770511EA8A79,D696BBFA42DD1A840708B9C42E824036862ED17D538B2B47551641D8145854DB,SAVED_FIXED_OUTPUT,HASH_VERIFIED_SUPPLEMENT_NOT_STRICT_FINAL
ODCR-D696,D01,245,17.540203546626685,0.837274526676897,0.12693975865840912,0.08840340375900269,F19FF52F21F0CA7AA3B0AFFD2F7E263B1704F8AA7CBC3767FAD290F7DCF7AE3B,3313486C3DBFE3CCEA46BF042A0A8C84F826E6EB1FB67AD0C8A1C8B8A676395B,C7C89DD0E7E85E4202302EF26E22A0D8208FFF4C0FE8E83C93AEB56AA3D2CF90,D696BBFA42DD1A840708B9C42E824036862ED17D538B2B47551641D8145854DB,SAVED_FIXED_OUTPUT,HASH_VERIFIED_SUPPLEMENT_NOT_STRICT_FINAL
ODCR-D696,D01,246,16.559289965612727,0.8222770808690208,0.14311642944812775,0.0970267653465271,DEA514A19A2995800ED2D24BF2BBE2FCCD8FBC8B533BEE72302ECB074EF79A0B,3313486C3DBFE3CCEA46BF042A0A8C84F826E6EB1FB67AD0C8A1C8B8A676395B,940B30AD75D7C03BF19D58B5ECBC160FD307E316FA841CABEA8144801E781E07,D696BBFA42DD1A840708B9C42E824036862ED17D538B2B47551641D8145854DB,SAVED_FIXED_OUTPUT,HASH_VERIFIED_SUPPLEMENT_NOT_STRICT_FINAL
ODCR-D696,D01,247,15.660194893082888,0.8072236420393374,0.159461110830307,0.10355532169342041,5827E81076B9A707C2D8572835EF85F1C945DA53ECEFB3A30701AD7B7F05CC5C,3313486C3DBFE3CCEA46BF042A0A8C84F826E6EB1FB67AD0C8A1C8B8A676395B,B0D136EEAC5961A320A140C8C375F1BE21B140D49F052D7644ADA165FFCC1303,D696BBFA42DD1A840708B9C42E824036862ED17D538B2B47551641D8145854DB,SAVED_FIXED_OUTPUT,HASH_VERIFIED_SUPPLEMENT_NOT_STRICT_FINAL
ODCR-D696,D01,248,14.864259296682313,0.7922686458862246,0.17615947127342224,0.11096638441085815,A26D783FCEC1C99597473612E242C4A9B9961262A08893C46458E276F9ED5431,3313486C3DBFE3CCEA46BF042A0A8C84F826E6EB1FB67AD0C8A1C8B8A676395B,A75216A502CAEF1429A6F7D790D00398107090634507D8DAEC99BC91B19664CA,D696BBFA42DD1A840708B9C42E824036862ED17D538B2B47551641D8145854DB,SAVED_FIXED_OUTPUT,HASH_VERIFIED_SUPPLEMENT_NOT_STRICT_FINAL
ODCR-D696,D01,249,14.154950721705596,0.7782240938439933,0.19214169681072235,0.11806529760360718,4160C008D51D59E595751C2A158189C46F6597B4901F5617CD6DECCE297BCCDB,3313486C3DBFE3CCEA46BF042A0A8C84F826E6EB1FB67AD0C8A1C8B8A676395B,D55010D9FE323EF34984AE180C093261ABB840C412BE4F3F76A172332ECD106B,D696BBFA42DD1A840708B9C42E824036862ED17D538B2B47551641D8145854DB,SAVED_FIXED_OUTPUT,HASH_VERIFIED_SUPPLEMENT_NOT_STRICT_FINAL
ODCR-D696,D01,250,13.536195425192597,0.7651742794179269,0.20713794231414795,0.12065702676773071,22979850B811A79EB937D03EBAB717BBF5E01B4AE2A979CA79F6229B58725907,3313486C3DBFE3CCEA46BF042A0A8C84F826E6EB1FB67AD0C8A1C8B8A676395B,BC36C6D8D3527BE873E08C317F3CDCBB63E6408C82D70D9D59EEADCF4F453A18,D696BBFA42DD1A840708B9C42E824036862ED17D538B2B47551641D8145854DB,SAVED_FIXED_OUTPUT,HASH_VERIFIED_SUPPLEMENT_NOT_STRICT_FINAL
ODCR-D696,D01,251,22.028678458444805,0.8404540484507658,0.10507487505674362,0.07430505752563477,1E87764238ACF63BA2D3F494D2BEB01E5428B12170F4AE18A2596787EF996B75,A0772C67E38DB0795D92F115C6B698C73C9B45A2104A4C7A697DE51311C3840D,8E650D6BD9CAFC7B9AE5E680922D536C105569C66980E5D18F9C62F768CC0228,D696BBFA42DD1A840708B9C42E824036862ED17D538B2B47551641D8145854DB,SAVED_FIXED_OUTPUT,HASH_VERIFIED_SUPPLEMENT_NOT_STRICT_FINAL
ODCR-D696,D01,252,13.052247927806997,0.6831357371383189,0.18982993066310883,0.11552953720092773,6EA4475A184BCF457F37F632F420DABFFE9AB973996CF5F4F85237C86FEB8407,A0772C67E38DB0795D92F115C6B698C73C9B45A2104A4C7A697DE51311C3840D,048C0721C669A365A5F798AD25279BA36D61B5361ADCB5B2EF6FCA446B6E3B0B,D696BBFA42DD1A840708B9C42E824036862ED17D538B2B47551641D8145854DB,SAVED_FIXED_OUTPUT,HASH_VERIFIED_SUPPLEMENT_NOT_STRICT_FINAL
ODCR-D696,D01,253,20.70065952495645,0.8202707823619318,0.113650381565094,0.07676732540130615,C0C23D24C504AC35018896F2B1444508F2C81C5AA3513655734A4A417BC8AC5D,A0772C67E38DB0795D92F115C6B698C73C9B45A2104A4C7A697DE51311C3840D,D746FA7293DE742A75EDE352389D6C1E307BCCFBB188E7A3CA287EA95CBFE42D,D696BBFA42DD1A840708B9C42E824036862ED17D538B2B47551641D8145854DB,SAVED_FIXED_OUTPUT,HASH_VERIFIED_SUPPLEMENT_NOT_STRICT_FINAL
ODCR-D696,D01,254,19.516160674002133,0.8018434158125435,0.12117555737495422,0.07939523458480835,917A2BE76900F0789C100C0FF1C48EA304479231EE15D96CED4FB2B758CBAA04,A0772C67E38DB0795D92F115C6B698C73C9B45A2104A4C7A697DE51311C3840D,C76B3BC2114F11C918A1318F39CCB70DB8A810BF5B5608E85BEE5814C3274C34,D696BBFA42DD1A840708B9C42E824036862ED17D538B2B47551641D8145854DB,SAVED_FIXED_OUTPUT,HASH_VERIFIED_SUPPLEMENT_NOT_STRICT_FINAL
ODCR-D696,D01,255,18.43037816785928,0.7845375163797721,0.1284419298171997,0.08436977863311768,BABE24A7B2D1EA1DA5289A7EC57975A287A1649DBC4728E848A3BA6238E1FAE6,A0772C67E38DB0795D92F115C6B698C73C9B45A2104A4C7A697DE51311C3840D,DA7CFB5BF05B889BC87F9E6FE9CE90371C49672294427C858BBFF9E099462FCA,D696BBFA42DD1A840708B9C42E824036862ED17D538B2B47551641D8145854DB,SAVED_FIXED_OUTPUT,HASH_VERIFIED_SUPPLEMENT_NOT_STRICT_FINAL
ODCR-D696,D01,256,17.4138600257701,0.7664647759832036,0.13612841069698334,0.08921092748641968,7FAAFF9F5241174B37D6DBA44915A60F672974B4183A90291D7B5246D3CC9B2E,A0772C67E38DB0795D92F115C6B698C73C9B45A2104A4C7A697DE51311C3840D,FB762E049B4B697A74EE578A8D19F0BEFB02E5B382F4B416125CD7180682B34C,D696BBFA42DD1A840708B9C42E824036862ED17D538B2B47551641D8145854DB,SAVED_FIXED_OUTPUT,HASH_VERIFIED_SUPPLEMENT_NOT_STRICT_FINAL
ODCR-D696,D01,257,16.501721008510945,0.7490734954569221,0.1456110030412674,0.09356498718261719,5C88311DD47D810C9BD8FB8CB171726F959CB6EFDBABB0CED40EDE413715FBD8,A0772C67E38DB0795D92F115C6B698C73C9B45A2104A4C7A697DE51311C3840D,21135294377BD0D03FEEF006A3B80A39454B92B4D130611364DB94ABF1665B7F,D696BBFA42DD1A840708B9C42E824036862ED17D538B2B47551641D8145854DB,SAVED_FIXED_OUTPUT,HASH_VERIFIED_SUPPLEMENT_NOT_STRICT_FINAL
ODCR-D696,D01,258,15.683165816469577,0.7333757138328089,0.1549828201532364,0.09965956211090088,E2C0F84076FDABA696C5BFF5D8AA60B5E864CD1C6BB45E276C63E894D8065F7A,A0772C67E38DB0795D92F115C6B698C73C9B45A2104A4C7A697DE51311C3840D,4D311EFC0FABE9DDDBF471836EDEEEDB9CAD28657EA06CD6B912141F08606600,D696BBFA42DD1A840708B9C42E824036862ED17D538B2B47551641D8145854DB,SAVED_FIXED_OUTPUT,HASH_VERIFIED_SUPPLEMENT_NOT_STRICT_FINAL
ODCR-D696,D01,259,14.848678133006075,0.7171129501067574,0.16639837622642517,0.10380399227142334,6E9AB1D969C568683D7FB3BB5A1F28EEE63EC5577BD5A2CB09C264AC6D89ADD9,A0772C67E38DB0795D92F115C6B698C73C9B45A2104A4C7A697DE51311C3840D,C8876FDB1AF65D03C992F105FD1E75E956F42DDE30337AF44A66F3428630E87D,D696BBFA42DD1A840708B9C42E824036862ED17D538B2B47551641D8145854DB,SAVED_FIXED_OUTPUT,HASH_VERIFIED_SUPPLEMENT_NOT_STRICT_FINAL
ODCR-D696,D01,260,13.936734202385493,0.6999572269361954,0.17663127183914185,0.10967200994491577,238C3951455B2CEF27B4824991485000C130455D26ED01FDBC65B99EFF50605D,A0772C67E38DB0795D92F115C6B698C73C9B45A2104A4C7A697DE51311C3840D,D05878FE1A46FAF4666B317CA05CD6664C14900F7ED072CF945178F9D163BD95,D696BBFA42DD1A840708B9C42E824036862ED17D538B2B47551641D8145854DB,SAVED_FIXED_OUTPUT,HASH_VERIFIED_SUPPLEMENT_NOT_STRICT_FINAL
ODCR-D696,D01,261,23.171390986671554,0.846441186363299,0.09693821519613266,0.07663220167160034,FF88689EB3272E677B2B4C6822138D7837418786658D73881E61BFEA124CDA63,0C48376232058D92984B2D78698180B712F48D48ACCCAEF0C479EA4CF378D3B6,B46BA70E742D4DE99ECC573A4BA2B4D57CAE1539F7E346B730C72466EEDA73D9,D696BBFA42DD1A840708B9C42E824036862ED17D538B2B47551641D8145854DB,SAVED_FIXED_OUTPUT,HASH_VERIFIED_SUPPLEMENT_NOT_STRICT_FINAL
ODCR-D696,D01,262,14.368766222911038,0.7319929126366512,0.1848774254322052,0.12548041343688965,9659CB4537B61AC9BBC30705BD1E31D51966DB481DD5730C549665ECBF7874D6,0C48376232058D92984B2D78698180B712F48D48ACCCAEF0C479EA4CF378D3B6,25C77BFEC39F2EF6E429C04308584D1E577BDE3A15D9212A4DBDBE889B2A84EE,D696BBFA42DD1A840708B9C42E824036862ED17D538B2B47551641D8145854DB,SAVED_FIXED_OUTPUT,HASH_VERIFIED_SUPPLEMENT_NOT_STRICT_FINAL
ODCR-D696,D01,263,21.806562159665603,0.8307654824162781,0.10594857484102249,0.08062994480133057,EB3869CDD8051FB0A282C9E0FA87F0193E83BEB06FB9EE6A49F41023F9EF1EC5,0C48376232058D92984B2D78698180B712F48D48ACCCAEF0C479EA4CF378D3B6,159603775E9E406258C46F8B3DB2EACE128E37B5B146E0AC88C84FF233373F89,D696BBFA42DD1A840708B9C42E824036862ED17D538B2B47551641D8145854DB,SAVED_FIXED_OUTPUT,HASH_VERIFIED_SUPPLEMENT_NOT_STRICT_FINAL
ODCR-D696,D01,264,20.49187901725876,0.8158226642444159,0.1154308095574379,0.08650261163711548,373BDFF975B8FBC88631E4E0B93BE4B106088BBCEF319B93DB44E85AC0131273,0C48376232058D92984B2D78698180B712F48D48ACCCAEF0C479EA4CF378D3B6,EDAAFA2537A20F40E6711EBE283C7FACEEAEF0E18E1B2567D53017C1FC43C593,D696BBFA42DD1A840708B9C42E824036862ED17D538B2B47551641D8145854DB,SAVED_FIXED_OUTPUT,HASH_VERIFIED_SUPPLEMENT_NOT_STRICT_FINAL
ODCR-D696,D01,265,19.250200574244644,0.8004328674024328,0.1250510811805725,0.09171587228775024,9C7953D4AE7981E18DB40E85EA62AFEA6F275B9B434D18914B4246A55E4E7817,0C48376232058D92984B2D78698180B712F48D48ACCCAEF0C479EA4CF378D3B6,CAF72B0835A454D7E1495DD924991348CC3F3B7E9244563673C1F4BF50310F98,D696BBFA42DD1A840708B9C42E824036862ED17D538B2B47551641D8145854DB,SAVED_FIXED_OUTPUT,HASH_VERIFIED_SUPPLEMENT_NOT_STRICT_FINAL
ODCR-D696,D01,266,18.149252270801117,0.7870774947669211,0.1356978863477707,0.0977293848991394,02CA75CC1DFC24241D22F4D6A96438ADD5E007A5739BE2D324998456C2F36AE4,0C48376232058D92984B2D78698180B712F48D48ACCCAEF0C479EA4CF378D3B6,684EFDA420AF21494ED3926587F72C2C76FE2050FEB538759E3818889D05AF72,D696BBFA42DD1A840708B9C42E824036862ED17D538B2B47551641D8145854DB,SAVED_FIXED_OUTPUT,HASH_VERIFIED_SUPPLEMENT_NOT_STRICT_FINAL
ODCR-D696,D01,267,17.173679788844108,0.7755418224117755,0.14555110037326813,0.10394912958145142,FDAC02059CC112E1BBABC01EFFD064C958CA71EB6A5C8BDCC401F196DE81D837,0C48376232058D92984B2D78698180B712F48D48ACCCAEF0C479EA4CF378D3B6,42EB073B8D7F5D6E6225628DA7BD2A3BB13FB35A2E674181B3BE6B88F38E70FB,D696BBFA42DD1A840708B9C42E824036862ED17D538B2B47551641D8145854DB,SAVED_FIXED_OUTPUT,HASH_VERIFIED_SUPPLEMENT_NOT_STRICT_FINAL
ODCR-D696,D01,268,16.36599127960132,0.7647547118082745,0.15611697733402252,0.10924506187438965,EA334E39508B9DD37020D967AD751DC7D7579CB2984D25213B8D8119D67AFAEA,0C48376232058D92984B2D78698180B712F48D48ACCCAEF0C479EA4CF378D3B6,D88BF35174EDF3855642232CEF750028E4380B24CF20BD0CAB53C3FBFDB05134,D696BBFA42DD1A840708B9C42E824036862ED17D538B2B47551641D8145854DB,SAVED_FIXED_OUTPUT,HASH_VERIFIED_SUPPLEMENT_NOT_STRICT_FINAL
ODCR-D696,D01,269,15.606704524584407,0.7538365871080513,0.16618573665618896,0.11528623104095459,883128B13C001DF8C471920453F4D11F295854B53AA9C370437B74B547854A4C,0C48376232058D92984B2D78698180B712F48D48ACCCAEF0C479EA4CF378D3B6,992503DEF253DE319B18D5CC62A07EAA3EDB380FAB0E1F07EBAE9817B9F1C193,D696BBFA42DD1A840708B9C42E824036862ED17D538B2B47551641D8145854DB,SAVED_FIXED_OUTPUT,HASH_VERIFIED_SUPPLEMENT_NOT_STRICT_FINAL
ODCR-D696,D01,270,14.979907348948693,0.7435742575296916,0.17575892806053162,0.12021869421005249,1F9D652E94C71CC86EA0B0134A375EB82D76B96A41783D9DE915656D9A8A68B3,0C48376232058D92984B2D78698180B712F48D48ACCCAEF0C479EA4CF378D3B6,76503AC77037AD386F9E1B5B89C7C0A5698B5BF274F28F239CDA097AC13B8327,D696BBFA42DD1A840708B9C42E824036862ED17D538B2B47551641D8145854DB,SAVED_FIXED_OUTPUT,HASH_VERIFIED_SUPPLEMENT_NOT_STRICT_FINAL
ODCR-D696,D01,271,21.217477408973547,0.8613514610883755,0.12562575936317444,0.10939091444015503,7608F13DDC337ACA384DD6110AC26E6BEF35E30B1C399F577E30DCB424FB3A4B,173D4D0775550CBE3479F80128687238C749D4A0D9FF8E25C28573D2FDDAA448,F517C4F83B1C3390303BF852C258D5A39136366CF9E8F53173A357748B1629A9,D696BBFA42DD1A840708B9C42E824036862ED17D538B2B47551641D8145854DB,SAVED_FIXED_OUTPUT,HASH_VERIFIED_SUPPLEMENT_NOT_STRICT_FINAL
ODCR-D696,D01,272,18.148475800272983,0.7975047414158519,0.169611394405365,0.15198397636413574,B7A78C68ED87265B53BCBCD6E4AB53DBE48DA50D9FED9751B5E2E59961DBC027,173D4D0775550CBE3479F80128687238C749D4A0D9FF8E25C28573D2FDDAA448,DC9EFDDE5188BC53E8C9D907097DB042D4BCE2730E6BA6412A1CAEA1AD78C5C3,D696BBFA42DD1A840708B9C42E824036862ED17D538B2B47551641D8145854DB,SAVED_FIXED_OUTPUT,HASH_VERIFIED_SUPPLEMENT_NOT_STRICT_FINAL
ODCR-D696,D01,273,21.559832598515,0.8568056898788576,0.12966158986091614,0.11245495080947876,0B5BB7F9E7C6CCC7711B5147302E8CCDDA9B04E2AA9F7ACD628E6333AB2ECA18,173D4D0775550CBE3479F80128687238C749D4A0D9FF8E25C28573D2FDDAA448,FF1D6302BF7C2839E6978B98EED5217AC01169C1662492B22D0C0C63F19748C2,D696BBFA42DD1A840708B9C42E824036862ED17D538B2B47551641D8145854DB,SAVED_FIXED_OUTPUT,HASH_VERIFIED_SUPPLEMENT_NOT_STRICT_FINAL
ODCR-D696,D01,274,21.76294994086778,0.8520642324350255,0.13292793929576874,0.11758160591125488,74EE1D224794F905EDEA764CF5394E4DB01ED0E59C1E0D22D9450F15B9CB31C4,173D4D0775550CBE3479F80128687238C749D4A0D9FF8E25C28573D2FDDAA448,C9365196ABC6D9B131B2BEA77FAE2A88B6C338A2F721CDAA6C8424254B841D94,D696BBFA42DD1A840708B9C42E824036862ED17D538B2B47551641D8145854DB,SAVED_FIXED_OUTPUT,HASH_VERIFIED_SUPPLEMENT_NOT_STRICT_FINAL
ODCR-D696,D01,275,21.640616423922843,0.8467064402795635,0.13784250617027283,0.12242531776428223,C8D3CE143E9FCFE6FA8783C03EB67D94909941BEFDC9E5EEBF480FC4BCC2750C,173D4D0775550CBE3479F80128687238C749D4A0D9FF8E25C28573D2FDDAA448,5ECA7824BB8E146F92A460EE63E808DE26846904CBF868358991453CBCC88324,D696BBFA42DD1A840708B9C42E824036862ED17D538B2B47551641D8145854DB,SAVED_FIXED_OUTPUT,HASH_VERIFIED_SUPPLEMENT_NOT_STRICT_FINAL
ODCR-D696,D01,276,21.257183247945104,0.8409082193773564,0.14218050241470337,0.12443572282791138,46E6E010CD8D42E1EC15AE086EC2E16CC59AE6C71422E1AA2144A2838E4FD94C,173D4D0775550CBE3479F80128687238C749D4A0D9FF8E25C28573D2FDDAA448,B24D9A7BC3FB43EE8BF050CAA97461269FD925E14B20D42ABED1CB6146FD7CFF,D696BBFA42DD1A840708B9C42E824036862ED17D538B2B47551641D8145854DB,SAVED_FIXED_OUTPUT,HASH_VERIFIED_SUPPLEMENT_NOT_STRICT_FINAL
ODCR-D696,D01,277,20.745631818657362,0.8336793253293973,0.14597614109516144,0.13065999746322632,E920326EA11D61A8457476DE808AB1C3B83C830E4734D65AF715FA03DB44AD51,173D4D0775550CBE3479F80128687238C749D4A0D9FF8E25C28573D2FDDAA448,95C238981E7A88BC724BE98E6C64FF94B611EB85BA7A2C7F94A1F5B71D30FA26,D696BBFA42DD1A840708B9C42E824036862ED17D538B2B47551641D8145854DB,SAVED_FIXED_OUTPUT,HASH_VERIFIED_SUPPLEMENT_NOT_STRICT_FINAL
ODCR-D696,D01,278,20.134424554997672,0.8251912462779165,0.14980654418468475,0.13461792469024658,C8185C777BF32CEE92BF0B4EF75E077CA740E032041EF90E82625340D6AB023C,173D4D0775550CBE3479F80128687238C749D4A0D9FF8E25C28573D2FDDAA448,F80E6E866D3D6CE15DA307B1BC67CB105BE475E4A9107BB1AC8B0A4A1A4E5933,D696BBFA42DD1A840708B9C42E824036862ED17D538B2B47551641D8145854DB,SAVED_FIXED_OUTPUT,HASH_VERIFIED_SUPPLEMENT_NOT_STRICT_FINAL
ODCR-D696,D01,279,19.456031889501478,0.8157921474624256,0.15676259994506836,0.13980579376220703,53525193AFB0239605F3253CF3D3B731A65B83FCC4EC8F394C531B6D6C165913,173D4D0775550CBE3479F80128687238C749D4A0D9FF8E25C28573D2FDDAA448,5A65020176AE9DB92CB4C12229EC1C0998B661FD085229F2986DEE1F7F1D78FF,D696BBFA42DD1A840708B9C42E824036862ED17D538B2B47551641D8145854DB,SAVED_FIXED_OUTPUT,HASH_VERIFIED_SUPPLEMENT_NOT_STRICT_FINAL
ODCR-D696,D01,280,18.787443016749783,0.8066249920543958,0.1644783467054367,0.1462724208831787,D61D1F011280749455915034D75186F2C4FD3333AD73BAA53044946713D95FB3,173D4D0775550CBE3479F80128687238C749D4A0D9FF8E25C28573D2FDDAA448,31B85EC4416CD7E99BC6B78E4743636104EDD2DED9D6B7802E6C58D824FBCB6B,D696BBFA42DD1A840708B9C42E824036862ED17D538B2B47551641D8145854DB,SAVED_FIXED_OUTPUT,HASH_VERIFIED_SUPPLEMENT_NOT_STRICT_FINAL
ODCR-D696,D01,281,22.828630949964797,0.8313503470694998,0.11714707314968109,0.10444498062133789,ABBF26A6A5CE49FC0AA8298A5BA2A97C06B804F22E92292535A2E52222976C9D,7B1770E76EC635E8F06EED5D174CC9848CE8A6B3B97AED212B5BBF7BFC8652BF,C456D548234AC0660DDE5CF32E035F862941298C225CDBEEBF560A526F1D0782,D696BBFA42DD1A840708B9C42E824036862ED17D538B2B47551641D8145854DB,SAVED_FIXED_OUTPUT,HASH_VERIFIED_SUPPLEMENT_NOT_STRICT_FINAL
ODCR-D696,D01,282,15.003734980472533,0.7237826718798331,0.19366656243801117,0.12800443172454834,A6530F66AD345C71E88DD8BDA0B5133776320F9770186B93D0A761FA1EB20A51,7B1770E76EC635E8F06EED5D174CC9848CE8A6B3B97AED212B5BBF7BFC8652BF,3AA2AF288CE1656557C3DC2A0A2F31D20F3B96C81391E70138972CC606C2BAAB,D696BBFA42DD1A840708B9C42E824036862ED17D538B2B47551641D8145854DB,SAVED_FIXED_OUTPUT,HASH_VERIFIED_SUPPLEMENT_NOT_STRICT_FINAL
ODCR-D696,D01,283,21.825374206789444,0.8180035848267545,0.1253482848405838,0.10738480091094971,359751A0CD1D2D3C16D1FC98FC97A97E4743D784431670BA22A234B3D1710CCF,7B1770E76EC635E8F06EED5D174CC9848CE8A6B3B97AED212B5BBF7BFC8652BF,BEA9D95B956E16EB6318231DC92B4AEC97997AE612B8FB8BCE9F1EC9D357F415,D696BBFA42DD1A840708B9C42E824036862ED17D538B2B47551641D8145854DB,SAVED_FIXED_OUTPUT,HASH_VERIFIED_SUPPLEMENT_NOT_STRICT_FINAL
ODCR-D696,D01,284,20.82506613454388,0.8052098120003278,0.13304564356803894,0.11033588647842407,6CAA8DEE9F2FB135174AA815BE2B034F5E68AF4CE8E8E6158378ED221C547CC7,7B1770E76EC635E8F06EED5D174CC9848CE8A6B3B97AED212B5BBF7BFC8652BF,560269E8053E459BD330ED12D845920121E94B326ABC6F079E82FB872C73C51B,D696BBFA42DD1A840708B9C42E824036862ED17D538B2B47551641D8145854DB,SAVED_FIXED_OUTPUT,HASH_VERIFIED_SUPPLEMENT_NOT_STRICT_FINAL
ODCR-D696,D01,285,19.8268699725685,0.7924634475333573,0.1410098671913147,0.11235857009887695,7FDAA2FA5FA121463530C0BD450F23C5E14B6C1E49899B6E87D78DEA4FFCFDBB,7B1770E76EC635E8F06EED5D174CC9848CE8A6B3B97AED212B5BBF7BFC8652BF,1C73008AD738687B8E4B01D53D0B70935FA8BB73CE00ECDA6AC33BA3554B92B9,D696BBFA42DD1A840708B9C42E824036862ED17D538B2B47551641D8145854DB,SAVED_FIXED_OUTPUT,HASH_VERIFIED_SUPPLEMENT_NOT_STRICT_FINAL
ODCR-D696,D01,286,18.88472097660128,0.7806246206656636,0.15026997029781342,0.11335504055023193,0DB7BE87F2B13B84DD440141BDFF2CD9C8E5DB7C0C0048CA7A54E2135C0E8CF7,7B1770E76EC635E8F06EED5D174CC9848CE8A6B3B97AED212B5BBF7BFC8652BF,3FF15D9C2B238E01881F6DC75877C86CF34D082C06212FEE8379CBFD5FAFCF9C,D696BBFA42DD1A840708B9C42E824036862ED17D538B2B47551641D8145854DB,SAVED_FIXED_OUTPUT,HASH_VERIFIED_SUPPLEMENT_NOT_STRICT_FINAL
ODCR-D696,D01,287,18.020193653674482,0.7697991120872388,0.15810847282409668,0.11539077758789062,46042022DF520CF703D50545834B6BF74E54FC5F1C26A178AD504B0071F248C8,7B1770E76EC635E8F06EED5D174CC9848CE8A6B3B97AED212B5BBF7BFC8652BF,A0AF4CAACB7BC49FEF80ADAF8E3CB81074770A9FA61CD228FDD61AEF64CDDF1E,D696BBFA42DD1A840708B9C42E824036862ED17D538B2B47551641D8145854DB,SAVED_FIXED_OUTPUT,HASH_VERIFIED_SUPPLEMENT_NOT_STRICT_FINAL
ODCR-D696,D01,288,17.18201933006769,0.7578052428882666,0.16733205318450928,0.11868083477020264,0661C841EBD18499C549B3CA0AC2617B9F4074AC528DC5FFB7A07118EDEE9672,7B1770E76EC635E8F06EED5D174CC9848CE8A6B3B97AED212B5BBF7BFC8652BF,835029D17111C8400630CE864A66B7DC88CE3EA1D7FAD3A54EC4DD94D4388ACD,D696BBFA42DD1A840708B9C42E824036862ED17D538B2B47551641D8145854DB,SAVED_FIXED_OUTPUT,HASH_VERIFIED_SUPPLEMENT_NOT_STRICT_FINAL
ODCR-D696,D01,289,16.39497751113414,0.7458040832947518,0.17567838728427887,0.12055385112762451,7A43CC6997D6CB0392F309315122C43E44D5D9BF427EB66B4391A9C7957B2596,7B1770E76EC635E8F06EED5D174CC9848CE8A6B3B97AED212B5BBF7BFC8652BF,9F70D2326F8F496A05D947C8C9BF57712E7B9B91D600E611E066621D242225FE,D696BBFA42DD1A840708B9C42E824036862ED17D538B2B47551641D8145854DB,SAVED_FIXED_OUTPUT,HASH_VERIFIED_SUPPLEMENT_NOT_STRICT_FINAL
ODCR-D696,D01,290,15.683568069729667,0.7344876375285755,0.18483060598373413,0.12366068363189697,DA3C4DFEEDB9D0373FC03D490BC309D458E9E4C7131EFA428510CF4D847482D5,7B1770E76EC635E8F06EED5D174CC9848CE8A6B3B97AED212B5BBF7BFC8652BF,D8AB33FA78AB36AE19E0C048CF09BB0DAFCBDFA24830A80CE00EF70559FC0760,D696BBFA42DD1A840708B9C42E824036862ED17D538B2B47551641D8145854DB,SAVED_FIXED_OUTPUT,HASH_VERIFIED_SUPPLEMENT_NOT_STRICT_FINAL
ODCR-D696,D01,291,21.575790404056793,0.7969712517410263,0.11330542713403702,0.09111851453781128,B8257C62B1722E8B957541AD2B6CB513AA1D9B550124A0155A83C53FE5442D06,A3121B538E849548348753F4CED0233ABDC1482E87B2C0E9186899B18E31CB17,FA765AE3A87F286936B5BEE8E06FEB53BFEEB2FFAA2B0FA57F4C0C98FAF458FD,D696BBFA42DD1A840708B9C42E824036862ED17D538B2B47551641D8145854DB,SAVED_FIXED_OUTPUT,HASH_VERIFIED_SUPPLEMENT_NOT_STRICT_FINAL
ODCR-D696,D01,292,11.782909947567195,0.6196142775831636,0.21561722457408905,0.14508646726608276,31A532948A3775E90333F4ED8002B691AEDD3E76E1F458F9EF55327BFB4FE14C,A3121B538E849548348753F4CED0233ABDC1482E87B2C0E9186899B18E31CB17,A64452AA8DD252D68E110998095EA09D40ED20B061A43504CCCB1C952B391888,D696BBFA42DD1A840708B9C42E824036862ED17D538B2B47551641D8145854DB,SAVED_FIXED_OUTPUT,HASH_VERIFIED_SUPPLEMENT_NOT_STRICT_FINAL
ODCR-D696,D01,293,20.709394294737784,0.7825583033980151,0.12068235874176025,0.09511661529541016,EA7C04FF45DCE51FBFCA5A2DBE4B3E959F69A0A8A7BCE91AA555E342735198A7,A3121B538E849548348753F4CED0233ABDC1482E87B2C0E9186899B18E31CB17,C778A759BCA2CC5A36EE9ACE3DDF1E1FEF8443660371D7457A458BB13FED47F9,D696BBFA42DD1A840708B9C42E824036862ED17D538B2B47551641D8145854DB,SAVED_FIXED_OUTPUT,HASH_VERIFIED_SUPPLEMENT_NOT_STRICT_FINAL
ODCR-D696,D01,294,19.4616145088112,0.7590078547678991,0.134804829955101,0.09975773096084595,09A79E369CD10347F68F0AB4DEA8ACA09B8D845617A110B1A3F16626E6D0D774,A3121B538E849548348753F4CED0233ABDC1482E87B2C0E9186899B18E31CB17,F19CB31DE07D42A55C35EB8ACA512CCBC926D3F027C4FC83416874A65BE4E93E,D696BBFA42DD1A840708B9C42E824036862ED17D538B2B47551641D8145854DB,SAVED_FIXED_OUTPUT,HASH_VERIFIED_SUPPLEMENT_NOT_STRICT_FINAL
ODCR-D696,D01,295,18.164124730702948,0.7344757662447711,0.15071314573287964,0.10558092594146729,F5E5118E3AD64D8AAD7C84D27DFAEB1D4236836ABE5D37D9A120F1D84E7F9009,A3121B538E849548348753F4CED0233ABDC1482E87B2C0E9186899B18E31CB17,3A969435F27608ACC434A75C0FA0AEA9F4D506912CC95F254A4636D86F292152,D696BBFA42DD1A840708B9C42E824036862ED17D538B2B47551641D8145854DB,SAVED_FIXED_OUTPUT,HASH_VERIFIED_SUPPLEMENT_NOT_STRICT_FINAL
ODCR-D696,D01,296,17.450334002778916,0.7173488678421659,0.16287292540073395,0.11243486404418945,4F0E723735CC498788AEFB651CFE7087BFE9E489CC7EC76B33D8D9BD53714345,A3121B538E849548348753F4CED0233ABDC1482E87B2C0E9186899B18E31CB17,10B70126A5A812FE13273AAC5A23872B3E0815818CE3F7394CB864CB3AF74D84,D696BBFA42DD1A840708B9C42E824036862ED17D538B2B47551641D8145854DB,SAVED_FIXED_OUTPUT,HASH_VERIFIED_SUPPLEMENT_NOT_STRICT_FINAL
ODCR-D696,D01,297,16.41493295490396,0.6969338083600117,0.17259208858013153,0.11685299873352051,D63545D8B4277A47A2FCB5FEA6F0879FCAE7F24D2AC7EE882B44E7B2F6880B7F,A3121B538E849548348753F4CED0233ABDC1482E87B2C0E9186899B18E31CB17,071828FA090A946299E3088794DFBA009207A47CC324E6B44EAC91D72A53CE05,D696BBFA42DD1A840708B9C42E824036862ED17D538B2B47551641D8145854DB,SAVED_FIXED_OUTPUT,HASH_VERIFIED_SUPPLEMENT_NOT_STRICT_FINAL
ODCR-D696,D01,298,15.21183016687849,0.6751772824475651,0.18262028694152832,0.12257719039916992,DDBB0802F174015CD0B30CD5A8A9123778EC54F1A850ACA9C2DF1D18F9532D59,A3121B538E849548348753F4CED0233ABDC1482E87B2C0E9186899B18E31CB17,CAB4B6A44162D96A722FDFC5B263F9CFE173BD958A611C36B4CE92F775E31E44,D696BBFA42DD1A840708B9C42E824036862ED17D538B2B47551641D8145854DB,SAVED_FIXED_OUTPUT,HASH_VERIFIED_SUPPLEMENT_NOT_STRICT_FINAL
ODCR-D696,D01,299,13.907568815041207,0.6541043515278883,0.19284939765930176,0.12976646423339844,352369C669F6282B2676D0212FD175846AF991D17435D2F54CFBE0E062CE2CB4,A3121B538E849548348753F4CED0233ABDC1482E87B2C0E9186899B18E31CB17,0B1A0FDF8980BA092E78B092EA55257074AC7712C462F2E3AC851E08E6DEED1D,D696BBFA42DD1A840708B9C42E824036862ED17D538B2B47551641D8145854DB,SAVED_FIXED_OUTPUT,HASH_VERIFIED_SUPPLEMENT_NOT_STRICT_FINAL
ODCR-D696,D01,300,12.786295108823628,0.6363401602716153,0.20371222496032715,0.13753008842468262,0B49FE69AC26008FA9394078A0D1AD18FE0A125908E8441033419ACF1D4F066D,A3121B538E849548348753F4CED0233ABDC1482E87B2C0E9186899B18E31CB17,0032045B9A7F5E574B204ACB4EDB3CD411E5ADD424ADDB7236FD9EF269C54913,D696BBFA42DD1A840708B9C42E824036862ED17D538B2B47551641D8145854DB,SAVED_FIXED_OUTPUT,HASH_VERIFIED_SUPPLEMENT_NOT_STRICT_FINAL
ODCR-D696,D01,301,23.608371834370004,0.841644531888559,0.10185039043426514,0.11197245121002197,CCDB70963981BE962ACFF5B44BE96DC3C67970C210C17AC4AB5DD885765EDC16,CD852CCCDF619407E0223F96F9479583C9F47EB4205AFA545F830ADA1A0B5907,5A24ED659007B2C13E473D779F36E0C17A9849B38AB6E7BFF1F1F1CE81D75431,D696BBFA42DD1A840708B9C42E824036862ED17D538B2B47551641D8145854DB,SAVED_FIXED_OUTPUT,HASH_VERIFIED_SUPPLEMENT_NOT_STRICT_FINAL
ODCR-D696,D01,302,13.007040295155202,0.6060414007220755,0.2085704803466797,0.16964972019195557,C025EB7CEA28665717D5828C2EB81D92E689276B9869DF38E0EFFFC116576FBE,CD852CCCDF619407E0223F96F9479583C9F47EB4205AFA545F830ADA1A0B5907,652B80F01675E0BA243ED671CB070970848818B970E52AEF8F9E608C63B79AB9,D696BBFA42DD1A840708B9C42E824036862ED17D538B2B47551641D8145854DB,SAVED_FIXED_OUTPUT,HASH_VERIFIED_SUPPLEMENT_NOT_STRICT_FINAL
ODCR-D696,D01,303,21.553484163252232,0.7981052468390931,0.11674550175666809,0.12293946743011475,C2764D2FA545C75FC75903EC75FDF1ADE69BC558F128027EB02134F37520A336,CD852CCCDF619407E0223F96F9479583C9F47EB4205AFA545F830ADA1A0B5907,9B068B197EFA33248555618F3654C57F519F69730D3C5A537BB32766687026B2,D696BBFA42DD1A840708B9C42E824036862ED17D538B2B47551641D8145854DB,SAVED_FIXED_OUTPUT,HASH_VERIFIED_SUPPLEMENT_NOT_STRICT_FINAL
ODCR-D696,D01,304,19.775661087700925,0.7552068104623939,0.12944817543029785,0.1331537961959839,7EE65CA8265CD7040F95C6E567068C80DF81887225CD0B89017DE6C95C8FB0AC,CD852CCCDF619407E0223F96F9479583C9F47EB4205AFA545F830ADA1A0B5907,BFC5C6596252BAAE8281EC2F2657AE594168562058BB88B748952A361D40BEDA,D696BBFA42DD1A840708B9C42E824036862ED17D538B2B47551641D8145854DB,SAVED_FIXED_OUTPUT,HASH_VERIFIED_SUPPLEMENT_NOT_STRICT_FINAL
ODCR-D696,D01,305,18.298564462744547,0.7199251989652588,0.14133387804031372,0.14281362295150757,E6AD4C17B1CD2D82000A23610C295796C60D67E779B41210366D8EE739EBD53A,CD852CCCDF619407E0223F96F9479583C9F47EB4205AFA545F830ADA1A0B5907,01C60CB2CE69CD15654ADD52FD9EBAA88F0BC45326A26423BABFB5875D353E36,D696BBFA42DD1A840708B9C42E824036862ED17D538B2B47551641D8145854DB,SAVED_FIXED_OUTPUT,HASH_VERIFIED_SUPPLEMENT_NOT_STRICT_FINAL
ODCR-D696,D01,306,17.0598473469965,0.6927194393791609,0.15439391136169434,0.15265190601348877,D1E315ABE9174BECB1BB12B8FF7499AAE6FE2EA25054F28A8469A7F9579546CA,CD852CCCDF619407E0223F96F9479583C9F47EB4205AFA545F830ADA1A0B5907,7D41FE40D00D23181F61D42855A1E5A752CD922C236E35DD83A4493314AEF001,D696BBFA42DD1A840708B9C42E824036862ED17D538B2B47551641D8145854DB,SAVED_FIXED_OUTPUT,HASH_VERIFIED_SUPPLEMENT_NOT_STRICT_FINAL
ODCR-D696,D01,307,15.97540568587176,0.6680232048519498,0.16508392989635468,0.15579569339752197,A2F9D925D88617861F344A9CE4D6496F1E945A259445676DB3A13E144E96011F,CD852CCCDF619407E0223F96F9479583C9F47EB4205AFA545F830ADA1A0B5907,FA9460F556318A5773D6E48470E046002C966A1CE344CB0B709FD11C6FC756C3,D696BBFA42DD1A840708B9C42E824036862ED17D538B2B47551641D8145854DB,SAVED_FIXED_OUTPUT,HASH_VERIFIED_SUPPLEMENT_NOT_STRICT_FINAL
ODCR-D696,D01,308,15.087791986014361,0.6522561114734818,0.1756916493177414,0.16076958179473877,DD9F3AE11702D74EAA7B0D1C63865ED4334F9A7258A14FC6713335FA34552EB9,CD852CCCDF619407E0223F96F9479583C9F47EB4205AFA545F830ADA1A0B5907,6213D905FA50BCDB2E7D992DD34BAEBE0528037ED43C26DBD23EA4A95828F821,D696BBFA42DD1A840708B9C42E824036862ED17D538B2B47551641D8145854DB,SAVED_FIXED_OUTPUT,HASH_VERIFIED_SUPPLEMENT_NOT_STRICT_FINAL
ODCR-D696,D01,309,14.276933607422906,0.6363816417621871,0.18680943548679352,0.16556423902511597,B14F1ED38AE48EC499EF199A60CB123A6790B747B07A5BC2E734E1DF4550E425,CD852CCCDF619407E0223F96F9479583C9F47EB4205AFA545F830ADA1A0B5907,B0F7F27FD800023AFA2D62ABD276210AC2B3D250A366CC115FBB0B74D200A173,D696BBFA42DD1A840708B9C42E824036862ED17D538B2B47551641D8145854DB,SAVED_FIXED_OUTPUT,HASH_VERIFIED_SUPPLEMENT_NOT_STRICT_FINAL
ODCR-D696,D01,310,13.586074037033317,0.6208584130979691,0.19775143265724182,0.16504555940628052,49D1577B04FE3CFBD872EC90D491D75996A682A7B3E0E8F728201BCC215D3D64,CD852CCCDF619407E0223F96F9479583C9F47EB4205AFA545F830ADA1A0B5907,F63D54D65D9944FBCD2D3BB0DF7B7E7407ED8BD329D99457BEB78149CFB67343,D696BBFA42DD1A840708B9C42E824036862ED17D538B2B47551641D8145854DB,SAVED_FIXED_OUTPUT,HASH_VERIFIED_SUPPLEMENT_NOT_STRICT_FINAL
ODCR-D696,D01,311,23.657133558315163,0.8425817224929194,0.13106456398963928,0.11375987529754639,0F68332E590116957AAB7C5FF2071456A655C0069F28948CFE951DFDDF236AFD,CEDF20389F3EF58F0606CDAC4C18B39C02BDE6E4A4A9E18DED5D08284B70A63D,A8C780B92EF1DC0F0C2FF32A008825464F9C5DD2920F8369C3303C9C523832E5,D696BBFA42DD1A840708B9C42E824036862ED17D538B2B47551641D8145854DB,SAVED_FIXED_OUTPUT,HASH_VERIFIED_SUPPLEMENT_NOT_STRICT_FINAL
ODCR-D696,D01,312,14.541677019144378,0.6978347887995936,0.21068808436393738,0.1396878957748413,EEAEDD0FEB1304CB1AD98237EE7B799D822740D434781FD244A775B452AC953F,CEDF20389F3EF58F0606CDAC4C18B39C02BDE6E4A4A9E18DED5D08284B70A63D,4F633610CEA3614C08E8618D80B80229F8F2284ADBAB852FFC2C14D26A86AD9D,D696BBFA42DD1A840708B9C42E824036862ED17D538B2B47551641D8145854DB,SAVED_FIXED_OUTPUT,HASH_VERIFIED_SUPPLEMENT_NOT_STRICT_FINAL
ODCR-D696,D01,313,22.279090306478615,0.8294166487413718,0.140473872423172,0.12003880739212036,6097AFDB23D9C12DFE16A872408F6D48D22CA3E8BC796A690AFCAD88A0990AC0,CEDF20389F3EF58F0606CDAC4C18B39C02BDE6E4A4A9E18DED5D08284B70A63D,C0E101F1AFC8EDBBCDCEB77B66E00FB5E21ADDDB0A7007FAEE90E45096926BE2,D696BBFA42DD1A840708B9C42E824036862ED17D538B2B47551641D8145854DB,SAVED_FIXED_OUTPUT,HASH_VERIFIED_SUPPLEMENT_NOT_STRICT_FINAL
ODCR-D696,D01,314,21.14219406764928,0.8183868006110955,0.14774855971336365,0.11998230218887329,80B2F249E957298DDA89B61C1B0AC03F7CD7C7D5A08316B5E36518A46ECBFFDA,CEDF20389F3EF58F0606CDAC4C18B39C02BDE6E4A4A9E18DED5D08284B70A63D,8E5B8ED90D173A22D30A5354AC5D275FF2A458BF8B0F7403E2B03AD8AFDF1D20,D696BBFA42DD1A840708B9C42E824036862ED17D538B2B47551641D8145854DB,SAVED_FIXED_OUTPUT,HASH_VERIFIED_SUPPLEMENT_NOT_STRICT_FINAL
ODCR-D696,D01,315,20.024721911483738,0.8065728945534452,0.15361952781677246,0.12016022205352783,0BF6C7C9C110CA860F32DEAA312683CAC65BAFF153BFE1CD6C2EC3007A2513DB,CEDF20389F3EF58F0606CDAC4C18B39C02BDE6E4A4A9E18DED5D08284B70A63D,0DF5649BE14AB170ACDFAD8D5FE0FD1DF011FE9CAF856AF9ACD9AC583AFE9DD9,D696BBFA42DD1A840708B9C42E824036862ED17D538B2B47551641D8145854DB,SAVED_FIXED_OUTPUT,HASH_VERIFIED_SUPPLEMENT_NOT_STRICT_FINAL
ODCR-D696,D01,316,18.97388961889969,0.7934569898321505,0.1601681411266327,0.12111866474151611,4084F7355AD55FC0C94F96288E798712FFFD7A1387A37DDB5D7BEC9C0788A4B9,CEDF20389F3EF58F0606CDAC4C18B39C02BDE6E4A4A9E18DED5D08284B70A63D,AD39F536276D176199F5C385BC8C95650F1D40B0A6D4EF9EBC36186A8F5CCBC1,D696BBFA42DD1A840708B9C42E824036862ED17D538B2B47551641D8145854DB,SAVED_FIXED_OUTPUT,HASH_VERIFIED_SUPPLEMENT_NOT_STRICT_FINAL
ODCR-D696,D01,317,17.98639127857313,0.7766568700770224,0.16834847629070282,0.12315571308135986,60F82C2D3FA0A904B5304DC343BD1311222CB9B987B46276D9DF8A3C8A660C53,CEDF20389F3EF58F0606CDAC4C18B39C02BDE6E4A4A9E18DED5D08284B70A63D,F14B9F7C2F4A9A370580EE865B6F0B007EFE3629C92CB750B8AA05941D20B9F9,D696BBFA42DD1A840708B9C42E824036862ED17D538B2B47551641D8145854DB,SAVED_FIXED_OUTPUT,HASH_VERIFIED_SUPPLEMENT_NOT_STRICT_FINAL
ODCR-D696,D01,318,17.033548919431137,0.7582968795811964,0.17462095618247986,0.12587344646453857,D1CC5EBAC6FE7C47B18FCDB3B2817EEA2AAC408231C66A1280DB6440D9997FD3,CEDF20389F3EF58F0606CDAC4C18B39C02BDE6E4A4A9E18DED5D08284B70A63D,A1F37BCF8994275229BE77D83130A7A2E887F007C683B842FBC127F8EDF6CF6B,D696BBFA42DD1A840708B9C42E824036862ED17D538B2B47551641D8145854DB,SAVED_FIXED_OUTPUT,HASH_VERIFIED_SUPPLEMENT_NOT_STRICT_FINAL
ODCR-D696,D01,319,16.15521423610643,0.7374323553104988,0.18473874032497406,0.13106828927993774,258747DD9DCF8E678BE511E89F88E7104706B40C9DB043417205B3F2296FFB66,CEDF20389F3EF58F0606CDAC4C18B39C02BDE6E4A4A9E18DED5D08284B70A63D,F98245DC43F7944DD70FA89EED5BA70F809ED91C56DE7DB3C1EB638A4BA8B99A,D696BBFA42DD1A840708B9C42E824036862ED17D538B2B47551641D8145854DB,SAVED_FIXED_OUTPUT,HASH_VERIFIED_SUPPLEMENT_NOT_STRICT_FINAL
ODCR-D696,D01,320,15.308846683747516,0.7168942675987507,0.1966678947210312,0.13205569982528687,7BE03A5A17355D5CCA0395B0EB9657BA66B89646175F84CE364E360364180EAA,CEDF20389F3EF58F0606CDAC4C18B39C02BDE6E4A4A9E18DED5D08284B70A63D,142AF671383C12E879862E71D36B55F89D012946D714B590F8679BD03706BC4C,D696BBFA42DD1A840708B9C42E824036862ED17D538B2B47551641D8145854DB,SAVED_FIXED_OUTPUT,HASH_VERIFIED_SUPPLEMENT_NOT_STRICT_FINAL
ODCR-D696,D01,321,24.557914510408146,0.8477747483536452,0.11006274819374084,0.09708476066589355,6575C75AD0D764FB1A7CF2B8FA048E8C97C6DAA916490E42A1CCC0D0DA3F5D81,D7A22E56D62C4B9489A9454B593076075EADC8FA04E44B4AB1979B48A0773751,117992594E60EA26B10A52CFABEFC8FEB51D5741446914058343D388DD19A16D,D696BBFA42DD1A840708B9C42E824036862ED17D538B2B47551641D8145854DB,SAVED_FIXED_OUTPUT,HASH_VERIFIED_SUPPLEMENT_NOT_STRICT_FINAL
ODCR-D696,D01,322,15.418542660073719,0.7551659619658021,0.17928464710712433,0.13990551233291626,B6D059AF6E29B56F25EC4175ED5A0A8D28EF7B944B629AB6A495D6DCCB17F080,D7A22E56D62C4B9489A9454B593076075EADC8FA04E44B4AB1979B48A0773751,D079CC13FFE3BFE881DB1F5AA97D8617738439936BF116B0CCE7746CEC2B1EE6,D696BBFA42DD1A840708B9C42E824036862ED17D538B2B47551641D8145854DB,SAVED_FIXED_OUTPUT,HASH_VERIFIED_SUPPLEMENT_NOT_STRICT_FINAL
ODCR-D696,D01,323,23.46021758687933,0.844875814649321,0.11378549039363861,0.09893286228179932,51BC94802AFC1C496471ACFB70CEBB09E6A04B47B1FF9DBC1FE0D26A57658DF9,D7A22E56D62C4B9489A9454B593076075EADC8FA04E44B4AB1979B48A0773751,D697540941A47F1CB5F998D97A525CE18C0A1FEED89AE25667DF178E26BC1703,D696BBFA42DD1A840708B9C42E824036862ED17D538B2B47551641D8145854DB,SAVED_FIXED_OUTPUT,HASH_VERIFIED_SUPPLEMENT_NOT_STRICT_FINAL
ODCR-D696,D01,324,22.15339926114123,0.8401516760435986,0.11659444868564606,0.1033698320388794,98F24BD343E363FEC0A079742A6D8602678A0A96740A642A22B4D97AF87BA2E0,D7A22E56D62C4B9489A9454B593076075EADC8FA04E44B4AB1979B48A0773751,1DF39C4A90D8642FE1EEC2DF10015BD2B5C39EF12C973E71E3048680A8255E0C,D696BBFA42DD1A840708B9C42E824036862ED17D538B2B47551641D8145854DB,SAVED_FIXED_OUTPUT,HASH_VERIFIED_SUPPLEMENT_NOT_STRICT_FINAL
ODCR-D696,D01,325,20.80931418923157,0.831702056917833,0.12254570424556732,0.10722136497497559,16D4695B20B68B8F8382B2722300B05FF24D966CF753442801D8B9C8FF238CC3,D7A22E56D62C4B9489A9454B593076075EADC8FA04E44B4AB1979B48A0773751,13E3047F6F846BA54112B9E1232917FC712407E7B0A8438A5817D60857883BD4,D696BBFA42DD1A840708B9C42E824036862ED17D538B2B47551641D8145854DB,SAVED_FIXED_OUTPUT,HASH_VERIFIED_SUPPLEMENT_NOT_STRICT_FINAL
ODCR-D696,D01,326,19.504939837640645,0.8207866163479772,0.13105550408363342,0.11313116550445557,AC8E5AD3AB95E909FB900295CD98A350054589E991059381E03EDF67CE434DF5,D7A22E56D62C4B9489A9454B593076075EADC8FA04E44B4AB1979B48A0773751,ABCC69D6CAA6B1C16130D887ADD13947966ED0405218512E2A63C4ED44C71895,D696BBFA42DD1A840708B9C42E824036862ED17D538B2B47551641D8145854DB,SAVED_FIXED_OUTPUT,HASH_VERIFIED_SUPPLEMENT_NOT_STRICT_FINAL
ODCR-D696,D01,327,18.38385654362748,0.8063684942790866,0.1416134238243103,0.11908727884292603,F5F0605D1F6A777A274F5A71781A53C25755803260118914F9AF34A079EB98C3,D7A22E56D62C4B9489A9454B593076075EADC8FA04E44B4AB1979B48A0773751,7F0F65006E4C83B3A02679852D2BC547896FF0C8A90EE834E67304B5793DAFB3,D696BBFA42DD1A840708B9C42E824036862ED17D538B2B47551641D8145854DB,SAVED_FIXED_OUTPUT,HASH_VERIFIED_SUPPLEMENT_NOT_STRICT_FINAL
ODCR-D696,D01,328,17.456399799996326,0.7925639707905906,0.1520462930202484,0.12485742568969727,FA8C4BD664A2F25A4D0E9967BA92D5CA2626B70F3EDCCAF32F161C9A8D721188,D7A22E56D62C4B9489A9454B593076075EADC8FA04E44B4AB1979B48A0773751,4AF25B18819F7CBF67A43EDB37F2B05DC4312C2FB3BA58064BCAA5E44D379F57,D696BBFA42DD1A840708B9C42E824036862ED17D538B2B47551641D8145854DB,SAVED_FIXED_OUTPUT,HASH_VERIFIED_SUPPLEMENT_NOT_STRICT_FINAL
ODCR-D696,D01,329,16.66980578236579,0.7798635080708026,0.1623031497001648,0.13120990991592407,C992E273C7BFC5434FC8EEB85FE3EC82CF4D0864133D5ADED07EC6ECD6AF5139,D7A22E56D62C4B9489A9454B593076075EADC8FA04E44B4AB1979B48A0773751,8FABD4A8ABF946D4DA0F93715B22BD85DA7854BDC286D5A763014592B8108EE4,D696BBFA42DD1A840708B9C42E824036862ED17D538B2B47551641D8145854DB,SAVED_FIXED_OUTPUT,HASH_VERIFIED_SUPPLEMENT_NOT_STRICT_FINAL
ODCR-D696,D01,330,15.99037502197459,0.7681600969834568,0.17093011736869812,0.137409508228302,299D64FAB9B0A2213CE1EAF81735E22CF7510000BBCAA2026C6A6E15E1F88D67,D7A22E56D62C4B9489A9454B593076075EADC8FA04E44B4AB1979B48A0773751,51248607B0D9F2E33060849D45A38EFF3E29A9EF3A6E3BCA018E58BC0DFCAB7D,D696BBFA42DD1A840708B9C42E824036862ED17D538B2B47551641D8145854DB,SAVED_FIXED_OUTPUT,HASH_VERIFIED_SUPPLEMENT_NOT_STRICT_FINAL
ODCR-D696,D01,331,22.901782371032905,0.8619030204176555,0.11476399004459381,0.09551727771759033,6FC498F644C51566BA1C6F88E902092DF9B3EA7BE0BFBF736F77303C65B3F5D7,ECF9EA63E724BCA318CBED83C696F44A3C2B626B56773089807A35B96B907F07,E8F669AF62FD8EB3DB8CFF144BB0C6F34227B19A80C585BFB3C0A2FDCEDB74CA,D696BBFA42DD1A840708B9C42E824036862ED17D538B2B47551641D8145854DB,SAVED_FIXED_OUTPUT,HASH_VERIFIED_SUPPLEMENT_NOT_STRICT_FINAL
ODCR-D696,D01,332,14.613408418934688,0.7390709098881402,0.190139502286911,0.12074273824691772,0D032B885E4C8C3A3AB159925FF735777EEF91CF4B37B69A82FF68E6FDDA62C8,ECF9EA63E724BCA318CBED83C696F44A3C2B626B56773089807A35B96B907F07,E98B8C3FC6D269C3D3B4D6C863DC77C95506BCF50FBB24756C3831C1B9D62989,D696BBFA42DD1A840708B9C42E824036862ED17D538B2B47551641D8145854DB,SAVED_FIXED_OUTPUT,HASH_VERIFIED_SUPPLEMENT_NOT_STRICT_FINAL
ODCR-D696,D01,333,21.684772661023707,0.8557878604955796,0.11800742149353027,0.09711575508117676,7E7EFA0E5D219832DECF6226D94CED635254804CC314D8C708E793F53807D039,ECF9EA63E724BCA318CBED83C696F44A3C2B626B56773089807A35B96B907F07,C552A1EBF6048157F7C051C0FFA68A37EAC61E033615A3E59DC1C0845EC6374C,D696BBFA42DD1A840708B9C42E824036862ED17D538B2B47551641D8145854DB,SAVED_FIXED_OUTPUT,HASH_VERIFIED_SUPPLEMENT_NOT_STRICT_FINAL
ODCR-D696,D01,334,20.493534652178,0.847052740904546,0.12223751842975616,0.09905672073364258,ED0DA9E3E89085C97943D18FA09DF893659ECFD1D469D9F0612574B7223F96BA,ECF9EA63E724BCA318CBED83C696F44A3C2B626B56773089807A35B96B907F07,060601D4AC6698B35951436C9DE0E4E018DA9E5908334086DD98175212695B04,D696BBFA42DD1A840708B9C42E824036862ED17D538B2B47551641D8145854DB,SAVED_FIXED_OUTPUT,HASH_VERIFIED_SUPPLEMENT_NOT_STRICT_FINAL
ODCR-D696,D01,335,19.39901510029025,0.8364027428405917,0.12914694845676422,0.10138809680938721,A6F73A89C9BCA7B13A96E9195D174A7136E3EB946E54701F420B5416A08D973C,ECF9EA63E724BCA318CBED83C696F44A3C2B626B56773089807A35B96B907F07,5814578342F03F98D6D6B18A60B6391E8198522CCBCF9E0787D84EEEB5E363FB,D696BBFA42DD1A840708B9C42E824036862ED17D538B2B47551641D8145854DB,SAVED_FIXED_OUTPUT,HASH_VERIFIED_SUPPLEMENT_NOT_STRICT_FINAL
ODCR-D696,D01,336,18.412343655990533,0.8234513229029826,0.1371670663356781,0.10566860437393188,4135E1AF9F408689881A0AE4B0369C4E522F834F78E1C37CD8354554F54371D2,ECF9EA63E724BCA318CBED83C696F44A3C2B626B56773089807A35B96B907F07,17C83117D38E5A94E876D796E3F93013116C8733FB3B496FFDB6B48E8B9EDBEA,D696BBFA42DD1A840708B9C42E824036862ED17D538B2B47551641D8145854DB,SAVED_FIXED_OUTPUT,HASH_VERIFIED_SUPPLEMENT_NOT_STRICT_FINAL
ODCR-D696,D01,337,17.5007293898291,0.8071053570078242,0.14662812650203705,0.10731440782546997,660A637877E00EF8CA76E44540EF758A2561147BCD9C2733E45F35A3D7E7A233,ECF9EA63E724BCA318CBED83C696F44A3C2B626B56773089807A35B96B907F07,6C2FAE5952133913DF2BC0A2D8BEB110C36870ACBF1AE426FAA54679B89F431E,D696BBFA42DD1A840708B9C42E824036862ED17D538B2B47551641D8145854DB,SAVED_FIXED_OUTPUT,HASH_VERIFIED_SUPPLEMENT_NOT_STRICT_FINAL
ODCR-D696,D01,338,16.675466111161473,0.7888825468508592,0.1563117653131485,0.11119818687438965,A7C45BCC76C4D83C2C5BBAD8FC932BD1E9ECAFC9DA03B6F7AC639595238E19A9,ECF9EA63E724BCA318CBED83C696F44A3C2B626B56773089807A35B96B907F07,526E278EF09FA110410226072D98BA06650AB21135ADBD43AF13EFEFFC09A97F,D696BBFA42DD1A840708B9C42E824036862ED17D538B2B47551641D8145854DB,SAVED_FIXED_OUTPUT,HASH_VERIFIED_SUPPLEMENT_NOT_STRICT_FINAL
ODCR-D696,D01,339,15.906283477017244,0.7715517058727558,0.1669214516878128,0.11321187019348145,08E68ADCFE6D0EFB4ED344E8E54833CDC5FC33A10025B5702F67EC2B7A0AD24F,ECF9EA63E724BCA318CBED83C696F44A3C2B626B56773089807A35B96B907F07,B0755921E43F39373A266B9D11788365F35730E589C68588C82D41FA2EE03314,D696BBFA42DD1A840708B9C42E824036862ED17D538B2B47551641D8145854DB,SAVED_FIXED_OUTPUT,HASH_VERIFIED_SUPPLEMENT_NOT_STRICT_FINAL
ODCR-D696,D01,340,15.215159953085715,0.7545035673087731,0.17813867330551147,0.11644291877746582,C68C7751EE1B179C85D7E712A5C1EF554A0ED1705F37E3DA542DA051CBFDF0DE,ECF9EA63E724BCA318CBED83C696F44A3C2B626B56773089807A35B96B907F07,5B7C6162F691AD60F6748CF296B009E7560848363F0679F8E7BA1ABA8F487531,D696BBFA42DD1A840708B9C42E824036862ED17D538B2B47551641D8145854DB,SAVED_FIXED_OUTPUT,HASH_VERIFIED_SUPPLEMENT_NOT_STRICT_FINAL
ODCR-D696,D01,341,20.893541601737326,0.924919466406497,0.08165022730827332,0.08212578296661377,2578999F1F7765AF5BF41E7C7EB7301038C7C2BCEB757346D1D97AFF533D7D73,BCE31BD4C30DD403A56E07068DED0085DA6DF213386EF7E9248AB87670B530CE,8F927638801636305321F9013C5C5CDF7CE767B1B019A5925AE69AC2A20C5D58,D696BBFA42DD1A840708B9C42E824036862ED17D538B2B47551641D8145854DB,SAVED_FIXED_OUTPUT,HASH_VERIFIED_SUPPLEMENT_NOT_STRICT_FINAL
ODCR-D696,D01,342,13.57219014494998,0.8272635312241055,0.22336459159851074,0.13895690441131592,379EFC0C745976EA2E65F9E14B10C727418B9A8FD8445CC567B375670FFA5FB5,BCE31BD4C30DD403A56E07068DED0085DA6DF213386EF7E9248AB87670B530CE,6B5770D213C49948DE08E1B8B01E94A16986B4885604122A27730982FE88F43B,D696BBFA42DD1A840708B9C42E824036862ED17D538B2B47551641D8145854DB,SAVED_FIXED_OUTPUT,HASH_VERIFIED_SUPPLEMENT_NOT_STRICT_FINAL
ODCR-D696,D01,343,19.536638737139064,0.9122579030485163,0.09836041182279587,0.08769947290420532,39CC3A6E445AC6BA19C4383DB0A7FDEDC86BB7E6E563BF50E061815191D0A217,BCE31BD4C30DD403A56E07068DED0085DA6DF213386EF7E9248AB87670B530CE,81918A0AFC4F25BFE18A4FE480DD961E1AC861A12306B97DCAE762FFC8229FB7,D696BBFA42DD1A840708B9C42E824036862ED17D538B2B47551641D8145854DB,SAVED_FIXED_OUTPUT,HASH_VERIFIED_SUPPLEMENT_NOT_STRICT_FINAL
ODCR-D696,D01,344,18.414956522604907,0.900578103666836,0.1152348443865776,0.09415328502655029,EC8BA33F38E12ACFA31468B985DD3F035FE07732C4D3038B39112CCAC009EB6D,BCE31BD4C30DD403A56E07068DED0085DA6DF213386EF7E9248AB87670B530CE,8DBEBCF1D0C458EE0BCEE933ED7D248C01A3B7268B09A889A5CC0AE44F979CAA,D696BBFA42DD1A840708B9C42E824036862ED17D538B2B47551641D8145854DB,SAVED_FIXED_OUTPUT,HASH_VERIFIED_SUPPLEMENT_NOT_STRICT_FINAL
ODCR-D696,D01,345,17.467334997516836,0.8894661888910944,0.13446886837482452,0.10188442468643188,19ED93C91331F1BF9AAEFF4676A226CC621F4FB5EE37275BBB5D005D79E2EE6E,BCE31BD4C30DD403A56E07068DED0085DA6DF213386EF7E9248AB87670B530CE,0DD61BBB69F0397D1C40A279EB60AD1CA6B8F0225589D4739C9E5CF5B64E1472,D696BBFA42DD1A840708B9C42E824036862ED17D538B2B47551641D8145854DB,SAVED_FIXED_OUTPUT,HASH_VERIFIED_SUPPLEMENT_NOT_STRICT_FINAL
ODCR-D696,D01,346,16.66456553073015,0.8794870574643139,0.1510854959487915,0.10959947109222412,2D3C8A47AFF76F9917D4E34A1A9DDA2F54FC4FDC48A0C80C857CA04FD6433DEB,BCE31BD4C30DD403A56E07068DED0085DA6DF213386EF7E9248AB87670B530CE,FD1C2F1B100BF92EDBF5F943FD2A0C5657B1AE15BA7F61D94E089461A41FE595,D696BBFA42DD1A840708B9C42E824036862ED17D538B2B47551641D8145854DB,SAVED_FIXED_OUTPUT,HASH_VERIFIED_SUPPLEMENT_NOT_STRICT_FINAL
ODCR-D696,D01,347,15.981579198435231,0.8693247994608981,0.16614481806755066,0.11649060249328613,45A57FA3F898DA2A7F86080867B50C8EA4642AEB78BA23AD9CC75FCD021525AC,BCE31BD4C30DD403A56E07068DED0085DA6DF213386EF7E9248AB87670B530CE,426AC8DCFDD78B28B3FEED6B7743236A31F0C719BD86AF367165748CCA4C354F,D696BBFA42DD1A840708B9C42E824036862ED17D538B2B47551641D8145854DB,SAVED_FIXED_OUTPUT,HASH_VERIFIED_SUPPLEMENT_NOT_STRICT_FINAL
ODCR-D696,D01,348,15.315676293105852,0.8584208205688798,0.1804359257221222,0.12343049049377441,62BA8347FB9EF4070E2236978E94929CB7A537F6965F727908CE1AF738251C83,BCE31BD4C30DD403A56E07068DED0085DA6DF213386EF7E9248AB87670B530CE,06F7963AA7973BBDBA8269587E5748A9D6F81E9D1C3E44846ECC7ED78DC22A40,D696BBFA42DD1A840708B9C42E824036862ED17D538B2B47551641D8145854DB,SAVED_FIXED_OUTPUT,HASH_VERIFIED_SUPPLEMENT_NOT_STRICT_FINAL
ODCR-D696,D01,349,14.702298713158424,0.8481726090297368,0.19385884702205658,0.1283855438232422,60861AFDDFA68301B45663AE09C7E8C93AAC08EDB1F891A6B4D0FAA0E1D7C1F7,BCE31BD4C30DD403A56E07068DED0085DA6DF213386EF7E9248AB87670B530CE,AB245B39A26D9E3B7DDFD1AFEB2BFA7CD350EFDAB1A7576974FBCAB7832018DD,D696BBFA42DD1A840708B9C42E824036862ED17D538B2B47551641D8145854DB,SAVED_FIXED_OUTPUT,HASH_VERIFIED_SUPPLEMENT_NOT_STRICT_FINAL
ODCR-D696,D01,350,14.120641678786683,0.8375290312467825,0.20880651473999023,0.13341748714447021,173C7D277552AD76D920EAB56FDDEE904F1E8F67E13C342CE8783292D3C64E22,BCE31BD4C30DD403A56E07068DED0085DA6DF213386EF7E9248AB87670B530CE,AA9E4283A1C5EA657496B7F9F5EA29AECE48D4AD0486FCF7A7393F5AB0EF8509,D696BBFA42DD1A840708B9C42E824036862ED17D538B2B47551641D8145854DB,SAVED_FIXED_OUTPUT,HASH_VERIFIED_SUPPLEMENT_NOT_STRICT_FINAL
ODCR-D696,D01,351,22.92914979593315,0.9012349157346389,0.07540152221918106,0.06596016883850098,A691BD9B81B61C8E371AB0A108004A45F7FFC8C36A4BC2EC0A57313C8D3AF254,A9B2F750E1B5C755F06701BBDB8E840D09EC49A5C3D5898FA332C954FB82119B,23B3593E333B1F442520CAC28620E2BD973CF1B0F63DFA079963A465FA4A9A98,D696BBFA42DD1A840708B9C42E824036862ED17D538B2B47551641D8145854DB,SAVED_FIXED_OUTPUT,HASH_VERIFIED_SUPPLEMENT_NOT_STRICT_FINAL
ODCR-D696,D01,352,16.140255657912455,0.8081733517448964,0.1763731688261032,0.10314708948135376,46F05C60F8D6E9C0C97FEAB3DFE5F84E3A6A566E1DD648D8FCECB5FF65797602,A9B2F750E1B5C755F06701BBDB8E840D09EC49A5C3D5898FA332C954FB82119B,49FFD63356AC194A392B5C3F130FF407EDCF5A08023F67A03454331DFFD1C56E,D696BBFA42DD1A840708B9C42E824036862ED17D538B2B47551641D8145854DB,SAVED_FIXED_OUTPUT,HASH_VERIFIED_SUPPLEMENT_NOT_STRICT_FINAL
ODCR-D696,D01,353,21.580206400466334,0.88348424876528,0.08888830244541168,0.07435226440429688,6F09665F3BED567190C441FEB66C6136C8AF4BCDDDFEA9DC3A1E414D1D20CB53,A9B2F750E1B5C755F06701BBDB8E840D09EC49A5C3D5898FA332C954FB82119B,CEEB7391A1719BFAEF6C831E76B26AAC17022A717EF5F1C2DAD7DCB2C28D48FE,D696BBFA42DD1A840708B9C42E824036862ED17D538B2B47551641D8145854DB,SAVED_FIXED_OUTPUT,HASH_VERIFIED_SUPPLEMENT_NOT_STRICT_FINAL
ODCR-D696,D01,354,20.523970965080892,0.8689299994750589,0.10301606357097626,0.08142411708831787,D55A29341EC1B3E67868CF7EED1EB8EEE91C43210D66608AA398E325122B595E,A9B2F750E1B5C755F06701BBDB8E840D09EC49A5C3D5898FA332C954FB82119B,E35A0DBA1BD1A3A3E3D712FBB4BCB6EC463C9CD64A647F7324FCFE11FEDA386E,D696BBFA42DD1A840708B9C42E824036862ED17D538B2B47551641D8145854DB,SAVED_FIXED_OUTPUT,HASH_VERIFIED_SUPPLEMENT_NOT_STRICT_FINAL
ODCR-D696,D01,355,19.70935678615882,0.857711984262667,0.11547071486711502,0.08702731132507324,B047C7A33523B5C50B9DF008D24BBFEF3A4DC4E07156A611712009E126EA8D39,A9B2F750E1B5C755F06701BBDB8E840D09EC49A5C3D5898FA332C954FB82119B,A089D6955B1F285AAB11DC5BD7C2FB117625B5B3AFA57AA8AC5F3936DB1E09D4,D696BBFA42DD1A840708B9C42E824036862ED17D538B2B47551641D8145854DB,SAVED_FIXED_OUTPUT,HASH_VERIFIED_SUPPLEMENT_NOT_STRICT_FINAL
ODCR-D696,D01,356,19.037132113842514,0.8487406578926859,0.12638810276985168,0.089469313621521,97546F187171D58AB29AB03B82A65186BC882B5B8C3C07470D905E36BDEA7E1D,A9B2F750E1B5C755F06701BBDB8E840D09EC49A5C3D5898FA332C954FB82119B,EEC08C3485CE82EB82FC9E4786F926457169BF6CAA4AB43190C7AE74B1FE5E6A,D696BBFA42DD1A840708B9C42E824036862ED17D538B2B47551641D8145854DB,SAVED_FIXED_OUTPUT,HASH_VERIFIED_SUPPLEMENT_NOT_STRICT_FINAL
ODCR-D696,D01,357,18.436497215573038,0.8406641085652339,0.13563595712184906,0.09240847826004028,F444368161B27D133EA8ECE7072A6FACC647EE95135420AC127D28488DB1064C,A9B2F750E1B5C755F06701BBDB8E840D09EC49A5C3D5898FA332C954FB82119B,621A512CB7E087C0ABC520D66A025CD310B32A3A590CCB7697ACBB147E19F072,D696BBFA42DD1A840708B9C42E824036862ED17D538B2B47551641D8145854DB,SAVED_FIXED_OUTPUT,HASH_VERIFIED_SUPPLEMENT_NOT_STRICT_FINAL
ODCR-D696,D01,358,17.828219869297367,0.8322834162043872,0.14587073028087616,0.09567439556121826,2949F72635DAA3C242ADECB74F604345A133256DA6E8A3A1B2820A238530539E,A9B2F750E1B5C755F06701BBDB8E840D09EC49A5C3D5898FA332C954FB82119B,5478495E0D3D9720D7043DA74DF59E96EBEC869417663F1D5896565D4F4BDB94,D696BBFA42DD1A840708B9C42E824036862ED17D538B2B47551641D8145854DB,SAVED_FIXED_OUTPUT,HASH_VERIFIED_SUPPLEMENT_NOT_STRICT_FINAL
ODCR-D696,D01,359,17.244267322150385,0.8242499279745514,0.15508373081684113,0.09829944372177124,737828ADBBBBFA0407A150BBC7CD1F304E78F29399AABE1CACAE6F51747129F7,A9B2F750E1B5C755F06701BBDB8E840D09EC49A5C3D5898FA332C954FB82119B,65BB7FBCBF1E5FD935906F795E0E9AFB7E6AE7682F5D842EA3E4E5C43FE4506B,D696BBFA42DD1A840708B9C42E824036862ED17D538B2B47551641D8145854DB,SAVED_FIXED_OUTPUT,HASH_VERIFIED_SUPPLEMENT_NOT_STRICT_FINAL
ODCR-D696,D01,360,16.68106781667903,0.8161941512446722,0.1652204394340515,0.1011928915977478,C774ED09AA4682C1C71174F6FE6C2ECB84734316F5918386EDCA13A38701A24A,A9B2F750E1B5C755F06701BBDB8E840D09EC49A5C3D5898FA332C954FB82119B,EE962BC71A061492548DB444C7989A6C77E715762F8A0616C580DFA8C3AAAD40,D696BBFA42DD1A840708B9C42E824036862ED17D538B2B47551641D8145854DB,SAVED_FIXED_OUTPUT,HASH_VERIFIED_SUPPLEMENT_NOT_STRICT_FINAL
ODCR-D696,D01,361,25.319262516888102,0.9480270688709798,0.04506750404834747,0.0400276780128479,9F0F422DDBB3F61455904809340DFF41344B23E1ADF25BBA1C6806A438824221,5769F280C40FF18C8BDA6B69FCE62C4D6F4103D5F730F1EE24AC859500E60A8B,51FE4B1E775D7305960A22A650C7E6A3F6FCA788A185C4D4A6F37467833847FC,D696BBFA42DD1A840708B9C42E824036862ED17D538B2B47551641D8145854DB,SAVED_FIXED_OUTPUT,HASH_VERIFIED_SUPPLEMENT_NOT_STRICT_FINAL
ODCR-D696,D01,362,16.595836172448813,0.8744802675577349,0.14411410689353943,0.0837976336479187,3431C00422DA1251CC1106DAA984269AF614216234AC80F632A4364C9273D2CC,5769F280C40FF18C8BDA6B69FCE62C4D6F4103D5F730F1EE24AC859500E60A8B,848FEDB5F73CFF1D159969404C5C84687D6B0B60A63686763C1370BECD6302D6,D696BBFA42DD1A840708B9C42E824036862ED17D538B2B47551641D8145854DB,SAVED_FIXED_OUTPUT,HASH_VERIFIED_SUPPLEMENT_NOT_STRICT_FINAL
ODCR-D696,D01,363,23.821729384553688,0.9418150626199174,0.05463120713829994,0.04451626539230347,96CD53206919896EDAA06EC3395248C69A76B4787B1844994E89753F556F43FC,5769F280C40FF18C8BDA6B69FCE62C4D6F4103D5F730F1EE24AC859500E60A8B,7910FFF1656B7CAF70DADC682A8B7FB624164B0A19186A1D4AD0276BF92A115D,D696BBFA42DD1A840708B9C42E824036862ED17D538B2B47551641D8145854DB,SAVED_FIXED_OUTPUT,HASH_VERIFIED_SUPPLEMENT_NOT_STRICT_FINAL
ODCR-D696,D01,364,22.509826775440693,0.9354121008970738,0.06578227877616882,0.05095171928405762,14710F3BC8B67844FFDC7330D509CFDA0704F40DD9706BC4AC0FF8E2DD8996B9,5769F280C40FF18C8BDA6B69FCE62C4D6F4103D5F730F1EE24AC859500E60A8B,909B350696D3215CB3179F0B2CD267F8F86AEBEC6DFE4FDAECB5F904062C4A70,D696BBFA42DD1A840708B9C42E824036862ED17D538B2B47551641D8145854DB,SAVED_FIXED_OUTPUT,HASH_VERIFIED_SUPPLEMENT_NOT_STRICT_FINAL
ODCR-D696,D01,365,21.32537109280993,0.9268696834247258,0.07622861117124557,0.0553586483001709,018E13D4FD47571132AAAD24D261257CC0A3FDB54B4D2FECF788714B4B847E7C,5769F280C40FF18C8BDA6B69FCE62C4D6F4103D5F730F1EE24AC859500E60A8B,CB47D0A6AAF447225B3F2359542CC68B32A8DA573DC5663DD74D29F2A3B9F377,D696BBFA42DD1A840708B9C42E824036862ED17D538B2B47551641D8145854DB,SAVED_FIXED_OUTPUT,HASH_VERIFIED_SUPPLEMENT_NOT_STRICT_FINAL
ODCR-D696,D01,366,20.25057375925295,0.9160499838741046,0.08857908844947815,0.059438884258270264,784F48F0675E4ADC3A7F3C1F6FE76CDD374954E8B4A37F4145B0F358DB24B5F2,5769F280C40FF18C8BDA6B69FCE62C4D6F4103D5F730F1EE24AC859500E60A8B,AF8E9C614469B7B82B5A74ECEAD93D7EAA4E7A144164FA95E810F4E9D3212014,D696BBFA42DD1A840708B9C42E824036862ED17D538B2B47551641D8145854DB,SAVED_FIXED_OUTPUT,HASH_VERIFIED_SUPPLEMENT_NOT_STRICT_FINAL
ODCR-D696,D01,367,19.275726959121485,0.9060751019067071,0.09979423135519028,0.06352776288986206,7907CBA0E704B5BDC80D4CBDFF730DE72ACE5769B707F99043310479F39A55DF,5769F280C40FF18C8BDA6B69FCE62C4D6F4103D5F730F1EE24AC859500E60A8B,C23B3970332A7BFD0E78D1A3428AD5F427AD1CB66CC999839938D135DE1A3661,D696BBFA42DD1A840708B9C42E824036862ED17D538B2B47551641D8145854DB,SAVED_FIXED_OUTPUT,HASH_VERIFIED_SUPPLEMENT_NOT_STRICT_FINAL
ODCR-D696,D01,368,18.451348289883484,0.8971442902126245,0.1115124449133873,0.07011830806732178,3F899DA5C989F8381A623B3338AFB569C76720777602BC7A172B6DC4C405B43B,5769F280C40FF18C8BDA6B69FCE62C4D6F4103D5F730F1EE24AC859500E60A8B,25FF302F198B4AD3132F59E1BD784A772B7C94CFA5B72EF045EDCED9400F4CF2,D696BBFA42DD1A840708B9C42E824036862ED17D538B2B47551641D8145854DB,SAVED_FIXED_OUTPUT,HASH_VERIFIED_SUPPLEMENT_NOT_STRICT_FINAL
ODCR-D696,D01,369,17.74005225184704,0.8890385610357171,0.12251422554254532,0.07435441017150879,FD41BD463EA18ED9385090190A882A9A8D73CE83CB59D71D92D5EB5FD8038D57,5769F280C40FF18C8BDA6B69FCE62C4D6F4103D5F730F1EE24AC859500E60A8B,22D5376CF130AA91A420F3DBE14FF1627EB39FF0E023209FA7C549E0AE8D1BF1,D696BBFA42DD1A840708B9C42E824036862ED17D538B2B47551641D8145854DB,SAVED_FIXED_OUTPUT,HASH_VERIFIED_SUPPLEMENT_NOT_STRICT_FINAL
ODCR-D696,D01,370,17.12227979670445,0.8816058234887003,0.13341203331947327,0.08032351732254028,96EA6C9D1D50B8B7909629699FA0C62DBA2FD617EAA470513D37F6DF8CDDBE94,5769F280C40FF18C8BDA6B69FCE62C4D6F4103D5F730F1EE24AC859500E60A8B,86FC83B3A9BDFDD5FFF758882D7A4A947D337219CF26E925DC5FB99DD5D3BC38,D696BBFA42DD1A840708B9C42E824036862ED17D538B2B47551641D8145854DB,SAVED_FIXED_OUTPUT,HASH_VERIFIED_SUPPLEMENT_NOT_STRICT_FINAL
ODCR-D696,D01,371,22.522210831117707,0.8915180264654993,0.07171701639890671,0.08638596534729004,FD0BC0095881A844F3519729CD1A614E2D46D4452F2303CB6D1FCBB171FA64F5,5B4C03474FE120027C7484F7E0FE0B06273E043674476793BECC1EC769780E70,2B4C5D113F134F7BD233E8AF3E56BE14A2681CECB9145AA9B6B3BB9B3F8B91E5,D696BBFA42DD1A840708B9C42E824036862ED17D538B2B47551641D8145854DB,SAVED_FIXED_OUTPUT,HASH_VERIFIED_SUPPLEMENT_NOT_STRICT_FINAL
ODCR-D696,D01,372,12.82126315550782,0.7703064910632925,0.15533006191253662,0.11868643760681152,A79CE5E55EB4DDDC38EF40299D068C172813133E095527FD51B18CE8CF0B79FD,5B4C03474FE120027C7484F7E0FE0B06273E043674476793BECC1EC769780E70,5340799F4DCDAA48410498CB6A657271E567CA0DDB90A559440BB96B5C9A5AB6,D696BBFA42DD1A840708B9C42E824036862ED17D538B2B47551641D8145854DB,SAVED_FIXED_OUTPUT,HASH_VERIFIED_SUPPLEMENT_NOT_STRICT_FINAL
ODCR-D696,D01,373,20.701596502263126,0.8761449855659861,0.07759006321430206,0.08891499042510986,B1E82424970A666765DC8D4B540FE4B78F1E1ABC010D76344DC5E29FF0C93354,5B4C03474FE120027C7484F7E0FE0B06273E043674476793BECC1EC769780E70,FCC043D4B5ECB9F98B4FDF08B0605BDD4826315A667F6D0BA8A45BD67CD61036,D696BBFA42DD1A840708B9C42E824036862ED17D538B2B47551641D8145854DB,SAVED_FIXED_OUTPUT,HASH_VERIFIED_SUPPLEMENT_NOT_STRICT_FINAL
ODCR-D696,D01,374,19.12985216703714,0.8616418551328607,0.08440224826335907,0.0926659107208252,AC5974BF7831927814028234EFEB3157CC83EA7491F70BC93D1EC7DE192ED773,5B4C03474FE120027C7484F7E0FE0B06273E043674476793BECC1EC769780E70,0CDDDCA3937A430D907B6D694C980E7942B33B891CA10EE6CFE2141DC20E8052,D696BBFA42DD1A840708B9C42E824036862ED17D538B2B47551641D8145854DB,SAVED_FIXED_OUTPUT,HASH_VERIFIED_SUPPLEMENT_NOT_STRICT_FINAL
ODCR-D696,D01,375,17.83774893913648,0.8479464840705168,0.09274032711982727,0.09727925062179565,5EA359DB4B7D3CE4D4CA4D467A8ACB7CC48E07CBE609A7E1C4FC71A67BD3A118,5B4C03474FE120027C7484F7E0FE0B06273E043674476793BECC1EC769780E70,2E069224992C846FBA87B6866B4D05BDF2A3FAC88B69EB3251D23A71C103719B,D696BBFA42DD1A840708B9C42E824036862ED17D538B2B47551641D8145854DB,SAVED_FIXED_OUTPUT,HASH_VERIFIED_SUPPLEMENT_NOT_STRICT_FINAL
ODCR-D696,D01,376,16.750490825230965,0.8344542419375224,0.10143117606639862,0.1031961441040039,6A9AAE072DD12B98C76F1749308B7D863978EF98B8DF373765EAAB5E5D7F8BD5,5B4C03474FE120027C7484F7E0FE0B06273E043674476793BECC1EC769780E70,4CA8B7F73A2E9ADF242F814A817705A9B14E7B22A1F7375DE4A4E11699C997C3,D696BBFA42DD1A840708B9C42E824036862ED17D538B2B47551641D8145854DB,SAVED_FIXED_OUTPUT,HASH_VERIFIED_SUPPLEMENT_NOT_STRICT_FINAL
ODCR-D696,D01,377,15.799902872251007,0.8209227242046105,0.11115050315856934,0.10650640726089478,B589ED2085196ECF1DA35AB5D30CE0D5B436606EDBE938D9DC7578D998AF4506,5B4C03474FE120027C7484F7E0FE0B06273E043674476793BECC1EC769780E70,D754D01E4B6A2301DFF008B4941F3CCEAFE2435F1BDA02CDB38BD1E1F6A10FC0,D696BBFA42DD1A840708B9C42E824036862ED17D538B2B47551641D8145854DB,SAVED_FIXED_OUTPUT,HASH_VERIFIED_SUPPLEMENT_NOT_STRICT_FINAL
ODCR-D696,D01,378,14.959269672819158,0.8082770535425513,0.12069051712751389,0.10777115821838379,0B1664A7DABDC172CB054E1F5E06BC3B5DAAAC3563DF084D79E43FBEA9AE4F53,5B4C03474FE120027C7484F7E0FE0B06273E043674476793BECC1EC769780E70,1D26CF0CB066CE9D01F783A90B7F8952D137EA897A404A6A7A87F5982A6D9F48,D696BBFA42DD1A840708B9C42E824036862ED17D538B2B47551641D8145854DB,SAVED_FIXED_OUTPUT,HASH_VERIFIED_SUPPLEMENT_NOT_STRICT_FINAL
ODCR-D696,D01,379,14.194977222293657,0.796037374917208,0.13112413883209229,0.10840034484863281,9F5BF7C5C0DBF4BF9C58D42D9C2BEFB2C8A4C52FDFF4CD011D85B3239D01B91B,5B4C03474FE120027C7484F7E0FE0B06273E043674476793BECC1EC769780E70,0AA7C64B30F540A965A5005C364651072D7D3AA82D568601954CE685B2B8F9D6,D696BBFA42DD1A840708B9C42E824036862ED17D538B2B47551641D8145854DB,SAVED_FIXED_OUTPUT,HASH_VERIFIED_SUPPLEMENT_NOT_STRICT_FINAL
ODCR-D696,D01,380,13.502347491946514,0.7835063149000954,0.14265310764312744,0.11288595199584961,08178EE2649C1C0D7773D40D54B2153C615C8D25CFF010AF8117B9291D4191D1,5B4C03474FE120027C7484F7E0FE0B06273E043674476793BECC1EC769780E70,719417063BECBAFC993F8EC548E9C656ED22B0E9111BD8C2E27A610BE2747536,D696BBFA42DD1A840708B9C42E824036862ED17D538B2B47551641D8145854DB,SAVED_FIXED_OUTPUT,HASH_VERIFIED_SUPPLEMENT_NOT_STRICT_FINAL
ODCR-D696,D01,381,24.43439383245332,0.8628735682947815,0.10979257524013519,0.07055336236953735,CFB01D48B641EB6E104847E0CD438A40833B7813BCCEE7578D66FACA33ABB565,E5D677CF00123752E9F027FD1A2404766FC0EE4D1B77D5826AAFCBAE1A1845D8,212F7908FAD246444649FAF2A90C6AE54522A297D16D18723BFD8134393C835E,D696BBFA42DD1A840708B9C42E824036862ED17D538B2B47551641D8145854DB,SAVED_FIXED_OUTPUT,HASH_VERIFIED_SUPPLEMENT_NOT_STRICT_FINAL
ODCR-D696,D01,382,15.593633658189606,0.7362714369735363,0.2033912092447281,0.09387177228927612,AD6B7420B6CF21AA103B3F6F3786859BF9DDEA33BA8F87D36F9C047CBDB16545,E5D677CF00123752E9F027FD1A2404766FC0EE4D1B77D5826AAFCBAE1A1845D8,2EC1C5433127E3B5D72D6B5CEBA1C277FCE5E2E5565D583036CB8566F0374AAB,D696BBFA42DD1A840708B9C42E824036862ED17D538B2B47551641D8145854DB,SAVED_FIXED_OUTPUT,HASH_VERIFIED_SUPPLEMENT_NOT_STRICT_FINAL
ODCR-D696,D01,383,23.852356039386798,0.8494645541423919,0.1220804899930954,0.07375144958496094,311E60715E1018D75A0864E5BAEC1763F4153B5537B33AC6B29EC743D4D29C84,E5D677CF00123752E9F027FD1A2404766FC0EE4D1B77D5826AAFCBAE1A1845D8,2187337B52401849D1175CA527ED0BDE078003FA06B1DD48EC735157EE54C472,D696BBFA42DD1A840708B9C42E824036862ED17D538B2B47551641D8145854DB,SAVED_FIXED_OUTPUT,HASH_VERIFIED_SUPPLEMENT_NOT_STRICT_FINAL
ODCR-D696,D01,384,22.737143691353324,0.8335955403217908,0.14170412719249725,0.0766797661781311,02434E0E97F1DCD3ED7AA172AE75C0BC50716261583742F09542E6B2CBCF7BA3,E5D677CF00123752E9F027FD1A2404766FC0EE4D1B77D5826AAFCBAE1A1845D8,4748D8BCA3ACBD2AAC2DC5CDF2F2F0AE6641AFAADD1C835A4FAE4571F4C76ECB,D696BBFA42DD1A840708B9C42E824036862ED17D538B2B47551641D8145854DB,SAVED_FIXED_OUTPUT,HASH_VERIFIED_SUPPLEMENT_NOT_STRICT_FINAL
ODCR-D696,D01,385,21.384746293665632,0.8169804887172639,0.16439087688922882,0.08137989044189453,2CD5B3DF33EBD86FB3561919AE50CC89755FF4F285238C6711E16DD2F76E84B3,E5D677CF00123752E9F027FD1A2404766FC0EE4D1B77D5826AAFCBAE1A1845D8,3DA1D63EC6FFAF802F3737B05C9EE98DBEE1B9DB603474A2904A91D0653457F7,D696BBFA42DD1A840708B9C42E824036862ED17D538B2B47551641D8145854DB,SAVED_FIXED_OUTPUT,HASH_VERIFIED_SUPPLEMENT_NOT_STRICT_FINAL
ODCR-D696,D01,386,19.916848874283772,0.798544647620956,0.1790710687637329,0.08147269487380981,50EDA9097A8F7B4EAF837749B695CDADBDE7750CC1D9CE4740FA3B50F4926043,E5D677CF00123752E9F027FD1A2404766FC0EE4D1B77D5826AAFCBAE1A1845D8,4D32BC3B832269D48CDBBCAE4AA358FD82646CA3538A9C6ED7976F814DDA7706,D696BBFA42DD1A840708B9C42E824036862ED17D538B2B47551641D8145854DB,SAVED_FIXED_OUTPUT,HASH_VERIFIED_SUPPLEMENT_NOT_STRICT_FINAL
ODCR-D696,D01,387,18.723275194828123,0.7813158019253903,0.18355333805084229,0.08189636468887329,DFE5C029F91D2D6AB8C9E2592EFCA33D384F90429C66D17F035FC5884CB96E4B,E5D677CF00123752E9F027FD1A2404766FC0EE4D1B77D5826AAFCBAE1A1845D8,54B17133C1D131EE634ECE2B71547D5ABE98E0C42DBCAD5BEC30CC3BB3DE06AD,D696BBFA42DD1A840708B9C42E824036862ED17D538B2B47551641D8145854DB,SAVED_FIXED_OUTPUT,HASH_VERIFIED_SUPPLEMENT_NOT_STRICT_FINAL
ODCR-D696,D01,388,17.664156907216885,0.7654894371052104,0.1890060305595398,0.08421105146408081,0986ACF17CC0C880ABBA04CB614D9A811DFCD67E205DE3CB719622FBD2A5E4CA,E5D677CF00123752E9F027FD1A2404766FC0EE4D1B77D5826AAFCBAE1A1845D8,1165B20D6374980B6A3820A82EE99631794AA2581512E25677BEA765A08988AB,D696BBFA42DD1A840708B9C42E824036862ED17D538B2B47551641D8145854DB,SAVED_FIXED_OUTPUT,HASH_VERIFIED_SUPPLEMENT_NOT_STRICT_FINAL
ODCR-D696,D01,389,16.87326478766954,0.754448144225834,0.1922735571861267,0.08643883466720581,795F07FFA285B7F75ADC413C60B9998CD700F0F1114A4D87CF2D152C31DCFB73,E5D677CF00123752E9F027FD1A2404766FC0EE4D1B77D5826AAFCBAE1A1845D8,894A25A485D18C8C4F9D36A4145AC8E8F1BBB0D6C01B9FEF862FC2EE002216A0,D696BBFA42DD1A840708B9C42E824036862ED17D538B2B47551641D8145854DB,SAVED_FIXED_OUTPUT,HASH_VERIFIED_SUPPLEMENT_NOT_STRICT_FINAL
ODCR-D696,D01,390,16.16399458941222,0.7439865488286573,0.19896750152111053,0.09076929092407227,E3A3D9E57BBDE6BA4C406B359FD8DD9FAC0E1FFB4130B47CEFBE422FC16506DD,E5D677CF00123752E9F027FD1A2404766FC0EE4D1B77D5826AAFCBAE1A1845D8,01646A3FA953E3A4F78CF695B16A1063D7F216BD2D2592336B55E5D27F24BA9B,D696BBFA42DD1A840708B9C42E824036862ED17D538B2B47551641D8145854DB,SAVED_FIXED_OUTPUT,HASH_VERIFIED_SUPPLEMENT_NOT_STRICT_FINAL
ODCR-D696,D01,391,25.216547241914906,0.9174269275722802,0.06019260734319687,0.056839168071746826,8BCE7E802AE2F1B194166E34EFAC7BC788115A18E7C27DB507A1643E6D8EA90C,C88EC895B13ABF50D3BA91D7C23D38E7B9B87752F78ED63EC030B3F62621462A,7EF397BDF4190B864772BBBFE5433E761707B981C659B687193B51D3788EF7B8,D696BBFA42DD1A840708B9C42E824036862ED17D538B2B47551641D8145854DB,SAVED_FIXED_OUTPUT,HASH_VERIFIED_SUPPLEMENT_NOT_STRICT_FINAL
ODCR-D696,D01,392,15.56687681600704,0.8647621319392641,0.10217016190290451,0.08362621068954468,0DF7F0327E0759C65F567E486D0AF5A2D277DCD789868248D31C5B1C73F6F4EE,C88EC895B13ABF50D3BA91D7C23D38E7B9B87752F78ED63EC030B3F62621462A,D6A526D194FE50C764DEBAD3638DD06347E3853BD139DB1925D92DEA664ACBC7,D696BBFA42DD1A840708B9C42E824036862ED17D538B2B47551641D8145854DB,SAVED_FIXED_OUTPUT,HASH_VERIFIED_SUPPLEMENT_NOT_STRICT_FINAL
ODCR-D696,D01,393,24.303590758821446,0.9153371169616098,0.06160268932580948,0.0566784143447876,8272EE3EAD7FA2361377050DD025F7EE336669C8C0583C24DBDEB4854CE7F692,C88EC895B13ABF50D3BA91D7C23D38E7B9B87752F78ED63EC030B3F62621462A,502ABA5780990CE88012827CA206DEFEE23309967CFB407930DD3127C6619E09,D696BBFA42DD1A840708B9C42E824036862ED17D538B2B47551641D8145854DB,SAVED_FIXED_OUTPUT,HASH_VERIFIED_SUPPLEMENT_NOT_STRICT_FINAL
ODCR-D696,D01,394,22.919663409865656,0.9108124613244738,0.06443068385124207,0.06016695499420166,3DF369C103410BC5809107B3B5903F1A48FE989EBA104C8DB4EF777BA5604B5C,C88EC895B13ABF50D3BA91D7C23D38E7B9B87752F78ED63EC030B3F62621462A,A3E4B0BF37C2A0EB7E68E14FF08CC8E7D065BF677BD2B9C92BA50CCAE779CC63,D696BBFA42DD1A840708B9C42E824036862ED17D538B2B47551641D8145854DB,SAVED_FIXED_OUTPUT,HASH_VERIFIED_SUPPLEMENT_NOT_STRICT_FINAL
ODCR-D696,D01,395,21.45485969343838,0.9053727636232972,0.06794100999832153,0.06279897689819336,AB584E5BCBFDAFCB2D3A376AF71C5AC726066F67DC209341F150AC82BA622F0E,C88EC895B13ABF50D3BA91D7C23D38E7B9B87752F78ED63EC030B3F62621462A,A19CAD08821F657C94C735D4002BEDB14ED04ABAF97B4F9A2DDE689A6A34A1BE,D696BBFA42DD1A840708B9C42E824036862ED17D538B2B47551641D8145854DB,SAVED_FIXED_OUTPUT,HASH_VERIFIED_SUPPLEMENT_NOT_STRICT_FINAL
ODCR-D696,D01,396,20.135775875741864,0.899250198610818,0.07197600603103638,0.06570565700531006,689409EEE263975D7233542ED377C75D7522C5AC86165706607A8C07FB217FCD,C88EC895B13ABF50D3BA91D7C23D38E7B9B87752F78ED63EC030B3F62621462A,A6143E3601D3B56AF85BCC133E818753435A4EE19018C802D3F53E0FF72D01E5,D696BBFA42DD1A840708B9C42E824036862ED17D538B2B47551641D8145854DB,SAVED_FIXED_OUTPUT,HASH_VERIFIED_SUPPLEMENT_NOT_STRICT_FINAL
ODCR-D696,D01,397,18.897890201734956,0.8928964777726546,0.07583775371313095,0.0689539909362793,4D7D56BC3C2801E900E1B08A421D900800140A9000F2C666A8C148C7A5A5B4A5,C88EC895B13ABF50D3BA91D7C23D38E7B9B87752F78ED63EC030B3F62621462A,79D27DEF439C138993A95E8DEA89549997CECEC39D45B1EBC7417D557519E7F0,D696BBFA42DD1A840708B9C42E824036862ED17D538B2B47551641D8145854DB,SAVED_FIXED_OUTPUT,HASH_VERIFIED_SUPPLEMENT_NOT_STRICT_FINAL
ODCR-D696,D01,398,17.828583899632473,0.8859626251557704,0.0812264010310173,0.07192081212997437,7F8BDA849642B8734E42A3E199775368BF181CF9D297F8885C65D7F067F549DF,C88EC895B13ABF50D3BA91D7C23D38E7B9B87752F78ED63EC030B3F62621462A,DEC269A18DCB13907A87D4177BC4FC174EC0397EFD4F45D2EC79D866C652258B,D696BBFA42DD1A840708B9C42E824036862ED17D538B2B47551641D8145854DB,SAVED_FIXED_OUTPUT,HASH_VERIFIED_SUPPLEMENT_NOT_STRICT_FINAL
ODCR-D696,D01,399,16.984911372996486,0.878778163856243,0.08727728575468063,0.07513672113418579,9B5DF681D917396A4CC227D73E3A563C94327CE115C726EEE52EF396BB8BF03B,C88EC895B13ABF50D3BA91D7C23D38E7B9B87752F78ED63EC030B3F62621462A,FCA5A317FC826E6429F04FE72FC9ABC68FB391DC7CBC7578690C31E8CAF6090D,D696BBFA42DD1A840708B9C42E824036862ED17D538B2B47551641D8145854DB,SAVED_FIXED_OUTPUT,HASH_VERIFIED_SUPPLEMENT_NOT_STRICT_FINAL
ODCR-D696,D01,400,16.236795150359377,0.8717774342288114,0.09450224041938782,0.07971757650375366,8BBFD2CDFD352BE22F0ECE5F0029A31C7F06953C900E188826230F4DF20A66F4,C88EC895B13ABF50D3BA91D7C23D38E7B9B87752F78ED63EC030B3F62621462A,32F137BF177DCB640E037104AFBF56B58AA18D67A99BB296741F0864E27D4764,D696BBFA42DD1A840708B9C42E824036862ED17D538B2B47551641D8145854DB,SAVED_FIXED_OUTPUT,HASH_VERIFIED_SUPPLEMENT_NOT_STRICT_FINAL
ODCR-D696,D01,401,18.799326678876312,0.8902181437463685,0.08960166573524475,0.08626300096511841,DECBB6010B436064AB68486CC89A32F3437231BA76CC0391F23A0187EBE75074,E6A4F41A7F8438BF89365CDCF818768EFC9E2E4F4AC7726B78C36434140C5A3B,951A496889A3777214A9B933B9E81DAEBE5FAA89BDAC3550763956F9452CD707,D696BBFA42DD1A840708B9C42E824036862ED17D538B2B47551641D8145854DB,SAVED_FIXED_OUTPUT,HASH_VERIFIED_SUPPLEMENT_NOT_STRICT_FINAL
ODCR-D696,D01,402,10.601741235066967,0.7585829765548038,0.2435149848461151,0.12046092748641968,39D1014290F6ACA4B3B151B941412B0EEA97B6C8CC8B06656A0DCC48EEBC2171,E6A4F41A7F8438BF89365CDCF818768EFC9E2E4F4AC7726B78C36434140C5A3B,6B94855FE3CA13E4EEB3EEB5641BAB56B715E4A3FF632048E8526F18BC2D4C80,D696BBFA42DD1A840708B9C42E824036862ED17D538B2B47551641D8145854DB,SAVED_FIXED_OUTPUT,HASH_VERIFIED_SUPPLEMENT_NOT_STRICT_FINAL
ODCR-D696,D01,403,17.2509491802098,0.875455256607237,0.09873215854167938,0.08777427673339844,EDB2677DB481B6984F6465A7C6EDE10ED81CB5DC22BB52086671B606B19F9358,E6A4F41A7F8438BF89365CDCF818768EFC9E2E4F4AC7726B78C36434140C5A3B,5D93B71AA543ED007B85DC43B51F8D432AE659E5453603134EDCCB8373BFC698,D696BBFA42DD1A840708B9C42E824036862ED17D538B2B47551641D8145854DB,SAVED_FIXED_OUTPUT,HASH_VERIFIED_SUPPLEMENT_NOT_STRICT_FINAL
ODCR-D696,D01,404,15.992939111317275,0.8599398948069124,0.11348403990268707,0.09181618690490723,6637BF847A8D5327C77AF03FC213E7E456EC29A6217E5ED41D94E3128ABDE9FB,E6A4F41A7F8438BF89365CDCF818768EFC9E2E4F4AC7726B78C36434140C5A3B,6226FCE02E5BCC3C8C7795378CB7B64300A02F4198A2EB968878346259EBA99F,D696BBFA42DD1A840708B9C42E824036862ED17D538B2B47551641D8145854DB,SAVED_FIXED_OUTPUT,HASH_VERIFIED_SUPPLEMENT_NOT_STRICT_FINAL
ODCR-D696,D01,405,14.97183376779722,0.8447578441124212,0.13059014081954956,0.09786629676818848,E6D95A98876E33E37D7099A8C5D12E8760015A92A273754091E230CBABFADF2C,E6A4F41A7F8438BF89365CDCF818768EFC9E2E4F4AC7726B78C36434140C5A3B,A1997D61724EC0E765C6C67D130C3702894E74739EB859F57E4602F9E98C36A0,D696BBFA42DD1A840708B9C42E824036862ED17D538B2B47551641D8145854DB,SAVED_FIXED_OUTPUT,HASH_VERIFIED_SUPPLEMENT_NOT_STRICT_FINAL
ODCR-D696,D01,406,13.994914957613794,0.8284629258939965,0.14946062862873077,0.10202294588088989,DC85A40682E51BFC319C0B1A4796C5C384000B2F158FF7C22C328C217BB7435D,E6A4F41A7F8438BF89365CDCF818768EFC9E2E4F4AC7726B78C36434140C5A3B,2D3B26BBD1FB38DD31FB639A6C0101CD7F6C155891812C9446F625DCAE4F8502,D696BBFA42DD1A840708B9C42E824036862ED17D538B2B47551641D8145854DB,SAVED_FIXED_OUTPUT,HASH_VERIFIED_SUPPLEMENT_NOT_STRICT_FINAL
ODCR-D696,D01,407,13.193838110686507,0.8134567394325782,0.16788122057914734,0.10687464475631714,9F65AE1A26FA9E3F54801EF3992177F80693155A36EC982E2D17245EF255034E,E6A4F41A7F8438BF89365CDCF818768EFC9E2E4F4AC7726B78C36434140C5A3B,B20E21962ABA986DC0AB901A19DA0938EF51A44938C91B00B9C7F8EC5998DF6E,D696BBFA42DD1A840708B9C42E824036862ED17D538B2B47551641D8145854DB,SAVED_FIXED_OUTPUT,HASH_VERIFIED_SUPPLEMENT_NOT_STRICT_FINAL
ODCR-D696,D01,408,12.474716271446589,0.7995004725813678,0.1861729621887207,0.10955822467803955,CE562F38614019340562FF560476E24643C59BA7F7FE90E8357A13000A7C3BFB,E6A4F41A7F8438BF89365CDCF818768EFC9E2E4F4AC7726B78C36434140C5A3B,D410CADE12752C4B2541CF43092DDA72D3E264B76E55D4524A80DB006BCDA5C1,D696BBFA42DD1A840708B9C42E824036862ED17D538B2B47551641D8145854DB,SAVED_FIXED_OUTPUT,HASH_VERIFIED_SUPPLEMENT_NOT_STRICT_FINAL
ODCR-D696,D01,409,11.780967002033446,0.7847508696064699,0.20612990856170654,0.11411768198013306,53B35E9914009A09887744DC10CB58761072DAC079C415831FA1CD1A651C1726,E6A4F41A7F8438BF89365CDCF818768EFC9E2E4F4AC7726B78C36434140C5A3B,A5EBE2D856D95F1D3CE10B5CDA9B50E107E499544E626261BF272D26359F3E96,D696BBFA42DD1A840708B9C42E824036862ED17D538B2B47551641D8145854DB,SAVED_FIXED_OUTPUT,HASH_VERIFIED_SUPPLEMENT_NOT_STRICT_FINAL
ODCR-D696,D01,410,11.17378812824327,0.7710769768456167,0.22581925988197327,0.118996262550354,EF57E3C6F33EF4B0DD2F224166F302B9DAFF260C7AF1A2F9BF658B9891DF6C96,E6A4F41A7F8438BF89365CDCF818768EFC9E2E4F4AC7726B78C36434140C5A3B,D89837ACE2964F160BF3744A2F3CE3229252B20A9AA4C9B7DECF91F984436558,D696BBFA42DD1A840708B9C42E824036862ED17D538B2B47551641D8145854DB,SAVED_FIXED_OUTPUT,HASH_VERIFIED_SUPPLEMENT_NOT_STRICT_FINAL
ODCR-D696,D01,411,24.960172859557215,0.8892787794363857,0.08574248850345612,0.09231722354888916,84F26482CF38379E4B29FEDB369ECC001B97F31688C51AD112D3F3D198B8DCDA,F2D17D07A5FA0D20144E9E875608CB545A676499620F4447D0D923C430317005,E61D0F53909EC3D4056A4B7D81740F8E3D1571F07F010BEA07A2292A0E5BE21F,D696BBFA42DD1A840708B9C42E824036862ED17D538B2B47551641D8145854DB,SAVED_FIXED_OUTPUT,HASH_VERIFIED_SUPPLEMENT_NOT_STRICT_FINAL
ODCR-D696,D01,412,16.419192082201192,0.7983813189996964,0.14796265959739685,0.13141781091690063,0265FE9E272406897305DD6120BC5E47BB5E2B2B69CA4DB5590E90C0A72F3335,F2D17D07A5FA0D20144E9E875608CB545A676499620F4447D0D923C430317005,4F312E5C89FDCDF643E460012BC06349D12F8D07FD0032DAD7F956F9B5B3F75E,D696BBFA42DD1A840708B9C42E824036862ED17D538B2B47551641D8145854DB,SAVED_FIXED_OUTPUT,HASH_VERIFIED_SUPPLEMENT_NOT_STRICT_FINAL
ODCR-D696,D01,413,24.148294384152926,0.8740864038312609,0.09181671589612961,0.09622073173522949,D453473EEF67EE3DDD5E36246214896EC1C7999B1063F939E4073FB3396D89DE,F2D17D07A5FA0D20144E9E875608CB545A676499620F4447D0D923C430317005,2E97D442D4CDD3FAACCFF1504C6EC7EA265C3CE9EFF33BB8FBC7A39BCB5B390C,D696BBFA42DD1A840708B9C42E824036862ED17D538B2B47551641D8145854DB,SAVED_FIXED_OUTPUT,HASH_VERIFIED_SUPPLEMENT_NOT_STRICT_FINAL
ODCR-D696,D01,414,22.93119622546882,0.8638569041565757,0.09754399955272675,0.10004854202270508,7823F4D75E6FB5556123C290E719AE7A720EFA09119E23BC22996CAAFA390107,F2D17D07A5FA0D20144E9E875608CB545A676499620F4447D0D923C430317005,DE823B3D74FDBF5F464A10DED6117D95917F2D8F968A8D88CA936F5A95BCFCCB,D696BBFA42DD1A840708B9C42E824036862ED17D538B2B47551641D8145854DB,SAVED_FIXED_OUTPUT,HASH_VERIFIED_SUPPLEMENT_NOT_STRICT_FINAL
ODCR-D696,D01,415,21.65155136833615,0.8536683133110688,0.10481444001197815,0.105671226978302,7809D0A8CDCF0715FBDC4020304B7152B92DC99A4D2325B656DCE2181272C24B,F2D17D07A5FA0D20144E9E875608CB545A676499620F4447D0D923C430317005,658CC47B0C338A1B5F0F20ADAB813918C4114B8DE7BD28AF49C0D34528084246,D696BBFA42DD1A840708B9C42E824036862ED17D538B2B47551641D8145854DB,SAVED_FIXED_OUTPUT,HASH_VERIFIED_SUPPLEMENT_NOT_STRICT_FINAL
ODCR-D696,D01,416,20.501496521962412,0.8437709612524728,0.11181751638650894,0.10992538928985596,DFC7D304EE5F2F16139D2BDAADD35711D31B7A8B38E32197885F68193175F261,F2D17D07A5FA0D20144E9E875608CB545A676499620F4447D0D923C430317005,E453F505804C385BF712589F16E92B58C44C416CD6FA232179FD38791550B8F8,D696BBFA42DD1A840708B9C42E824036862ED17D538B2B47551641D8145854DB,SAVED_FIXED_OUTPUT,HASH_VERIFIED_SUPPLEMENT_NOT_STRICT_FINAL
ODCR-D696,D01,417,19.49846646970267,0.8344999633609205,0.11870591342449188,0.1170421838760376,21FC12A228350D1677D35BA76D53DAC1F7A94207873F7F5163FB972EBD692BFE,F2D17D07A5FA0D20144E9E875608CB545A676499620F4447D0D923C430317005,90BB207D963798341A8BA4E82BD1E9B3BB49B9CED74C1F23AD121DB6EC71F714,D696BBFA42DD1A840708B9C42E824036862ED17D538B2B47551641D8145854DB,SAVED_FIXED_OUTPUT,HASH_VERIFIED_SUPPLEMENT_NOT_STRICT_FINAL
ODCR-D696,D01,418,18.623600529411583,0.8263301470865851,0.12482096254825592,0.11892348527908325,BD085C04D06D9E35BA85CF4DB5C8718CD4A6728C3E9A7AC528AFBA5EC99D4716,F2D17D07A5FA0D20144E9E875608CB545A676499620F4447D0D923C430317005,D80FE628EBFBFF82E0B222541CFEB106A7E4D8AAEF7333C9A6122F3AA4B79F48,D696BBFA42DD1A840708B9C42E824036862ED17D538B2B47551641D8145854DB,SAVED_FIXED_OUTPUT,HASH_VERIFIED_SUPPLEMENT_NOT_STRICT_FINAL
ODCR-D696,D01,419,17.790218049215557,0.8171349427280142,0.13157524168491364,0.12239968776702881,E9CF76F9CFDD3B2C41B90A4BC839295D57A0D6641F21FED3825726407F4F2A99,F2D17D07A5FA0D20144E9E875608CB545A676499620F4447D0D923C430317005,88250D638C02C492BE389C4BFA1822B0E73C70BC2C142860C9594E54545FD622,D696BBFA42DD1A840708B9C42E824036862ED17D538B2B47551641D8145854DB,SAVED_FIXED_OUTPUT,HASH_VERIFIED_SUPPLEMENT_NOT_STRICT_FINAL
ODCR-D696,D01,420,17.05651773068964,0.8078124518948139,0.13927030563354492,0.1258319616317749,10E8123F0E6C7E854E34AB11BBF92DFB5316F27189D83F64007D20D2510C4DC4,F2D17D07A5FA0D20144E9E875608CB545A676499620F4447D0D923C430317005,73898EB95618E7ACBA8F212BFB85C05B1891BFAA4A7D76F536F6694929CD78FA,D696BBFA42DD1A840708B9C42E824036862ED17D538B2B47551641D8145854DB,SAVED_FIXED_OUTPUT,HASH_VERIFIED_SUPPLEMENT_NOT_STRICT_FINAL
ODCR-D696,D01,421,21.22694942152641,0.8470960868700551,0.10611128062009811,0.09210866689682007,43EF4FB3F0EC68D413E65E9C180BA4484770BC0D07770E0323DFEEE598FC606F,AA6F454097840D2C0AA03EB1725204FF658CC03F6C992FE9D2F4F89D5F39DCF8,B9C0C285B0B74C2DBF1B1263011DF021C17EABD96632FCA9381E3FB19BC1ACE0,D696BBFA42DD1A840708B9C42E824036862ED17D538B2B47551641D8145854DB,SAVED_FIXED_OUTPUT,HASH_VERIFIED_SUPPLEMENT_NOT_STRICT_FINAL
ODCR-D696,D01,422,13.238504042744964,0.735423512041946,0.20729975402355194,0.1358872652053833,649FED0AAF898C7E039191D2E3748C93C25A6E344FF640754970CC2214619B9F,AA6F454097840D2C0AA03EB1725204FF658CC03F6C992FE9D2F4F89D5F39DCF8,08A8EE6819A8CDA48C6B5FF3AD533B1E194B8B60688061291E3873C77DE9CCDB,D696BBFA42DD1A840708B9C42E824036862ED17D538B2B47551641D8145854DB,SAVED_FIXED_OUTPUT,HASH_VERIFIED_SUPPLEMENT_NOT_STRICT_FINAL
ODCR-D696,D01,423,20.17235901495045,0.8375190006546979,0.11109521239995956,0.09312319755554199,D70727518226E10FFFDF319430A61271FF8DA6CAA5C781F56D2B58B9E6DBD139,AA6F454097840D2C0AA03EB1725204FF658CC03F6C992FE9D2F4F89D5F39DCF8,08F6F0265463EF3C71E650C1B7639DE98A50137DF0E3177D6446371E6AB0459C,D696BBFA42DD1A840708B9C42E824036862ED17D538B2B47551641D8145854DB,SAVED_FIXED_OUTPUT,HASH_VERIFIED_SUPPLEMENT_NOT_STRICT_FINAL
ODCR-D696,D01,424,19.07817801246087,0.8262347495785244,0.12165474146604538,0.09844952821731567,B6A7FD436929660C7AB3FD29AF02C9ECB741A2C85D2A0EBC3890CD55140DFC0E,AA6F454097840D2C0AA03EB1725204FF658CC03F6C992FE9D2F4F89D5F39DCF8,37F6AC2E0E041C160C3BBAEB5A4D0BD46DD3CD54FDF01946BF22AB1F62013B9B,D696BBFA42DD1A840708B9C42E824036862ED17D538B2B47551641D8145854DB,SAVED_FIXED_OUTPUT,HASH_VERIFIED_SUPPLEMENT_NOT_STRICT_FINAL
ODCR-D696,D01,425,18.055850289530245,0.8140005666141351,0.13375315070152283,0.105033278465271,65F1E2F8700804F0A52CC64DFDC9A9F1BA033D2A4F3535D95723E7424942400D,AA6F454097840D2C0AA03EB1725204FF658CC03F6C992FE9D2F4F89D5F39DCF8,100AE8D4895D1C907331BD4246664F045FE9708A3383A877A66B09F6685A6725,D696BBFA42DD1A840708B9C42E824036862ED17D538B2B47551641D8145854DB,SAVED_FIXED_OUTPUT,HASH_VERIFIED_SUPPLEMENT_NOT_STRICT_FINAL
ODCR-D696,D01,426,17.14672547123473,0.8011233276234258,0.1475144326686859,0.11029863357543945,C3898F3BDE2F1593B3291CE8B00ABC9268F832CEF24FD1C20EB1D6EFA3CB581A,AA6F454097840D2C0AA03EB1725204FF658CC03F6C992FE9D2F4F89D5F39DCF8,6A3469F4D1BA4803284055BDBE59FD47BD7963817D096CCB7B3B55EB17EB767D,D696BBFA42DD1A840708B9C42E824036862ED17D538B2B47551641D8145854DB,SAVED_FIXED_OUTPUT,HASH_VERIFIED_SUPPLEMENT_NOT_STRICT_FINAL
ODCR-D696,D01,427,16.261899422597985,0.787240079779607,0.1617911159992218,0.1184302568435669,5BBAB4E102CE33189FD81AE31ACD3851A90AD4B944ED4E4C063EE70EFE3A7A9B,AA6F454097840D2C0AA03EB1725204FF658CC03F6C992FE9D2F4F89D5F39DCF8,51AAFD63B69F0314A1D26347CFF80F5C291A6C89ED4ED70C348C1680F3CB86B6,D696BBFA42DD1A840708B9C42E824036862ED17D538B2B47551641D8145854DB,SAVED_FIXED_OUTPUT,HASH_VERIFIED_SUPPLEMENT_NOT_STRICT_FINAL
ODCR-D696,D01,428,15.434038062797498,0.773875418499446,0.17455826699733734,0.12461906671524048,FF7E0BEF12E82227D67877258F97F8340FDF1846C91200C4D6E9AA97F2DC8BDF,AA6F454097840D2C0AA03EB1725204FF658CC03F6C992FE9D2F4F89D5F39DCF8,AF9803FD1813D6134B04949E39850091DA704FE5EA632DA224C80D8C017CFC7F,D696BBFA42DD1A840708B9C42E824036862ED17D538B2B47551641D8145854DB,SAVED_FIXED_OUTPUT,HASH_VERIFIED_SUPPLEMENT_NOT_STRICT_FINAL
ODCR-D696,D01,429,14.659655138977028,0.7611591666519283,0.1860596239566803,0.13020271062850952,FC12D75A7751A8F895161C4E9E873280C680BA26C47EF000CE3E3B4016E8881B,AA6F454097840D2C0AA03EB1725204FF658CC03F6C992FE9D2F4F89D5F39DCF8,7824FBB24BD3D27303E01730ECE38F6C87C297A2B9E0387E6C8C90E706FD6062,D696BBFA42DD1A840708B9C42E824036862ED17D538B2B47551641D8145854DB,SAVED_FIXED_OUTPUT,HASH_VERIFIED_SUPPLEMENT_NOT_STRICT_FINAL
ODCR-D696,D01,430,13.9311954402915,0.7485792466705284,0.1965155303478241,0.1348482370376587,7D217CBD78C502BFA88A38A905CC5F26C4699EF9406F5F3CEA4C06BC888BF424,AA6F454097840D2C0AA03EB1725204FF658CC03F6C992FE9D2F4F89D5F39DCF8,2E6BFEF09DE3F5E7FC41D8218204AED4BADB19F5B68D163752C584567231F4DA,D696BBFA42DD1A840708B9C42E824036862ED17D538B2B47551641D8145854DB,SAVED_FIXED_OUTPUT,HASH_VERIFIED_SUPPLEMENT_NOT_STRICT_FINAL
ODCR-D696,D01,431,23.744311113200453,0.8838811159457917,0.09137410670518875,0.08504658937454224,E079DAC8ED46F2C078D2E46D8F56390516A74D82915B1034882E6A61D8B35175,A1F9C7671DBCB24D4B6377A84ADC8ADE24C7731A98F47AFB7B9A97060538F2F9,FBF81ABED221326F30173C7188C7F3ABD96E7F350B9BF173F71737FBD5C20485,D696BBFA42DD1A840708B9C42E824036862ED17D538B2B47551641D8145854DB,SAVED_FIXED_OUTPUT,HASH_VERIFIED_SUPPLEMENT_NOT_STRICT_FINAL
ODCR-D696,D01,432,16.663066773818226,0.8561210293586736,0.136243537068367,0.10072559118270874,C5A5EF239FCA990CBDEB8C6AE5A92A8C3E1020C41ADD4F5C003DF10A7C74FA01,A1F9C7671DBCB24D4B6377A84ADC8ADE24C7731A98F47AFB7B9A97060538F2F9,C235DDE614DB25DFAA5EE4685006421BC873DD832DA52B89E48FC3703A244BAF,D696BBFA42DD1A840708B9C42E824036862ED17D538B2B47551641D8145854DB,SAVED_FIXED_OUTPUT,HASH_VERIFIED_SUPPLEMENT_NOT_STRICT_FINAL
ODCR-D696,D01,433,23.564949939753564,0.8775932252757542,0.09632732719182968,0.08904439210891724,81E52BDCA3A979BD8F769138375DCB6305374198E3D2F8B3649AC2C6A143A370,A1F9C7671DBCB24D4B6377A84ADC8ADE24C7731A98F47AFB7B9A97060538F2F9,FE89439429F622E2F8DFBA674614DB2FC95A9A65045329EBCBCAD621EAAA20A7,D696BBFA42DD1A840708B9C42E824036862ED17D538B2B47551641D8145854DB,SAVED_FIXED_OUTPUT,HASH_VERIFIED_SUPPLEMENT_NOT_STRICT_FINAL
ODCR-D696,D01,434,23.023106339231116,0.8735980542936398,0.10006207972764969,0.09411406517028809,6B9006A9A74E43164E1B4972CA49592EE79C69245E3E72CEDDC65137F43EF254,A1F9C7671DBCB24D4B6377A84ADC8ADE24C7731A98F47AFB7B9A97060538F2F9,7F1257C9D3131F5916DE03E19562CAFE2F26FAE51D53E144940C8615B27EE732,D696BBFA42DD1A840708B9C42E824036862ED17D538B2B47551641D8145854DB,SAVED_FIXED_OUTPUT,HASH_VERIFIED_SUPPLEMENT_NOT_STRICT_FINAL
ODCR-D696,D01,435,22.150080528183267,0.870405974171324,0.10413829982280731,0.09527361392974854,2544B7DE474DE85D72EB45ED000B4C12A29FC89A5B55F06A73BF4A0F9E0251CB,A1F9C7671DBCB24D4B6377A84ADC8ADE24C7731A98F47AFB7B9A97060538F2F9,461D698073ED1B06583399C69AA45F46EFF0EE19AC3768B40CA2B9C17ACCB3D2,D696BBFA42DD1A840708B9C42E824036862ED17D538B2B47551641D8145854DB,SAVED_FIXED_OUTPUT,HASH_VERIFIED_SUPPLEMENT_NOT_STRICT_FINAL
ODCR-D696,D01,436,21.11215301836915,0.8689434486784876,0.10687185823917389,0.09539794921875,CC326EC7FD12CABC6CA4CE8D867303FC92C1EEDBA65992365C8F7BFC03043006,A1F9C7671DBCB24D4B6377A84ADC8ADE24C7731A98F47AFB7B9A97060538F2F9,AF9B4C27D678BF038EF2AFC12FDC20DC12A09FB9C826E4008251E1B66DC00528,D696BBFA42DD1A840708B9C42E824036862ED17D538B2B47551641D8145854DB,SAVED_FIXED_OUTPUT,HASH_VERIFIED_SUPPLEMENT_NOT_STRICT_FINAL
ODCR-D696,D01,437,20.0813740027153,0.8684585877839045,0.11048582941293716,0.09571325778961182,1A4C9C1E710C0DC1EBB24900B24A6B538A0E11C7C51931FC9AC3C06883F22CD4,A1F9C7671DBCB24D4B6377A84ADC8ADE24C7731A98F47AFB7B9A97060538F2F9,947B0024D1F2830A9734DF5721E8C4C4BA342361A00E5D2F328F1D0BE2DBAE89,D696BBFA42DD1A840708B9C42E824036862ED17D538B2B47551641D8145854DB,SAVED_FIXED_OUTPUT,HASH_VERIFIED_SUPPLEMENT_NOT_STRICT_FINAL
ODCR-D696,D01,438,19.097185027552793,0.8675736505472981,0.11497405171394348,0.09588593244552612,7FFD0229B1C4F05F992BCD6AEA2EC824EF9273F1F36E7623F624D7F42F68976F,A1F9C7671DBCB24D4B6377A84ADC8ADE24C7731A98F47AFB7B9A97060538F2F9,186C7A4D33916F17C242615C510E93F46D51588E667821410098BA817FBF06B2,D696BBFA42DD1A840708B9C42E824036862ED17D538B2B47551641D8145854DB,SAVED_FIXED_OUTPUT,HASH_VERIFIED_SUPPLEMENT_NOT_STRICT_FINAL
ODCR-D696,D01,439,18.196856903695426,0.8653589461775985,0.12060700356960297,0.09712988138198853,4D2EA89834BDC05C64DE3BE167865C2C8C6A525E9E077E87A84D73218DFB9254,A1F9C7671DBCB24D4B6377A84ADC8ADE24C7731A98F47AFB7B9A97060538F2F9,8A54016E831A8D3D88CC348AEC64E05FFAF9CDD21699FFACC8FFD102CC639860,D696BBFA42DD1A840708B9C42E824036862ED17D538B2B47551641D8145854DB,SAVED_FIXED_OUTPUT,HASH_VERIFIED_SUPPLEMENT_NOT_STRICT_FINAL
ODCR-D696,D01,440,17.396282850451477,0.8615974973258584,0.1281091421842575,0.09789681434631348,E42BD7084DE2D81598C4A8C7B674456B30966280A1F79D80AC0AC57891559585,A1F9C7671DBCB24D4B6377A84ADC8ADE24C7731A98F47AFB7B9A97060538F2F9,9C3F963DC0CBACF5BBEA02785F77B682B7718BDE7FF019CA8F2966633B06792B,D696BBFA42DD1A840708B9C42E824036862ED17D538B2B47551641D8145854DB,SAVED_FIXED_OUTPUT,HASH_VERIFIED_SUPPLEMENT_NOT_STRICT_FINAL
ODCR-D696,D01,441,21.429555513862056,0.8320543042345073,0.09532204270362854,0.0899093747138977,093D5E1750F49D41E9EEF5CA0E57F630C7ED5EC5A2C4FDD4D649DEAE4904A1D7,A972B984E837BCFF50EB8D6E1E4B4E6F9F981F4144EE8F4E7282288E4D558E72,6E403D9483566751701A28BACE678E41831DD815802F2927B9A04404C4A858FA,D696BBFA42DD1A840708B9C42E824036862ED17D538B2B47551641D8145854DB,SAVED_FIXED_OUTPUT,HASH_VERIFIED_SUPPLEMENT_NOT_STRICT_FINAL
ODCR-D696,D01,442,14.025961602889014,0.6811331150941969,0.19080433249473572,0.12064343690872192,779CF181E6EA14D639C1CE68575B07632E78F8C5E5E599461181723C1974157C,A972B984E837BCFF50EB8D6E1E4B4E6F9F981F4144EE8F4E7282288E4D558E72,C8E564464AF1923C8AC4A113F00C2DB2AD012A19AE8CC5317EE1CB72E832AA64,D696BBFA42DD1A840708B9C42E824036862ED17D538B2B47551641D8145854DB,SAVED_FIXED_OUTPUT,HASH_VERIFIED_SUPPLEMENT_NOT_STRICT_FINAL
ODCR-D696,D01,443,19.795392318754544,0.7952692337395071,0.10805808752775192,0.09510153532028198,164EA48C02B0C706CE69BDEFA128FC2770B7D65ECBC9FE4BD118DFB8E4B659B6,A972B984E837BCFF50EB8D6E1E4B4E6F9F981F4144EE8F4E7282288E4D558E72,DC537E3221B8907F359FE9C71AB6B2FF787E0444C282AB4DEE4C7CA213BAE793,D696BBFA42DD1A840708B9C42E824036862ED17D538B2B47551641D8145854DB,SAVED_FIXED_OUTPUT,HASH_VERIFIED_SUPPLEMENT_NOT_STRICT_FINAL
ODCR-D696,D01,444,18.41147643570823,0.7666582213543252,0.11971750855445862,0.09919071197509766,8C73DB7D3D619B81DBE22AC3FBEFB49863D50F24915605842920015D646C7BAD,A972B984E837BCFF50EB8D6E1E4B4E6F9F981F4144EE8F4E7282288E4D558E72,6E2298E0457C017E2FCF2B6C03CCAC74D32B5179360F1AA16F76FD7CE5AAA89D,D696BBFA42DD1A840708B9C42E824036862ED17D538B2B47551641D8145854DB,SAVED_FIXED_OUTPUT,HASH_VERIFIED_SUPPLEMENT_NOT_STRICT_FINAL
ODCR-D696,D01,445,17.270521995670848,0.7468535472823001,0.12978196144104004,0.10269582271575928,B398DA1BBF3088529BE4CAE3771DA74D1ECE2C6E4C999FE8485510EC9B209782,A972B984E837BCFF50EB8D6E1E4B4E6F9F981F4144EE8F4E7282288E4D558E72,765D8B8DF3BA7EF9E26C24070859E229C0004834EBB18C89A0D923C026D531FA,D696BBFA42DD1A840708B9C42E824036862ED17D538B2B47551641D8145854DB,SAVED_FIXED_OUTPUT,HASH_VERIFIED_SUPPLEMENT_NOT_STRICT_FINAL
ODCR-D696,D01,446,16.31918099559683,0.7305830282310004,0.1408885419368744,0.10550528764724731,2AD223AE818D8F16B5411A3533445AF19746380CB420BC8987B026D12A3EE7B5,A972B984E837BCFF50EB8D6E1E4B4E6F9F981F4144EE8F4E7282288E4D558E72,97DD7D0CF7716EBF708719825A833EDDE075685C6D9CBEF5B70517FC624764E2,D696BBFA42DD1A840708B9C42E824036862ED17D538B2B47551641D8145854DB,SAVED_FIXED_OUTPUT,HASH_VERIFIED_SUPPLEMENT_NOT_STRICT_FINAL
ODCR-D696,D01,447,15.6587481168652,0.7200270973053259,0.15050731599330902,0.10951948165893555,B10E46EA3C239B710C59BB830D609B2918500E49086B33261D8517B28287BCC9,A972B984E837BCFF50EB8D6E1E4B4E6F9F981F4144EE8F4E7282288E4D558E72,2391315435C9CF6B2FC2AA51E4932ED2E633C46F9337E65AA792DDB88537C9E7,D696BBFA42DD1A840708B9C42E824036862ED17D538B2B47551641D8145854DB,SAVED_FIXED_OUTPUT,HASH_VERIFIED_SUPPLEMENT_NOT_STRICT_FINAL
ODCR-D696,D01,448,15.180470721682289,0.7107544437885532,0.16081534326076508,0.11186468601226807,8340306361BE9FCF48B4298E2F9FF9F49974552256643FD13E4DF8B212A54702,A972B984E837BCFF50EB8D6E1E4B4E6F9F981F4144EE8F4E7282288E4D558E72,1E8312A61980847C9576C1C2758DD93A3B7BC7D3F8442669A35A15478B710320,D696BBFA42DD1A840708B9C42E824036862ED17D538B2B47551641D8145854DB,SAVED_FIXED_OUTPUT,HASH_VERIFIED_SUPPLEMENT_NOT_STRICT_FINAL
ODCR-D696,D01,449,14.821501667789143,0.7028415687256698,0.17009326815605164,0.11371701955795288,FEA8DB5BCC7B410346E8132606385981630414C599550731403D856E8017D17F,A972B984E837BCFF50EB8D6E1E4B4E6F9F981F4144EE8F4E7282288E4D558E72,44CB860ECAD67009B1A5C6BB2E2F7A7587F2654809C5D4677AAA2F3B07E02ACD,D696BBFA42DD1A840708B9C42E824036862ED17D538B2B47551641D8145854DB,SAVED_FIXED_OUTPUT,HASH_VERIFIED_SUPPLEMENT_NOT_STRICT_FINAL
ODCR-D696,D01,450,14.477983168741964,0.6937161219189082,0.1798224300146103,0.11743789911270142,35DB2E903F33E845147D75BE18921F6B45D2F14180735FF80A244775716FE245,A972B984E837BCFF50EB8D6E1E4B4E6F9F981F4144EE8F4E7282288E4D558E72,369B2BF16A6DD78968B712B041E58CC5888286F63312756665F4F1013E38F2FA,D696BBFA42DD1A840708B9C42E824036862ED17D538B2B47551641D8145854DB,SAVED_FIXED_OUTPUT,HASH_VERIFIED_SUPPLEMENT_NOT_STRICT_FINAL
ODCR-D696,D01,451,22.25555320025287,0.8764316675861002,0.09764042496681213,0.0678102970123291,3921A18B2F6440BD3C76018848BC5FEA2D42BE5F669F7A808E7B331276848BC2,2F6057F547522670799D6BD8BD43E56A443FA584FD8C89AFFB12C2A69B7DDC9A,DF8D9AC8B78140974F51AFA7C788F7FCFA3CAE14A73DCCBC1A35E12719FB8D1B,D696BBFA42DD1A840708B9C42E824036862ED17D538B2B47551641D8145854DB,SAVED_FIXED_OUTPUT,HASH_VERIFIED_SUPPLEMENT_NOT_STRICT_FINAL
ODCR-D696,D01,452,14.07034602965091,0.7751764541677101,0.19189569354057312,0.10058796405792236,8293EC1BABEE9CC772FB1F899F741D7F8379494CE1ABE829EF6AD6955FC31E76,2F6057F547522670799D6BD8BD43E56A443FA584FD8C89AFFB12C2A69B7DDC9A,7D4B330FC6A05D452491C1439A81CA0D038832D7C948DFC572C26E2741DB6C79,D696BBFA42DD1A840708B9C42E824036862ED17D538B2B47551641D8145854DB,SAVED_FIXED_OUTPUT,HASH_VERIFIED_SUPPLEMENT_NOT_STRICT_FINAL
ODCR-D696,D01,453,20.920223345001375,0.8667570161498053,0.10583212226629257,0.0716063380241394,9704CEB95C49F0B9B3EA04DE27A63D410FB06C140A5BBE2FD0C9B10DAC4AB9E6,2F6057F547522670799D6BD8BD43E56A443FA584FD8C89AFFB12C2A69B7DDC9A,12D12ED8304BF7CFD34D482AF13BD44E2D22284DA232BD1B677BFB28C67504B3,D696BBFA42DD1A840708B9C42E824036862ED17D538B2B47551641D8145854DB,SAVED_FIXED_OUTPUT,HASH_VERIFIED_SUPPLEMENT_NOT_STRICT_FINAL
ODCR-D696,D01,454,19.656187412603245,0.8559986343887345,0.11484377086162567,0.07564401626586914,D919E134CF5B0503FBBED839CF5E74D5C9C6F9355DF8F6467940AA4A02694520,2F6057F547522670799D6BD8BD43E56A443FA584FD8C89AFFB12C2A69B7DDC9A,341E1AD774F3516C60DED088B80FCC7E34C933A90EAF65335105867A08FBA869,D696BBFA42DD1A840708B9C42E824036862ED17D538B2B47551641D8145854DB,SAVED_FIXED_OUTPUT,HASH_VERIFIED_SUPPLEMENT_NOT_STRICT_FINAL
ODCR-D696,D01,455,18.517787029166158,0.8445288283831771,0.12417865544557571,0.07879245281219482,8AF900527003B0DA72AC3326BA55743EE53E206AEE5098D5D7B0E69132561C81,2F6057F547522670799D6BD8BD43E56A443FA584FD8C89AFFB12C2A69B7DDC9A,D71D3340F6CFB38831A7D3FD0EB48F03C4815C15DC977EAC32D581462F7B319E,D696BBFA42DD1A840708B9C42E824036862ED17D538B2B47551641D8145854DB,SAVED_FIXED_OUTPUT,HASH_VERIFIED_SUPPLEMENT_NOT_STRICT_FINAL
ODCR-D696,D01,456,17.52916672586049,0.8328433066641113,0.13429594039916992,0.08230406045913696,01B2A7C2F73978DD6A30061EB8BBA5BF6CD5457DF95B21D34675193E649990A7,2F6057F547522670799D6BD8BD43E56A443FA584FD8C89AFFB12C2A69B7DDC9A,0529D694A57E02A5642ED50D2C9FAE96A72170F1CE7AC9737F696D8F67F85EDE,D696BBFA42DD1A840708B9C42E824036862ED17D538B2B47551641D8145854DB,SAVED_FIXED_OUTPUT,HASH_VERIFIED_SUPPLEMENT_NOT_STRICT_FINAL
ODCR-D696,D01,457,16.653985983970326,0.8209805424896767,0.1454094648361206,0.08616775274276733,3599DB6FE8ED429B351725DCBD1437A33D80572E1F1374A06AA4B5107B2273E4,2F6057F547522670799D6BD8BD43E56A443FA584FD8C89AFFB12C2A69B7DDC9A,54A8829FDD716557D7ED8FF3E4521F7FE5FBF7074BA87E9145C8DCAC49D492F8,D696BBFA42DD1A840708B9C42E824036862ED17D538B2B47551641D8145854DB,SAVED_FIXED_OUTPUT,HASH_VERIFIED_SUPPLEMENT_NOT_STRICT_FINAL
ODCR-D696,D01,458,15.879551611197154,0.8088542973519948,0.15638937056064606,0.09026336669921875,FA985F914D062B5CAE56FAF4274BD9CF40B01C5D038ED0F5AF50F66EB3DFCDD0,2F6057F547522670799D6BD8BD43E56A443FA584FD8C89AFFB12C2A69B7DDC9A,ABD064A56D8374CE845438E11953211484BDB141403AB80B9994EC960A802519,D696BBFA42DD1A840708B9C42E824036862ED17D538B2B47551641D8145854DB,SAVED_FIXED_OUTPUT,HASH_VERIFIED_SUPPLEMENT_NOT_STRICT_FINAL
ODCR-D696,D01,459,15.213957948814592,0.797409300131987,0.1676039844751358,0.09337097406387329,0A35EDCA25410E12FF7A14E04F5530E03B11D84CC0F80FABA25829E6C33FE0F6,2F6057F547522670799D6BD8BD43E56A443FA584FD8C89AFFB12C2A69B7DDC9A,A60255A35F3C74A78CC06536AA7047D97F118A0EFDA47FA671C93C9C8FA6FCF2,D696BBFA42DD1A840708B9C42E824036862ED17D538B2B47551641D8145854DB,SAVED_FIXED_OUTPUT,HASH_VERIFIED_SUPPLEMENT_NOT_STRICT_FINAL
ODCR-D696,D01,460,14.619568799355601,0.786288166437311,0.17916589975357056,0.09666115045547485,D8B807FBFBA671828AF7830C77A5982370CFEF6688D93BB02CD4C580379D01DF,2F6057F547522670799D6BD8BD43E56A443FA584FD8C89AFFB12C2A69B7DDC9A,3EC29037B600984D9A0411A7F7915C65FE3A0805F2629040976BD2957922125A,D696BBFA42DD1A840708B9C42E824036862ED17D538B2B47551641D8145854DB,SAVED_FIXED_OUTPUT,HASH_VERIFIED_SUPPLEMENT_NOT_STRICT_FINAL
ODCR-D696,D01,461,22.711211124779357,0.8773992120432021,0.09347660839557648,0.08119964599609375,96159CA952DAE374CF8FB809E0F09C2AF84F03E5F96AE66660C8E8ADEE53F177,25DBAAEC9AAE83C6EE2DD234375B827F969A6A417015DFE96BFD753E1154F30D,CD3757CAFB533F22E5133300DD23A0EF874BD4CAB036FD21ED4460D93365CA79,D696BBFA42DD1A840708B9C42E824036862ED17D538B2B47551641D8145854DB,SAVED_FIXED_OUTPUT,HASH_VERIFIED_SUPPLEMENT_NOT_STRICT_FINAL
ODCR-D696,D01,462,14.9334147727476,0.7843989626986358,0.1746526062488556,0.10504770278930664,59DAFE2CD5DAE5D3A5AF672AD436C8C38CDDEA0C3A19DD3220DC9C486E15E18C,25DBAAEC9AAE83C6EE2DD234375B827F969A6A417015DFE96BFD753E1154F30D,E3ACCD76C9C64DF09AABA31548F2A7B08BF88BBDA039FADEA96738C3858D476D,D696BBFA42DD1A840708B9C42E824036862ED17D538B2B47551641D8145854DB,SAVED_FIXED_OUTPUT,HASH_VERIFIED_SUPPLEMENT_NOT_STRICT_FINAL
ODCR-D696,D01,463,21.382514109349216,0.8707498361509033,0.10127793252468109,0.08242487907409668,D48BA42A61F8AE89BB3F0DEED59EAE33EC0AF3C4D101BE827280EB3A6E95042C,25DBAAEC9AAE83C6EE2DD234375B827F969A6A417015DFE96BFD753E1154F30D,1DA49E71C8F080CB01C8F7A533D2C402520DB94ABFDEDB96E5639323C771AB1B,D696BBFA42DD1A840708B9C42E824036862ED17D538B2B47551641D8145854DB,SAVED_FIXED_OUTPUT,HASH_VERIFIED_SUPPLEMENT_NOT_STRICT_FINAL
ODCR-D696,D01,464,20.14369189668081,0.8624872363573791,0.1093730628490448,0.08345896005630493,4D21D668716682655B074338DFBCF5411937A4D78BAC1BF2A6E5191A368291D2,25DBAAEC9AAE83C6EE2DD234375B827F969A6A417015DFE96BFD753E1154F30D,6DDC6AFCC1CB2AED470C1DEAC8ADE78AC6AB9B194B28F6047837C9CE4DC2BCAA,D696BBFA42DD1A840708B9C42E824036862ED17D538B2B47551641D8145854DB,SAVED_FIXED_OUTPUT,HASH_VERIFIED_SUPPLEMENT_NOT_STRICT_FINAL
ODCR-D696,D01,465,19.074846295308042,0.8524626583590176,0.11778533458709717,0.08753478527069092,322D5321C5365C6CAA9CBE447724576D6485BC4C595E32C4A13671B49B4820FD,25DBAAEC9AAE83C6EE2DD234375B827F969A6A417015DFE96BFD753E1154F30D,41CC0EF7CD84419657EAE83AA1714032B7D60EA3FB005D0D79E1D2544AEE2134,D696BBFA42DD1A840708B9C42E824036862ED17D538B2B47551641D8145854DB,SAVED_FIXED_OUTPUT,HASH_VERIFIED_SUPPLEMENT_NOT_STRICT_FINAL
ODCR-D696,D01,466,18.137214506585398,0.841057730954914,0.1259794533252716,0.09021341800689697,2CE367ABD1654F3EFFA6ACE814B73825FD298CAE29237F42E60C4FA632BF3FED,25DBAAEC9AAE83C6EE2DD234375B827F969A6A417015DFE96BFD753E1154F30D,D64E352E567CECA8F9FDFD7EB9166504E92416202F4BE010340E6D832C4976E8,D696BBFA42DD1A840708B9C42E824036862ED17D538B2B47551641D8145854DB,SAVED_FIXED_OUTPUT,HASH_VERIFIED_SUPPLEMENT_NOT_STRICT_FINAL
ODCR-D696,D01,467,17.339998168106245,0.829617068757015,0.13450965285301208,0.09335947036743164,6EE963EDFADD42C2380B7AE304151C838CB755863657FD06BADA24655A06D914,25DBAAEC9AAE83C6EE2DD234375B827F969A6A417015DFE96BFD753E1154F30D,AF7625CFB70068DDA00A67B9A143968E836DE222A80756C4E3403EF6E4114E74,D696BBFA42DD1A840708B9C42E824036862ED17D538B2B47551641D8145854DB,SAVED_FIXED_OUTPUT,HASH_VERIFIED_SUPPLEMENT_NOT_STRICT_FINAL
ODCR-D696,D01,468,16.640677192451328,0.818867461624797,0.14361345767974854,0.09545862674713135,753F7CCD72DF9F1E3CF7DD0881C66D9928C1BD4B7D1B08679B98158D7681C418,25DBAAEC9AAE83C6EE2DD234375B827F969A6A417015DFE96BFD753E1154F30D,132E4A177F8CB5D1147D3C9259D691D0BD2D7116C4C7B07A96989F2736467090,D696BBFA42DD1A840708B9C42E824036862ED17D538B2B47551641D8145854DB,SAVED_FIXED_OUTPUT,HASH_VERIFIED_SUPPLEMENT_NOT_STRICT_FINAL
ODCR-D696,D01,469,16.02585413947186,0.8084634312800549,0.15409761667251587,0.09839463233947754,B9D01D876BB0902417A5E6FE730F04B0EC88F6741AE88BB2AA5BD4FCC6DEEACE,25DBAAEC9AAE83C6EE2DD234375B827F969A6A417015DFE96BFD753E1154F30D,55EE780DA6C11531F4603847BD0DA905F8214933A72A7C8B4333E0943265CD63,D696BBFA42DD1A840708B9C42E824036862ED17D538B2B47551641D8145854DB,SAVED_FIXED_OUTPUT,HASH_VERIFIED_SUPPLEMENT_NOT_STRICT_FINAL
ODCR-D696,D01,470,15.470159670105907,0.7970555727269663,0.16464735567569733,0.10087341070175171,4CE55F50CE8D93503D8CE5F24B764DF22F8E74816F79E984A68D6682C69BB2A1,25DBAAEC9AAE83C6EE2DD234375B827F969A6A417015DFE96BFD753E1154F30D,10EDA2315C15320CBBD74881813ADD7C4C4C454BB0E80A84C1B4A80D64FF7AC0,D696BBFA42DD1A840708B9C42E824036862ED17D538B2B47551641D8145854DB,SAVED_FIXED_OUTPUT,HASH_VERIFIED_SUPPLEMENT_NOT_STRICT_FINAL
ODCR-D696,D01,471,21.418383008712908,0.8528930266471676,0.12475351244211197,0.08910202980041504,CACA65B4BFEAB5E548AF6FA79EBEC54ADDCBF857D2E8ABC4FA0E8DDDE95D5110,031E6C7A2B62F744E1E24CF53F8736F1AF54B3A2E0E196EFC970FD808199ADA1,C92E15016E3CAA3DB0665CC8266902252AD7AD838B29A4D49451B5DAEC83B8F3,D696BBFA42DD1A840708B9C42E824036862ED17D538B2B47551641D8145854DB,SAVED_FIXED_OUTPUT,HASH_VERIFIED_SUPPLEMENT_NOT_STRICT_FINAL
ODCR-D696,D01,472,13.885233414909056,0.7465219257089627,0.22061853110790253,0.11925798654556274,8952DD9CCA707EC922B685415D8F08D26C250B6368F9411AC0C4E2232B64CEC6,031E6C7A2B62F744E1E24CF53F8736F1AF54B3A2E0E196EFC970FD808199ADA1,BD9AA5E768214B67713BAC7B4E23AE7C25D3D1C656DAD2C768637201F28A988C,D696BBFA42DD1A840708B9C42E824036862ED17D538B2B47551641D8145854DB,SAVED_FIXED_OUTPUT,HASH_VERIFIED_SUPPLEMENT_NOT_STRICT_FINAL
ODCR-D696,D01,473,20.2967973430247,0.8453954666140976,0.13340619206428528,0.0907280445098877,5D754DD5A20CB3B81B5F1C153953BF62D6EA3E6D89F7D30330CFD6B6BA06D65A,031E6C7A2B62F744E1E24CF53F8736F1AF54B3A2E0E196EFC970FD808199ADA1,2D9BBCDDA42BB488882EB7F24FE9DB257B29955DBBC9C4D87940A012F251B014,D696BBFA42DD1A840708B9C42E824036862ED17D538B2B47551641D8145854DB,SAVED_FIXED_OUTPUT,HASH_VERIFIED_SUPPLEMENT_NOT_STRICT_FINAL
ODCR-D696,D01,474,19.221410585208826,0.83610179921078,0.14190421998500824,0.09403228759765625,7B084761D94EC55CD4243AB56144B79A5487C3D4D00202549BBA0EAFE5BA60B7,031E6C7A2B62F744E1E24CF53F8736F1AF54B3A2E0E196EFC970FD808199ADA1,9073D0DF9C8BF114C01D2004C82CBB0BBE70C75D5F00D8E04BF87298241E5225,D696BBFA42DD1A840708B9C42E824036862ED17D538B2B47551641D8145854DB,SAVED_FIXED_OUTPUT,HASH_VERIFIED_SUPPLEMENT_NOT_STRICT_FINAL
ODCR-D696,D01,475,18.192354953269167,0.8253273493868324,0.15285131335258484,0.09685158729553223,38C9BF7DA9C6365F88160BBFDFA4F35E7D460F152E33B06D0604985416B3AB10,031E6C7A2B62F744E1E24CF53F8736F1AF54B3A2E0E196EFC970FD808199ADA1,6CD13B3F6842C2FCAC70E321E6E0CBC922275054ED8018E54F02CA17510869C1,D696BBFA42DD1A840708B9C42E824036862ED17D538B2B47551641D8145854DB,SAVED_FIXED_OUTPUT,HASH_VERIFIED_SUPPLEMENT_NOT_STRICT_FINAL
ODCR-D696,D01,476,17.25893254937784,0.8135589805183955,0.16377849876880646,0.10132616758346558,452E78D50490E2B02E82B0E38A3ECCA60E8EBA19CB2FFA2DE993EBE3C5B5946F,031E6C7A2B62F744E1E24CF53F8736F1AF54B3A2E0E196EFC970FD808199ADA1,BB25C85E76C6A23373EE585CCEB86D174DCAA4A2232FC68547EE2F81FB7B99A8,D696BBFA42DD1A840708B9C42E824036862ED17D538B2B47551641D8145854DB,SAVED_FIXED_OUTPUT,HASH_VERIFIED_SUPPLEMENT_NOT_STRICT_FINAL
ODCR-D696,D01,477,16.417810613718807,0.8005987054910523,0.17476199567317963,0.1051325798034668,A311261B04E1AEAF1A75FEFE663E14CA867174D3BF5F5ED7B42246426A64BD42,031E6C7A2B62F744E1E24CF53F8736F1AF54B3A2E0E196EFC970FD808199ADA1,814F282E1D1CDCD698CBD2841FF3895FC624710252F99A0E430C8F368CECCC8C,D696BBFA42DD1A840708B9C42E824036862ED17D538B2B47551641D8145854DB,SAVED_FIXED_OUTPUT,HASH_VERIFIED_SUPPLEMENT_NOT_STRICT_FINAL
ODCR-D696,D01,478,15.695492214394802,0.7875800941959986,0.18530340492725372,0.10886561870574951,124D86F2A825222AFB49D4E98D3CA1DFDA13D47D3295445DD0509873B0B5BD4B,031E6C7A2B62F744E1E24CF53F8736F1AF54B3A2E0E196EFC970FD808199ADA1,98439E2003C8629533155A0729666FE8E5CE1E0DD1920EDF74170B4BAF343ADA,D696BBFA42DD1A840708B9C42E824036862ED17D538B2B47551641D8145854DB,SAVED_FIXED_OUTPUT,HASH_VERIFIED_SUPPLEMENT_NOT_STRICT_FINAL
ODCR-D696,D01,479,15.040352326125216,0.7734545295679531,0.19639010727405548,0.11240816116333008,47AB2C00EF693E013E33F6A66BB377B015781F1879462EB1FD2D53A91FAED96F,031E6C7A2B62F744E1E24CF53F8736F1AF54B3A2E0E196EFC970FD808199ADA1,CC415F08B9B41783762950281ECABBD2C0A3F67DA4772699C452E2B331951EC1,D696BBFA42DD1A840708B9C42E824036862ED17D538B2B47551641D8145854DB,SAVED_FIXED_OUTPUT,HASH_VERIFIED_SUPPLEMENT_NOT_STRICT_FINAL
ODCR-D696,D01,480,14.444551568267274,0.7592028000210322,0.20770785212516785,0.11610656976699829,17C9F866F724B31C573FABEC18932403D56861A274D8DD3545BDC0F691D5BA65,031E6C7A2B62F744E1E24CF53F8736F1AF54B3A2E0E196EFC970FD808199ADA1,2067083C8D2812F1E31EDD7270EC46173EE7293BDEC4A0C74BD430CEA1E91DC3,D696BBFA42DD1A840708B9C42E824036862ED17D538B2B47551641D8145854DB,SAVED_FIXED_OUTPUT,HASH_VERIFIED_SUPPLEMENT_NOT_STRICT_FINAL
ODCR-D696,D01,481,22.732690368934044,0.841911572294202,0.10940419137477875,0.08167886734008789,A6C7A5358F10607994B0293C6A28CAE1A4D7D4FC43DF8660753169D7D415ABBD,04E0D4A4C5D4B7BDF18A97EE9EFF05D4D30DED9E5E199DAA715A2C7615A5485D,F4815E79CC4945B8760DFB7607E979D83FC42203EB2ADCB14D8476C3AB8AC911,D696BBFA42DD1A840708B9C42E824036862ED17D538B2B47551641D8145854DB,SAVED_FIXED_OUTPUT,HASH_VERIFIED_SUPPLEMENT_NOT_STRICT_FINAL
ODCR-D696,D01,482,14.74874885113511,0.7589595842490825,0.19385351240634918,0.11130809783935547,F0E8A208E9167F03CFAD3DDE60AD98EAABDEEF9B91F9A0E130055EFC9E7D9A46,04E0D4A4C5D4B7BDF18A97EE9EFF05D4D30DED9E5E199DAA715A2C7615A5485D,1437173B5365F86ADEBCEBF537301FCBC030B5739924436EDDDF37D939354CD3,D696BBFA42DD1A840708B9C42E824036862ED17D538B2B47551641D8145854DB,SAVED_FIXED_OUTPUT,HASH_VERIFIED_SUPPLEMENT_NOT_STRICT_FINAL
ODCR-D696,D01,483,21.66337994121966,0.8425072802911148,0.11418149620294571,0.08601111173629761,009D3C86C96BE6B8BD50F7D357A234E6E6FA85B476F6F06CD64EAFC5EBF92617,04E0D4A4C5D4B7BDF18A97EE9EFF05D4D30DED9E5E199DAA715A2C7615A5485D,242D4D50F5B58BB949D5DBD8BBA04598BEDBDDFA3918C9F59D18F971AAA8BC27,D696BBFA42DD1A840708B9C42E824036862ED17D538B2B47551641D8145854DB,SAVED_FIXED_OUTPUT,HASH_VERIFIED_SUPPLEMENT_NOT_STRICT_FINAL
ODCR-D696,D01,484,20.573158382289414,0.8390064828975085,0.12204495072364807,0.09032762050628662,6B672718740F5AAB096AF8B98521AC817AA5F22FA4613A7B121CF35282715FB8,04E0D4A4C5D4B7BDF18A97EE9EFF05D4D30DED9E5E199DAA715A2C7615A5485D,3E22A57AB0A6B726B89F53EFA2149564FF4B4F1EB84C892AE31256AC134E4416,D696BBFA42DD1A840708B9C42E824036862ED17D538B2B47551641D8145854DB,SAVED_FIXED_OUTPUT,HASH_VERIFIED_SUPPLEMENT_NOT_STRICT_FINAL
ODCR-D696,D01,485,19.548020539836937,0.8313728510173374,0.13158869743347168,0.09396392107009888,A9638965E397D30F6ABEEEB49760F25F05204ABDE44881DA3AABA9437292E8B5,04E0D4A4C5D4B7BDF18A97EE9EFF05D4D30DED9E5E199DAA715A2C7615A5485D,3C67141A512651C9408B6903DF95DB5C11483F683F25CCABDB3E202C6BF17EDE,D696BBFA42DD1A840708B9C42E824036862ED17D538B2B47551641D8145854DB,SAVED_FIXED_OUTPUT,HASH_VERIFIED_SUPPLEMENT_NOT_STRICT_FINAL
ODCR-D696,D01,486,18.582045257150316,0.8224033021352913,0.14067596197128296,0.09751343727111816,D41CE5B52F7FE5BFB7F4B2EF514C348BCE2F77D645CE5BF889CA676B76B821E5,04E0D4A4C5D4B7BDF18A97EE9EFF05D4D30DED9E5E199DAA715A2C7615A5485D,5CAA37CA25F566BF4886722D9D543E7C9C00CD4224BFAD1A2D1D72A77EE339F7,D696BBFA42DD1A840708B9C42E824036862ED17D538B2B47551641D8145854DB,SAVED_FIXED_OUTPUT,HASH_VERIFIED_SUPPLEMENT_NOT_STRICT_FINAL
ODCR-D696,D01,487,17.70030177112612,0.8112632936575843,0.15005700290203094,0.0991097092628479,4D2BA0C64CF6B38C44B39E786AC3E9AAAE9AA5775F3E546C11AD88A4B589748F,04E0D4A4C5D4B7BDF18A97EE9EFF05D4D30DED9E5E199DAA715A2C7615A5485D,FA866D14BD39AF241B006B8F0C2567410C1155A03B9F6A8F87395BEC60129895,D696BBFA42DD1A840708B9C42E824036862ED17D538B2B47551641D8145854DB,SAVED_FIXED_OUTPUT,HASH_VERIFIED_SUPPLEMENT_NOT_STRICT_FINAL
ODCR-D696,D01,488,16.862262315317725,0.7986105792386732,0.15968099236488342,0.10182863473892212,E431FEE39CC400BE141F6810C88265B8D8F85486991633E86AC75804FD42E911,04E0D4A4C5D4B7BDF18A97EE9EFF05D4D30DED9E5E199DAA715A2C7615A5485D,915BDACB467EEFE86F398B6C88BD3659F16E06611A87DA6834146072E7D73411,D696BBFA42DD1A840708B9C42E824036862ED17D538B2B47551641D8145854DB,SAVED_FIXED_OUTPUT,HASH_VERIFIED_SUPPLEMENT_NOT_STRICT_FINAL
ODCR-D696,D01,489,16.095645029349278,0.7859088293165604,0.171003058552742,0.10444414615631104,31775675FB6A4C41E046CC31B711D467CFD4A252421F5A5CA85595E053B4BFF9,04E0D4A4C5D4B7BDF18A97EE9EFF05D4D30DED9E5E199DAA715A2C7615A5485D,B07E93C0B4D5FE6144C6AA5C0842D6B103BE658FA8A0C6B233D0FD62404DDD67,D696BBFA42DD1A840708B9C42E824036862ED17D538B2B47551641D8145854DB,SAVED_FIXED_OUTPUT,HASH_VERIFIED_SUPPLEMENT_NOT_STRICT_FINAL
ODCR-D696,D01,490,15.398183375606965,0.7722981064016555,0.18200549483299255,0.10871219635009766,A5F60E7BC09067C62881EBD56A4D1283E64D8BBAC5DCC77639B7EB8CC08E2B16,04E0D4A4C5D4B7BDF18A97EE9EFF05D4D30DED9E5E199DAA715A2C7615A5485D,E0E1E52CBB1DEF87765B3BA8C3954D98819653774ADB9E9B402001A8F8E7E882,D696BBFA42DD1A840708B9C42E824036862ED17D538B2B47551641D8145854DB,SAVED_FIXED_OUTPUT,HASH_VERIFIED_SUPPLEMENT_NOT_STRICT_FINAL
ODCR-D696,D01,491,22.607566495620752,0.8614868298754635,0.09343963861465454,0.09224247932434082,C0845E96F1F2A0A4665123951289F88ADFA63788CF0BDC88F450CFEEFDBC2647,D5C022E56C5FB20600D5981BBC20F4014E785056C8ED332BB6149560CDE63AFD,824C0FB83C3C82ACF532E44EFC7D8B13ED8E3D9859B9F2A613048D0458ACB255,D696BBFA42DD1A840708B9C42E824036862ED17D538B2B47551641D8145854DB,SAVED_FIXED_OUTPUT,HASH_VERIFIED_SUPPLEMENT_NOT_STRICT_FINAL
ODCR-D696,D01,492,14.771210570696812,0.7727262408671823,0.18602560460567474,0.10676407814025879,E144A458AC00750129A07575B9F51EC98F440E71A6A2F6F8B9511A26C44A44A5,D5C022E56C5FB20600D5981BBC20F4014E785056C8ED332BB6149560CDE63AFD,32C19A3310C1EB52D16718E4D2AC55BC97E4C9BE5BE5F2AAA31E5AD356BCD6A5,D696BBFA42DD1A840708B9C42E824036862ED17D538B2B47551641D8145854DB,SAVED_FIXED_OUTPUT,HASH_VERIFIED_SUPPLEMENT_NOT_STRICT_FINAL
ODCR-D696,D01,493,21.443508422081194,0.8537640371727818,0.10175314545631409,0.09348368644714355,2A40BE31E7A05E3A3249B7F4571FCF0A587F02613980531DCE0FE65DF26DDECF,D5C022E56C5FB20600D5981BBC20F4014E785056C8ED332BB6149560CDE63AFD,98BCD22E666786D477272BCEAF5CDE929667F49BECA8539C7753F53D916EC364,D696BBFA42DD1A840708B9C42E824036862ED17D538B2B47551641D8145854DB,SAVED_FIXED_OUTPUT,HASH_VERIFIED_SUPPLEMENT_NOT_STRICT_FINAL
ODCR-D696,D01,494,20.329831117298298,0.8455487774323268,0.11095242202281952,0.09368842840194702,0EDFB39790614271817C079C02DDBF400D590F88376A4AC43C797DDBACC4A894,D5C022E56C5FB20600D5981BBC20F4014E785056C8ED332BB6149560CDE63AFD,99D88A7E59DAD7B9D6FD7150749143DC9689FC9E6E0D5E50B0BEAEF451BED3E6,D696BBFA42DD1A840708B9C42E824036862ED17D538B2B47551641D8145854DB,SAVED_FIXED_OUTPUT,HASH_VERIFIED_SUPPLEMENT_NOT_STRICT_FINAL
ODCR-D696,D01,495,19.308401087739057,0.8361696015827,0.12036433815956116,0.0935513973236084,C89DF495870C2BFD33CCF45D041CF7831C3D1C976B85F9743016C60C02BB3A70,D5C022E56C5FB20600D5981BBC20F4014E785056C8ED332BB6149560CDE63AFD,1BD9C9862FE0B02C7D56E5ACE32D4534909511EC0540996C09FD0DEF2613B686,D696BBFA42DD1A840708B9C42E824036862ED17D538B2B47551641D8145854DB,SAVED_FIXED_OUTPUT,HASH_VERIFIED_SUPPLEMENT_NOT_STRICT_FINAL
ODCR-D696,D01,496,18.38253996884497,0.8267342215170149,0.129817396402359,0.09479904174804688,36755DB2156C4416060570D75CE063FD3E064F34F09FCC7DA13358A4785FC4E9,D5C022E56C5FB20600D5981BBC20F4014E785056C8ED332BB6149560CDE63AFD,DCACDC8472DB2A3252E00219EE712BE0DB2A7D2D1AA410747FAA6DC98AFD7C19,D696BBFA42DD1A840708B9C42E824036862ED17D538B2B47551641D8145854DB,SAVED_FIXED_OUTPUT,HASH_VERIFIED_SUPPLEMENT_NOT_STRICT_FINAL
ODCR-D696,D01,497,17.51685156488849,0.8162467473986922,0.14014583826065063,0.09776556491851807,B25252462A3271FE6FA4657C9B8006D3DBD3FEF8F58C831131D808C31EDE6107,D5C022E56C5FB20600D5981BBC20F4014E785056C8ED332BB6149560CDE63AFD,C4FD630FF159FF479F7D01ED470D37AE0BE1B29611CC8425C8E577DC6A18FD3B,D696BBFA42DD1A840708B9C42E824036862ED17D538B2B47551641D8145854DB,SAVED_FIXED_OUTPUT,HASH_VERIFIED_SUPPLEMENT_NOT_STRICT_FINAL
ODCR-D696,D01,498,16.718592763507125,0.8051963396651276,0.1503429412841797,0.09856021404266357,CDF11F8D5F0E2093A8FC1CDB58FA2A77BCD875E7FFEF98976FFEB42CF0D67FFB,D5C022E56C5FB20600D5981BBC20F4014E785056C8ED332BB6149560CDE63AFD,BD1A4D89A938BB2D9C4E3720E326078C7D61E38C551AAFB1E1C03359AAF1ADF5,D696BBFA42DD1A840708B9C42E824036862ED17D538B2B47551641D8145854DB,SAVED_FIXED_OUTPUT,HASH_VERIFIED_SUPPLEMENT_NOT_STRICT_FINAL
ODCR-D696,D01,499,16.006742158721252,0.7943145251282359,0.16154694557189941,0.10157370567321777,751E537B8E2FD09D26D855091F695F071CF07AD3EE70B1C16898519B287F0EAD,D5C022E56C5FB20600D5981BBC20F4014E785056C8ED332BB6149560CDE63AFD,F59FFBE269FB0105DD9AE0D72290D885FB275F9701F938375B1741242B53ABBB,D696BBFA42DD1A840708B9C42E824036862ED17D538B2B47551641D8145854DB,SAVED_FIXED_OUTPUT,HASH_VERIFIED_SUPPLEMENT_NOT_STRICT_FINAL
ODCR-D696,D01,500,15.3523394772044,0.7832541148329032,0.17403948307037354,0.10297590494155884,E74FE9BBFB952903D1F276F7515D78EE2C4EFBC03AC39221DC424B2071ED146C,D5C022E56C5FB20600D5981BBC20F4014E785056C8ED332BB6149560CDE63AFD,43FA4509771C832C4355E57290AAEA0C466D931855CF2472CDD5CE406B40B3C9,D696BBFA42DD1A840708B9C42E824036862ED17D538B2B47551641D8145854DB,SAVED_FIXED_OUTPUT,HASH_VERIFIED_SUPPLEMENT_NOT_STRICT_FINAL
ODCR-D696,D02,1,23.780175512208984,0.9381929746618699,0.07667171955108643,0.10950011014938354,9141BA11092161F2D582588F9A9BD350C6A2CC587526EFD91E8E40E526F816EF,E2C269B8F32E97F3FFF3C4971B70AC76CC377CB687B742AB2CE2DCCB3D29C1C7,C2674B6D3BA70A5F6D5C035AD0B0F64E740B2398B6A6164327A401C6FF921754,D696BBFA42DD1A840708B9C42E824036862ED17D538B2B47551641D8145854DB,SAVED_FIXED_OUTPUT,HASH_VERIFIED_SUPPLEMENT_NOT_STRICT_FINAL
ODCR-D696,D02,2,24.873024528050124,0.948206890281937,0.05118098109960556,0.083285391330719,6ECE108B73041EE0FFD554E9E537892DD51E994E8078321C505448933CA914B3,FA2B42E20AF655BC4D50948D86E2D0825307CD9AEDCC0A3A63EC2A96413417FE,55F770F7F5357A178C58E4390426BB20A6964FDA31005023179057EAE1CE3E96,D696BBFA42DD1A840708B9C42E824036862ED17D538B2B47551641D8145854DB,SAVED_FIXED_OUTPUT,HASH_VERIFIED_SUPPLEMENT_NOT_STRICT_FINAL
ODCR-D696,D02,3,25.317473140203358,0.9541768693614406,0.05549680441617966,0.1095813512802124,EF3856F3A104F4BCC63AC7F7FBEE7CD5D772699AE518533B2B3F0607677F1EF0,A07BD5DDBBB8D91BBB90E9E8B70109862A4B4F3672277D0C9143F244FDEF7F6A,269AA483B85B6DA962C05C9C266CDFFDF0050CCB37E4FCF5FF25D0AD028C316E,D696BBFA42DD1A840708B9C42E824036862ED17D538B2B47551641D8145854DB,SAVED_FIXED_OUTPUT,HASH_VERIFIED_SUPPLEMENT_NOT_STRICT_FINAL
ODCR-D696,D02,4,24.38510339436837,0.9522391114816603,0.044699400663375854,0.07492202520370483,0D19F9075B62DAE2A8DBDAC512F35FE61C14B7B929833B0C8BD8FCAFB654E3B3,91C5CFBBD6614799E257334A286235C565F7C15F8B64E0699A433EC5AFC08972,5F7B8B5D2D78386A636E4C95623F958B0D10487686FC2417345FE6D3DB21EC1B,D696BBFA42DD1A840708B9C42E824036862ED17D538B2B47551641D8145854DB,SAVED_FIXED_OUTPUT,HASH_VERIFIED_SUPPLEMENT_NOT_STRICT_FINAL
ODCR-D696,D02,5,23.47995542884132,0.9199249209326358,0.08475019037723541,0.12550032138824463,DADB66AC1C779502757A2B0815C129C001DA65A9D880B63F796DB8C49557F011,1A5EDAA74664E9113187155795809626E79E9240CA146556A6074D18E9144641,FFB30EDEB81D103DB299034BDB63E784F924618A74D706618ED7EE49786FB143,D696BBFA42DD1A840708B9C42E824036862ED17D538B2B47551641D8145854DB,SAVED_FIXED_OUTPUT,HASH_VERIFIED_SUPPLEMENT_NOT_STRICT_FINAL
ODCR-D696,D02,6,26.09002353269478,0.9348208782477733,0.07405029237270355,0.08645737171173096,0C2DC1FB63062CCF546371955F89AED3C23F3F68B0BD95F3B7EBFF61B54BA225,9D63A6B3661D09847FEA967EC5FE14E7930EA8D5E8D4C00A046E8EB68AC39CF6,BC9B796BD747DAE7C9C58003B8445140AE677E424EE523B286CB4B9859B9D494,D696BBFA42DD1A840708B9C42E824036862ED17D538B2B47551641D8145854DB,SAVED_FIXED_OUTPUT,HASH_VERIFIED_SUPPLEMENT_NOT_STRICT_FINAL
ODCR-D696,D02,7,24.57401664372387,0.9125649703477223,0.06313522905111313,0.05506300926208496,29B184D35F6E1762FBB325C9E8C5F360C186B5A53DC94F8344FF466CC6131A37,8D5BC0C7E7BFD4C24B66F6D2EFBC085CD54132919326150F95F728E6A6C4CF48,3BBD8B3F15860CA6E782BF2627D83D9A61FE5137E750ED2B700EE626187F8638,D696BBFA42DD1A840708B9C42E824036862ED17D538B2B47551641D8145854DB,SAVED_FIXED_OUTPUT,HASH_VERIFIED_SUPPLEMENT_NOT_STRICT_FINAL
ODCR-D696,D02,8,20.352355519513274,0.8691435644043963,0.08351057022809982,0.06396496295928955,F73BD76D58D08974BCF10BDBFE70ECF997F4E8F28F1F3065CA0560C1027EB785,FF98DACE28F48C68C7C1D36031311E11389872D0B607B8A7EE75EEFC26357A70,7AC176F8AA0181D502F879B9AD7AB18589CA3D5AF1B95E89E833DB7847560D22,D696BBFA42DD1A840708B9C42E824036862ED17D538B2B47551641D8145854DB,SAVED_FIXED_OUTPUT,HASH_VERIFIED_SUPPLEMENT_NOT_STRICT_FINAL
ODCR-D696,D02,9,19.31521984523342,0.834633045843046,0.11667457967996597,0.11508417129516602,3E149C2E615D53571FDE59A8111014F250E7E968374291133171873E2F5EEC0F,BEFFC4CB35E82FDE3FC5656ABFABDAC57C699EC087A11F5913FD489E9456DA71,6F1D24E40F015A8547AD0386E429EC6F3D3ED4315714684D0D04C8052503CA47,D696BBFA42DD1A840708B9C42E824036862ED17D538B2B47551641D8145854DB,SAVED_FIXED_OUTPUT,HASH_VERIFIED_SUPPLEMENT_NOT_STRICT_FINAL
ODCR-D696,D02,10,23.793414428302633,0.9345104483635298,0.06888715922832489,0.10072910785675049,D8CA729C231C9A1857BD13D4A831B9DF1F048EA4C110ED4079C3028EE98CDEF8,27DE4577B8C76D05507B012A36CBF6954714C8F743542418B419ED3607CE70DE,C2A23608A331C424DAD4BEB7A15DA544A58AC06BC3D603724F08F657A0F15EDB,D696BBFA42DD1A840708B9C42E824036862ED17D538B2B47551641D8145854DB,SAVED_FIXED_OUTPUT,HASH_VERIFIED_SUPPLEMENT_NOT_STRICT_FINAL
ODCR-D696,D02,11,22.947085140136657,0.9450262010825256,0.05298106372356415,0.08423739671707153,4B2528370B700202446789467A423260C7A4E7DAA878C4A5B6587CF9E63B2C76,923A9C8C0BFF931BA247EBB4C4CCD23FF7E5B74C515899EA829A4DEC97353CAB,A6F22B91CED775BCA430AAD2FF7240903B7C8B098407855C31946FC69FCE73A7,D696BBFA42DD1A840708B9C42E824036862ED17D538B2B47551641D8145854DB,SAVED_FIXED_OUTPUT,HASH_VERIFIED_SUPPLEMENT_NOT_STRICT_FINAL
ODCR-D696,D02,12,23.508332169838916,0.8912234651762295,0.06374752521514893,0.07742464542388916,FFB9B34B040E62E543957AA2D5512F60A15DE78D04980EA82D58D982B95F8905,100E3E2CA46EAFFEF756E8C2F4FEB202BD1FBECBF4654972AFD507E72EF48FCA,91536E7E8AAE4606E54A748B5AD787353CCD43A14D933C0110E8354ADD6690D8,D696BBFA42DD1A840708B9C42E824036862ED17D538B2B47551641D8145854DB,SAVED_FIXED_OUTPUT,HASH_VERIFIED_SUPPLEMENT_NOT_STRICT_FINAL
ODCR-D696,D02,13,24.674944744290812,0.9459587511010789,0.06567198038101196,0.07269155979156494,874E4EFE3C978F88345249565E78344613DEE0E96CE6EE2FD1F2844B62F9C1FA,3D2A445577F67ADA2C0801493D162CEADC1D3B050865E075700338A8E558FF75,E9C2C9BF032E324C25DFEF7938026AA2BC0AEE9000E61785E49F15432354DA57,D696BBFA42DD1A840708B9C42E824036862ED17D538B2B47551641D8145854DB,SAVED_FIXED_OUTPUT,HASH_VERIFIED_SUPPLEMENT_NOT_STRICT_FINAL
ODCR-D696,D02,14,23.02487712430441,0.9120758456603113,0.06960607320070267,0.09706258773803711,FBD3508EEA036F74EAFDD51CB7CEFB5ECB26CFFE42B1F3801A90D06F661CF136,B2FD7E79E6012DCFBC14BE5276B2574CB86172E89692BB371AFF8CACF3A6CB6C,AFF35D61B907A81B0CBD747588ACCA333B46F41D8AD29FDC0979E93C7E35B64D,D696BBFA42DD1A840708B9C42E824036862ED17D538B2B47551641D8145854DB,SAVED_FIXED_OUTPUT,HASH_VERIFIED_SUPPLEMENT_NOT_STRICT_FINAL
ODCR-D696,D02,15,20.49070288640719,0.9015283221670432,0.14216731488704681,0.15218687057495117,010EDB56E44239EC4EC60578171A684498C5A55BF326A18E5F7347EDA22DCBC7,F292A36D308BBA3E2B44B8AE5F27F14B030A806A35C227F6465B83E901C4073D,C0E26CF762AAF0B2F444E2AB27A9554C8CBC5A068BAC54CAFF89775A3997B2B4,D696BBFA42DD1A840708B9C42E824036862ED17D538B2B47551641D8145854DB,SAVED_FIXED_OUTPUT,HASH_VERIFIED_SUPPLEMENT_NOT_STRICT_FINAL
ODCR-D696,D02,16,17.321258216545807,0.8680404315741512,0.2032662183046341,0.15185552835464478,363254E1FA4D863E049D71FB22CABCFBA48E65517C33C5D81C44F40EAA204F65,5D4CA9FBD22B07147A0ED000B45B69857D92BD84009CEB688A5586265BE78A82,5D8AF269FD6DD693E506E881700B9289189F66408177D223DE2B553E54AB365A,D696BBFA42DD1A840708B9C42E824036862ED17D538B2B47551641D8145854DB,SAVED_FIXED_OUTPUT,HASH_VERIFIED_SUPPLEMENT_NOT_STRICT_FINAL
ODCR-D696,D02,17,28.78920156171999,0.9246193767288741,0.10683274269104004,0.10978466272354126,8EE2E798B62ED5D27507BE5486FFD9F9E825A913A9EEA087752D355D8547FCC2,CBD623843E9F9E33E639F51AC816C7A20C01FB91A8857BB7A157838DFA09F47D,779C30167A0450E0277561F61D4D79AE0995E2CC72E8FBBBC670A4F3EE5030CA,D696BBFA42DD1A840708B9C42E824036862ED17D538B2B47551641D8145854DB,SAVED_FIXED_OUTPUT,HASH_VERIFIED_SUPPLEMENT_NOT_STRICT_FINAL
ODCR-D696,D02,18,26.861578760054332,0.8414121114382156,0.08675695210695267,0.10586458444595337,870D2A72269249557119BB9685F2CE8BE7E440646D89F021D0C969194A8C11AD,10E3155BC38546B659D7AB25FB0061F405E6A32250CC7034D62924E2EB1DDC3A,80F3068CDDD66FFC7EA573EFD901382C90F595015ED1081F97BEFEAC672AF993,D696BBFA42DD1A840708B9C42E824036862ED17D538B2B47551641D8145854DB,SAVED_FIXED_OUTPUT,HASH_VERIFIED_SUPPLEMENT_NOT_STRICT_FINAL
ODCR-D696,D02,19,24.87878685855023,0.9298119212174734,0.07367229461669922,0.0874786376953125,961433EB19EFEFC6BB87DFC02EA12E8214682BB5EBF81D64C993D4313220642A,B988E0FE5622C64DF12424D2125A8839C071D6DBD9C0AC9338B96F967317BEBF,E989CC8FCD6D7FE9ABBDB608E38EAB6A533BCB5C0C9904365117937E6096F700,D696BBFA42DD1A840708B9C42E824036862ED17D538B2B47551641D8145854DB,SAVED_FIXED_OUTPUT,HASH_VERIFIED_SUPPLEMENT_NOT_STRICT_FINAL
ODCR-D696,D02,20,25.102741629492044,0.9418670006867803,0.0682561844587326,0.09293150901794434,CBEAAA3E1776B33196CD43F2801F16BDA9D50B94E467522365CA8C09364EEE51,F9A75E82285B671F22FACC6076EDE95C558CCCE580C1186EC53FCC654B5E6FF6,4B491AE6F7232AD7884EE8A6977FA920F2569F69D71B3B35F72A08802F467138,D696BBFA42DD1A840708B9C42E824036862ED17D538B2B47551641D8145854DB,SAVED_FIXED_OUTPUT,HASH_VERIFIED_SUPPLEMENT_NOT_STRICT_FINAL
ODCR-D696,D02,21,25.56972477935076,0.948239318644713,0.05182525888085365,0.06589853763580322,B7FC7B5403B1FF46D1F1BAA0F59A4DF6758D10C0B2006A59A491D033483CA1F0,A380B291BFB41BF1CC93602309E38090D391A16D837E800B8F5033876B032399,185F43D9A7029486536A4D4EAF1D1F3E6548AB9DFDD48AB4C10D5E2D98D09A44,D696BBFA42DD1A840708B9C42E824036862ED17D538B2B47551641D8145854DB,SAVED_FIXED_OUTPUT,HASH_VERIFIED_SUPPLEMENT_NOT_STRICT_FINAL
ODCR-D696,D02,22,22.03684358329027,0.9275138669456303,0.07035687565803528,0.05773603916168213,4E75AF72C06D96980ED95EFB037630E037D21FAC46C26714AD0FCC8B47204719,81CA117F2743E490198C56D2588AFD7A3FB2E8FA5685E493F15011A9CFC1CEA2,9F3C051B4816DA0775263E3A71AC88494D19206955C7A09B3D5DEC1E52479904,D696BBFA42DD1A840708B9C42E824036862ED17D538B2B47551641D8145854DB,SAVED_FIXED_OUTPUT,HASH_VERIFIED_SUPPLEMENT_NOT_STRICT_FINAL
ODCR-D696,D02,23,28.67445543506383,0.9657847909591291,0.025892363861203194,0.03139626979827881,F91220650B2B9079A5DA943DFBDAE6219DB4F2A9B27361D8DF731352FABC0A3F,FEB83B39C82093B1332CE1FD7228A53B915E18625FC1ED9FEBA5CABE79561EDB,70B743C8FC5D685A5AA3237D6713AE1C8818C4E26FCC6C8475201364D79DC144,D696BBFA42DD1A840708B9C42E824036862ED17D538B2B47551641D8145854DB,SAVED_FIXED_OUTPUT,HASH_VERIFIED_SUPPLEMENT_NOT_STRICT_FINAL
ODCR-D696,D02,24,22.300828851985315,0.9150622814900206,0.07712816447019577,0.08802580833435059,560AFA0DFD064E6F681C8C86A2186E4D0DF2C175DF734D22E9D7DB29AEAD6D45,581C223DAE3D9276259F7B35DE34C607179CCAD0C6478EDAB4BC76C391A12870,999A4AF9C9021251CCEEDD74AFAED09E2FFBB0F50E3E60BBE9F69BD64D9A6831,D696BBFA42DD1A840708B9C42E824036862ED17D538B2B47551641D8145854DB,SAVED_FIXED_OUTPUT,HASH_VERIFIED_SUPPLEMENT_NOT_STRICT_FINAL
ODCR-D696,D02,25,19.444129523459914,0.891873135409072,0.12268304824829102,0.17463934421539307,38B87E87316EBD92C8557FD65FE004784CA3A3BEDB7B0D4C634C9F78DF35B63D,5F571F08CA8D329570FA2B18AAA17F47279B00116813000F4BC2335220D5B82E,B9ECE9223D577019B507123CE060185F8BE9F2DF4E2C171A806947D03B01CAFB,D696BBFA42DD1A840708B9C42E824036862ED17D538B2B47551641D8145854DB,SAVED_FIXED_OUTPUT,HASH_VERIFIED_SUPPLEMENT_NOT_STRICT_FINAL
ODCR-D696,D02,26,20.067571264364666,0.871741649716702,0.08696308732032776,0.09545224905014038,F0CC0CE5ABECBD6E887DE2BCF9CB869690D22E80F07E1DC9003F010997FCB093,CAE85CEDFB47B7A364F1CE916D78AF704AC16C23C85D91FD627A3CD5DB52639B,3CC922A60A22CB098CBF0AABBC9CA0E1DB97E37D847C7AD7E878002F1234CFFC,D696BBFA42DD1A840708B9C42E824036862ED17D538B2B47551641D8145854DB,SAVED_FIXED_OUTPUT,HASH_VERIFIED_SUPPLEMENT_NOT_STRICT_FINAL
ODCR-D696,D02,27,24.793383856906033,0.9617518806149574,0.034966640174388885,0.040355384349823,513F4A67FA03FA537D9D90FE0C23FBF93B95A89C76318AE39A70FC80DA1C2DA2,B35AA9ECE5877FFB542DAB488675309D7147951926F547470273BABEEC170C3F,C262625D72AFF3D6A03D03EA2C44D2018B491A24A73F85ABCF96E059C414C010,D696BBFA42DD1A840708B9C42E824036862ED17D538B2B47551641D8145854DB,SAVED_FIXED_OUTPUT,HASH_VERIFIED_SUPPLEMENT_NOT_STRICT_FINAL
ODCR-D696,D02,28,24.190679260632,0.9276823591995024,0.08176039159297943,0.06919699907302856,F7142CBD00CF59CA3F13D03613D784EBBFB3CBE15453487EE3CC9A1CA4BD8C7C,673134C3ACAB65861F1A2CE11D6201A152D83B96DA045A95CB8FC2CA5AA6DBAA,0EC6358B117DC153FE4DC7C39AE49C400AB3F725BAF2A798A8F5D7F4D428313C,D696BBFA42DD1A840708B9C42E824036862ED17D538B2B47551641D8145854DB,SAVED_FIXED_OUTPUT,HASH_VERIFIED_SUPPLEMENT_NOT_STRICT_FINAL
ODCR-D696,D02,29,23.580772948884423,0.9429975129313041,0.05772646516561508,0.09531259536743164,0BD8BBB65A62F1BEC91DA31060367E8E3B0FDA97DBCC72BD7213336B5905519F,1856A3AA370A3E0EB2D01B464C718C61A7E32430230F83EB587C48E4585C3B56,1CCB2E029E0A3D57843B5CE560FB12F09E5F05871CDADA287FDEA2B576DACC9A,D696BBFA42DD1A840708B9C42E824036862ED17D538B2B47551641D8145854DB,SAVED_FIXED_OUTPUT,HASH_VERIFIED_SUPPLEMENT_NOT_STRICT_FINAL
ODCR-D696,D02,30,25.1846605184182,0.903057848854179,0.21417859196662903,0.18651306629180908,8A6AC4CD41DAEED67582DB1D57553A7C2D0C18DBA781CBE17EA485C86D5C8429,21254A8D8D99153589C52B5B694F42A1EF182C82EB1D9EC4550A9B496A55E096,9832B4BDCBF054A70568D1C5BA7C9A522218B1CE34E4E05804128423672FCCD4,D696BBFA42DD1A840708B9C42E824036862ED17D538B2B47551641D8145854DB,SAVED_FIXED_OUTPUT,HASH_VERIFIED_SUPPLEMENT_NOT_STRICT_FINAL
ODCR-D696,D02,31,23.171549478166654,0.9275454766169045,0.07241354882717133,0.054602980613708496,9E9ED7CF35DFB0F411DC636E2D03ADE42EA5A7571945855CFDE1472CD22E740D,8AEEFB74DB69702E2933B8324323F4E75E14E25CAD6A3D31A84C9FAD996F55A9,4845E40AB879DE01C2F03A45AA77EA434ECD8BE6731AF91B59B9AA1442F9FF22,D696BBFA42DD1A840708B9C42E824036862ED17D538B2B47551641D8145854DB,SAVED_FIXED_OUTPUT,HASH_VERIFIED_SUPPLEMENT_NOT_STRICT_FINAL
ODCR-D696,D02,32,22.942106680696263,0.9301742067671497,0.08180960267782211,0.09096658229827881,87AEEC9C1722716C2A7A77DDC48AD0CF1C7B6C98642B355EB972768090429325,F47199C75C5DAF63CC865DCEB92DFA0ED3F924295559843CD1732E274F355146,D3DF803764D736FBE16DCDFAF16E4E3EAECDF9EF676F016FB3A3E67276A720EE,D696BBFA42DD1A840708B9C42E824036862ED17D538B2B47551641D8145854DB,SAVED_FIXED_OUTPUT,HASH_VERIFIED_SUPPLEMENT_NOT_STRICT_FINAL
ODCR-D696,D02,33,25.571420843705447,0.9665436540636932,0.03242260962724686,0.06021988391876221,C40740D125244D93A670C562ED537524F98DC87F8DE2A1C3D6689A121B23502F,84ECB9BC04A449E4DBB6C312D831D81A6F6FDE53F825DA7E3FF18BEC2A97636A,0C0A1EC0F28CD6551CBE7CED464EAFED2ADB38916AD294BB0803DAB48828A2AC,D696BBFA42DD1A840708B9C42E824036862ED17D538B2B47551641D8145854DB,SAVED_FIXED_OUTPUT,HASH_VERIFIED_SUPPLEMENT_NOT_STRICT_FINAL
ODCR-D696,D02,34,19.034123286260474,0.8517537823002862,0.12053269147872925,0.11434084177017212,5F2341C1AD4C0EAD5F78279C10C81E5E1788E2C1AEDA2994671B82085A191DF1,CDE6A8E6D0C9A1CCDB30643A7C962619C7C35AD89DCF0F57988F0C118D572515,52B8E56DB778FAB414A541C8D9BB82B6FEB1C03B3D660D11A683ADA8963316A3,D696BBFA42DD1A840708B9C42E824036862ED17D538B2B47551641D8145854DB,SAVED_FIXED_OUTPUT,HASH_VERIFIED_SUPPLEMENT_NOT_STRICT_FINAL
ODCR-D696,D02,35,20.549440574902476,0.8720740563791863,0.09028447419404984,0.07966703176498413,CC7E039549A650FA8AD448DF27FBBA6D9ED3A640377AE22D280FB971562CD772,CDE6A8E6D0C9A1CCDB30643A7C962619C7C35AD89DCF0F57988F0C118D572515,0DEC22886B8222EA519845961F30A8E25011BF4F9254FF70E70C32DAE0536D46,D696BBFA42DD1A840708B9C42E824036862ED17D538B2B47551641D8145854DB,SAVED_FIXED_OUTPUT,HASH_VERIFIED_SUPPLEMENT_NOT_STRICT_FINAL
ODCR-D696,D02,36,23.95224095636168,0.9167373766439687,0.09425324201583862,0.09974402189254761,A1F1D1E018CA8C86E161C36AB0783AB18EDAF2F9BA19ACE6F9DE895D5E38B326,C2239A5A47FF5B7890FCC7CE2B79C0A3666206EB8772E09F8D8DFE8946EAA629,4A723E0C5576E65EEB907D5283823E7E61D5FCD472B4F42643D3C3993BC787E1,D696BBFA42DD1A840708B9C42E824036862ED17D538B2B47551641D8145854DB,SAVED_FIXED_OUTPUT,HASH_VERIFIED_SUPPLEMENT_NOT_STRICT_FINAL
ODCR-D696,D02,37,19.213357106101242,0.8501562406265218,0.11768428981304169,0.10270291566848755,8645386C416A7BC79B07D35774A47F25DEBF7237F5F8387974D4592CF95F1D6C,C9BAD15E7FCE990173058A4E841C95D0ACB84B3596403AC22431E8C563B5580C,F2D1C03FEBF12647E7696AD623A972EA389B6D6E4150E1BA634EC37CEE8BEB4E,D696BBFA42DD1A840708B9C42E824036862ED17D538B2B47551641D8145854DB,SAVED_FIXED_OUTPUT,HASH_VERIFIED_SUPPLEMENT_NOT_STRICT_FINAL
ODCR-D696,D02,38,18.923550141926967,0.8485463414323767,0.15075217187404633,0.10271620750427246,FC34237543CA68A9BADD64A28A38EA12016472EC962A383728843455D813AE93,67038B6F046E0481401B1D1FF6941165F5F65496ECD4FDA7B0797006F3121700,29F37BC8C6FD3CB7917FD205175756FB87DEB55FBAA4FFD8447ABDDC902E5E14,D696BBFA42DD1A840708B9C42E824036862ED17D538B2B47551641D8145854DB,SAVED_FIXED_OUTPUT,HASH_VERIFIED_SUPPLEMENT_NOT_STRICT_FINAL
ODCR-D696,D02,39,24.267390133841047,0.8666351578882008,0.10731185227632523,0.0942046046257019,C42783C365C0BD857AA2AEECA36799BC5B27E67A88AB6597F2737979A3942AA2,749CAA15A4CC31CFF7AE772C7759720208C1F419EE1AED99CB9BE5C2BA3F802A,D25AB91C45D1712907B6AE694B5121CBEC08C56768AEEDF7F6B6FFF84AE45FF8,D696BBFA42DD1A840708B9C42E824036862ED17D538B2B47551641D8145854DB,SAVED_FIXED_OUTPUT,HASH_VERIFIED_SUPPLEMENT_NOT_STRICT_FINAL
ODCR-D696,D02,40,19.72665252004759,0.8813785758250826,0.13955187797546387,0.14299142360687256,08C9DB4E010FB168224AD3AA317E7577EFA5D7891263C849425FF1856079368A,3AF92FD2C92659367D9E4A94F867D6D816B972EABCC7C03CAE1593B77BA7D542,02A9CE15AC6249E3EE87F77884F76781370743D9EA3C00BC28E52E73E6ED0341,D696BBFA42DD1A840708B9C42E824036862ED17D538B2B47551641D8145854DB,SAVED_FIXED_OUTPUT,HASH_VERIFIED_SUPPLEMENT_NOT_STRICT_FINAL
ODCR-D696,D02,41,20.73354145651255,0.9371820318103893,0.08589672297239304,0.08686929941177368,A56B84461FCB0E26C4803F08E3A1CB9D48B3E546BE4176DE1F2B90637B50AD9E,5C6E32D118F684CCE9B3EEDCCACF97AD8369AD96EC877721CF2D450B10F57FEF,883BFA8910F0F42DD27A6BBD30394BAADBD27CFDE146B84D272804BC38380935,D696BBFA42DD1A840708B9C42E824036862ED17D538B2B47551641D8145854DB,SAVED_FIXED_OUTPUT,HASH_VERIFIED_SUPPLEMENT_NOT_STRICT_FINAL
ODCR-D696,D02,42,20.012250194108255,0.8622191911840966,0.07808417826890945,0.09284019470214844,ACEBE5F88BEE1979E8A5874156CE201D3E56BCADB0C2413460A5F40558EBE230,7A82994824F80E7B607179BA86BC13DFF643F7585E440B278F1135B1765A45F0,1DC2E396CE85D06F38F4D8D29E52A9E781D8FF9752C0E933F93944EB1335BE21,D696BBFA42DD1A840708B9C42E824036862ED17D538B2B47551641D8145854DB,SAVED_FIXED_OUTPUT,HASH_VERIFIED_SUPPLEMENT_NOT_STRICT_FINAL
ODCR-D696,D02,43,25.531280329920808,0.9529641776878218,0.05752260610461235,0.0693504810333252,FA85CDA607CFF429549D2F8EB0A53C0D9C797262249013AA14986C8DA2D16AD6,40043008A120E199FAA957572982682731C38C28DE4F479FB808B3AFCCCA5A7C,E1F9FAEF3FEE0300CB920AB87940275DC12F1988A00695BAE4BBB3DA6470AB74,D696BBFA42DD1A840708B9C42E824036862ED17D538B2B47551641D8145854DB,SAVED_FIXED_OUTPUT,HASH_VERIFIED_SUPPLEMENT_NOT_STRICT_FINAL
ODCR-D696,D02,44,17.919692852298283,0.8154952151172142,0.15795643627643585,0.12269508838653564,CC6EE52871AA3A8BADC41CC7592D7680E956C9E269068C1B3615CE694FEF9C16,909E205AFE942DFCE28767548510AB98692EA81F3822BD35E59A72CA78C6FFC8,10D934F2749603825AFAB4BFD29C0F972ED083D0F130E3ECD53B4B9B3A6CC563,D696BBFA42DD1A840708B9C42E824036862ED17D538B2B47551641D8145854DB,SAVED_FIXED_OUTPUT,HASH_VERIFIED_SUPPLEMENT_NOT_STRICT_FINAL
ODCR-D696,D02,45,19.887023718947727,0.835655550795031,0.15521512925624847,0.13889986276626587,3EA29BA3D97AA3FAC564EFA20CA428068DBA2936F1E896EBC8876A86B10DB2BE,965F32512E69EBCD04FBA4AEA23298FBEC1858B8B6D5372CFCC534A24120F2D9,589855960E158AC8CC62AA704829645E1D0BF8FF9DDFCE1EB182A4DCD6FE3CE9,D696BBFA42DD1A840708B9C42E824036862ED17D538B2B47551641D8145854DB,SAVED_FIXED_OUTPUT,HASH_VERIFIED_SUPPLEMENT_NOT_STRICT_FINAL
ODCR-D696,D02,46,24.43110589348363,0.9257595155601389,0.06877924501895905,0.08261483907699585,48F4B9FFE20E886241C58D5D151669D5F10C12656B0FD2D26C93DF2E633119C2,109F7AF0AF212B428B325D9973865A89FFC9FDB6BABDB1AED7696A2E5F60F870,9AB3C69D5502DBD6E676C05409971671E11ACD72828CDFDFA8DCB08C34AF32F5,D696BBFA42DD1A840708B9C42E824036862ED17D538B2B47551641D8145854DB,SAVED_FIXED_OUTPUT,HASH_VERIFIED_SUPPLEMENT_NOT_STRICT_FINAL
ODCR-D696,D02,47,24.73257397350259,0.9073720888922759,0.05098583921790123,0.0682837963104248,C843F756FE02D50EDFBB8C1DDFCD64F2AECE23B8202E0B5FDB1142D525144384,1CAFDF19383328C008B8849C99BE96056FA0575EA9A2C7790673193F9FB3697E,2A7CF63640626A8B6EEB69371B0E52A6B9662F24BEF261E471B2BF8F86DFD0A0,D696BBFA42DD1A840708B9C42E824036862ED17D538B2B47551641D8145854DB,SAVED_FIXED_OUTPUT,HASH_VERIFIED_SUPPLEMENT_NOT_STRICT_FINAL
ODCR-D696,D02,48,24.154228358351215,0.9227405730632764,0.05864240229129791,0.09839028120040894,82DF917C1889787B44FB1DF2D4B8F829640CEADF52879F7E3ACD1512E50A104F,21956FE679FF2D3FEC965698884148888DDBDC7A373581D6B6A95C69B3150C70,6D232F54B4DF64218A3216A25643B681A1ABA592F05F81DBD9EDFD55B29C511F,D696BBFA42DD1A840708B9C42E824036862ED17D538B2B47551641D8145854DB,SAVED_FIXED_OUTPUT,HASH_VERIFIED_SUPPLEMENT_NOT_STRICT_FINAL
ODCR-D696,D02,49,23.57807304261158,0.9119830323282677,0.0608409121632576,0.07700008153915405,427CBEEAEA70D8F339BB0499C64537D036144C3AC2DDCB54205584866E477F89,1B1DAB7CC076783FB49E89FC0E02448F106F51351DE8DA9C53D031C07CC49A7C,1BE62102A17FDBB8D37B4757B940EBC05B98AF3727492E13396B84F3154721F6,D696BBFA42DD1A840708B9C42E824036862ED17D538B2B47551641D8145854DB,SAVED_FIXED_OUTPUT,HASH_VERIFIED_SUPPLEMENT_NOT_STRICT_FINAL
ODCR-D696,D02,50,27.26888624339187,0.953525162137789,0.041390225291252136,0.10654616355895996,279DE0C94E69BE500EB2F6CB648B545CFAD1021B5E24D8D8E84F77232EAF1C74,4E0D19B7B322C698F5ABF0F9F0BB98AD915E23BEDB7E2DAC34670EC20576153E,D90235DA3B89664C8D7810BDDC7D19313F0BB8BD2125EC5ABAEACBF6BE3F0847,D696BBFA42DD1A840708B9C42E824036862ED17D538B2B47551641D8145854DB,SAVED_FIXED_OUTPUT,HASH_VERIFIED_SUPPLEMENT_NOT_STRICT_FINAL
ODCR-D696,D02,51,18.63451247805474,0.8901621499001436,0.08409537374973297,0.06286859512329102,0FD1C0FD17D2EED999868B6FCEFD1A239FD878E17BE1487E19C61A1693D7D4B1,F55C69DF0628F224DDD6ECED74F506C329DB416C4B8670311B12A1EFF7066BB9,0207CBF2B9F32740A4EC863B65EF0EC3F23BBCE9520ABE98409758418C343C4E,D696BBFA42DD1A840708B9C42E824036862ED17D538B2B47551641D8145854DB,SAVED_FIXED_OUTPUT,HASH_VERIFIED_SUPPLEMENT_NOT_STRICT_FINAL
ODCR-D696,D02,52,27.059350802333626,0.9392249114551307,0.04659539833664894,0.06800884008407593,119DA83D9562396E1575FCC19F59E4D1D49E394228A52E59546367CD8862A089,EA8D0C71C193E6400C92A6287E68ACEA4B379FC8B8D387FB32EB86BD0B0AE7C4,A0C37B6A1F139146CB7CB26F6271DDC56ECC0042D9A6EA88042EAA6625CAAD87,D696BBFA42DD1A840708B9C42E824036862ED17D538B2B47551641D8145854DB,SAVED_FIXED_OUTPUT,HASH_VERIFIED_SUPPLEMENT_NOT_STRICT_FINAL
ODCR-D696,D02,53,24.183399031948003,0.9412412329879157,0.05484164506196976,0.06635266542434692,DB55E53F6AF8AFFF4E1A583139DF9BA6132CA8063AC959DC585227D235FC6AB5,7E29167C83F0135228F15A7C30BE11C566880991CD60C72FE0A159B16C3421B6,63883B39771CCE3E72EA8109E09ACCA04CB9B60F80F6DF3CEF1314CF59D1F5BD,D696BBFA42DD1A840708B9C42E824036862ED17D538B2B47551641D8145854DB,SAVED_FIXED_OUTPUT,HASH_VERIFIED_SUPPLEMENT_NOT_STRICT_FINAL
ODCR-D696,D02,54,25.298003529565108,0.9354236166679245,0.054119788110256195,0.0905645489692688,793EC1B6C797FA66E666D73FBDFA6ECBBEE7445151A78699F439FF984806231A,AADC5FFC5E08A25866261A9F2CB0AE441E4516408E4C2856F2DA2FB08D8F9313,6D8814F9EA1EDEAD7DD98B4C5F07E8257E66855A35761CC20B0218F30B8DDF71,D696BBFA42DD1A840708B9C42E824036862ED17D538B2B47551641D8145854DB,SAVED_FIXED_OUTPUT,HASH_VERIFIED_SUPPLEMENT_NOT_STRICT_FINAL
ODCR-D696,D02,55,18.331473864682863,0.835503782933468,0.1519036889076233,0.12213099002838135,D036115BD3C4A18160EE8172068E9817ADDB89570220AF95D1F5C1898A6A2C81,5F7F49AF957CE7B4B0ADD8C87DFB2106B9D8174509181D16EA5271BED17227BC,C830EF1A9DD038C2A811451419975258D5666EDDA0FD23D4C10054F88F08B9D4,D696BBFA42DD1A840708B9C42E824036862ED17D538B2B47551641D8145854DB,SAVED_FIXED_OUTPUT,HASH_VERIFIED_SUPPLEMENT_NOT_STRICT_FINAL
ODCR-D696,D02,56,27.336232050304417,0.8149047529468882,0.056084491312503815,0.11001360416412354,5BE029C47AA114B3B380BCCAB6807BC06CB88F455D3BCFB6969B1A27C626A78E,2B461A3D7F0FFC18F1624D452ABD50D435C3373E9FB19AF44C18A0117D253886,0D1987200F036D96C0F791062D92C2C61FDC36C5A635F850AAAF98248BF3D23E,D696BBFA42DD1A840708B9C42E824036862ED17D538B2B47551641D8145854DB,SAVED_FIXED_OUTPUT,HASH_VERIFIED_SUPPLEMENT_NOT_STRICT_FINAL
ODCR-D696,D02,57,23.85546211475367,0.8568971532868636,0.07170842587947845,0.08906131982803345,B13C36B7276B4E9943A7930DE0D62A3E4B0A27B83E7C93811FBAFA61FC4B43BC,A1B54466CA4B1DD74B303EB0C0EA500565A09684B45BE857A6FABC12C35D0165,7FEF2FB50367A20C1205F039E78C48195D9F6DAB48EB5EC55EA81F81E334DB87,D696BBFA42DD1A840708B9C42E824036862ED17D538B2B47551641D8145854DB,SAVED_FIXED_OUTPUT,HASH_VERIFIED_SUPPLEMENT_NOT_STRICT_FINAL
ODCR-D696,D02,58,20.453363926926862,0.8981150269635066,0.09765347838401794,0.055452823638916016,61E182ED0948487F2C9E6C3C24C8C0B8C91D55716E0E1485B2AD58853EB56AB0,F6A287CE904C42FF0577A7F0BA74EE4DB69B2982806FA10A1A50EFFB7E141BB7,C34370D6921B2D593E98AA4DA044AA7CF552DF6A042EBB212F04E6E616A9C166,D696BBFA42DD1A840708B9C42E824036862ED17D538B2B47551641D8145854DB,SAVED_FIXED_OUTPUT,HASH_VERIFIED_SUPPLEMENT_NOT_STRICT_FINAL
ODCR-D696,D02,59,24.115997388228735,0.9207927625132127,0.06467898190021515,0.07293295860290527,969D9AD2D0EC2536C9EDA9F8FB7BF20C4F09AB46C3647DB66EF69DEE10346425,B9BCA2CB1F682CE342C7105E068948A9E14165DE0F97114746218EAC88608436,094E28883DA3311FB30F79D82AE15F78D912F381A4F832435174725993150C7A,D696BBFA42DD1A840708B9C42E824036862ED17D538B2B47551641D8145854DB,SAVED_FIXED_OUTPUT,HASH_VERIFIED_SUPPLEMENT_NOT_STRICT_FINAL
ODCR-D696,D02,60,22.262953031888074,0.9123641385399184,0.07135094702243805,0.07362878322601318,AC45C1A333211DBACD27A32A750A64940EB3AD34949C9A349DC49653D0402A41,B9BCA2CB1F682CE342C7105E068948A9E14165DE0F97114746218EAC88608436,D5BCBF21846E9ECFC1EC568C28695AC87BD05604C8823B40B4AC80925E025DC5,D696BBFA42DD1A840708B9C42E824036862ED17D538B2B47551641D8145854DB,SAVED_FIXED_OUTPUT,HASH_VERIFIED_SUPPLEMENT_NOT_STRICT_FINAL
ODCR-D696,D02,61,22.41951762943129,0.8609717546757065,0.07749075442552567,0.08738696575164795,6C3D91F145A2C71FA12067DF5730913AD471D4862E611B50981525D7BD91979E,E4AEEEF468D337ECBE618BB4915301D9BA73027911CEF8F59D24D69BECB7CB11,4C50FBB96B9DA1720CBB6BCD103280344422B93682E599A9299095907C8C7FA3,D696BBFA42DD1A840708B9C42E824036862ED17D538B2B47551641D8145854DB,SAVED_FIXED_OUTPUT,HASH_VERIFIED_SUPPLEMENT_NOT_STRICT_FINAL
ODCR-D696,D02,62,24.225717583360037,0.9155782674758327,0.04705154150724411,0.06846708059310913,C4CBA33FB55E8B9BF13BE6FB366EC897F12849F940D9CC961251571ABE6F8591,FFAFF017F01C37DA74E4E27750C8B87E56DD8136E93469F33CC933EECAB37C41,5EC73148D87C5446229F737279C6BAA3CEF94E7844DE5C3FD8BC24BB4C2FF704,D696BBFA42DD1A840708B9C42E824036862ED17D538B2B47551641D8145854DB,SAVED_FIXED_OUTPUT,HASH_VERIFIED_SUPPLEMENT_NOT_STRICT_FINAL
ODCR-D696,D02,63,20.282173156610867,0.9206020219054651,0.07499811798334122,0.08453619480133057,1E9DD28112A3643D801098BBF0D47974837BFD9B45CA7B034EC54D9E1192D6FC,ABAC2D576DABFC8A8778C0346E17CD25448B6F6D9FD5E9E2FBB327AE609A0F87,C0C7EBD3939742ED3DE8D597BB4F7047FFCE65C9CE5D7AFD4C97D8149B950305,D696BBFA42DD1A840708B9C42E824036862ED17D538B2B47551641D8145854DB,SAVED_FIXED_OUTPUT,HASH_VERIFIED_SUPPLEMENT_NOT_STRICT_FINAL
ODCR-D696,D02,64,22.883677075925625,0.9304926822537526,0.04353901743888855,0.07289445400238037,984AFC6E193A5900DA3A6F580A3184E9777104DEDCECCF9B6C1C8F8FF5C6C9E4,95BA6D98DFD87696B70856E6484D1CCDEFCC208AC4851734E540BB85226C4FAB,2D79ABD28CD3E182F2DEDB618DB4ACF58FE04BADB39E8E3AC2430B50BFCCA5E1,D696BBFA42DD1A840708B9C42E824036862ED17D538B2B47551641D8145854DB,SAVED_FIXED_OUTPUT,HASH_VERIFIED_SUPPLEMENT_NOT_STRICT_FINAL
ODCR-D696,D02,65,22.65096058358353,0.9262438140564063,0.0638389065861702,0.08542835712432861,1BF71AA6B4C2DDDDE171EBA40B23D89E1EC5CD7D8104428153F1CF75A728CB3B,1C801A563AA8610A09B84292EB80139FF198B72EE3A320D7CD266A123004501F,1E583328BAB4B528AC2B6F52AFF98AF431BA87A553D535C2FCC9012D34848B6A,D696BBFA42DD1A840708B9C42E824036862ED17D538B2B47551641D8145854DB,SAVED_FIXED_OUTPUT,HASH_VERIFIED_SUPPLEMENT_NOT_STRICT_FINAL
ODCR-D696,D02,66,21.788583213214217,0.9147062637710519,0.06380000710487366,0.05395549535751343,FB29818914700754D22A7EB58AA471FCB8ACF3CF327A199609768A2E29E9BA50,7967A4FDBA549BD2EDB1D505D57900C924F1D5145D927BE0A6E7C1E5D8CACF13,8299E2815B94E4CEB9F06C2B1F502A90A9F7CA114E24862CC5931565D14A6721,D696BBFA42DD1A840708B9C42E824036862ED17D538B2B47551641D8145854DB,SAVED_FIXED_OUTPUT,HASH_VERIFIED_SUPPLEMENT_NOT_STRICT_FINAL
ODCR-D696,D02,67,27.35470508099221,0.9304700385415341,0.03421388193964958,0.05430889129638672,7B68550BABA1C2E5F920164C3C0A4CC684A05CB69E2AF9B08C9AA4749532AEBE,A8B86D800185389D527DD7B49906B4FB73CBFFADD19FB16AE0739B94B45F6669,EF5A1F4DCAEC2EE15A47EB969EA9AFEC1F9750E2EBAFA69060A86C1F6A7BB7B8,D696BBFA42DD1A840708B9C42E824036862ED17D538B2B47551641D8145854DB,SAVED_FIXED_OUTPUT,HASH_VERIFIED_SUPPLEMENT_NOT_STRICT_FINAL
ODCR-D696,D02,68,23.477913022421966,0.8932009926765833,0.08015148341655731,0.07674974203109741,4D934CBCBBEA7544335409ADB93C037C70C348DCE47C7F5F300F5014CE08E501,ADA582F14F104043E265B7E857EF748208294AB292CCFA4D27AF83F4231F7760,ACD1C25BAFD7BD43BB6A8C4E01D65D8302947A9F7B518F012AF9AAF7FF0A5858,D696BBFA42DD1A840708B9C42E824036862ED17D538B2B47551641D8145854DB,SAVED_FIXED_OUTPUT,HASH_VERIFIED_SUPPLEMENT_NOT_STRICT_FINAL
ODCR-D696,D02,69,22.323633132378742,0.9037878063998802,0.06219242140650749,0.06495922803878784,845C508D9737826BA33F6B94E31B725787FF23D77EBB4F5E1AB036A6FF117F4A,ADA582F14F104043E265B7E857EF748208294AB292CCFA4D27AF83F4231F7760,03FD02604DFB057DDBB0E944B5B1DDFF9D4C039B02F7460F43E1B10A66B059D1,D696BBFA42DD1A840708B9C42E824036862ED17D538B2B47551641D8145854DB,SAVED_FIXED_OUTPUT,HASH_VERIFIED_SUPPLEMENT_NOT_STRICT_FINAL
ODCR-D696,D02,70,25.017691344826673,0.930425193577515,0.09653748571872711,0.08992576599121094,38EE67CD0B33307503F0EA6F31BDFBA21A059A16B9A795FE6DBCC0D5E8128039,1377547965898DFE500A6C4F206053E2B717936E2116D8E5EC35FDBAE3179F41,2724EC20FFB0CEE1CB8BC1E08FA4D5A5400B37E8E161E98059BF12C5FBE1CDF8,D696BBFA42DD1A840708B9C42E824036862ED17D538B2B47551641D8145854DB,SAVED_FIXED_OUTPUT,HASH_VERIFIED_SUPPLEMENT_NOT_STRICT_FINAL
ODCR-D696,D02,71,24.03348540082131,0.8901285774150717,0.08278670907020569,0.0942956805229187,3E2D4527F9D332719A7650C10873E1A4A900EA240C709999D2FB065114D6A358,D671B41B8932CF3C4B9E3C426FDDBB5629CC10CF9C95613C5AAAECE9B91E80A1,13ED3E77145E43446D4D732A02FC26657DB77DE586BD45341DAE292204F42F38,D696BBFA42DD1A840708B9C42E824036862ED17D538B2B47551641D8145854DB,SAVED_FIXED_OUTPUT,HASH_VERIFIED_SUPPLEMENT_NOT_STRICT_FINAL
ODCR-D696,D02,72,22.971363609360367,0.927894239611665,0.06938903778791428,0.07154583930969238,1CB05322872FD0A8984A3C761581F6F4E0BC49BA1F7F55299FD07245628BF8C8,86CFF5C2C4826FA374A3ABB3834245D1DEF4DD1F69A634B55002178E5870A8BB,6175279528CBA34B5EFAC683BCC41961885AD77E5E5A2DBAB5C51EBB1FD3A57D,D696BBFA42DD1A840708B9C42E824036862ED17D538B2B47551641D8145854DB,SAVED_FIXED_OUTPUT,HASH_VERIFIED_SUPPLEMENT_NOT_STRICT_FINAL
ODCR-D696,D02,73,19.793741165628308,0.8866483611909134,0.10096175968647003,0.06888151168823242,5AFB34AC98CCD939A677B822E5FF9AADC0CA91272676FE4723DD053277343126,D2ECEC90ACFA6C2269F3C0936D08ABD9BD47F4275DDF6E2789FA973039830FF6,FADDEF0E8944564176FA7F8273647DB5CC6A2E40014F103FC29725604F7D8992,D696BBFA42DD1A840708B9C42E824036862ED17D538B2B47551641D8145854DB,SAVED_FIXED_OUTPUT,HASH_VERIFIED_SUPPLEMENT_NOT_STRICT_FINAL
ODCR-D696,D02,74,19.151444392511493,0.8826738174932984,0.10576233267784119,0.0648338794708252,93203DEC82FC580210EFD4965EE49D5E9DD9A8AE67828BE77FCCB5BEEC7DF466,9736E4424A5F267FEBFBE6AE88068BE9EF19E3C7C4B58A262119C936F18582BF,3FFFF9435B734F9AAD47B3C2AC7CD0D64969098A05FB6E28E7E51EA273F94A07,D696BBFA42DD1A840708B9C42E824036862ED17D538B2B47551641D8145854DB,SAVED_FIXED_OUTPUT,HASH_VERIFIED_SUPPLEMENT_NOT_STRICT_FINAL
ODCR-D696,D02,75,23.21486294605988,0.9333258084721011,0.08366980403661728,0.07425665855407715,2F58E3882BD85064AF29BD865724A2943B8ED95E3C515544A317D006EAB904E9,822AEC2BD9ED41031B3981FF831953356DF9B07EDF0251CFB55EFD8FB49F4A16,9DEE92148FC72BB947870D4F736D12FB12F8D6F40A0BB3D0B5DCAC2D39258691,D696BBFA42DD1A840708B9C42E824036862ED17D538B2B47551641D8145854DB,SAVED_FIXED_OUTPUT,HASH_VERIFIED_SUPPLEMENT_NOT_STRICT_FINAL
ODCR-D696,D02,76,17.92213056365433,0.8835182570610618,0.12541238963603973,0.10774892568588257,A1773F068F9000DC9B64AB0E3FA60B720BA96A131CD410ACD4AE533F549893A0,D01C57762736E94306BB5EC1F68DDE96ED96B45AF71EACC0A0F28FE75515BDC8,AC2E46C820535F01DDD3A26370D1528095DA084A1835D87A6EE992D9878A4191,D696BBFA42DD1A840708B9C42E824036862ED17D538B2B47551641D8145854DB,SAVED_FIXED_OUTPUT,HASH_VERIFIED_SUPPLEMENT_NOT_STRICT_FINAL
ODCR-D696,D02,77,22.744630170776382,0.9165258657066998,0.06112770363688469,0.0899553894996643,80F1827877C1AF461FD1AEB2D568139EF8B35807FFD903A0A7B03B806C92F795,00E629A575C9A2BB296EC62748C669499C21EDD99385D86AEFB704F5DA56E8E7,C88C643782304E443D369F3E55E9D9EC5D2F1E4ECF90BFD10F1A4D745128F803,D696BBFA42DD1A840708B9C42E824036862ED17D538B2B47551641D8145854DB,SAVED_FIXED_OUTPUT,HASH_VERIFIED_SUPPLEMENT_NOT_STRICT_FINAL
ODCR-D696,D02,78,24.0867114639265,0.9249300486883222,0.0524989515542984,0.0695042610168457,9CDD8C340BB68A32AEC2306C0B41ED852EABCDA9E2EFD42A5398A11660B2BDB8,64825DBC70C2EFC65C78B1544644783B44F9BAC8168E67F706E0439AC44FC8EA,CC63D390EC885590B47306AED51082784B6099A20A16B597902D05CF124E342B,D696BBFA42DD1A840708B9C42E824036862ED17D538B2B47551641D8145854DB,SAVED_FIXED_OUTPUT,HASH_VERIFIED_SUPPLEMENT_NOT_STRICT_FINAL
ODCR-D696,D02,79,21.810640577427005,0.9163330453486808,0.060733914375305176,0.06659400463104248,57E69A43C59800178B6D33F2175D19AAA1D3AA62F095959AA05F0CE4EB8AA634,54EDE8461AB1D0C96372CE417F17127EA4F9DF321CC540B3F7718D6F080A7EEF,FAB53DF2E60E2FEB6F3D20DDE37659437EDAB263AC9CA982C883EB97A39DD292,D696BBFA42DD1A840708B9C42E824036862ED17D538B2B47551641D8145854DB,SAVED_FIXED_OUTPUT,HASH_VERIFIED_SUPPLEMENT_NOT_STRICT_FINAL
ODCR-D696,D02,80,26.570849327020888,0.9661806808008261,0.039478402584791183,0.06461191177368164,241B95E82A31828C1EB1DF0271D9FBF7C9B3D1A2ACB810FEE25AA6C8949C8CAC,1745CBF21C47B669AA25652CC150C2C90BD1248D1F48BC7F948CCC37120F957B,08EBA29CC7D9D4353FE221321AB34C04704A2B2D02FBEF22773B726A96D900B3,D696BBFA42DD1A840708B9C42E824036862ED17D538B2B47551641D8145854DB,SAVED_FIXED_OUTPUT,HASH_VERIFIED_SUPPLEMENT_NOT_STRICT_FINAL
ODCR-D696,D02,81,25.906694927944546,0.9329649369696115,0.05270540341734886,0.05736863613128662,ED9F27F47CAAAA12B54649ED0C2717B38D2427FEA413887FA89B30E8B12D860D,8DA4FCA93DC56A92759936372C6C3ADEB2EAECF183B20B2776850DED852EA09B,5BE421B00C7ABA89A82ECEF3578DFEBFD1FC62CB20208AA99441D6CE17BB2598,D696BBFA42DD1A840708B9C42E824036862ED17D538B2B47551641D8145854DB,SAVED_FIXED_OUTPUT,HASH_VERIFIED_SUPPLEMENT_NOT_STRICT_FINAL
ODCR-D696,D02,82,22.589251052664498,0.9303759833820838,0.06493669748306274,0.07750409841537476,7FC76E3E6855353A083B56167D12AD9D1EB28BD4D97D70049359F66E76C64947,88E2898D3D756165E46D4B0565704965036595D0E7864CEBA5382C26FE1101B5,8E98F9864191FAAE7FF6FE1FC1DDA8B8EC4FDF634F9E920EA8783E1E9EB148E2,D696BBFA42DD1A840708B9C42E824036862ED17D538B2B47551641D8145854DB,SAVED_FIXED_OUTPUT,HASH_VERIFIED_SUPPLEMENT_NOT_STRICT_FINAL
ODCR-D696,D02,83,20.26563369259719,0.8831526269842791,0.11652585119009018,0.12127900123596191,463BCAF8869C2B9004398E7AF603338146A9C5A4BCE1DD08ABDB6A76385CB842,5C62B4431B614976FF634DFA013C7DF613E1EB14FB16C60A26D8953AED8F94A7,177E190CD33811AF000A72990D8D090D578751D88B99CA0A77FE0F071D000B2D,D696BBFA42DD1A840708B9C42E824036862ED17D538B2B47551641D8145854DB,SAVED_FIXED_OUTPUT,HASH_VERIFIED_SUPPLEMENT_NOT_STRICT_FINAL
ODCR-D696,D02,84,27.436871187769796,0.9312926141582647,0.04467000812292099,0.043735504150390625,D54B74E33C22A6D08C89DD9A738D132894EC6A54ED71796E1EF3F802B2363991,AD68A23DF057187D7E136AD3CD1C19914B26CE06C843C80BEE244CAA5E7C7BAF,E39FD25BD4FE651FD4D0B6FE42255101FCCA71F5A593503802F110B30239D275,D696BBFA42DD1A840708B9C42E824036862ED17D538B2B47551641D8145854DB,SAVED_FIXED_OUTPUT,HASH_VERIFIED_SUPPLEMENT_NOT_STRICT_FINAL
ODCR-D696,D02,85,25.994137607069902,0.9340219610107009,0.10091639310121536,0.15999329090118408,D60C7848877D3418E3A86C78192056D1ADD15F39CC02CDE262544F9055935179,0B6EF502896FCFE31C8494E825F8FF29F10BB32AC987BA75F8DB69560ADEB7CB,8C8BF3FC1C2D29C97698C304FADE07409A16C2BBC305F97E5B319287D2541BAF,D696BBFA42DD1A840708B9C42E824036862ED17D538B2B47551641D8145854DB,SAVED_FIXED_OUTPUT,HASH_VERIFIED_SUPPLEMENT_NOT_STRICT_FINAL
ODCR-D696,D02,86,23.69316709129656,0.8765261907689786,0.07002788037061691,0.08643251657485962,10156017CC42660703785C3222D478B4EAFCBC5C66B8400FBA25E90C48D8E934,B426EDB5E03AF23728B8F3D47C6EC6ECEFBEB31D666C085CFAD56205A1FE468B,885B7E2888F36A590F5BA679D7762E51F01C2A3137BC3D092A8F3A01B214E3B1,D696BBFA42DD1A840708B9C42E824036862ED17D538B2B47551641D8145854DB,SAVED_FIXED_OUTPUT,HASH_VERIFIED_SUPPLEMENT_NOT_STRICT_FINAL
ODCR-D696,D02,87,19.272198703117056,0.8303535251556825,0.1307731568813324,0.09357774257659912,174D33FE0EB7F689B4999F97775972AB1DA246522B0832FF69DF8DC8CA6EC44E,C31D9EE382499B8460BD71AA5352B79B3FC20637455D73AD648358766009017B,5E2A44A9456B2FB994DCA26471A89D082F5022E37EDF49F54DA35A05B492E556,D696BBFA42DD1A840708B9C42E824036862ED17D538B2B47551641D8145854DB,SAVED_FIXED_OUTPUT,HASH_VERIFIED_SUPPLEMENT_NOT_STRICT_FINAL
ODCR-D696,D02,88,19.87111294006447,0.8908846111499757,0.12571077048778534,0.131494402885437,C2571BC88D2734CD434D0B1B898457FEE8D642882CBCA89D6F4A46E33C61BD8B,4B4E96C9E69409599334C782ABB38C75C0C29A7C02FE24A73A992CE4D2AB88D2,894FAA6FB8E50DE7976C48371BB1A31972AADDCC8288388E41D7900BAA09F2C9,D696BBFA42DD1A840708B9C42E824036862ED17D538B2B47551641D8145854DB,SAVED_FIXED_OUTPUT,HASH_VERIFIED_SUPPLEMENT_NOT_STRICT_FINAL
ODCR-D696,D02,89,24.001839732511282,0.9465510296305083,0.05523166432976723,0.10143828392028809,754090A2D268F6F8C0B4E03A106EC7CFF8E79375048F2DB419EBC388FB2B6B6F,6BEAEC1640A19F4ABBCFF08C66232161712E85B66523F9FEDA3DED56F4303A2B,4B944C723F21984CB545740ED887ED8634FF62FCD639F0940D0549FC0CAC4441,D696BBFA42DD1A840708B9C42E824036862ED17D538B2B47551641D8145854DB,SAVED_FIXED_OUTPUT,HASH_VERIFIED_SUPPLEMENT_NOT_STRICT_FINAL
ODCR-D696,D02,90,17.981595468723476,0.7847848736014859,0.1133599728345871,0.11094146966934204,5B20E9E1EA00E982B8F37494DBE0EDC8196AC05B24D3775C3C117290B43D2B16,3CCAE48B83CB8D0FB34C264EC9A16032DFB8F782D7D496E7AF6EC818BCABC712,5550066B2A2652BED9D26B0231D2D9D40890C2B850F1BD98894ACBCFFA6D183A,D696BBFA42DD1A840708B9C42E824036862ED17D538B2B47551641D8145854DB,SAVED_FIXED_OUTPUT,HASH_VERIFIED_SUPPLEMENT_NOT_STRICT_FINAL
ODCR-D696,D02,91,16.438090119738696,0.7668702646223952,0.16321700811386108,0.13162964582443237,A9F34BBD71E21AFB29DF38E368957A522596621290BE6BC537B2C320C7D161E1,3CCAE48B83CB8D0FB34C264EC9A16032DFB8F782D7D496E7AF6EC818BCABC712,5A7B55D41E6CA15C1135019622084EC931804CB8CCE01CE6D80D866A8723F2C1,D696BBFA42DD1A840708B9C42E824036862ED17D538B2B47551641D8145854DB,SAVED_FIXED_OUTPUT,HASH_VERIFIED_SUPPLEMENT_NOT_STRICT_FINAL
ODCR-D696,D02,92,25.748364908911952,0.9378631572010502,0.04301097244024277,0.052004992961883545,625C6AE7674A2E7347194FFD2C081614035D71CB405AF2F467DB3B4B7446AB2C,D112A5C5F48D85969936EF98E1DCD977698F23F0F7D43719D959BEE5A345B72F,FB43D9C90445AB78ABBB114AD30C92A96DEC4F0A1C37F597C0929578F2343514,D696BBFA42DD1A840708B9C42E824036862ED17D538B2B47551641D8145854DB,SAVED_FIXED_OUTPUT,HASH_VERIFIED_SUPPLEMENT_NOT_STRICT_FINAL
ODCR-D696,D02,93,27.685274755708853,0.9557285509845226,0.05962451919913292,0.08684778213500977,373CDA6C6D7B50EE41375E1BC8FE316392CBDE4BF663BF6226A3B61E830E4CDE,F94B6A54971226F1BB7A55F76A30509D8C25524E5D09D5152E470D15340AD6DF,3AE6F898D45A8EAE57C51C622BFB2C3AE026588C637E7995CB2E072AA53D4943,D696BBFA42DD1A840708B9C42E824036862ED17D538B2B47551641D8145854DB,SAVED_FIXED_OUTPUT,HASH_VERIFIED_SUPPLEMENT_NOT_STRICT_FINAL
ODCR-D696,D02,94,22.96196096804335,0.8851285961366154,0.06823781132698059,0.08568376302719116,24A7B5D10D32168AABE56EABAFC34177E2E53E1FAF3CABC873463C58AC31606A,D3A9D03A0D6408C2D8AF99ED26D5DB4E10AC3C1B4B36FFE825D79BC7F6A9DE00,717478BDB705240BBD95B6DC263F183C598E4D3F787744E89E5982C954D83B8C,D696BBFA42DD1A840708B9C42E824036862ED17D538B2B47551641D8145854DB,SAVED_FIXED_OUTPUT,HASH_VERIFIED_SUPPLEMENT_NOT_STRICT_FINAL
ODCR-D696,D02,95,22.768124895751576,0.9463317848796579,0.08119429647922516,0.1153668761253357,2349A5CE221A88D2AB7BA5B184045766C2715D132A2E01D964B2E0B6356B8984,09FB934BCAB9D455AF69288246BAB1584A54F35E46C4CDB5AD156826DC77F3E2,CF4ADA8A5228C3D86694D9F1EE6C434FC2A038C605E2EFAB92031C7035318612,D696BBFA42DD1A840708B9C42E824036862ED17D538B2B47551641D8145854DB,SAVED_FIXED_OUTPUT,HASH_VERIFIED_SUPPLEMENT_NOT_STRICT_FINAL
ODCR-D696,D02,96,25.38002705266893,0.8931052884773796,0.08482813090085983,0.09711408615112305,BFE18BE78966E8D2D137E7E5A8670486027AE488CD0F53E117198A9F570CDDDE,F10E9BD729A1EEA3FAC1539D70DE2ED6747FF201FA9091A864362CBB95E4BF8D,304232D55B46CF5C9A215FE539A45BF96A66C0605346FB54F3D9CAD33166E59E,D696BBFA42DD1A840708B9C42E824036862ED17D538B2B47551641D8145854DB,SAVED_FIXED_OUTPUT,HASH_VERIFIED_SUPPLEMENT_NOT_STRICT_FINAL
ODCR-D696,D02,97,27.40337699648441,0.9366107286314289,0.057060278952121735,0.050244927406311035,EE592A267D7A4874B696C94F7F333BD4105DFE48952C33817BA9A99E5D97AA34,569399437F74BD5EF7931CB6F37A8796565DA083AC4B2123546AF1BBAF80EA94,659F3FA0C93F03A2C9B8A44B548BBBD4FF1D449FA1A33E974C613A8E6B7F7E79,D696BBFA42DD1A840708B9C42E824036862ED17D538B2B47551641D8145854DB,SAVED_FIXED_OUTPUT,HASH_VERIFIED_SUPPLEMENT_NOT_STRICT_FINAL
ODCR-D696,D02,98,21.527572567660958,0.9110389334138397,0.07402414083480835,0.09168154001235962,02505E75B7598F201733F843102FA3E4C26BF74C200A3FE18EC1A34F7BEE3C08,B8209971E5C464248C39FF8D93DA3AC7912C902289C3B0C10888CB774B8ACBA2,0D8C601EF4975C6AB74BBBBD6E60E6FB27622AD1BC373252B3E06690DF0B03E3,D696BBFA42DD1A840708B9C42E824036862ED17D538B2B47551641D8145854DB,SAVED_FIXED_OUTPUT,HASH_VERIFIED_SUPPLEMENT_NOT_STRICT_FINAL
ODCR-D696,D02,99,17.71147960859382,0.8777784999036823,0.10385723412036896,0.11502230167388916,8C9904CA4AD5AE74B6965C61296F547E7F2F3CD6438725014A3E00C3F15853F4,CA14F832D4CFF271642B8346636643EF72190AE7715E07507343E959D4BC5A07,95FD38791F3A7B57AE4D0BF3B60A3A5E6FA106E8976D379CE8AC465B43B50939,D696BBFA42DD1A840708B9C42E824036862ED17D538B2B47551641D8145854DB,SAVED_FIXED_OUTPUT,HASH_VERIFIED_SUPPLEMENT_NOT_STRICT_FINAL
ODCR-D696,D02,100,19.69197103093364,0.8846339939710465,0.10578162223100662,0.09858077764511108,F1E72428753AE2FA344372C655E7A7492071FFA2C048519BF7B78D03BB159D57,74CA63431126D94F247E5460657D5DCEE95691899C4B61F24F4A4329DBD5D778,E39431CC57D59ECF9E88AB3A078A1120FF7A657BBA10EAE170AB7B407BA9FD50,D696BBFA42DD1A840708B9C42E824036862ED17D538B2B47551641D8145854DB,SAVED_FIXED_OUTPUT,HASH_VERIFIED_SUPPLEMENT_NOT_STRICT_FINAL
ODCR-D696,D02,101,21.73105304890036,0.9347401314068788,0.06138024851679802,0.06584048271179199,189121F9556802AF1552F40C4B1CC69F90334D4647B89F2694DA8B5CD396C861,62E78758ABF97E6E32778C518579EC0D558ACC05BD1E3CA4D5B0B8FEB12D2321,36922A10B483B22296D9CC60506736B71AA941CDEFC2D7A68C03817AF9BD078B,D696BBFA42DD1A840708B9C42E824036862ED17D538B2B47551641D8145854DB,SAVED_FIXED_OUTPUT,HASH_VERIFIED_SUPPLEMENT_NOT_STRICT_FINAL
ODCR-D696,D02,102,28.31603907669612,0.952142930165547,0.04876404628157616,0.06208229064941406,07991AB575134A0C4F0340A9DBC25F27519618AC1BA0032ED6944FA765C9938E,36F74875E7F1B20A7F0A653AB5A29E78DCB808C257F9E35687912E79883E5F31,BC077217D84848A8DFB3F9A044659E830C6ED1484F5BC9A275D3F8B4540D6A80,D696BBFA42DD1A840708B9C42E824036862ED17D538B2B47551641D8145854DB,SAVED_FIXED_OUTPUT,HASH_VERIFIED_SUPPLEMENT_NOT_STRICT_FINAL
ODCR-D696,D02,103,22.17298068917262,0.9265520674284654,0.05486627295613289,0.0782962441444397,15D051F175D5BCBAAF756E88A2DC6584467BDE28C30247D1F6DCD03ACF5A5960,66C76449EAFD2653A2430E261C948D3448A796CDC2FB03E6844172A830E4172F,16E2B221DFC75037964A86556F90624A0C2D47E8153F191504424775DEF6692D,D696BBFA42DD1A840708B9C42E824036862ED17D538B2B47551641D8145854DB,SAVED_FIXED_OUTPUT,HASH_VERIFIED_SUPPLEMENT_NOT_STRICT_FINAL
ODCR-D696,D02,104,21.6033469123424,0.8400530882286267,0.0872873067855835,0.08470964431762695,2DF15B25989BBE7B8E67249EC6D75E4A84AC5844BFB17D64544BE895D4706D99,EDE00466169D2E978BBF21B2D385F1FAABEE36D016385A395C4E7BC2773D577D,8FEF83AE9A9ACB4C779C3E7DCF86A40F3A7733DE063A353C6607D86AF897468C,D696BBFA42DD1A840708B9C42E824036862ED17D538B2B47551641D8145854DB,SAVED_FIXED_OUTPUT,HASH_VERIFIED_SUPPLEMENT_NOT_STRICT_FINAL
ODCR-D696,D02,105,21.998387932607223,0.9051480004578923,0.11681583523750305,0.14086341857910156,A2BBB9FC0FFC8A25F4B12DF33177DAFC525D13B55BD1F32C81ABC0C404B540BF,9825489EA2CD279456A5BF2A195BF9956399961C7CC68F1E10C6C7E19FDC2F7C,719284B7CAC9DDE6011CDDBA961F0824F08780953B4D411EBC69B63BE88A7C51,D696BBFA42DD1A840708B9C42E824036862ED17D538B2B47551641D8145854DB,SAVED_FIXED_OUTPUT,HASH_VERIFIED_SUPPLEMENT_NOT_STRICT_FINAL
ODCR-D696,D02,106,19.735064052125097,0.8871444702775769,0.11355938017368317,0.08194327354431152,4BD8D8FDCC570F7E04EB0ED530AAB84DBF8FAD6D8728B367A66A6804473353A1,BE1082C0C384C6BB720D7B7BC3FFB8DED4B36DA7C70B08014D831DCEECB7B207,C0B09E41EDEFD976C6480BFA14F76F3F499757AABD44A91D330B9D59A980A4D2,D696BBFA42DD1A840708B9C42E824036862ED17D538B2B47551641D8145854DB,SAVED_FIXED_OUTPUT,HASH_VERIFIED_SUPPLEMENT_NOT_STRICT_FINAL
ODCR-D696,D02,107,25.76548177375016,0.943795409589971,0.0712633728981018,0.09431958198547363,55CFEAF411ABE9870455F8E93A6F30D3B72942FB00F8A0B4E11CF6178EE1DF7B,3F567C7CD8EB33B56CB9F0EE5E15207D1C5390FBF6676C0F57DCAA131BEFABDF,AB2AD99AF776CDDDE78DED9052DFAEA30BE7871E7797679DC5A7B934B8C0EFC7,D696BBFA42DD1A840708B9C42E824036862ED17D538B2B47551641D8145854DB,SAVED_FIXED_OUTPUT,HASH_VERIFIED_SUPPLEMENT_NOT_STRICT_FINAL
ODCR-D696,D02,108,22.31431281411311,0.8946901472779686,0.056273818016052246,0.08933240175247192,F50FF071455483ABBBB561B7FD1691E6AA1EC62235AE4B2656B5B603FB2B2689,D3710632ECD99B1721D3E380CFF6E0F80431C92B744BF17B9257D60E9EE77161,B83683739411CC4E86E90F7BA20E4C794E48DAA6D342F45A4E48184564E9DA20,D696BBFA42DD1A840708B9C42E824036862ED17D538B2B47551641D8145854DB,SAVED_FIXED_OUTPUT,HASH_VERIFIED_SUPPLEMENT_NOT_STRICT_FINAL
ODCR-D696,D02,109,24.755843393695063,0.8979678394878082,0.0711555927991867,0.06667453050613403,367AFCF4D16BDE58340E7BF84A0E385FD0CF2AA00E43AD88F457E7472AA7F4DD,D0E13335A91A73031E39F31B92409108CE929C74B31D7E2A8304211F4EC7C6B0,12D1EDCB2975A0C8D1B49501B8C7A8D03C64143C2C3DD5B7C42B5C6A5C0A6DAD,D696BBFA42DD1A840708B9C42E824036862ED17D538B2B47551641D8145854DB,SAVED_FIXED_OUTPUT,HASH_VERIFIED_SUPPLEMENT_NOT_STRICT_FINAL
ODCR-D696,D02,110,21.607222666425578,0.8819744208495811,0.12393290549516678,0.11995798349380493,BCCBE97F149169BA2B135386AAFEDB7DD9D8BD415F2B8B12770BF1438555DD51,3F6FD0A90D7AE210DF011BE27F53B346D7B36953B2C9220230C1E5C326E6D025,F082BDFF1F5CA7375DCE6DE71A9D01D87F2772BEEDC397AECF2725D83B38B255,D696BBFA42DD1A840708B9C42E824036862ED17D538B2B47551641D8145854DB,SAVED_FIXED_OUTPUT,HASH_VERIFIED_SUPPLEMENT_NOT_STRICT_FINAL
ODCR-D696,D02,111,18.884102363779196,0.8802751605724658,0.12627658247947693,0.07946920394897461,7F7872905FDD958BCA83183E0123794A472126A8ECFC19CE5A22550F6984447E,E1CCFB15A5E0034EA541429667FA6C6CF2A2717CC56C21A5B78593CD9464633F,AAD1E2E20F9C59B389B855CF1AFDF6EE1AC026B3A371B48D7BF096DDC7709218,D696BBFA42DD1A840708B9C42E824036862ED17D538B2B47551641D8145854DB,SAVED_FIXED_OUTPUT,HASH_VERIFIED_SUPPLEMENT_NOT_STRICT_FINAL
ODCR-D696,D02,112,23.182337062338227,0.9091226120756494,0.07701955735683441,0.10196667909622192,788104F30D48A832B4C2E41B7D3D6D879CCB0683F285E1FA696D6BA106D9BA9B,CF79065CDD55BD8B67E77E9270BF07F30536E1259680F383D14F4A13C47DC5FB,E18DC7ED59A3CE246408841264737B02DA731452E003E8001E37ACD5856BD961,D696BBFA42DD1A840708B9C42E824036862ED17D538B2B47551641D8145854DB,SAVED_FIXED_OUTPUT,HASH_VERIFIED_SUPPLEMENT_NOT_STRICT_FINAL
ODCR-D696,D02,113,23.399488528187483,0.9478029703606755,0.06484130024909973,0.09858274459838867,78FAB15575AF5E0B6100BDE961DA1DD4791D1F515BFEC9FD6FB59BF1A5546EB7,F185B1AF7B518BF60B0496C4010299CBC21474DCCC0A22FB7C501293A13B0175,C6BFB0E2091B7529A3865D53F5036FB6F35DBBCBC783373BB382DE381EBF8B07,D696BBFA42DD1A840708B9C42E824036862ED17D538B2B47551641D8145854DB,SAVED_FIXED_OUTPUT,HASH_VERIFIED_SUPPLEMENT_NOT_STRICT_FINAL
ODCR-D696,D02,114,23.689159758674823,0.9327518776114917,0.08834920823574066,0.09597617387771606,D493BC1E838A02654067A6140CD4DA67839856B0ABD29A71B2A4D0C390E035A4,DFF53AD335C9254F8B729B5AC6E6785DB2E678789EA15D4756E5AD6C23933F0F,E66ECE004B95C96EE2E36C7F29F2D1A81950F4DA94097A621876457BCF11465D,D696BBFA42DD1A840708B9C42E824036862ED17D538B2B47551641D8145854DB,SAVED_FIXED_OUTPUT,HASH_VERIFIED_SUPPLEMENT_NOT_STRICT_FINAL
ODCR-D696,D02,115,26.98056486840455,0.9447630131909994,0.040825918316841125,0.07340896129608154,AECBE0351C120B3E4E9BE6EA3BA7B417A6E8FD4C05A61A799A06DFDDF064567D,8EBD96FCFA8FAE12C6C0712DC4A2163F4F57DC9BB753CB5444DC23FB12158BD5,362F4D02157193CD6F0FD583C6ECF36E63EEA8B2B84992EDD515D28A09F58A05,D696BBFA42DD1A840708B9C42E824036862ED17D538B2B47551641D8145854DB,SAVED_FIXED_OUTPUT,HASH_VERIFIED_SUPPLEMENT_NOT_STRICT_FINAL
ODCR-D696,D02,116,26.66249364028289,0.945064661698788,0.05821537598967552,0.05098915100097656,ADB969083ACD5955E0651B44B20C5DF7003498C8E77825683A2AA5DB26E45BB7,19588CA2763FE6044CE0301D41F6B200B669F02690D3D7EDAA53D80EAF788017,B76E063598C10FCC3770F67E226E2B38F46CA252DB22576FD69B4E65611F14E6,D696BBFA42DD1A840708B9C42E824036862ED17D538B2B47551641D8145854DB,SAVED_FIXED_OUTPUT,HASH_VERIFIED_SUPPLEMENT_NOT_STRICT_FINAL
ODCR-D696,D02,117,22.294278417485472,0.9061824446532524,0.07289507985115051,0.05377429723739624,F1E4191476D21711528BF823B4A82D4E9783A758C09273CB714A588E2EC45F50,13E2449079462C4E03E6527E3B0635EC6B89475BB105C090743FA9DE6D785D6F,45750E0CCE6AF47901339ECA320C7CC64AAA3A577960EE773121A67074D738D4,D696BBFA42DD1A840708B9C42E824036862ED17D538B2B47551641D8145854DB,SAVED_FIXED_OUTPUT,HASH_VERIFIED_SUPPLEMENT_NOT_STRICT_FINAL
ODCR-D696,D02,118,22.68435910529897,0.9261997289757443,0.05292830616235733,0.060465097427368164,145CBF099E68477D7D0A0C37AB4EAF0F95D5BF3E584840ECF57252FE3A04E071,DD3A3535E952420650B68073804A79ADBDB6C5435E84B6CC4783A109F00835AD,873FBCCCAF8AF111893EC284065CE1B9E16A2089B8BA45B033598C2250F9887E,D696BBFA42DD1A840708B9C42E824036862ED17D538B2B47551641D8145854DB,SAVED_FIXED_OUTPUT,HASH_VERIFIED_SUPPLEMENT_NOT_STRICT_FINAL
ODCR-D696,D02,119,25.887526881340165,0.9435889894068582,0.05846167728304863,0.07865166664123535,8B3208EFD9A7FD61B1783891CC79EA60F3E073F928AAADCC3C3DA27566EC93FF,D5BA2521EB3CB8A8E5D9ADE6E55BF743A18F1574BA0450147773F521E9E61D21,DD3E409E7240828ECC75BE4310726711FAB55291DDAA3AB3D8748503270DD745,D696BBFA42DD1A840708B9C42E824036862ED17D538B2B47551641D8145854DB,SAVED_FIXED_OUTPUT,HASH_VERIFIED_SUPPLEMENT_NOT_STRICT_FINAL
ODCR-D696,D02,120,17.716232948526358,0.8585517076730502,0.10617845505475998,0.06906121969223022,20FCB00A7A8CB8627D833F319A1D9A9A03A28DFF0D80D3907A2568ACA232E4C7,C9C1813BD269A9D606F87624AA277719D56267C9899E3C8AF59FAA1FE5A75199,CAEE294AAD581FF12EE5C0C126B5B4F3FEBD3342F4E6CAC98710947178F75B51,D696BBFA42DD1A840708B9C42E824036862ED17D538B2B47551641D8145854DB,SAVED_FIXED_OUTPUT,HASH_VERIFIED_SUPPLEMENT_NOT_STRICT_FINAL
ODCR-D696,D02,121,19.130388943221096,0.8604157042701449,0.0838419646024704,0.09222251176834106,991ED5F3DE2DD892F7E7F37A6C77E46FF7527B23966457E2E2F278C0DD69D65A,69636430DFF587F0DAF6C1269F5CBD7B8B8E87504041151C6DC1CF95FFD82EB8,37E1595CD7952F4720756BAE54BDE3B288FF2D9675EA1715DBAE63DB4DAE0273,D696BBFA42DD1A840708B9C42E824036862ED17D538B2B47551641D8145854DB,SAVED_FIXED_OUTPUT,HASH_VERIFIED_SUPPLEMENT_NOT_STRICT_FINAL
ODCR-D696,D02,122,24.240595761318616,0.9088494044187808,0.06518401950597763,0.06861221790313721,0DF6B3BF210A05D3DB5DF0F44267BF47E1E398A8ADF78529BC697C4265BAAF4A,F6D774F536C963CBEB95D98579AADB3217C54407AAD819F0A898C087736001A4,BF3FBB2A07864463762C9C69C2E2C20A24CFDD08339A0B40598A0C783350D9BD,D696BBFA42DD1A840708B9C42E824036862ED17D538B2B47551641D8145854DB,SAVED_FIXED_OUTPUT,HASH_VERIFIED_SUPPLEMENT_NOT_STRICT_FINAL
ODCR-D696,D02,123,17.23420590599957,0.8189945693486318,0.12768682837486267,0.09404468536376953,CFE44596831B9D21E48409F43B0E2AD1B21D56DC416B833356CC1223C6BD90D9,E9A378A069876A8593C5EBC560D3BE0D088BF17BF3D15B837E0CBBA4DD9DBFFC,54C7F91AC18D6AB74DF75071EEA7AD35660217518A8646C43FE55F1BF943AFF0,D696BBFA42DD1A840708B9C42E824036862ED17D538B2B47551641D8145854DB,SAVED_FIXED_OUTPUT,HASH_VERIFIED_SUPPLEMENT_NOT_STRICT_FINAL
ODCR-D696,D02,124,27.27645189323532,0.8603567518476797,0.09964394569396973,0.12589019536972046,F8F6AA4042678BA0F0CC23123A9211B1DFCB7556D26C895C0E5D6F6FDEE3A3D4,D752EF49FEDE324BCD517B9141D0F16FA0AEF48060995A329B513A39D385AB72,2EF8AB8838EA5E4260A1F23CA30389560E16EAF3C8F729A57DEF76A3AB89B4A8,D696BBFA42DD1A840708B9C42E824036862ED17D538B2B47551641D8145854DB,SAVED_FIXED_OUTPUT,HASH_VERIFIED_SUPPLEMENT_NOT_STRICT_FINAL
ODCR-D696,D02,125,27.405432779362147,0.9393603808484435,0.04770854115486145,0.09782928228378296,5F03FE27864735779620CF3C2AF2F406D1203C147A12001DA2D854183BE71FB1,CAF46920052E0A1F7523A430EC46D5EC5EB1422D732A503D82AFB18295CE5530,404500DD452F0AB6745F8066DE23803318C6612A1E8B4CD9D24A88E0E2327D17,D696BBFA42DD1A840708B9C42E824036862ED17D538B2B47551641D8145854DB,SAVED_FIXED_OUTPUT,HASH_VERIFIED_SUPPLEMENT_NOT_STRICT_FINAL
ODCR-D696,D02,126,16.788750778320246,0.85981588375361,0.14912639558315277,0.13624590635299683,9134B62F4ADE4D584DE2009827C70902349A6C66D6437E8AD6786FD820B31088,B386FB6F07E3014B5EE9EDEA76414B6D4B98805F995A96D4EBFE25EC8640AAF7,D534E2C681B52679EDEC95A57889CCD98737EAAAF36433FF1A99CA805EE1C321,D696BBFA42DD1A840708B9C42E824036862ED17D538B2B47551641D8145854DB,SAVED_FIXED_OUTPUT,HASH_VERIFIED_SUPPLEMENT_NOT_STRICT_FINAL
ODCR-D696,D02,127,21.55493652057496,0.9326693043298676,0.07687447965145111,0.09742796421051025,E1761758525081658E87560C58725316FC0E7508E1FC81D26CB22C775EC10EF1,56F320EA40F9D229F7235FE36823531D5CDDFA6BD09F6EC6F91199F586A616AC,85566870BE2FE9C5DC87B9578FC307338771824EC4386EF262511D064611EEB9,D696BBFA42DD1A840708B9C42E824036862ED17D538B2B47551641D8145854DB,SAVED_FIXED_OUTPUT,HASH_VERIFIED_SUPPLEMENT_NOT_STRICT_FINAL
ODCR-D696,D02,128,18.275262466077475,0.8930007074262808,0.16139832139015198,0.1351778507232666,711BD528B0746886EF909A178E24300745FCF27E533F5B722B06AC10E32194F7,D65028410019E6B5AF5B55718B19599A0003D87EC395EFB6D7E223EA638125E2,B2686ED946E9EA27AE99F7969378815B6622C0C231223BA3CCDACB51EB701B57,D696BBFA42DD1A840708B9C42E824036862ED17D538B2B47551641D8145854DB,SAVED_FIXED_OUTPUT,HASH_VERIFIED_SUPPLEMENT_NOT_STRICT_FINAL
ODCR-D696,D02,129,25.358371970885084,0.905094877823775,0.09276667982339859,0.11313235759735107,C8F1E9E301A2EDAF079C4441E09EE8FF67E545F794128F89CE31EF8120ECE34E,8478D5D60E85A6FB2EE49A906C74FE82C7CEBAD95EA33A8E7C392C4977B1AD88,5FEE8A2D9F6F95A978DB126AA81E7D22515E60DBB9B34DDF44F2819D43CD888C,D696BBFA42DD1A840708B9C42E824036862ED17D538B2B47551641D8145854DB,SAVED_FIXED_OUTPUT,HASH_VERIFIED_SUPPLEMENT_NOT_STRICT_FINAL
ODCR-D696,D02,130,22.487452227034876,0.9221562970962469,0.087845578789711,0.08518636226654053,6F28A05B5508F00D0C5F595629703F941C1117CC03DE3FC10AA90092133F5BC9,37CD86DB253EFDC3A4D3245571CB5DFAC6177704DF1C37C78900674E0FC10BA8,33C192D6E778235F728BBE09C7D9FA3D163FD87CCBD3793F6C553FE3BBE690FB,D696BBFA42DD1A840708B9C42E824036862ED17D538B2B47551641D8145854DB,SAVED_FIXED_OUTPUT,HASH_VERIFIED_SUPPLEMENT_NOT_STRICT_FINAL
ODCR-D696,D02,131,23.52201452567012,0.9216925006273818,0.07789296656847,0.06686240434646606,8F7A281D2187D50A4DA9E5795B19DFCC9FF49484B62754A1CABD6B69EA9E03A2,BF46EDA4CE6DF8292B590DD30251771FC2FA37E4592E5E04A89D61BDCEE05174,64868254718C78655E1BD346B9963322857C8EEF8C503D57738F5B88840AAE62,D696BBFA42DD1A840708B9C42E824036862ED17D538B2B47551641D8145854DB,SAVED_FIXED_OUTPUT,HASH_VERIFIED_SUPPLEMENT_NOT_STRICT_FINAL
ODCR-D696,D02,132,23.143618738855736,0.9317785458779899,0.05985606089234352,0.0699918270111084,DAC0EDADECF4B972EB7243C7949A48E5CEEA931ACCB412ED4D080CE26AA7C0F8,DCC3C7F3E8CFBD0DB90765BB5DC9C2C89BB7F4FDB0FD453A4C5320CA8E989949,4EE984BB137CAD7C01E1BC180702173620197A417BDDBE2A5160C37064050027,D696BBFA42DD1A840708B9C42E824036862ED17D538B2B47551641D8145854DB,SAVED_FIXED_OUTPUT,HASH_VERIFIED_SUPPLEMENT_NOT_STRICT_FINAL
ODCR-D696,D02,133,21.104364553350955,0.8713775051568314,0.10447748750448227,0.11531984806060791,3A91917C7C24F1AE0047B21211E787D9ACF713FCA87EA387FD251D2557484228,7E8C30F458295802C0F340B76E5477EA68E0740964CB240067C1FE3241FAF1CF,187D8562D8A976A0B47623C718FE42AD543548A979193755801A92F64669CAC7,D696BBFA42DD1A840708B9C42E824036862ED17D538B2B47551641D8145854DB,SAVED_FIXED_OUTPUT,HASH_VERIFIED_SUPPLEMENT_NOT_STRICT_FINAL
ODCR-D696,D02,134,23.53129528705885,0.9420971857403768,0.10559184849262238,0.13236874341964722,F616B83024BD217C0758144084C202C406792A958276EF244328085519871147,EEA4A67AA8CE0DD616AFFA10CD9DFFC10D243BB0DDEDF5209834C4F4484F3D6C,61CA5DDC20B758B6E4EB181AF62523C7F6824ED46E21C93AEF90E9448AA7D81B,D696BBFA42DD1A840708B9C42E824036862ED17D538B2B47551641D8145854DB,SAVED_FIXED_OUTPUT,HASH_VERIFIED_SUPPLEMENT_NOT_STRICT_FINAL
ODCR-D696,D02,135,19.006438718609424,0.9153132499458444,0.10848256200551987,0.10871398448944092,DD18C34F6F2B2AA9CD29E050FE9DEB8FF920515ABAE377F39ECE5C8F11EB41AE,A427B8D2F7BB832F2186FCA0EDFF5D998410692669F5F8F21E236B2C8B0FC47F,942DA3ABA39E8EFBC0B34E7617D4CD03433DC4DACE00C5036A6F924DD1769907,D696BBFA42DD1A840708B9C42E824036862ED17D538B2B47551641D8145854DB,SAVED_FIXED_OUTPUT,HASH_VERIFIED_SUPPLEMENT_NOT_STRICT_FINAL
ODCR-D696,D02,136,17.06956867920876,0.8339550318588159,0.17598900198936462,0.17737197875976562,FD203A3E6EDBB8824721BE2B6216F1A2D78123FE03BBD875B57C3D9C32AD82E2,A120B8A5C7A70B4AA7D685F9312FAB22E6237EB44396B3348ABCC60B03904AEE,8335265A6E775528A51ABCECF7BF315CB0AE87042835F9A6700B975D831BCB5F,D696BBFA42DD1A840708B9C42E824036862ED17D538B2B47551641D8145854DB,SAVED_FIXED_OUTPUT,HASH_VERIFIED_SUPPLEMENT_NOT_STRICT_FINAL
ODCR-D696,D02,137,21.25347362018679,0.9093877335845946,0.10627632588148117,0.120494544506073,14939E9D824DC708EEE4CDF2DA6045CF30917068711515AD2925B6F089DA3926,2AE3D92490E31BC9773B24CBCABDC5AE962D642A454E843D08E5C623C1460882,2A85EEB0F3E8235C136EFA142533B3D722F9F553BC578460436CAE9351FCDF52,D696BBFA42DD1A840708B9C42E824036862ED17D538B2B47551641D8145854DB,SAVED_FIXED_OUTPUT,HASH_VERIFIED_SUPPLEMENT_NOT_STRICT_FINAL
ODCR-D696,D02,138,19.379890022204872,0.8821312369639881,0.11283791810274124,0.09138542413711548,940A77DD48C202FDECBA6286F5B55F0E2D79F3F3D0579057D552C10C1F616588,9DF4CE107A4E5EC57A1B78198C117F3F979F416CB3A97B7AB8F381561A42FB2E,438798ECE56BCEB23C37AEFA29B9088E952F5C3CEB7A4B1CDC975531E13F02C2,D696BBFA42DD1A840708B9C42E824036862ED17D538B2B47551641D8145854DB,SAVED_FIXED_OUTPUT,HASH_VERIFIED_SUPPLEMENT_NOT_STRICT_FINAL
ODCR-D696,D02,139,23.295448470656833,0.9034829218421846,0.09585127234458923,0.08874452114105225,49ADA147856B8FF25E0D832D1030184F3A0AD70E5587389B8E1439FD8D8CC199,14BE732434C4D7618A404A15DE814AB75A88DE61765EB585376BBAB1C829306E,69831D5C9975F50EC1EC6A4A4AF41A45EEEDF32E70FD4F81BE5EB4FEE4F84B45,D696BBFA42DD1A840708B9C42E824036862ED17D538B2B47551641D8145854DB,SAVED_FIXED_OUTPUT,HASH_VERIFIED_SUPPLEMENT_NOT_STRICT_FINAL
ODCR-D696,D02,140,24.057957616372416,0.9391922648819623,0.06886986643075943,0.0943145751953125,7F6D015699B267BAF74E27B3FB1D363277AE320FADAA7AE06A02CA320F4F1A27,F9039B3D6DAEB8A064BAF1D9711B56BE8EFAF8E2341009E07F7397E45D3CD97D,0C5E7D5953FD946EDF895612894D98347BA4F8337D6A90347E8C3630BC4023E4,D696BBFA42DD1A840708B9C42E824036862ED17D538B2B47551641D8145854DB,SAVED_FIXED_OUTPUT,HASH_VERIFIED_SUPPLEMENT_NOT_STRICT_FINAL
ODCR-D696,D02,141,24.053049063443666,0.9183160639456754,0.08411794155836105,0.09872561693191528,BEEF91DAF58AE0A0F0AF6B70072718456E061ACE48C044000ECED48C48198EEB,C00869550A4930D27AE04B772360E1CC52705BB2CD22A0141FB9682057F4BCCA,B31FA23DF3BCEAA104341595E5FD44FC078A311AE60F0F90BC0B7D7279F98664,D696BBFA42DD1A840708B9C42E824036862ED17D538B2B47551641D8145854DB,SAVED_FIXED_OUTPUT,HASH_VERIFIED_SUPPLEMENT_NOT_STRICT_FINAL
ODCR-D696,D02,142,23.67390114406883,0.9005936669193343,0.09593060612678528,0.08613955974578857,0782E2DAEC3488E495C1A4CB7CF62602C60927F447B8D64E50B999B660365FE4,BD3E91C896BE621ACF83248FFEDD64CB6543C03E4E232DBA419B4A430FDE18CA,5E08472CB4E6942CEBEEC86E0645514D88AD2FD26F86A1AA5F92E73C40949D40,D696BBFA42DD1A840708B9C42E824036862ED17D538B2B47551641D8145854DB,SAVED_FIXED_OUTPUT,HASH_VERIFIED_SUPPLEMENT_NOT_STRICT_FINAL
ODCR-D696,D02,143,20.60710196637721,0.8607641004284114,0.08014897257089615,0.07995760440826416,672ABEBF23E49473ACC5EFA381E25A8D3285EA2771D168FD568FA8C5582ECE17,5B3B027EC79EE89961C12E4B70F15161B69F161F3877ADE5D738A641F84EE422,0CAABE83D30CEEA6169B6D2D1359819B1F1790B58DB0C8C2E7C4D85F1D7A35C3,D696BBFA42DD1A840708B9C42E824036862ED17D538B2B47551641D8145854DB,SAVED_FIXED_OUTPUT,HASH_VERIFIED_SUPPLEMENT_NOT_STRICT_FINAL
ODCR-D696,D02,144,19.967118219678362,0.8193063341337007,0.12393849343061447,0.09865391254425049,FCE31EB05B9409B7EFB40DF4830EEE20C1D2460272148D2712DFD40BC0FB16CA,573174813E046B22CA20C748C1780A617256062D040A2E304A70A59B9C6456C0,914213D00504B4B4D1779AB163D2A3793299DB51DFC0EFD472D996E7E778AC0D,D696BBFA42DD1A840708B9C42E824036862ED17D538B2B47551641D8145854DB,SAVED_FIXED_OUTPUT,HASH_VERIFIED_SUPPLEMENT_NOT_STRICT_FINAL
ODCR-D696,D02,145,20.133070451796037,0.8397159783442057,0.06340908259153366,0.07273256778717041,B93B1DE3C75912243C2464D28AD32438C17FDAB7E71C00E44488C7F1890C257A,3E81F79ECA860DEF7EEBA39F020A1A520913C6DC85CD3BE0CED5CDFD7A0792D4,C72512774039DA3CEEF6EFC4F48030B9706C9A2BC3FDD348212809464A4A53D2,D696BBFA42DD1A840708B9C42E824036862ED17D538B2B47551641D8145854DB,SAVED_FIXED_OUTPUT,HASH_VERIFIED_SUPPLEMENT_NOT_STRICT_FINAL
ODCR-D696,D02,146,26.2495318372849,0.9453721279208893,0.04704958572983742,0.09149312973022461,53CC1C400966038C402403285A30E450D410963AF44013A3DC6D698700DE7631,E729689977A0AE5FD597C7E2DA7785A1D5D486D95BF822EFC8845C746CF02024,5C839478E76D3D715BCA324F157A620CC7F799F0BEB586F3D73500401913B828,D696BBFA42DD1A840708B9C42E824036862ED17D538B2B47551641D8145854DB,SAVED_FIXED_OUTPUT,HASH_VERIFIED_SUPPLEMENT_NOT_STRICT_FINAL
ODCR-D696,D02,147,27.61646272954402,0.9659795777807315,0.0435442291200161,0.06773102283477783,62E5F3CEB549857DE0FAF097117A27F42DF5402AB7E1CE4C08F40B062F54B3D3,E995B63194332577CF07AA02A94123D26EBB3E7E6CA38F1DE6A47C17C001E279,AA38E568C80F2D7234B3F424ECEE9E49066DAA70AF09F7CFDDFD7B7B621C9B3D,D696BBFA42DD1A840708B9C42E824036862ED17D538B2B47551641D8145854DB,SAVED_FIXED_OUTPUT,HASH_VERIFIED_SUPPLEMENT_NOT_STRICT_FINAL
ODCR-D696,D02,148,21.129451490451675,0.8341332292346255,0.10708923637866974,0.13147211074829102,8A6374C47783E2BC233F1BF66BEA35CF330D8ACB904263CAC51090022E9CF482,18B1714D8D7EDCBEFD7E9CF652E1085EC2E138EE7F2B99C767D5EAB3F998ECCF,1419D635BF71C21298ED9B7D60E5CBA9C93B89AC53FDFB87A49487F4938637D1,D696BBFA42DD1A840708B9C42E824036862ED17D538B2B47551641D8145854DB,SAVED_FIXED_OUTPUT,HASH_VERIFIED_SUPPLEMENT_NOT_STRICT_FINAL
ODCR-D696,D02,149,23.268817935426036,0.9217353755301351,0.051594801247119904,0.10544151067733765,3279D3CE4C3F410849E2EE112CEE18D978B90A2468CE3CD9D9FCB241835138CF,19C622409AB7B6EFC1791B1D98A786BD7CED3CEB3CF5EA7D32433207C08C75B0,7930B04E8D8FE5235E1CA3A6DDE2F0CB162B292051C95A81344FF11E6CEC4A0F,D696BBFA42DD1A840708B9C42E824036862ED17D538B2B47551641D8145854DB,SAVED_FIXED_OUTPUT,HASH_VERIFIED_SUPPLEMENT_NOT_STRICT_FINAL
ODCR-D696,D02,150,26.02816221897823,0.9472602972400831,0.041843120008707047,0.03526121377944946,9E32FD1DC882A92906D3E819E0365E67E21F7D8658AF9382D1CD230FD156B449,9A2E146395E33101BA36CFEEAAE4FD5533016D56CE2F12BB0E9E65D9D0CF114C,4EE3D0A2DD547DE79A715FAF5BCC5A831808765ADAB6CE81DA748BBCF86DC706,D696BBFA42DD1A840708B9C42E824036862ED17D538B2B47551641D8145854DB,SAVED_FIXED_OUTPUT,HASH_VERIFIED_SUPPLEMENT_NOT_STRICT_FINAL
ODCR-D696,D02,151,25.07601535628413,0.9220744792212817,0.044596027582883835,0.048970699310302734,5BF450376B141FAD4F90AA1C816181A069CA3FE75CEC582FDA5C0BF190D63011,59AEB58587E74EECB21577E9A8517C0B6B69BD1E46226E78EF11B1E693206EEA,0AD01A443E3D109F96AD4A8488E45E03B31320D308E0E2446FA031DFCC172D5E,D696BBFA42DD1A840708B9C42E824036862ED17D538B2B47551641D8145854DB,SAVED_FIXED_OUTPUT,HASH_VERIFIED_SUPPLEMENT_NOT_STRICT_FINAL
ODCR-D696,D02,152,24.333900308837602,0.9448250499737824,0.05207410454750061,0.05817866325378418,EC4E5B1995CBF019C67A7997CBBA5A30C212E8934CF3C78F78CB71EF8582BE32,5DBCED16217E3FCF76556A10503F9618E8B024F2CF060C11F453F000A86277C8,4B901FA3CFD76F3569A47728CBF77F478293BC8A6DEEB69520288B5EA041611A,D696BBFA42DD1A840708B9C42E824036862ED17D538B2B47551641D8145854DB,SAVED_FIXED_OUTPUT,HASH_VERIFIED_SUPPLEMENT_NOT_STRICT_FINAL
ODCR-D696,D02,153,25.08655313983143,0.9410264003309683,0.03729407116770744,0.05668985843658447,C1354FC20C3E1A8C19F981D99CEFD288E521F188BE2A532AA37F2462F46C2071,0BAE80E6FA4F47F889A1270ECC2E997F9BB7F330B6FE0D487691FDEC99A31E54,8D4187FE9DAF0FF017418B885131D8B9FC6EAA6F278C5678FC1FD35286848474,D696BBFA42DD1A840708B9C42E824036862ED17D538B2B47551641D8145854DB,SAVED_FIXED_OUTPUT,HASH_VERIFIED_SUPPLEMENT_NOT_STRICT_FINAL
ODCR-D696,D02,154,23.522568404786522,0.8976545985351375,0.0701296254992485,0.05453312397003174,2A0FC7EB657AAFB16BFF038458198E87725336D1C1F62CC3300127818FADB74C,79516F8E1E4648A4E446759FAE64CE1C8CB271F0E49C2A9B779D995CEC77695C,59676E9088E6DAB8CAE827BF429989C204486106ADF5D5914590F38C8343A8EF,D696BBFA42DD1A840708B9C42E824036862ED17D538B2B47551641D8145854DB,SAVED_FIXED_OUTPUT,HASH_VERIFIED_SUPPLEMENT_NOT_STRICT_FINAL
ODCR-D696,D02,155,22.1696196761443,0.8811411268740311,0.07181864976882935,0.10414528846740723,C621662547A6EB5A796DFAF638668EDE52BFBD8764761D57BAA386689C769246,13E396619B79DDB26F7282AFEB334C2FDE35F53076CC774585E2F03354A9E568,DFCC72D7BD3AAB284CD1CE06A207451AFCFE0BB7B5F11FB000732A2995B46B4C,D696BBFA42DD1A840708B9C42E824036862ED17D538B2B47551641D8145854DB,SAVED_FIXED_OUTPUT,HASH_VERIFIED_SUPPLEMENT_NOT_STRICT_FINAL
ODCR-D696,D02,156,24.326718511551846,0.965392615192045,0.04016105458140373,0.036958158016204834,3DC1A380AB0549F7D7430E65E4F6F2F3000474573021ABFA7F20B929669989CD,326FE4A91BF82266B56B10FB326D7A3E97610B4ABAF7127B640E53238FC07083,D65416EAB3782BBA0A5F67FCA3BA141A755CF4A3EEA82588657F62239A68E653,D696BBFA42DD1A840708B9C42E824036862ED17D538B2B47551641D8145854DB,SAVED_FIXED_OUTPUT,HASH_VERIFIED_SUPPLEMENT_NOT_STRICT_FINAL
ODCR-D696,D02,157,23.103447764730195,0.9238995869271219,0.11594220250844955,0.13031959533691406,7F79EFA7FFD2615DECA64AD6A598FD5C7F82549DBEE898CC01DE3CBA8AC2356A,7D6AC724879798394C7FDA3B60EE1343C2E51BAB3C078B489E36CB6E603F017F,74CA4F2BA1745AFAE837119DE29EB3D000B7191C19AB0D0B7A42EA9CA0AF338C,D696BBFA42DD1A840708B9C42E824036862ED17D538B2B47551641D8145854DB,SAVED_FIXED_OUTPUT,HASH_VERIFIED_SUPPLEMENT_NOT_STRICT_FINAL
ODCR-D696,D02,158,23.53044304793501,0.915173995505152,0.08364230394363403,0.09113973379135132,8FE25C2984376060D3788922FB7B90062D8F3C3705E268F78C44646FF3DCA315,493976260058A362A8D2AA3CDB5C7475EC6A8AE705617A9D1EE011F95C9867B8,64FDD85CED6B86DC6F8AB113C4815C652141166904AA25972B83531E0B788C42,D696BBFA42DD1A840708B9C42E824036862ED17D538B2B47551641D8145854DB,SAVED_FIXED_OUTPUT,HASH_VERIFIED_SUPPLEMENT_NOT_STRICT_FINAL
ODCR-D696,D02,159,21.147841414915565,0.8991912216827321,0.0898297131061554,0.10851234197616577,64930ABC50B64A85E720A6002A2EA97FC4A4F8FFA4073B01EA15D64981AA0670,AFBE23342CE1C2A37F103FE0DA56530A670C0E0EDE9B1F5C5510BA5FFD01C71E,108783DAB3DE0F789D56253AAB12AF5B53CEC1E29A0C13456DA254232C0108A4,D696BBFA42DD1A840708B9C42E824036862ED17D538B2B47551641D8145854DB,SAVED_FIXED_OUTPUT,HASH_VERIFIED_SUPPLEMENT_NOT_STRICT_FINAL
ODCR-D696,D02,160,21.59835556534499,0.8448477160957099,0.10458467900753021,0.14080935716629028,E24E87B1AC7310A912E23FCC1E54845968539DE72DBB008732065B1CDEBB47BC,6BFDCA07DE27CFED12221EB89B9B03AEB5C7BF947736CE3B8E1DB20A7AEF13AA,F9BFAA7C7D04B3D2384014FBEB6AB074FF39E4937384A6636D3AA56BFCD670DD,D696BBFA42DD1A840708B9C42E824036862ED17D538B2B47551641D8145854DB,SAVED_FIXED_OUTPUT,HASH_VERIFIED_SUPPLEMENT_NOT_STRICT_FINAL
ODCR-D696,D02,161,19.821494196805173,0.8699222794653733,0.08462224900722504,0.07274234294891357,E44503F7CEFFD43AFE135B5568F369F67FE73A03578566718CF02DA4C5553C5F,FC958AF189889555708A4389FBD8FF4530AB7BDA0D68E8F5551168DA2A78AA8E,BEC8AE7C7F24E7765E634A6E455D17E7463712D973DF9B1CDDC759BB745C02F3,D696BBFA42DD1A840708B9C42E824036862ED17D538B2B47551641D8145854DB,SAVED_FIXED_OUTPUT,HASH_VERIFIED_SUPPLEMENT_NOT_STRICT_FINAL
ODCR-D696,D02,162,19.333467169392893,0.8204666329017517,0.19168591499328613,0.13518273830413818,BED2F94A3795E5B66A745743A5AD8389F7B0E55C5814692F1A63089268C2A1AD,8A988437878C458B5D5F795EDE684A9537B932EE4F03321DD8879510C4706236,7C0FCC75CE36C362D7EABF509DA0B534B8A0D3374F21D83FCFF99ABAE9A99641,D696BBFA42DD1A840708B9C42E824036862ED17D538B2B47551641D8145854DB,SAVED_FIXED_OUTPUT,HASH_VERIFIED_SUPPLEMENT_NOT_STRICT_FINAL
ODCR-D696,D02,163,25.72152086269231,0.9414027098639132,0.049910131841897964,0.05999338626861572,F3FD8803CC5DB7A2BE74313DFE6C28E3A31071D01CB0D1DA620EB40267DAB9DD,B491F693C113CB1822B096F0AE30948368DDE4C9E359884799712DB6E71B1D23,73A20CFCFDF5B7197DF5DA135A99EF100807B18C4E8F862EFD6E69A00E51B66D,D696BBFA42DD1A840708B9C42E824036862ED17D538B2B47551641D8145854DB,SAVED_FIXED_OUTPUT,HASH_VERIFIED_SUPPLEMENT_NOT_STRICT_FINAL
ODCR-D696,D02,164,22.614652756487814,0.9171861948540512,0.08509038388729095,0.0910913348197937,7128AE96F1C5150AC1F9CD5253DA1A63CFD85EC9796B85917DBB98170C4243C3,B8E080D9A328B11E0E720623446B1721AEADF9CFEAC16EA41CF568DE05F38CD6,0A1A623AB68B8FE3323A5230A3E1F67EF7ABD8AEC4F113A55DEFE4F7187459E7,D696BBFA42DD1A840708B9C42E824036862ED17D538B2B47551641D8145854DB,SAVED_FIXED_OUTPUT,HASH_VERIFIED_SUPPLEMENT_NOT_STRICT_FINAL
ODCR-D696,D02,165,23.20276989396744,0.9023280172450626,0.06295084953308105,0.081051766872406,30AE760A2448F083D3ECB0C872C84A2EC2D5C508670E8697CBB2899CE95884F8,D4037DA1705753EF4B5E658570B872457CD0AD65AFBDAE893EFC7A9095F9DDA9,4FFBDA506B8424C534185822ACBA8789049B62F7ED61FAF7E218F48A7F9D079C,D696BBFA42DD1A840708B9C42E824036862ED17D538B2B47551641D8145854DB,SAVED_FIXED_OUTPUT,HASH_VERIFIED_SUPPLEMENT_NOT_STRICT_FINAL
ODCR-D696,D02,166,22.450069650853827,0.8956868263464397,0.06546962261199951,0.07475143671035767,9745889D04E374235E9057ED6A99565336C2F24A4025C6C7D3551250352EE17D,264B249C49334A80C29BC2B8B3DF3E7BD9EB13A095B11C54ABEFC308E161F568,98FF9F33B694C1F6442DB5E83ED95EAE796DCE6F5ADF515DBB1048EFF2BDA628,D696BBFA42DD1A840708B9C42E824036862ED17D538B2B47551641D8145854DB,SAVED_FIXED_OUTPUT,HASH_VERIFIED_SUPPLEMENT_NOT_STRICT_FINAL
ODCR-D696,D02,167,22.55969608596153,0.9325554062780338,0.07972349971532822,0.10721325874328613,A15743C2B06903B48FCB71EFF27F71168A5CF801E3622448DFC83E9FE5ACF097,937200AF6BACF37BEE9CA31B3100E0593B9FBD38E67F3F4FF15FC5667A33E4E6,6E7BD2BCAFAF864671068B7924A89B837A1FC20D2BEAAB3AB910790580C217E7,D696BBFA42DD1A840708B9C42E824036862ED17D538B2B47551641D8145854DB,SAVED_FIXED_OUTPUT,HASH_VERIFIED_SUPPLEMENT_NOT_STRICT_FINAL
ODCR-D696,D02,168,22.225589862664634,0.8943644937759698,0.08392833173274994,0.08731645345687866,F4F3C61536D87A5CE39E2FC60CAE5A1ECE5329A6DEE9EA6ED9F44D50A3AEAB8B,C145B0834AC39DBC473079A584C6A357528E39E73FF43527F89AEF5AF7A4C721,860977E581D58A7514780CBBEC9DAD2A53CDD3366FE2427E328FF1C97C435AE5,D696BBFA42DD1A840708B9C42E824036862ED17D538B2B47551641D8145854DB,SAVED_FIXED_OUTPUT,HASH_VERIFIED_SUPPLEMENT_NOT_STRICT_FINAL
ODCR-D696,D02,169,24.787311469378427,0.9145317250756758,0.04804953187704086,0.08655279874801636,05A0EB9458F8E26CEFD76A85900FB11268ED5CD886C58E7683250CE9EB3DB6B7,91E4619196EC51513BB7E84B92D61A644F0906249507F4054A39FAD1451EF465,CA4957D5DE87B74161EFFD5169CE07C7135C64BF69D2CBDE6475ACAE87957C67,D696BBFA42DD1A840708B9C42E824036862ED17D538B2B47551641D8145854DB,SAVED_FIXED_OUTPUT,HASH_VERIFIED_SUPPLEMENT_NOT_STRICT_FINAL
ODCR-D696,D02,170,21.849697917779647,0.8934540929100955,0.03888334333896637,0.08688920736312866,5D96E385621D67B1020F3B8A3EC461489C8FEFF9C2AE6AC93864B9A0DD963612,0E2B163B7F1BBEBB0BD38BC54BF51492B4BD44634A75BE419C1B871E4C5B3786,F386572722375033909D1EAD40A8E33B921068B17090D897A8AA1674B49214AF,D696BBFA42DD1A840708B9C42E824036862ED17D538B2B47551641D8145854DB,SAVED_FIXED_OUTPUT,HASH_VERIFIED_SUPPLEMENT_NOT_STRICT_FINAL
ODCR-D696,D02,171,26.036716472326034,0.9644202076057405,0.029490862041711807,0.05439746379852295,9679522A88CB4604D7DDE828A09B7729D2EE0BE519104C87D1212DAC05925859,F53275F46AD1008468D2E930F684F1EE421BD42EDA6FF4185C2F1832BB2C6604,011521B6C90ADB8CCB1FDB7CDABFFD444167C031D89878170637AEA6D3FBDEA5,D696BBFA42DD1A840708B9C42E824036862ED17D538B2B47551641D8145854DB,SAVED_FIXED_OUTPUT,HASH_VERIFIED_SUPPLEMENT_NOT_STRICT_FINAL
ODCR-D696,D02,172,19.405449506321215,0.8868114578404382,0.0613907054066658,0.08280587196350098,C862866DBF1A1EF858CC98441B95BCA55AA3C745EC9D710E1AA59714141F3599,9C515FE5FF7669F1D58A2F4C0B3882C58E96D311EF2EED851766678B4AE20F50,2257C36F002265628D432D39E84212E624C16D71DD305710CD82B25C0EC09434,D696BBFA42DD1A840708B9C42E824036862ED17D538B2B47551641D8145854DB,SAVED_FIXED_OUTPUT,HASH_VERIFIED_SUPPLEMENT_NOT_STRICT_FINAL
ODCR-D696,D02,173,21.546798280055427,0.9387535370299952,0.08887197077274323,0.09702783823013306,72FA0320A90CE209E1DE406B9F2040518CCC1A0F9A80F7C907B2B43BD1233F5B,4C56D0E81145BB64FD95B8DA3A23B50EC91DD87AC5C4B0D84A36577CADBE072C,7AB8FD99AB76E7D1D377F8C0E68FA1DEE8007A5DE006764E1441BC5E67927A93,D696BBFA42DD1A840708B9C42E824036862ED17D538B2B47551641D8145854DB,SAVED_FIXED_OUTPUT,HASH_VERIFIED_SUPPLEMENT_NOT_STRICT_FINAL
ODCR-D696,D02,174,22.34276028885448,0.8869773031471359,0.08420459926128387,0.06643933057785034,DDA5CBBF86E73BA0F2A8AF3E7EE74918A653FAFBA380E741B48517788B07CC86,7509EA80284BE76E0F017138B2B8AD5CF3414FF8D9C0F0AEB325733A895B0F78,CA1926B39736616D18AD166763B3281815AEDCE47DE12A1D7DA6538B903659FD,D696BBFA42DD1A840708B9C42E824036862ED17D538B2B47551641D8145854DB,SAVED_FIXED_OUTPUT,HASH_VERIFIED_SUPPLEMENT_NOT_STRICT_FINAL
ODCR-D696,D02,175,24.828290215963186,0.9541726947477791,0.04927441477775574,0.07983797788619995,493EBA686C9782CC40D8668BF6F06462CE59DFA0931DC0240D8F4B550F61C508,ACDB307EEE4245B6FF4B4A562129C5810D3CE7268ABCCB8F87EAFF9E68319C80,A18C7260AAD751959C852F393EB9A7FBE21EDC5B2AC6BAA55FF0781F7B8083D5,D696BBFA42DD1A840708B9C42E824036862ED17D538B2B47551641D8145854DB,SAVED_FIXED_OUTPUT,HASH_VERIFIED_SUPPLEMENT_NOT_STRICT_FINAL
ODCR-D696,D02,176,26.154003833692375,0.9443218830102889,0.07767818868160248,0.11465573310852051,100989C22A482E28A207DA4C07ED20FEBFC190BAFA1F6C757A7994FDE751CD54,EAED6BD952557EC2B95D71E2FDDBE9D84A2AD92E4F7EAAB7A53B7714C389376A,4ADA13D9CCC16BB80D53387F7645F3BE34171616328A01C4180D77C5E4A2A83E,D696BBFA42DD1A840708B9C42E824036862ED17D538B2B47551641D8145854DB,SAVED_FIXED_OUTPUT,HASH_VERIFIED_SUPPLEMENT_NOT_STRICT_FINAL
ODCR-D696,D02,177,23.821113282982886,0.9107230027475209,0.07791511714458466,0.11156606674194336,E1E42CA805550F98208CE079082027A86643D172B660A29C5A981F2D38D0EB26,02493DDADB5E599393AA0888FA001DE175DB97AA3EEBEC7EAC38C52E8312E60B,9A0332BA5CF507669CEFAAE8FBD2B96EBD26453B4081311B9B52CA883B70EEF7,D696BBFA42DD1A840708B9C42E824036862ED17D538B2B47551641D8145854DB,SAVED_FIXED_OUTPUT,HASH_VERIFIED_SUPPLEMENT_NOT_STRICT_FINAL
ODCR-D696,D02,178,25.914797815904098,0.9557524279391766,0.043173570185899734,0.0641779899597168,9AD1DB6699684E4AE5E54103D7CF443AA4977BFF1B59C2B157BE179CE72EEADF,7F2B2BF0D097120D7D04A7C08C0C6231B2469BA5640DA2B5AB380D2D8092D0F9,E7F78AFF12AE700438AD36484075072708881D6C434228712F042470B7A21CF6,D696BBFA42DD1A840708B9C42E824036862ED17D538B2B47551641D8145854DB,SAVED_FIXED_OUTPUT,HASH_VERIFIED_SUPPLEMENT_NOT_STRICT_FINAL
ODCR-D696,D02,179,17.671401235225762,0.8690780007127152,0.12170982360839844,0.09587454795837402,805F7FDB8AC16088DE165A9117782ACCF80D41754C7F9883B36F0B60697A99EE,01DB40A59786731C958E55D4E4BDF7B8EE5D990CBBF5761F8559B2AAD99BE771,0EB80CCB5573FDE6A8CE0B50CE8B5E4F555510F4BDBF81D2FAAFCBA3AADA13CC,D696BBFA42DD1A840708B9C42E824036862ED17D538B2B47551641D8145854DB,SAVED_FIXED_OUTPUT,HASH_VERIFIED_SUPPLEMENT_NOT_STRICT_FINAL
ODCR-D696,D02,180,25.104263854599196,0.7871778435684623,0.04790354520082474,0.06892961263656616,378D10A8DD2582372D44159C737064935C916C8C8E15C08973F3B532158C8A5C,0F8A7F5523424A3BBA025EF5D4F0E286EACB7EDA7C954DE1D5B7D2ECC9555D02,26B2EA8F1CEA3BEEE2AF01544A0D0D878A93747EFA84E6A09555574CB0B7BBAC,D696BBFA42DD1A840708B9C42E824036862ED17D538B2B47551641D8145854DB,SAVED_FIXED_OUTPUT,HASH_VERIFIED_SUPPLEMENT_NOT_STRICT_FINAL
ODCR-D696,D02,181,20.46636003664975,0.874792157548088,0.10699127614498138,0.06429553031921387,8F62C4B75D6C919BC702BC5EF224FC1F06B514169DDD71C43410E403853933FE,82EE966E845D313BAACBC231CA72F73E19D6B499A8C52265C908BDB344EF8D39,5227AA1ACD36D362B072D18FEC006240C3FD033A7EE85C34D62EB65A6BCE182B,D696BBFA42DD1A840708B9C42E824036862ED17D538B2B47551641D8145854DB,SAVED_FIXED_OUTPUT,HASH_VERIFIED_SUPPLEMENT_NOT_STRICT_FINAL
ODCR-D696,D02,182,17.614123877853643,0.8421402770158289,0.10326492786407471,0.09041959047317505,59466A6B717FA6B8D2921DC371C6E09961789A7EB80BEB8F99FF50F318ED1001,4FF8B87110EB6E2AEE1E923667DC6947A6FB4D791C64E8B9FDB1D5F2BF150AEE,E60B6E1415805F77FDBE2C57DFCE20B75B7B94F05DF6BBCEE5805847A18BC0BD,D696BBFA42DD1A840708B9C42E824036862ED17D538B2B47551641D8145854DB,SAVED_FIXED_OUTPUT,HASH_VERIFIED_SUPPLEMENT_NOT_STRICT_FINAL
ODCR-D696,D02,183,24.84779625845924,0.9368887095836494,0.057215865701436996,0.08840346336364746,09BDBC9BA7D5299F8A84C93BEC39047E2B137AD2E733975E81C4235F34E0B61A,1884041D78891BCF7A45A3FA421E3490FF0AE949AD5EB0FB93045B09E138A11F,023CF21281435FA9974764CB8A939DB532AA95CE19443D9AD6BAD8D71E9D9B7B,D696BBFA42DD1A840708B9C42E824036862ED17D538B2B47551641D8145854DB,SAVED_FIXED_OUTPUT,HASH_VERIFIED_SUPPLEMENT_NOT_STRICT_FINAL
ODCR-D696,D02,184,21.852422370885666,0.9420650660983071,0.08596985787153244,0.07760447263717651,E4552382B4C1C909E61DE5A0506B5957FC53CD8F660018A3D6D9D7F229AE3C19,9C7717ABC4F1E8A4B1E2B03185BA2301A13973B15A992BF0BFFCF59E5568F074,36CD8AEC49234791555BF11265A950F26A518A1FF3B9623904F2A8D6FFA21842,D696BBFA42DD1A840708B9C42E824036862ED17D538B2B47551641D8145854DB,SAVED_FIXED_OUTPUT,HASH_VERIFIED_SUPPLEMENT_NOT_STRICT_FINAL
ODCR-D696,D02,185,16.318390115802373,0.7210511011645729,0.1992175579071045,0.13141733407974243,72458EEACA6C3BE43F9412BEC1602408CC49EFE00DAF3FEA3B897E9762599D60,6DABBCF833BDA1C063B29D06B8585AC48298D65ED10CB0CD89D8747FA7EFD0CB,F5A8A0574215BCF21247254B24EF24D260EA61878B55AFFBC60186DD1CC2E75E,D696BBFA42DD1A840708B9C42E824036862ED17D538B2B47551641D8145854DB,SAVED_FIXED_OUTPUT,HASH_VERIFIED_SUPPLEMENT_NOT_STRICT_FINAL
ODCR-D696,D02,186,24.073487919412,0.9107260280768027,0.07340063899755478,0.12281811237335205,7750AE5B1DAD399069B1B5089E411F19701E72FCCC1B4EAF27156B030F398BA3,E81BD9B6F05B5B396F1AC4C408156F5DFEAE0DE24F4E8F18534361E7E2E4389E,6BBE2D0B842D31DBAC2BBE6D8ECE044F341BA7B8423718A30E23641C6F57F62E,D696BBFA42DD1A840708B9C42E824036862ED17D538B2B47551641D8145854DB,SAVED_FIXED_OUTPUT,HASH_VERIFIED_SUPPLEMENT_NOT_STRICT_FINAL
ODCR-D696,D02,187,22.14300175001575,0.9184916778640599,0.11055532097816467,0.0748407244682312,1C534963652460634C758472D255469236DD29EA81FF9049FACC46CDCA6FEEBF,EA644726DE09E9D74208AEC37EEBD650164E842F3918AD6E70BDE78404CA4507,1D5DB3EA9C0395DE687A5BB8018A3805CA94EF9EF2463E0D6FAB3EADA2CAE1C8,D696BBFA42DD1A840708B9C42E824036862ED17D538B2B47551641D8145854DB,SAVED_FIXED_OUTPUT,HASH_VERIFIED_SUPPLEMENT_NOT_STRICT_FINAL
ODCR-D696,D02,188,17.694456309963346,0.7492971755679338,0.19274142384529114,0.16607701778411865,0C56D93C8E2C52EB5DD4F666A45AD14AA00622FF012E4E07104C6B3A1C8A9DCF,5DC0BC42A12C3FC1D6AD01EDC0FB8C709A192874B4EBA47723E51BD4287BF364,D704BF3AA3BE8BE3E9864A479DF774838F1326CD6C9340964D486FE6947A7A98,D696BBFA42DD1A840708B9C42E824036862ED17D538B2B47551641D8145854DB,SAVED_FIXED_OUTPUT,HASH_VERIFIED_SUPPLEMENT_NOT_STRICT_FINAL
ODCR-D696,D02,189,19.70083645791141,0.929275465379097,0.11705343425273895,0.09688174724578857,EC05094A30FB5C30D4C3424C1EE738AE2B92931D8752C80AD2C3CC6D75C560A1,0084FDB1F5C69505699E1D0BB8859A71DFEC012B20F3307459F7747CDF25C21E,595773F4CBEBA0819AB4752C472ECB6580C4A5092BA04100C00457FCF6646ACF,D696BBFA42DD1A840708B9C42E824036862ED17D538B2B47551641D8145854DB,SAVED_FIXED_OUTPUT,HASH_VERIFIED_SUPPLEMENT_NOT_STRICT_FINAL
ODCR-D696,D02,190,21.473546101286907,0.8952863316293188,0.09513727575540543,0.09381777048110962,56F0316CB467763C5CD02F7F62863B60E72465215D69E301FC788C342B1DE5A1,41B96443C83D10E61B0B2E4EDEF4C832470E092111F8673364AFFAB8AD4B22EC,B2C49818F5D5E577A42F00F54AEEA1C879DA3E128089A13E4B9A9A7CA419BCAA,D696BBFA42DD1A840708B9C42E824036862ED17D538B2B47551641D8145854DB,SAVED_FIXED_OUTPUT,HASH_VERIFIED_SUPPLEMENT_NOT_STRICT_FINAL
ODCR-D696,D02,191,22.580048970682874,0.9392844570624427,0.1079321801662445,0.13653159141540527,B1104B2C7DE20C80F7047547AD74540024D55BB45AB36B756A0288EB9D7E3F1C,34842DC3443F481BC080A7A607836F28BD9AABADD2410877E48C8B0FE8DD1E3D,D55E1AF3305EAA3FA9C1E1B7B844F144043EEC059B4CE0ADA5E98A5666A5A9CA,D696BBFA42DD1A840708B9C42E824036862ED17D538B2B47551641D8145854DB,SAVED_FIXED_OUTPUT,HASH_VERIFIED_SUPPLEMENT_NOT_STRICT_FINAL
ODCR-D696,D02,192,26.579922584892355,0.9449965563053072,0.05017010122537613,0.07755476236343384,1A387DEF4077984FE35855291667AC1A50A36C756F563CE1844139F53B9B3C46,82533CDBB2DAD67FBDFED33A577DDF2061C6881C8A1B9277F70B10625D206853,D5C6A536C13F2850A71D533754BA764CC2B5A2446EDF755CA1083F579F580840,D696BBFA42DD1A840708B9C42E824036862ED17D538B2B47551641D8145854DB,SAVED_FIXED_OUTPUT,HASH_VERIFIED_SUPPLEMENT_NOT_STRICT_FINAL
ODCR-D696,D02,193,27.39926156254532,0.9280189087510727,0.03750322759151459,0.03468376398086548,36DEC3B0149DF69CFA1CB07535096DD77C6606F727D0B0A9EEFCD58564BF228D,C6693C5F4D0A114AAE40C3D9BA1D71AA5B16D5F1C514B95ABBFFEDD0D85DD3D4,5AFE3E88FE31976074BE650C517C6B844281C975A61428F7B502BFB564F70347,D696BBFA42DD1A840708B9C42E824036862ED17D538B2B47551641D8145854DB,SAVED_FIXED_OUTPUT,HASH_VERIFIED_SUPPLEMENT_NOT_STRICT_FINAL
ODCR-D696,D02,194,22.021663088996096,0.9262645043613178,0.06511750817298889,0.06215721368789673,B7CD576511DC2B358EFB74F8B19E6B3A71710E8EA30A2A1E90C1EB9FE05C6459,88FF4951B55CF9B1612E963821733E41A77CECA68034758E1320A4C40EAD9627,D9FD25029EF837F7E1B2846E710A09759FD76594DE8BB7C46BDF6A383EF4ED81,D696BBFA42DD1A840708B9C42E824036862ED17D538B2B47551641D8145854DB,SAVED_FIXED_OUTPUT,HASH_VERIFIED_SUPPLEMENT_NOT_STRICT_FINAL
ODCR-D696,D02,195,22.4331623595987,0.900691309475079,0.1286149024963379,0.13546472787857056,C8546E3F79AD12342624127B4CC4C4ED5846EC335909E5DC86BFC5DAE616075F,2B7F45B37181A3AA1750D7CB5D5C8822DD76ECB4B785613388F807A5FC510F1E,47396F185809304D5215B63393FBE955299A7B55A6366E38975F358A04112033,D696BBFA42DD1A840708B9C42E824036862ED17D538B2B47551641D8145854DB,SAVED_FIXED_OUTPUT,HASH_VERIFIED_SUPPLEMENT_NOT_STRICT_FINAL
ODCR-D696,D02,196,26.82827377670702,0.9555140216173035,0.08177567273378372,0.10146844387054443,FAA31E83D97BD296D46A9C2D5D62C73FD8C02129C7DE4A962EC9823C7A29EBE1,DAF0B78E2BA44B98B53E3FD9000F1144A5F321B63DA6734B482466B67FCA4709,A0D1F92E5387365F666970C8EE75F2B8068F84373A050F5314D94C18C7B97194,D696BBFA42DD1A840708B9C42E824036862ED17D538B2B47551641D8145854DB,SAVED_FIXED_OUTPUT,HASH_VERIFIED_SUPPLEMENT_NOT_STRICT_FINAL
ODCR-D696,D02,197,20.151488905698397,0.8591525122748958,0.08744705468416214,0.07380694150924683,FCFA968EC2AA5471066D2A075CFC3007EA29FB9542E5231959CB13C1DEF22667,159AA8B3E3669076F9B77417B0E20ECFB0C41522564136B74B21407C07E89475,8626FA60ED4E44DDD99113F2CC7924B6B75CFAE6CDA16C292964C152826C5FE1,D696BBFA42DD1A840708B9C42E824036862ED17D538B2B47551641D8145854DB,SAVED_FIXED_OUTPUT,HASH_VERIFIED_SUPPLEMENT_NOT_STRICT_FINAL
ODCR-D696,D02,198,24.26306787412996,0.9312757568685693,0.06663863360881805,0.07574009895324707,90FAAF6C0537A50AAF37C0AB87D417A4A5F31FA4E549F1F59DA7A825338F2AE0,1090BD8A533EDD4ED752626A8B4DE2B716EAC4E348B962D9F8750F49F529ED78,5F9B232804403C644D5D5EE578748A287ACD0FC8A16F5F021A39312A576136E5,D696BBFA42DD1A840708B9C42E824036862ED17D538B2B47551641D8145854DB,SAVED_FIXED_OUTPUT,HASH_VERIFIED_SUPPLEMENT_NOT_STRICT_FINAL
ODCR-D696,D02,199,21.48045328167222,0.9270578261383869,0.08618148416280746,0.11087644100189209,ED1E8998B5F6EFB472742052A27BE1693B7CD80B87009523080E9AD4AF9A9AF2,CDB209EDB6A7C903865AAA63170CB94C44249CE5747F1A622DA9954321A83133,AE59FBDCAB64214CE4092A606DFA91FD18DA5DDEF5EBDDDF2DEAB7D2A45102B5,D696BBFA42DD1A840708B9C42E824036862ED17D538B2B47551641D8145854DB,SAVED_FIXED_OUTPUT,HASH_VERIFIED_SUPPLEMENT_NOT_STRICT_FINAL
ODCR-D696,D02,200,23.98750308763043,0.9205722344872168,0.044816434383392334,0.051315128803253174,0AD29349E3B781410002B51EB730B2D510FE524B9DC6FFA0FB2B2CC377C81F78,40A780A19BB4C706E569A811C0467440B5C49115981DEABA6A46BE746B3FD77B,77B96EEBC8419067DA73FB7ACC26F03F9627AEF69E2BC33B013CA5317C5492E3,D696BBFA42DD1A840708B9C42E824036862ED17D538B2B47551641D8145854DB,SAVED_FIXED_OUTPUT,HASH_VERIFIED_SUPPLEMENT_NOT_STRICT_FINAL
ODCR-D696,D02,201,21.65905980239138,0.8798510723508284,0.10269256681203842,0.12026536464691162,F83C39B1CDDC01FFD157940993DDC27FF4CC317FB0FBC49A8688426CF717DDCB,EF16AA7114A9022C7EC096134068A1E9FF2699B2F118AA7016F91EBCA9B2BFC7,D6D4076B0CCB660300944532787E249E2958E93203BDF8954F03A7FA069FE346,D696BBFA42DD1A840708B9C42E824036862ED17D538B2B47551641D8145854DB,SAVED_FIXED_OUTPUT,HASH_VERIFIED_SUPPLEMENT_NOT_STRICT_FINAL
ODCR-D696,D02,202,23.458613119944552,0.8189425375443938,0.12688903510570526,0.1482105851173401,3641A5E3FDE3748EF9CE6A52BBDE396B6A58F4174F9E0C7B47EBF9F131FD4BEE,CFEF42B3976341BF1E62032D921EA44E4D7B5AD1C47244EF6CF0D94D5974503D,DF40A558BA1EE001CBC1C22534CED3389172B9C67C4C1C37406463BEB64FF600,D696BBFA42DD1A840708B9C42E824036862ED17D538B2B47551641D8145854DB,SAVED_FIXED_OUTPUT,HASH_VERIFIED_SUPPLEMENT_NOT_STRICT_FINAL
ODCR-D696,D02,203,26.430719206091258,0.8509898933613654,0.06260059028863907,0.10341715812683105,26314250F7F9FF0B48452D518653F1C44F5DD34EEFC27D290D5CFDED3AE81592,18323C4912238541F736ED6CFA9D15D28DE8C7857422B6370F9CA2007A0B4B23,6219472A05D73B839D4B34B8063BC4C63B014774101A092D6C1BF199511D1191,D696BBFA42DD1A840708B9C42E824036862ED17D538B2B47551641D8145854DB,SAVED_FIXED_OUTPUT,HASH_VERIFIED_SUPPLEMENT_NOT_STRICT_FINAL
ODCR-D696,D02,204,19.3230243002713,0.8744027958521524,0.10141123086214066,0.12326407432556152,6526B80E220DC24317F841A664E5031A3ED2527D13BB118ED6BEDE81C1C2C0C7,00CB4CEA544119056735127C0DD6AEC52CB888ACC511E1CBAACD14B010532C71,67CC2B35541C923C34E4C084D8F6A949578B77DB45F9B4DE6BC8C91245844761,D696BBFA42DD1A840708B9C42E824036862ED17D538B2B47551641D8145854DB,SAVED_FIXED_OUTPUT,HASH_VERIFIED_SUPPLEMENT_NOT_STRICT_FINAL
ODCR-D696,D02,205,23.63814925029835,0.9097073273311082,0.07335978746414185,0.0914163589477539,BF60E03ED45F3BD6F454D963C895E451982736D681E3E2DF5CC809D1CE66D79F,87583E8E5BEF3B4725136B5D0F8560BD13C00A412FF0B7761448AFC08602BA78,60A6DA6116BC96F789CE1EE756A5D1DC0E3847F9C062ABAAB00212DE50D30DC4,D696BBFA42DD1A840708B9C42E824036862ED17D538B2B47551641D8145854DB,SAVED_FIXED_OUTPUT,HASH_VERIFIED_SUPPLEMENT_NOT_STRICT_FINAL
ODCR-D696,D02,206,23.67290630551473,0.9132457159435384,0.0687851682305336,0.07741653919219971,4A4B76752B968D5FAF2881B03434781880E9556270ECEF28146DDB8880BD90DF,9243AE6BBA49CE8AA3970D5F60CE6DE6ECB0A731ED548515022ACF58F720249E,9B6B60855C9E5E7DDE4A18EBC1A78586EC699DF215823E571BE4EEC80B98AE70,D696BBFA42DD1A840708B9C42E824036862ED17D538B2B47551641D8145854DB,SAVED_FIXED_OUTPUT,HASH_VERIFIED_SUPPLEMENT_NOT_STRICT_FINAL
ODCR-D696,D02,207,22.67468726379216,0.9003301072352389,0.0793047621846199,0.07981705665588379,EB7688FACD1F8A5A4D1DB83138E28CB6110B0781FF85C50C2C9310918A6BE1E8,9243AE6BBA49CE8AA3970D5F60CE6DE6ECB0A731ED548515022ACF58F720249E,E7FCF0EB838DB8D214769B04850618ED0832DEB06AF390DAEE43215C0D656BDB,D696BBFA42DD1A840708B9C42E824036862ED17D538B2B47551641D8145854DB,SAVED_FIXED_OUTPUT,HASH_VERIFIED_SUPPLEMENT_NOT_STRICT_FINAL
ODCR-D696,D02,208,26.343716981610346,0.952360697786533,0.04333634302020073,0.07005071640014648,E695D8870F356EA7056E5FB0AB8C1CBD39FDF52D45EA5FCA870DC7D2CE01496C,536AFF8E904F5856FA9F5B7F7462413037C516F225F5DE79A9E46EE1F6BB4FD3,74E18FC1300DC30434AC84A7DEEBAB7F21313062BEE6CE09F6A5109493701270,D696BBFA42DD1A840708B9C42E824036862ED17D538B2B47551641D8145854DB,SAVED_FIXED_OUTPUT,HASH_VERIFIED_SUPPLEMENT_NOT_STRICT_FINAL
ODCR-D696,D02,209,24.55639866425935,0.9329486591712945,0.06552882492542267,0.1010369062423706,F33A660FF144512B7EF78A19C621ED52B70153BAF6B0AD7A45ECCCEA96B4F41E,770C91F9FF840D2DD1FEC00CAAFEB1C89E9731D6A5510CF03DFD58F3A244ED7B,2C93DE52973BE3530113D3AA335270003778EF255C0424408610E27BCFBB3668,D696BBFA42DD1A840708B9C42E824036862ED17D538B2B47551641D8145854DB,SAVED_FIXED_OUTPUT,HASH_VERIFIED_SUPPLEMENT_NOT_STRICT_FINAL
ODCR-D696,D02,210,26.384685323242834,0.9111405646811882,0.10362415015697479,0.1551976203918457,70BD46C091858DEE10AD10EC26547D69F473984FA7C50C256124D503F9EAB124,8F9DC319AC89581C817041F091C77626911BBE8649EC096BA61D6FE12C61C46C,117FC02B29643DE37C7B4811A57484F5CCE18964B06EA7CED38D698A9D22D50F,D696BBFA42DD1A840708B9C42E824036862ED17D538B2B47551641D8145854DB,SAVED_FIXED_OUTPUT,HASH_VERIFIED_SUPPLEMENT_NOT_STRICT_FINAL
ODCR-D696,D02,211,25.18570052603422,0.9319056751584376,0.05540335178375244,0.09309107065200806,E6FD8E4B4487568CCE4337010604BAFA732322795ADDB3568B6AD2CE28A514E6,DCADC0E4D4A9C948B03BA5F8CC6105EDE3224088DBF2666461CCD89B35C22E06,6E600BB173D6D1F8820A03F287F66278728BA25BC214E62AB9B748A03E1F03AD,D696BBFA42DD1A840708B9C42E824036862ED17D538B2B47551641D8145854DB,SAVED_FIXED_OUTPUT,HASH_VERIFIED_SUPPLEMENT_NOT_STRICT_FINAL
ODCR-D696,D02,212,23.653636844317237,0.9268584167842059,0.0789988785982132,0.11214184761047363,F6A7F5522DBEAFC7346CFE7B9F2AF9111376BBD7E9DE2019CA8E1B048B8B8D13,B7EDD38274C4AF9CBA914BF03243D5376EB0F6E6D6360F6EE8A6887D87EFE038,79DE310E3806E9B790F51C03E94633F1AE48F6636F9451029B200E318CF09A04,D696BBFA42DD1A840708B9C42E824036862ED17D538B2B47551641D8145854DB,SAVED_FIXED_OUTPUT,HASH_VERIFIED_SUPPLEMENT_NOT_STRICT_FINAL
ODCR-D696,D02,213,29.948214117195896,0.9588600172826193,0.038749516010284424,0.07118284702301025,9A990BD1E1A5087D6DB9993AF1069D2DFD1D36279C14D6B5478EA508F65EF5CE,285579F6E7646A9D03036373C37DC8EF9AA3ED52836A7203871C12DEAEC3AE32,1D367666C45F6ACE094D544F463828EBC326DC13983D2F80D109BD20B5D6101F,D696BBFA42DD1A840708B9C42E824036862ED17D538B2B47551641D8145854DB,SAVED_FIXED_OUTPUT,HASH_VERIFIED_SUPPLEMENT_NOT_STRICT_FINAL
ODCR-D696,D02,214,24.56445018042579,0.8942527351881849,0.08452887088060379,0.12603527307510376,48F7505B9105E7BF151D55B818AC6898C998F3FBFCBF0F724725E42BFDE747B7,5215B6CEAE3E4D3EF40994FC3C4057F0A920214AF450A8A5F0311285F07E4913,4489921F33F7F23B92D3ABF7DEFDE1A40C7FF87C7CEAAA970AD855A514CE417B,D696BBFA42DD1A840708B9C42E824036862ED17D538B2B47551641D8145854DB,SAVED_FIXED_OUTPUT,HASH_VERIFIED_SUPPLEMENT_NOT_STRICT_FINAL
ODCR-D696,D02,215,22.47479647828103,0.9087899957941517,0.07518893480300903,0.07750892639160156,D6DE5FD41C5C2CA5DC868C75F7B6715839B260A90DB2B859F89C878B15D0B970,1091957ACDC289D9CFDE73D07BC321D00BD438C5423F054F4A49168A3F545DA9,96A8EC1A33DA0A548DEA5F4A80B825A00C2D7A94B61CFC7E5097E9BD43A86931,D696BBFA42DD1A840708B9C42E824036862ED17D538B2B47551641D8145854DB,SAVED_FIXED_OUTPUT,HASH_VERIFIED_SUPPLEMENT_NOT_STRICT_FINAL
ODCR-D696,D02,216,22.886569029574577,0.9333174678705972,0.0711425170302391,0.08067721128463745,90F6A764F131DBBAA2A60F8AA6C53012DB44911A7B5C6630D65B70AE5382C55D,81F8CADC3FA472C408039DBA9F19E3EC06A0C478F1AF391588C1F27D6F552932,0CFEDEFF8321FB320C4EE96879DDF9FDA31F7E10F9622465494F25DFA6D9EFEC,D696BBFA42DD1A840708B9C42E824036862ED17D538B2B47551641D8145854DB,SAVED_FIXED_OUTPUT,HASH_VERIFIED_SUPPLEMENT_NOT_STRICT_FINAL
ODCR-D696,D02,217,26.24698562249875,0.9631297397000899,0.04465183988213539,0.06343686580657959,6C93E3100CD0B590F7B17B8B1B19A2607584AC9C48A87B8F1ACAD53DD7131EF4,CB74B11D590AA4A601C4856B0843E08CC1F2333937B5D539F261C4D2AF0E63A9,CF86159F7F62D7998C503F84091A6D252F375185131EED30DB20C85B85569C8C,D696BBFA42DD1A840708B9C42E824036862ED17D538B2B47551641D8145854DB,SAVED_FIXED_OUTPUT,HASH_VERIFIED_SUPPLEMENT_NOT_STRICT_FINAL
ODCR-D696,D02,218,23.29842079190808,0.9111397603196082,0.11111394315958023,0.11684995889663696,FC3BC4A549A0EEBBF7539D40AB058A7172FB244BA76B664B08F64A77240BC590,67C8049CDF799E1BABE7718039A3804EC2475C3E84A5A151854F1BEAFBF2FC8E,DD591A2AD4C5F00C6E9948BC15DF241285D5F9F182CC22D7925D325F097C176C,D696BBFA42DD1A840708B9C42E824036862ED17D538B2B47551641D8145854DB,SAVED_FIXED_OUTPUT,HASH_VERIFIED_SUPPLEMENT_NOT_STRICT_FINAL
ODCR-D696,D02,219,22.69683822026701,0.9195299594960087,0.06493039429187775,0.06870555877685547,5DD6628F4E9B8F3B9819D40B3EBCB2318393D330BBFB531719D2CBFF0D3B50D7,6D769FE86DD668472F73C554B382BA3531E59BF42873F0AD90A89231D42367B5,1C16B3B59787E44DFFD1CA5ECBE550D053C6A1D311DC07461B9095E05A6BB015,D696BBFA42DD1A840708B9C42E824036862ED17D538B2B47551641D8145854DB,SAVED_FIXED_OUTPUT,HASH_VERIFIED_SUPPLEMENT_NOT_STRICT_FINAL
ODCR-D696,D02,220,18.246568330638006,0.8589425814370872,0.14639422297477722,0.14211535453796387,9E5F3631433DB4700979249BBD8D874CC20028269FEEF6EE3C707E9A5EC81858,F96C39B91D2375C28C2099A50B3554334E94D594D736F63E425671C562BA0D88,79B7148A007A0A73E3B5130FB0DE4411EC78421F4D387A62DC55DB416DE775C8,D696BBFA42DD1A840708B9C42E824036862ED17D538B2B47551641D8145854DB,SAVED_FIXED_OUTPUT,HASH_VERIFIED_SUPPLEMENT_NOT_STRICT_FINAL
ODCR-D696,D02,221,21.67630046485691,0.8696751079583906,0.09900806844234467,0.13227832317352295,78448959CBC2A0A4DEF8CC95C6B49E1EFC6D83FEECA78AA9B179EA7B0D39DEC4,938EFCC9C7D8BD08785FE837634D44AEBDF196C30A3A15EEC767D17C28F47940,3F7AC6FE05B06AA16FDCF0DD55D90441FFF4DBB0364ED931F1B8D358FAA8AB06,D696BBFA42DD1A840708B9C42E824036862ED17D538B2B47551641D8145854DB,SAVED_FIXED_OUTPUT,HASH_VERIFIED_SUPPLEMENT_NOT_STRICT_FINAL
ODCR-D696,D02,222,24.856573043952004,0.8970429583340666,0.08020007610321045,0.10169100761413574,D10357E4BB2B96A752AA21AAB88D2CDA16FB5746FBF54877FC0F172366FE3EB5,56386432508A95BC3EA97C5A236AE0F5FAB0D362C27EC85FC9E6936EF36DDFF2,1A5C2D0A078AB6C78F839ACD74A16F9CBB297B02F1E8E7979A9A6194E0601AA6,D696BBFA42DD1A840708B9C42E824036862ED17D538B2B47551641D8145854DB,SAVED_FIXED_OUTPUT,HASH_VERIFIED_SUPPLEMENT_NOT_STRICT_FINAL
ODCR-D696,D02,223,22.683958242342715,0.9283466678679672,0.06415005028247833,0.08921235799789429,806649BB40C625B55CDA37DCB2A49442E2360E5B4F21D0DBA06DFB313E60F6CB,189BF798E4CE7A75C5FE5FDA1AD2FC216A996D2484619CBB8AF68FF9C1725AD0,74C1CE5CA6409028AAB89D351A4D3C202FA064D0E92CA1D0A4FE2A86AC329FE3,D696BBFA42DD1A840708B9C42E824036862ED17D538B2B47551641D8145854DB,SAVED_FIXED_OUTPUT,HASH_VERIFIED_SUPPLEMENT_NOT_STRICT_FINAL
ODCR-D696,D02,224,15.949366824767656,0.8472222624202922,0.2018689513206482,0.16525429487228394,292C17B6832C8973F8408282398C3A0EB423F351DA77B7D8D05BE771D42BBDC3,2DF46748ECD9FF55A77022AF8C81C0AFE1848C37198D25426465A01DE3E90FE7,6E85605DBD04E334EEDA2FA7D840378D73DB3EC1567445EE124CD2F129B2B49B,D696BBFA42DD1A840708B9C42E824036862ED17D538B2B47551641D8145854DB,SAVED_FIXED_OUTPUT,HASH_VERIFIED_SUPPLEMENT_NOT_STRICT_FINAL
ODCR-D696,D02,225,20.83124202666932,0.9013188007517591,0.11526588350534439,0.14532595872879028,D6C84881199C4F5FAD63508429C35A57ABD3C7C0E7F2455E1B70943972C363BD,FD8F62616CA6310B2FB4E44E43AFAC7FDCBFADB75EF60A7887C23B96601AA091,735A571E32E406DA5B84FC139BD00DFE84F610B5A7A0AB845D86A42F845B7982,D696BBFA42DD1A840708B9C42E824036862ED17D538B2B47551641D8145854DB,SAVED_FIXED_OUTPUT,HASH_VERIFIED_SUPPLEMENT_NOT_STRICT_FINAL
ODCR-D696,D02,226,16.681339815513006,0.8031307973814458,0.1311996877193451,0.11676567792892456,3D30DBD00CA089AF15F68313D032B090B27B46751C4225D150B68F180C38796F,63A5FDBB29E3915A37424EB8FD367CC0720BB592B9FFD43A214940E40AD62FC2,7330A889DD86E7652C03EBD444DFA77B1DC8AFF6E773FED6337072E0E9F42AED,D696BBFA42DD1A840708B9C42E824036862ED17D538B2B47551641D8145854DB,SAVED_FIXED_OUTPUT,HASH_VERIFIED_SUPPLEMENT_NOT_STRICT_FINAL
ODCR-D696,D02,227,24.820680752227815,0.9241181767473835,0.05714799463748932,0.0975140929222107,841D16BF3FD948128CA3EB66A3831090A47A1A462EC8D510153F1FB4861E9E33,ED758E6FCBE99391763DA5F6AF0B056C9C800C7BED599BFB1D346358B38E2D98,3F6117BF5E027F767BC05D0BB7A4A789C40A2BA934778163E84F47503ED610B0,D696BBFA42DD1A840708B9C42E824036862ED17D538B2B47551641D8145854DB,SAVED_FIXED_OUTPUT,HASH_VERIFIED_SUPPLEMENT_NOT_STRICT_FINAL
ODCR-D696,D02,228,22.858490747082783,0.9099529372898428,0.0570082850754261,0.08138245344161987,F49C01851C19D7058C6613D5CA1ABB7C8DF29057BF5A8A24A32BF6368D3004E9,3835B7837CE4E5D450F584D81F2DE78EC405ADC1CE892C737FFC07DCEB7F6622,35299C3AB0E025C420C4B1F3F8B8EAD71A4531B6F62780322457E57F455D3AEA,D696BBFA42DD1A840708B9C42E824036862ED17D538B2B47551641D8145854DB,SAVED_FIXED_OUTPUT,HASH_VERIFIED_SUPPLEMENT_NOT_STRICT_FINAL
ODCR-D696,D02,229,25.361834687933445,0.948114654240833,0.04012693837285042,0.0638532042503357,C28F5DAF184CB3A21643FDA506B642484AC643F21E7645444D542030654814CD,76BA0279B042C252EC97E238FF21D95F3EA417ECBB028E53AF8CEA37839DD576,56CF3A75FC3CD0142A93D353A01C9FECA9DF14A1772340A2870A82338B4586B9,D696BBFA42DD1A840708B9C42E824036862ED17D538B2B47551641D8145854DB,SAVED_FIXED_OUTPUT,HASH_VERIFIED_SUPPLEMENT_NOT_STRICT_FINAL
ODCR-D696,D02,230,29.70513967776348,0.9570819233738518,0.04771791398525238,0.0689396858215332,BC2C1DC6641669B6E79953B706BBBFCEA2D675521E75D4BB04DBFEC87DAFD9F5,A24F17F4BEAD2C99B79A341B184F4CF83F0B7D7BF7C5F729E9DFD5C595107029,70699B1FB4A939C11D9CA5F21E716C91854E535CA7C705860836B20F7D5CF126,D696BBFA42DD1A840708B9C42E824036862ED17D538B2B47551641D8145854DB,SAVED_FIXED_OUTPUT,HASH_VERIFIED_SUPPLEMENT_NOT_STRICT_FINAL
ODCR-D696,D02,231,24.55797520524908,0.9464080160545788,0.07587204873561859,0.09268337488174438,CDB05BE6CD34FD2F1CAFD3CE38654C21CAE7ED662BE4009B2668576476F925EF,298EC0F9601F135B676CAD61E6C0E6A3EF3D1D77AB1D8EAB0627269AC96CF796,FECDD69B596CD518E1666B877802DD911C47FBD5E42BEB47193633C59D9717C1,D696BBFA42DD1A840708B9C42E824036862ED17D538B2B47551641D8145854DB,SAVED_FIXED_OUTPUT,HASH_VERIFIED_SUPPLEMENT_NOT_STRICT_FINAL
ODCR-D696,D02,232,25.85871097412982,0.9575695424568312,0.042082082480192184,0.05776846408843994,64BC56E0726013F66D17A844890854E2CB215949D951861EF3A5F46546466A23,2DD920FB30EA2D3CF89E33169A003D7436E0FE651BCD69F19E9B9582052DCEA9,EB5F73813DEA4EC93D02BDA4BBA08C39CB19E5FA33A95F4872496AA2BC586851,D696BBFA42DD1A840708B9C42E824036862ED17D538B2B47551641D8145854DB,SAVED_FIXED_OUTPUT,HASH_VERIFIED_SUPPLEMENT_NOT_STRICT_FINAL
ODCR-D696,D02,233,25.009190213146596,0.9507912487592652,0.035532575100660324,0.05083906650543213,00148A286764770C93CBF40F1CDB90C5B19FB67ED3796F196BEC7A6A9044559F,98D04C590F85BF19C4D8184A8105DE12D597EAEDB7628A469937B042809FEF02,8CE0B76EE45174E45DEFD330F5AC00763F6253636A5F1F1F40B363D6E285CC47,D696BBFA42DD1A840708B9C42E824036862ED17D538B2B47551641D8145854DB,SAVED_FIXED_OUTPUT,HASH_VERIFIED_SUPPLEMENT_NOT_STRICT_FINAL
ODCR-D696,D02,234,20.908581475963466,0.8974341009343263,0.05402251332998276,0.05121690034866333,80245CB0649F05958312B01684E68B11B7B85A8BDBE6CB0F60F57FA056A11801,AEFDB249C93D172171EB68CD6DE20253D5A882FD720A5A6051754863C79D8A5E,91B6E47F7C8A60CF51E0A0FAEF5D65A6FA98201C69CED4CB543F81F325B9E519,D696BBFA42DD1A840708B9C42E824036862ED17D538B2B47551641D8145854DB,SAVED_FIXED_OUTPUT,HASH_VERIFIED_SUPPLEMENT_NOT_STRICT_FINAL
ODCR-D696,D02,235,18.91284585696112,0.8645220012032873,0.12103535234928131,0.0817803144454956,FB2C199F61944C9C5B7A771304121D8C917D626CAA693850B4158D42CA939D32,8D94B05802AC9B435500AD3B56128BE54DDD20B779902A9265F2221746E9D003,F839B6C0CE3EB557CE43275B8E2C6AF58C120273AAAC3C454431DB294A376B77,D696BBFA42DD1A840708B9C42E824036862ED17D538B2B47551641D8145854DB,SAVED_FIXED_OUTPUT,HASH_VERIFIED_SUPPLEMENT_NOT_STRICT_FINAL
ODCR-D696,D02,236,18.064954813875172,0.8780075190318856,0.10574895888566971,0.12072330713272095,38A36E07F1E55F4194E0BAB98CD19CF2D23179111B6164AA2AD23158740692B5,E655A345E46724CA8D8A9FD974362D4BC4AA6EE5965F0513A73B5B94F0E8FB7E,26DA84A51B585298FBB40D7A2318A13C31544CA2FF109E730246A41CFCAAA4C0,D696BBFA42DD1A840708B9C42E824036862ED17D538B2B47551641D8145854DB,SAVED_FIXED_OUTPUT,HASH_VERIFIED_SUPPLEMENT_NOT_STRICT_FINAL
ODCR-D696,D02,237,25.755426049180077,0.912856407342194,0.074005126953125,0.13355648517608643,CF05B2DFF3064A3F891FBA86E475A173978D6C840A64E2B45FCDC2537113B027,C677DC011C12DB7AE4DBC9152B143EFCE145B9FD184C982DF9D9E3F5367B3321,6AA59366A06D2ACE946C27781A94BD2101F463D48EF31CEE62EFC1EF488354AA,D696BBFA42DD1A840708B9C42E824036862ED17D538B2B47551641D8145854DB,SAVED_FIXED_OUTPUT,HASH_VERIFIED_SUPPLEMENT_NOT_STRICT_FINAL
ODCR-D696,D02,238,28.032833856080956,0.9382217828151229,0.04686863347887993,0.11097145080566406,4FF82BE40E0053F42B6678E14A03DC2E8E5A47DCA1048C546016FAB2C3187A46,C677DC011C12DB7AE4DBC9152B143EFCE145B9FD184C982DF9D9E3F5367B3321,DC81B6065B30566F771DF47BF8B1543AD61B2BC0ED3B32737D49BC6865B5F299,D696BBFA42DD1A840708B9C42E824036862ED17D538B2B47551641D8145854DB,SAVED_FIXED_OUTPUT,HASH_VERIFIED_SUPPLEMENT_NOT_STRICT_FINAL
ODCR-D696,D02,239,18.789432142105927,0.8994660565203789,0.11498763412237167,0.11437815427780151,19DEECDA4D87ACA1619EBB18C3AC4BF7B0C84BF50136DC51A5EC4381A8331D4B,CE3C9226681C7D818B2473C5E7ED01785CE1C6CBDBCD5D7F9AC6971EF974D2C3,9058E115D46F6C2E2124A2BA73CE0BA9625F4D38FF36788421C646E22BDF65AC,D696BBFA42DD1A840708B9C42E824036862ED17D538B2B47551641D8145854DB,SAVED_FIXED_OUTPUT,HASH_VERIFIED_SUPPLEMENT_NOT_STRICT_FINAL
ODCR-D696,D02,240,25.667977494140665,0.9473240371937214,0.04585101455450058,0.07349729537963867,694F77DC34102118CAFFF72B72D58190D1F352288A8A1F3D301DF199F2395E96,A14A3CA342813BBEF53CDAD7337EA9C1A21A37F73555D93708E1CA11F81EAC17,4ECCDD9E4380C4D96BBC4484118811D157262AEC4E3BE5BE8FEAA6F03307F26D,D696BBFA42DD1A840708B9C42E824036862ED17D538B2B47551641D8145854DB,SAVED_FIXED_OUTPUT,HASH_VERIFIED_SUPPLEMENT_NOT_STRICT_FINAL
ODCR-D696,D02,241,20.66628352985701,0.8879156388186794,0.13628727197647095,0.11534160375595093,6D127B9BCD1543DD4BE7A2FDDE955B295D8D3CF2A17D50EB6BBF6D41B35514D6,287013E812473060CF57F4F5E70F7BA39FFC7DAB32F03A7017248D5A2DC5410B,EFB2DE24709A26C3A3178C34A75C77EE3B56F6AC2A362625DAFC602CC4CCD6E4,D696BBFA42DD1A840708B9C42E824036862ED17D538B2B47551641D8145854DB,SAVED_FIXED_OUTPUT,HASH_VERIFIED_SUPPLEMENT_NOT_STRICT_FINAL
ODCR-D696,D02,242,24.125149236941112,0.9090733431432341,0.1191500797867775,0.1558316946029663,2B063C118E6C8A583680932F518ECBBE89EE32BBB6DFAD72FD698454CA62AD31,633A47891DBD968571D75BF501F05D695A00E8153631AA2087050616534C82BA,27BD2B8B313519CCF16660502CB725144C535AE42416051ACA2E91E534589BBA,D696BBFA42DD1A840708B9C42E824036862ED17D538B2B47551641D8145854DB,SAVED_FIXED_OUTPUT,HASH_VERIFIED_SUPPLEMENT_NOT_STRICT_FINAL
ODCR-D696,D02,243,22.567577711571246,0.916942460626584,0.07591802626848221,0.11181175708770752,2F89F2E9B177FBD3420843ECAA37D12E0DD4D27BB072073B47EFEC81FA8D34C8,3C0EE05CF56AB3A8023FD667AC536CEC6754EE9F20CD1B9B750A7D6583D7BF1B,0D9248B9D51A1DECCC4DDA4BA5D0326372AC9EF280B18657034F18BFC3C93389,D696BBFA42DD1A840708B9C42E824036862ED17D538B2B47551641D8145854DB,SAVED_FIXED_OUTPUT,HASH_VERIFIED_SUPPLEMENT_NOT_STRICT_FINAL
ODCR-D696,D02,244,28.686593165625844,0.9506440911430417,0.026196707040071487,0.05997556447982788,1C0FF664047B37295B5E5E7452FD4FF83FB6A544F0BF6779CD88AF99CEA1DA7E,76FF543148FAF0D0913E17DC1017029BE3163C84A440FF500D00D4D6FADFEF3A,C1FAA1BC26C5054CA88C63810602DD8523D90AF36024A87CDD296DA24DF28CC5,D696BBFA42DD1A840708B9C42E824036862ED17D538B2B47551641D8145854DB,SAVED_FIXED_OUTPUT,HASH_VERIFIED_SUPPLEMENT_NOT_STRICT_FINAL
ODCR-D696,D02,245,22.626035085122624,0.9300806455074584,0.055650435388088226,0.05797070264816284,47D93EA3C9FEE14B40AAEFF121BA036503C2A7FBC9BBAEF1CA8A5CFF81A1666E,4B242B2C95C026AD764D987F833DDF5F8EA55039C14D5A45D0B07FDDD2B134D4,3771A6250BC6A35EED77200BCFD02D9276DBB1C943DBA37EBA201B11480FFE66,D696BBFA42DD1A840708B9C42E824036862ED17D538B2B47551641D8145854DB,SAVED_FIXED_OUTPUT,HASH_VERIFIED_SUPPLEMENT_NOT_STRICT_FINAL
ODCR-D696,D02,246,23.471158871727408,0.9281018011341703,0.025281071662902832,0.035433053970336914,14DCF60CC761AE727B5E0F755E94D1E12EA4B45D9B806C70C6E4775503EADB9C,45B45B8D6EC08D1D589F4EB6452F310610AF1B5BCCECE27FD266CAA12D8E3E09,87319CBCE71BE1E0B8B574F0EDBFD2BE10EFBF072420845E7813009FD5BC5431,D696BBFA42DD1A840708B9C42E824036862ED17D538B2B47551641D8145854DB,SAVED_FIXED_OUTPUT,HASH_VERIFIED_SUPPLEMENT_NOT_STRICT_FINAL
ODCR-D696,D02,247,22.481377690656874,0.9475077285759995,0.03310222178697586,0.04128319025039673,983C0268524B016051D3DE6F8836AABD8BEFE851832CDB46E9AF1B8ED507B007,00F6E2221AFEB19C1C1FD31B7A9C1AB1617747A4F43494B220A69374A6B8FD11,646EC8CE7095A6B8BCAC1D9EDAEF657610A499C6B717668202D24AE219132100,D696BBFA42DD1A840708B9C42E824036862ED17D538B2B47551641D8145854DB,SAVED_FIXED_OUTPUT,HASH_VERIFIED_SUPPLEMENT_NOT_STRICT_FINAL
ODCR-D696,D02,248,26.938638354612433,0.9558864492159107,0.04900483414530754,0.06465035676956177,E7135F56BF92D2F2B60F5D0C60BA2CEDCDA95448584C155DD3AD1F80AF4AB335,EC7BFA3EB6BF5611F678975F238209835707EAAC64AC4147C61C2791FC0F5369,F167F2CC73C169A0CA0237FF876DC5DAB9BE582D1FB7CEB941E53B685DB778C6,D696BBFA42DD1A840708B9C42E824036862ED17D538B2B47551641D8145854DB,SAVED_FIXED_OUTPUT,HASH_VERIFIED_SUPPLEMENT_NOT_STRICT_FINAL
ODCR-D696,D02,249,23.208974320591476,0.9191106750311153,0.11586135625839233,0.13150596618652344,C1ECC2EE60849D0D3B5C25438CE5CC6762A5644B15EE654415744C4DE96496EC,68617337363BB22828EA93712F001234667ACF2E4F91F023F42C241A635E0DE4,8A20E59E099C9055DF9B5BA0AC78B3AD1FA93721CD15A84CE37F8026461CB83D,D696BBFA42DD1A840708B9C42E824036862ED17D538B2B47551641D8145854DB,SAVED_FIXED_OUTPUT,HASH_VERIFIED_SUPPLEMENT_NOT_STRICT_FINAL
ODCR-D696,D02,250,23.26431777364762,0.9034287430792066,0.09561539441347122,0.10066050291061401,2E68791FF5F8DC11F63C3EB7AF2DB2698843CB4D02A4832925A4616AB143B74D,97472DC3A1E7C1EDAB624961D0F88F0B59E2853335CCE18DACBB0DA8E4C09D6C,E9433338A59E652DABCD816BC27EC3F9DFE3AACFFBFEB30B8202F25DDE99D47B,D696BBFA42DD1A840708B9C42E824036862ED17D538B2B47551641D8145854DB,SAVED_FIXED_OUTPUT,HASH_VERIFIED_SUPPLEMENT_NOT_STRICT_FINAL
ODCR-D696,D02,251,22.346090950537757,0.9137388761009749,0.05945316329598427,0.07706910371780396,C664301AE1B80804FB7C0AD5BFF36850CFA2150E5113BEF40E5C369D93ADCA53,1D6DEEEDF87D34AA3A3043772369042BD48371FC321C785742668B819ED68871,5A7269365048FC616813DED8CA4908E0E1A7B4217AD597A5D1634737946B6F05,D696BBFA42DD1A840708B9C42E824036862ED17D538B2B47551641D8145854DB,SAVED_FIXED_OUTPUT,HASH_VERIFIED_SUPPLEMENT_NOT_STRICT_FINAL
ODCR-D696,D02,252,23.09297958916044,0.8353007761394858,0.1047854870557785,0.14159482717514038,B22A8F95B7F134B66D1CBF068C406E513AC1A8D6D0B79CC188C0DE87716538A6,0994E39C743CBB0C50A0AA322EFA1871D2C73AF54CCE12DA2B96235A65C04D96,01801C8635CF72CE21A9AFF9065A34A8A1A67D8B5840A73F22F184570D07FF08,D696BBFA42DD1A840708B9C42E824036862ED17D538B2B47551641D8145854DB,SAVED_FIXED_OUTPUT,HASH_VERIFIED_SUPPLEMENT_NOT_STRICT_FINAL
ODCR-D696,D02,253,21.59783391983677,0.9190186642446002,0.10572746396064758,0.10714519023895264,7EE7FA2EDABB39750AA9D9D4E2115A9405D3A9C93846BB61B91D533928DECC8F,54B689B95055E5072AEC207235064C34F19A5454D9059D47FE2D9DB68A8CE3AA,E81C309DA12FE2F408432AE974E0A7E22D45786CCE22ACBD2479A11D2A0D36D9,D696BBFA42DD1A840708B9C42E824036862ED17D538B2B47551641D8145854DB,SAVED_FIXED_OUTPUT,HASH_VERIFIED_SUPPLEMENT_NOT_STRICT_FINAL
ODCR-D696,D02,254,25.8561273280818,0.9451908761741329,0.04441618174314499,0.0723339319229126,C9E1639506A3B89FD6D0A4ACD32747F358EDAD87C947EA552349284FBCEB9B16,254D68959A5C2E654414117AE52CD336F38AD7DAAB3ADD903D5C589DEC4342E0,F4D1B41487981B1977D254D198BB15B6B4C47E5FA4BD453D38895AE878D0E50D,D696BBFA42DD1A840708B9C42E824036862ED17D538B2B47551641D8145854DB,SAVED_FIXED_OUTPUT,HASH_VERIFIED_SUPPLEMENT_NOT_STRICT_FINAL
ODCR-D696,D02,255,25.39856216876691,0.9580711109650504,0.03951279819011688,0.07965290546417236,A51333E199795A2EC3089B86E887024D8ACAB12B2665365BC47252392265F618,14B49CE9A023EFCFF9E8F9A13AC82D65D85E676720EAA3F73F6132192414D5EE,4A815CBC8AB2E2E27D1797387EDC1DB8AAA099648C6FBA071F52BF942ECC24EF,D696BBFA42DD1A840708B9C42E824036862ED17D538B2B47551641D8145854DB,SAVED_FIXED_OUTPUT,HASH_VERIFIED_SUPPLEMENT_NOT_STRICT_FINAL
ODCR-D696,D02,256,24.401710556692244,0.9397374953309647,0.07228046655654907,0.12094545364379883,4F51A1787CE58E897C5AB357A58E952AF48D5EDD171BEE3A75BCAE5FF910F25F,FB1640D7255A77538B3835AA24D4D219E3302A0D13C703C5AAD1E3727AAB1898,F1801C3F944D3FF4AC5477BF5E02D45D081424FD38BA1246A7DEA4FE19AD3A8E,D696BBFA42DD1A840708B9C42E824036862ED17D538B2B47551641D8145854DB,SAVED_FIXED_OUTPUT,HASH_VERIFIED_SUPPLEMENT_NOT_STRICT_FINAL
ODCR-D696,D02,257,22.53592785390903,0.9201098935177447,0.07200316339731216,0.08775895833969116,A7B541D9CBBB153E9A2579FA250F1834226865837BB8CC38CAA8E4F526F8AAAF,055C491893CF1F1C0E6EB0C70076E3C49081E62BE77DB8A976039A0DDD898D73,9C62386DFF55550A3A4F193F56A1E54E1B53977ED83303C7438CF3EFA293FB42,D696BBFA42DD1A840708B9C42E824036862ED17D538B2B47551641D8145854DB,SAVED_FIXED_OUTPUT,HASH_VERIFIED_SUPPLEMENT_NOT_STRICT_FINAL
ODCR-D696,D02,258,23.434355206294146,0.9068574585678131,0.07087461650371552,0.06597292423248291,16455E844090AF8D07048BE40C9A510D9CF397B794D7CC7436D67BE2B94E25E4,480616C55AADA4CDC134946B04BB723C9F2AA36B61BA7AC0C74B526E6802B841,76229063F2C4C391AC30AAAC9A5DBDAE653650E1CBD21850E49FD4AF237B11BB,D696BBFA42DD1A840708B9C42E824036862ED17D538B2B47551641D8145854DB,SAVED_FIXED_OUTPUT,HASH_VERIFIED_SUPPLEMENT_NOT_STRICT_FINAL
ODCR-D696,D02,259,24.279991593333822,0.9510575233051598,0.05477782338857651,0.06279963254928589,57653491CA59A92FA72A901659AE63CF1B58BB3EBCD75512DF6C5CA8DD4883FB,3681064649C1FF73ADB003D62A5FADFC770902B768C451BBEBAF3875132CC7E4,B331431E85933F90411471D5FC9012525F7E8A7A177B53816078B88F7DB9519F,D696BBFA42DD1A840708B9C42E824036862ED17D538B2B47551641D8145854DB,SAVED_FIXED_OUTPUT,HASH_VERIFIED_SUPPLEMENT_NOT_STRICT_FINAL
ODCR-D696,D02,260,25.182613651926697,0.9471652371190377,0.0838746726512909,0.08094847202301025,519CDB7D6A9E43AC0A626FDCD7568D54682D73BEBF920F0E0DE6AC0F22BE6B1E,595600F442ED477DEA2070A14963B007805CAD243EDD8B3E798F413D0DAD3497,946CAFED2E8C34EE41047DD230DCF666FEF7CB251708C9200CC3553AAA86575F,D696BBFA42DD1A840708B9C42E824036862ED17D538B2B47551641D8145854DB,SAVED_FIXED_OUTPUT,HASH_VERIFIED_SUPPLEMENT_NOT_STRICT_FINAL
ODCR-D696,D02,261,18.951234038194727,0.8609779830696369,0.1147439107298851,0.07857269048690796,03F099CAD0F08944F4274FC982B98CFF75F9C48DB83BAC17C0EAB9F51A874C05,5D704E586A9069674B54D2EDE5E686C200AB2CCD4E357D80C7F108EE61830CF7,01648C8A57C81C890B7BF68C42AF8F8A220BEDFC04E8B98CD87B53249F74C397,D696BBFA42DD1A840708B9C42E824036862ED17D538B2B47551641D8145854DB,SAVED_FIXED_OUTPUT,HASH_VERIFIED_SUPPLEMENT_NOT_STRICT_FINAL
ODCR-D696,D02,262,22.152436046678016,0.9292195414002139,0.08177557587623596,0.08616435527801514,9521401DE89D19846F9326C575EEAD9E14E7393CE3BC73DF1D9202DFB75DC1FB,ED94700929E845F0CBC8DAF0F3545190F14B27488B9EDBE7FD6238ED8FE4853E,03AB10319F836B6BE4CF7B7CE2B8037F1EE9D29964EA3DCFDA38140E71CB83C6,D696BBFA42DD1A840708B9C42E824036862ED17D538B2B47551641D8145854DB,SAVED_FIXED_OUTPUT,HASH_VERIFIED_SUPPLEMENT_NOT_STRICT_FINAL
ODCR-D696,D02,263,24.156408365625772,0.934149761919465,0.04217946156859398,0.07039594650268555,9963E9909233ABB092B700F8400EE5003352B33DD6483CDF1ED581A9A95DEBDC,FCCC4F9AB30A41849F53D853573CB987A09AE72D806214056EFE928AD635D78E,E9C2ADC8D2325BDA18F96743DD029A9512EB173B91FEF9B39AA6241EF8806DFD,D696BBFA42DD1A840708B9C42E824036862ED17D538B2B47551641D8145854DB,SAVED_FIXED_OUTPUT,HASH_VERIFIED_SUPPLEMENT_NOT_STRICT_FINAL
ODCR-D696,D02,264,27.04449089807177,0.9237825034424629,0.05101265013217926,0.07070493698120117,2F3BEA2BD162E423A32789E04CABE93AE420A46CF3A3B39C6CA1B967BE99D5D3,534406EE336781484BA14C67C45B35293A3100668601E14C4F1BEC94CEBF5671,FACBE8C7F5B3273DB52EE5C0ED386A77AB7B1DEDCAD4E660869688C35C128445,D696BBFA42DD1A840708B9C42E824036862ED17D538B2B47551641D8145854DB,SAVED_FIXED_OUTPUT,HASH_VERIFIED_SUPPLEMENT_NOT_STRICT_FINAL
ODCR-D696,D02,265,24.1123166630463,0.9099963277458137,0.0903719961643219,0.13791704177856445,F7617047BEFC5A148CB16D31EF63799AFEE030202875A10BD9F7FF4B10A1AD66,8E58C5EE4420FA32150AEE22F96EC777BD5C5CCAE4DD022588454AA6120E6A00,796E449F770CE5798A9C85460D0114F304A8A62B067C96CC3000106DEC1D919B,D696BBFA42DD1A840708B9C42E824036862ED17D538B2B47551641D8145854DB,SAVED_FIXED_OUTPUT,HASH_VERIFIED_SUPPLEMENT_NOT_STRICT_FINAL
ODCR-D696,D02,266,21.99913269513937,0.8991308529928884,0.09337786585092545,0.04457986354827881,995CE17A3D5A0F6D5CB880AE09A0E3F488C99AA01134886E27A9FD90866B619F,1FE977E1BC947C4876FF7D993C5D20149577D875B3E484492B16165C8D73B444,31B8DFFE655D605F987A7306B5A3CBAECE87DA3CAF7C7009D56C3E6950F8199F,D696BBFA42DD1A840708B9C42E824036862ED17D538B2B47551641D8145854DB,SAVED_FIXED_OUTPUT,HASH_VERIFIED_SUPPLEMENT_NOT_STRICT_FINAL
ODCR-D696,D02,267,25.25437954654374,0.9089806794241029,0.047345153987407684,0.05975455045700073,62E867F7E028EA1EEA73FB8C880DDBF0E81D2CBE2985F99F99CBA304CCC52BC5,19F502A593184B98BABB81EEDD3043ADF90C77509F837BC8D7EFC5B266A195B0,ED07820E98F8B25A6F7281418A5900CE56403B010C1131C5B48161E2D0943D02,D696BBFA42DD1A840708B9C42E824036862ED17D538B2B47551641D8145854DB,SAVED_FIXED_OUTPUT,HASH_VERIFIED_SUPPLEMENT_NOT_STRICT_FINAL
ODCR-D696,D02,268,19.36533002969017,0.8385028435927273,0.09740028530359268,0.09089314937591553,F49CAEEC75258F3C487B4CE2FC0CB042037DCEABB182CA0357B6A6E3B2AA98A7,19F502A593184B98BABB81EEDD3043ADF90C77509F837BC8D7EFC5B266A195B0,6F127F40616F15587FB85BE5C5E18FFBCFC26A9103792446478E135C8D0EF766,D696BBFA42DD1A840708B9C42E824036862ED17D538B2B47551641D8145854DB,SAVED_FIXED_OUTPUT,HASH_VERIFIED_SUPPLEMENT_NOT_STRICT_FINAL
ODCR-D696,D02,269,19.312519799622553,0.7666504394264454,0.08487465232610703,0.07081633806228638,4DA481BB57796420A96E8BACA1A0C7DF11079CA4BB4B37BF0860081048F815F0,3E23BB87CD48526496AC6D8DEBAAC55E5ABFDA233D18421E1255AEC789C8CFED,24BDBD09FC7309E57F7E851A9983512298D2076122B6278CEC7DAE966A2B9290,D696BBFA42DD1A840708B9C42E824036862ED17D538B2B47551641D8145854DB,SAVED_FIXED_OUTPUT,HASH_VERIFIED_SUPPLEMENT_NOT_STRICT_FINAL
ODCR-D696,D02,270,25.153951711796655,0.9470349301737152,0.044742144644260406,0.05755800008773804,2C2EF71A9C6E70E6948D785E5839E656485B211DBA73D1A5762B2A4FD8CCFCA9,20F7B14A5553C8D92384E6B95D7E005F80C2B72D1E7398FF4056A845D795D5F8,43A095676D1635B45AF8E9899F8F369B02CB45E9494F708AC315EE01EA99E655,D696BBFA42DD1A840708B9C42E824036862ED17D538B2B47551641D8145854DB,SAVED_FIXED_OUTPUT,HASH_VERIFIED_SUPPLEMENT_NOT_STRICT_FINAL
ODCR-D696,D02,271,24.25567491175039,0.9475988013223443,0.04304879531264305,0.0540008544921875,BF6CDEDD35488DDB2886C84A61B798BACCB11C5CFEDBB141BD0A92789B265082,5D2EF6D4F3D8E2C784171016AA3D6AA846B121E2222A4082E460ADDB67778B60,C35305EC37FD67E912380F6A49C6EC55E1CDC69F0C1E831062BA7DD26B7D64D2,D696BBFA42DD1A840708B9C42E824036862ED17D538B2B47551641D8145854DB,SAVED_FIXED_OUTPUT,HASH_VERIFIED_SUPPLEMENT_NOT_STRICT_FINAL
ODCR-D696,D02,272,19.163354775749905,0.8900378959785072,0.11639995872974396,0.13243567943572998,6A58AFB21898E058E9E4812A407611D1C8D39B80A130713089741C0713BE8FF5,5ED7D175C2723B02C41E3B9C3E34DC60379996CF708BF36D96FB07E376027038,F879E04CF924C54E59CD49D7B5E9B3E216B6BF817C4E4E6C0F72DF37CBB1B1A0,D696BBFA42DD1A840708B9C42E824036862ED17D538B2B47551641D8145854DB,SAVED_FIXED_OUTPUT,HASH_VERIFIED_SUPPLEMENT_NOT_STRICT_FINAL
ODCR-D696,D02,273,21.705858213425394,0.8963984608807319,0.09811392426490784,0.1061444878578186,4E5934DD315544F0FED6E8A0FA33C166E79994648CFD2B4744733EE6988794B0,3ACE85759B796F3CA5F8C6A63954BBB41FB764D32F579D8E1FD4668DED9630F9,48C8B079FA446E9E923DBB64B5EF10C892AF5669965890C925B90FBABACD7DC5,D696BBFA42DD1A840708B9C42E824036862ED17D538B2B47551641D8145854DB,SAVED_FIXED_OUTPUT,HASH_VERIFIED_SUPPLEMENT_NOT_STRICT_FINAL
ODCR-D696,D02,274,24.588341099235535,0.9317622266842503,0.06261952966451645,0.07905542850494385,CF236E2CC4A1058D483911D55311A23C4B79F4ECF86412D0A536D5716336996A,003FCBB0B73BCA6453A9098F488DD14F42AC46B685AC8D954EFDD4493FB2439A,3BA8237C235A2B55C66758B1878C421B39BE03010186155CA2753D75DB10B85C,D696BBFA42DD1A840708B9C42E824036862ED17D538B2B47551641D8145854DB,SAVED_FIXED_OUTPUT,HASH_VERIFIED_SUPPLEMENT_NOT_STRICT_FINAL
ODCR-D696,D02,275,25.56118847191894,0.9239840720732532,0.06942714750766754,0.11061239242553711,1B0BE8E9240B015E5CD8C398B5AFB03B3FC13A4927B603EEBDD65EC1498D8DA5,3ED7C3D68EA9B8732D45E09F6CD99B21DFC28AA0599C2951B9AA27273090860F,F23493AB22C39E3BA23FF052F31A7BE54B83CDF06C1F1569DFB4D0BB2EFC5123,D696BBFA42DD1A840708B9C42E824036862ED17D538B2B47551641D8145854DB,SAVED_FIXED_OUTPUT,HASH_VERIFIED_SUPPLEMENT_NOT_STRICT_FINAL
ODCR-D696,D02,276,29.467582009416034,0.9659548640506294,0.026320267468690872,0.04102766513824463,AF09D4352076A7FC5C797A20F22C8CC194BC44C531E77EEA47827B0C78803351,592AA8F44C67C852C1187E30019D4D9B87A7D0337429D24D12CCF632AFFE0787,3EA72DBFC02FFEA3F2905638CCBE8D9A5451931789CB2C7FB665AA529B847424,D696BBFA42DD1A840708B9C42E824036862ED17D538B2B47551641D8145854DB,SAVED_FIXED_OUTPUT,HASH_VERIFIED_SUPPLEMENT_NOT_STRICT_FINAL
ODCR-D696,D02,277,24.728794054219087,0.94319467728704,0.04548759385943413,0.0647658109664917,F22B117FD5FBFAF86BE9C68ADE18A1F6506E25FAC20BC03B2E6894613E540CC9,592AA8F44C67C852C1187E30019D4D9B87A7D0337429D24D12CCF632AFFE0787,8FAA36262E8BA78E014621D42206ABA9EE3B78BEA50C8ED4BEFF751308247093,D696BBFA42DD1A840708B9C42E824036862ED17D538B2B47551641D8145854DB,SAVED_FIXED_OUTPUT,HASH_VERIFIED_SUPPLEMENT_NOT_STRICT_FINAL
ODCR-D696,D02,278,24.822609955323056,0.9251937096532288,0.06479359418153763,0.07916510105133057,F30BC21F96483D703BD90260F66C363EA7863026F0C6665453D4663994E5370C,5EDF7F8EE24E6F8BCA194B093CACA162E0C151C102BAD6BE0A41FCC32E10C70A,1237C3BD4333555E51A0FBA1E21B3034C6E8EB86DFF1519FA58C21CAA5656F29,D696BBFA42DD1A840708B9C42E824036862ED17D538B2B47551641D8145854DB,SAVED_FIXED_OUTPUT,HASH_VERIFIED_SUPPLEMENT_NOT_STRICT_FINAL
ODCR-D696,D02,279,23.25075758238985,0.9223862392718646,0.054570361971855164,0.061643898487091064,FDE8A7098FBF87EBD61FE6835C0483475DAE3B202824C19F2699E170C3EE4AFD,46D902A445C28E9A9DDEC97549A169C55A4AEDEEFE639F08C66931B5F5B0B423,ADC271DFDD24094EC08DE009B184D03ECBBA2B9DD56853F32CC07B8FE5307C30,D696BBFA42DD1A840708B9C42E824036862ED17D538B2B47551641D8145854DB,SAVED_FIXED_OUTPUT,HASH_VERIFIED_SUPPLEMENT_NOT_STRICT_FINAL
ODCR-D696,D02,280,17.534634778337693,0.864487514547092,0.11756016314029694,0.10278129577636719,C98A26F693CB2FDDCE71101DD5BEFCDCA57E01247DCA9F1C7AA3FBB6C0192A5E,7A153A488C72EA76B89DA96356498453A6BD375596BB8AB528E7CD6242350A3B,049F97EFF50FB2511EDF2BA21CFDC037B8A000719CAC87B94FFE635F6CF5AC91,D696BBFA42DD1A840708B9C42E824036862ED17D538B2B47551641D8145854DB,SAVED_FIXED_OUTPUT,HASH_VERIFIED_SUPPLEMENT_NOT_STRICT_FINAL
ODCR-D696,D02,281,20.3989295010302,0.8621993291610616,0.0609886571764946,0.07458192110061646,D98594EFEA4BC8833D973AEA8FA6022DC881078E2F62C6F1CB699C7617C60D37,19C8FD5F6AB4C2C779C340B39DA7305DACA5B2BB1A58DE4EEB4AE6601110649B,288CA6CDC0341008B4AE933C1425D08CA3154F74A89A906B73BCC75AF971ABFB,D696BBFA42DD1A840708B9C42E824036862ED17D538B2B47551641D8145854DB,SAVED_FIXED_OUTPUT,HASH_VERIFIED_SUPPLEMENT_NOT_STRICT_FINAL
ODCR-D696,D02,282,20.954943449830058,0.9085111188521967,0.12047626823186874,0.10182863473892212,1FF0472B177E657275D1F9B070FBECD21C7AFD2B3DA22688A29FFFCFE56AD6D9,F10AC126CB3EA8F3D51FC957F48DDD9AC4D9B55126189D7A892E25C069AE211F,64C4DD9912790BC1E35CF891E42F3E91AC21732C253B53ACFAF2A256CEF090CC,D696BBFA42DD1A840708B9C42E824036862ED17D538B2B47551641D8145854DB,SAVED_FIXED_OUTPUT,HASH_VERIFIED_SUPPLEMENT_NOT_STRICT_FINAL
ODCR-D696,D02,283,15.436556532169455,0.8449014491638126,0.17483210563659668,0.17969512939453125,C20F4A4FD0177753FB1EE33107464D0F00A70126185EAB9337EEE77231468B26,AFA56717A14B7628879B9038C7F987344C64C364566C69C61031D413967B6751,3F3DEB6285638FA2B0E6449F8A715D9A120E2BD7AA66A6CB7E66A0F0B901A030,D696BBFA42DD1A840708B9C42E824036862ED17D538B2B47551641D8145854DB,SAVED_FIXED_OUTPUT,HASH_VERIFIED_SUPPLEMENT_NOT_STRICT_FINAL
ODCR-D696,D02,284,19.84889843789017,0.9032469401356371,0.11645592004060745,0.14743149280548096,341868273D110EF86EA3669D98AF4ED455626E3001DF23C70D130B5DDE93088E,3096D943CA04C1241F0CCF5510345AC3DFDE53C98A9383550C803FAE4C10C665,D2F6C1A348C711A4240FA614F17A07B1F5DEAD7D033BE9B8827FFD6AAECF8B4D,D696BBFA42DD1A840708B9C42E824036862ED17D538B2B47551641D8145854DB,SAVED_FIXED_OUTPUT,HASH_VERIFIED_SUPPLEMENT_NOT_STRICT_FINAL
ODCR-D696,D02,285,22.979612845141403,0.9238480329895724,0.06674138456583023,0.05415940284729004,15E35022F2E2258123CC3A3A3AE6F8A54DD78DAC9B3F60CD915485DC24C27BD2,58C08EFA7C34A61A85CAB4498A1C5CD01564F93EF5ED11DA081BA86F483EB116,CB90EBC36887A5E433F6CC645B6DAAE3EB69FDC57B4D3A4336C4385AB15717F2,D696BBFA42DD1A840708B9C42E824036862ED17D538B2B47551641D8145854DB,SAVED_FIXED_OUTPUT,HASH_VERIFIED_SUPPLEMENT_NOT_STRICT_FINAL
ODCR-D696,D02,286,20.94131067657749,0.892657119999559,0.11020416021347046,0.08404648303985596,8FBD2F4D4342A7490C5A2EC06CC4EEF7A435CA82E0AE7175EB34A7366BA5564F,A632CD2DC5E3409870EAA940776677BA650BB1BAB0DC0B4B0683E0DF8BDC606F,A5F69236DF552AE8DBB02E891223763CFF34F98B793E4D5A5D03A9970E860CE5,D696BBFA42DD1A840708B9C42E824036862ED17D538B2B47551641D8145854DB,SAVED_FIXED_OUTPUT,HASH_VERIFIED_SUPPLEMENT_NOT_STRICT_FINAL
ODCR-D696,D02,287,23.56943291343378,0.9133245515456784,0.04006132856011391,0.05821716785430908,7617B985B3CCC6427855CDFBE4A2081C15A493896443E4932ABD13248D9E1400,ECB9D3F5138771A01A25C1E97821847CD4A94C1A7CA1D39FAEEB8D4519643C76,A4315186A31805A43DA5FC74AF05E45F1A72F02789ABC90D5774977CEFC49E67,D696BBFA42DD1A840708B9C42E824036862ED17D538B2B47551641D8145854DB,SAVED_FIXED_OUTPUT,HASH_VERIFIED_SUPPLEMENT_NOT_STRICT_FINAL
ODCR-D696,D02,288,18.685645158584517,0.872280846683537,0.07601571828126907,0.08353811502456665,5625B651E4AF62F2C66D8A2D3FE6FFB3E29407763A2896218F36687E33EC0C63,1869D61E29678B90AC45D7C8702783C250571DD290987FE0410DEC811B69A1C1,BB9C5D260559D1E4ABE05368A3A8E8E8578AADF1EA4ECA1FCE53311AE9FE42D8,D696BBFA42DD1A840708B9C42E824036862ED17D538B2B47551641D8145854DB,SAVED_FIXED_OUTPUT,HASH_VERIFIED_SUPPLEMENT_NOT_STRICT_FINAL
ODCR-D696,D02,289,23.016702846145915,0.9302529266837971,0.07068135589361191,0.04920989274978638,8FA7750CCE02AB3E9CAEFC8D921221B663BA210080F2523E0255960A545D52BF,D0801DDBB03D438261CFFEDF6C36B40D2A940AA3323C6F4E16720B28BCE239EE,D7EB7A49F1D9E43C79550694B38A1FAB5AE6A54FB1B1BE861CB68B694AC92222,D696BBFA42DD1A840708B9C42E824036862ED17D538B2B47551641D8145854DB,SAVED_FIXED_OUTPUT,HASH_VERIFIED_SUPPLEMENT_NOT_STRICT_FINAL
ODCR-D696,D02,290,25.10609021250644,0.8880859508426188,0.0886923223733902,0.07823896408081055,A477569857C9E24AB2C30D7A2678D8CAAE91B3B7F92866C6E04DFF95A8BEC363,4BF246EEA3C18C30BE8950F3DF7EE5BD81600CE7C38FD18B152D701FD1D1F673,62DCA032F301126DF2916426A6CDE2B1B27B5B47FBF2F7C75027BBF7304D88B2,D696BBFA42DD1A840708B9C42E824036862ED17D538B2B47551641D8145854DB,SAVED_FIXED_OUTPUT,HASH_VERIFIED_SUPPLEMENT_NOT_STRICT_FINAL
ODCR-D696,D02,291,21.35547275572336,0.9099573736354861,0.058883726596832275,0.061156511306762695,17BF271C52EF67E46C51364ED0F6547B72E541BF717B7B350AFD6F4680B89B8C,5FD3D7B7F14C470502958B4D7D152E3C19D9E2F6EE5FCF2A728196B462905DF8,E3B082759F829DA1517A866082D88AF8AFD821624B26C673188BF954645A428D,D696BBFA42DD1A840708B9C42E824036862ED17D538B2B47551641D8145854DB,SAVED_FIXED_OUTPUT,HASH_VERIFIED_SUPPLEMENT_NOT_STRICT_FINAL
ODCR-D696,D02,292,21.99725121557031,0.8240900430779153,0.10137317329645157,0.11271077394485474,651FCBE2C11906826B4620B6C576C45F4209BBEEA93041F329FBDF826CB3F3D0,2210E3795C344586287EE773BCBA043E39DCED673C29DEF2A4D0DB8121CA7B94,6DAB90B25E5B6CC56F8B02E51E88E3430E75943E9E1AE535EC318ADDFE63F992,D696BBFA42DD1A840708B9C42E824036862ED17D538B2B47551641D8145854DB,SAVED_FIXED_OUTPUT,HASH_VERIFIED_SUPPLEMENT_NOT_STRICT_FINAL
ODCR-D696,D02,293,25.615476649294816,0.9557095264757961,0.02541854791343212,0.03442060947418213,78A61A32854D1D04C62FDEFAF1033DA59C176DA17A7B1D51C7451DA76F4E74E2,2A439308D0DA8AAE0FB017BA6DE2FBFB9AC1A266344BB2867F9B3C9EF719746B,0244707ADD424233480D57E145E1AD0D2F3C848DBA20B4E86918590D04E13B8A,D696BBFA42DD1A840708B9C42E824036862ED17D538B2B47551641D8145854DB,SAVED_FIXED_OUTPUT,HASH_VERIFIED_SUPPLEMENT_NOT_STRICT_FINAL
ODCR-D696,D02,294,21.537547050085507,0.8886410145320096,0.05703629553318024,0.05840504169464111,81CD866A3590C59E36C507B39546B8034687088B38FC89951DD73A60671D5FE5,A216622756833EA29EA6F1860CEC5D0C25F8D312F369B6FDB1B0C9E0DEB8CDFF,6D3FAD7D23986C887A5B049FC5980D553820A47EDCAE9C5AFD36ED92BCA31EDF,D696BBFA42DD1A840708B9C42E824036862ED17D538B2B47551641D8145854DB,SAVED_FIXED_OUTPUT,HASH_VERIFIED_SUPPLEMENT_NOT_STRICT_FINAL
ODCR-D696,D02,295,23.15620358804871,0.942925560160301,0.06586703658103943,0.08289891481399536,BF28ECB4866A247E4BB58DB26E1E8B11C1635237BE8BEAAAC3213EDC4A7EA8F1,8237319E24BCEFF713D99F794EB3C178EA536EB01069BFB80D5106D5704AC823,0C3DDF92CBEDFE8C6364DB16D3464036676DF94EB93BEA73D06894192B6E3C2F,D696BBFA42DD1A840708B9C42E824036862ED17D538B2B47551641D8145854DB,SAVED_FIXED_OUTPUT,HASH_VERIFIED_SUPPLEMENT_NOT_STRICT_FINAL
ODCR-D696,D02,296,25.166793258554353,0.9314166867775807,0.04905324801802635,0.060436367988586426,AD29D943080A13FEAB47B93CCB3659D5EED5EF52353FC4165D70911F470FE281,7AF9FAF6EB263C9D7DDD72464BE6D07EDBD1F0EB7E1A27CC63AB4479E6B616BE,57CDA928D91391A77713DCC429E3783F9086F11565A6867367D6E120508C4F64,D696BBFA42DD1A840708B9C42E824036862ED17D538B2B47551641D8145854DB,SAVED_FIXED_OUTPUT,HASH_VERIFIED_SUPPLEMENT_NOT_STRICT_FINAL
ODCR-D696,D02,297,24.995554225067043,0.9360262690080003,0.035838380455970764,0.05591261386871338,69D9E7E6B81BBF7019C76E2DC114BFFE4AA395A50BEDAE349B70C840AC71BAC9,3538F0D2C0600A1C50157F80A110C9562F877B03C6CD16A64D31225A25285E19,C25872557C38B9D29E9AD38E5A33FCB0B7013A7FF6C149CB084D7EA060BB5C6E,D696BBFA42DD1A840708B9C42E824036862ED17D538B2B47551641D8145854DB,SAVED_FIXED_OUTPUT,HASH_VERIFIED_SUPPLEMENT_NOT_STRICT_FINAL
ODCR-D696,D02,298,29.013605291980408,0.9544899793804246,0.06359905004501343,0.10879850387573242,51A15307BC7118009E4E7D61605942B381FDF76A683C0FABFF2127F875F14A78,C94D5513A8FB7E25EC2D8BC210093710E6FF6A69E89C8521AFB6B885A385E73B,7355CBE839CE42AEB2AC274803BFB2AA11732B3A374C0F11051ADF2874369576,D696BBFA42DD1A840708B9C42E824036862ED17D538B2B47551641D8145854DB,SAVED_FIXED_OUTPUT,HASH_VERIFIED_SUPPLEMENT_NOT_STRICT_FINAL
ODCR-D696,D02,299,25.883265940695303,0.9492490339743839,0.033531639724969864,0.054445743560791016,2E23DDD3FD692BBE8026937C8E6F83A280823834862676022E56C4D369AA3DB9,853E014D8837D0879EA4AEEDCE508784E3973ED37EB9BDAEC0D638A86642729E,99B5C7292C2E27FFB046B9EF8CC39BBE39E4419C8C18F1ECA33417A892C5E833,D696BBFA42DD1A840708B9C42E824036862ED17D538B2B47551641D8145854DB,SAVED_FIXED_OUTPUT,HASH_VERIFIED_SUPPLEMENT_NOT_STRICT_FINAL
ODCR-D696,D02,300,19.79965823662904,0.887849047090728,0.05142456293106079,0.06526017189025879,3DB9B0FD7D0F1E78903DC2F11AF560B6AD11961CAAED7ECF52D26F3D1E1D1AB9,9195209B12D9B49388CDDC6915E7D3CCC1CDCDA01CE5884F643886EC20375FFB,FC2D4A38F1533256568DDE6CE2C1DC0D7D8F921176FF083103EB34513B6CFEA9,D696BBFA42DD1A840708B9C42E824036862ED17D538B2B47551641D8145854DB,SAVED_FIXED_OUTPUT,HASH_VERIFIED_SUPPLEMENT_NOT_STRICT_FINAL
ODCR-D696,D02,301,22.030641793952547,0.878429000325979,0.03878207132220268,0.10917937755584717,14A267038E350487709DDECB0547AEBBD94F2A8C1408B456DC3B7E74B1150FC2,82DC70610FDA2AD704AECAF83E69BF5F93A13B43181D779AE129F70CE89907C7,3EE54341FE94F4D14D4C04B3D982D27AD851103BA0098B0BA60AA4B2AA9E0821,D696BBFA42DD1A840708B9C42E824036862ED17D538B2B47551641D8145854DB,SAVED_FIXED_OUTPUT,HASH_VERIFIED_SUPPLEMENT_NOT_STRICT_FINAL
ODCR-D696,D02,302,17.936168053179806,0.8188064411044769,0.1229095458984375,0.10015308856964111,78C82BEE530A4E5FC118D19E1B921E06D425D83538884D4768E26AB9E0F64110,AED2EFC087C35D1E96D2AF9BE8975A68D94F47065B0917F68B0E46AD9A3776CE,A553FEF0D54BD62F5F2B38F93F45F4D304D1EDEFA307BC35D3CE7428216A9D96,D696BBFA42DD1A840708B9C42E824036862ED17D538B2B47551641D8145854DB,SAVED_FIXED_OUTPUT,HASH_VERIFIED_SUPPLEMENT_NOT_STRICT_FINAL
ODCR-D696,D02,303,24.619336794574043,0.9600960171289611,0.040245842188596725,0.04633808135986328,12ADC7924D7234923A9399AA1FF6DC9751E7F7179E5B5EEDB2D2B014169CF452,17CE16863ACA5DD10BEB814ED27D5CA705CB7D2B26E4078F5A0DCA5CBF6AE15F,2927CB151CCCAF84E9F601A0886EAB787CE6F66360AB4C70E885B7410FA2E539,D696BBFA42DD1A840708B9C42E824036862ED17D538B2B47551641D8145854DB,SAVED_FIXED_OUTPUT,HASH_VERIFIED_SUPPLEMENT_NOT_STRICT_FINAL
ODCR-D696,D02,304,23.634070532747206,0.9240358553705931,0.061893366277217865,0.05036652088165283,B9F369C4009B0BDB697406DCD88086AD170B4D942CBBE5AAC19A77F914F151A2,DB6A12341CB737FA4EDCCA844F518413291C524F7F40C65C9B335DBE227A9F57,6A2D793E55B7D26A39CA240A013BEB25629867789E8C62927B86131BC1BA3E69,D696BBFA42DD1A840708B9C42E824036862ED17D538B2B47551641D8145854DB,SAVED_FIXED_OUTPUT,HASH_VERIFIED_SUPPLEMENT_NOT_STRICT_FINAL
ODCR-D696,D02,305,24.635424269915625,0.9415660180440182,0.068646639585495,0.050155043601989746,8839D26BD5E716FA8FF1B386E8F6645EB95DABC8FD2B8876F190ADE6170F6868,45814B1AB4305456FA3C68227C3451DCA7AAAA11D4D3D09FB2A84441ECB76FC7,C133F9A1AC16569CB6AB8D769BBBF91E0F443FDCB34650957F72F25F8549DBE6,D696BBFA42DD1A840708B9C42E824036862ED17D538B2B47551641D8145854DB,SAVED_FIXED_OUTPUT,HASH_VERIFIED_SUPPLEMENT_NOT_STRICT_FINAL
ODCR-D696,D02,306,23.196135847507495,0.8946196691909701,0.07020051032304764,0.06720447540283203,69121D24C62C5A5F4540A7CAC563A63D4727E370004A7D1C19191F534BA1C412,765BD7595DD2148FE303A8EED5E2D61C4EE026057844F9426B3CDF69635FBA47,6F2F7087EA10432E62B6ABEB03E0E849C186280E4395DC18A6802ABAF9C3DAD5,D696BBFA42DD1A840708B9C42E824036862ED17D538B2B47551641D8145854DB,SAVED_FIXED_OUTPUT,HASH_VERIFIED_SUPPLEMENT_NOT_STRICT_FINAL
ODCR-D696,D02,307,22.99465866001555,0.9035296629291748,0.04088769108057022,0.05025768280029297,A8ED9FEBE061975DF30265A33CA33D23CF657F0AA354AC18009B545F2387A873,0182636B3D4BBDE0631BB5834AC9237554E1AB5D2EEE6C21043D376644D1A5D0,D20B88E8930049972C4D6391A40FCEAA5847A4B33D8F7AFCB58592BE06D77279,D696BBFA42DD1A840708B9C42E824036862ED17D538B2B47551641D8145854DB,SAVED_FIXED_OUTPUT,HASH_VERIFIED_SUPPLEMENT_NOT_STRICT_FINAL
ODCR-D696,D02,308,21.067808359185392,0.8472695798087809,0.07062633335590363,0.08019304275512695,DA256B24012BC99FC702F33CA7974447DDE9AFCFB92F20A8FD9EB297D545ADE8,B855AEEDA0C5ABCD710970FCC0222A87AD11BCE785B12F1782E4F5FC12B16782,69FA27B60AD21E366D34C646B2A9706F35BA9660E1FCB8E604EBC3DD73D7BBD9,D696BBFA42DD1A840708B9C42E824036862ED17D538B2B47551641D8145854DB,SAVED_FIXED_OUTPUT,HASH_VERIFIED_SUPPLEMENT_NOT_STRICT_FINAL
ODCR-D696,D02,309,22.402890726123946,0.8967873432061207,0.07011295109987259,0.06582945585250854,5CF5F1175497C5765CBFEBAC75F54330A635F7924526C36613D6BEB1D843D1DF,B38D409E25762D088BC1BE1DDE923987C0C879ED04648302358424C02CB7E932,A076EEF8002BBD026345FB935BCB074FF853334453AAC578D42619CA24D58666,D696BBFA42DD1A840708B9C42E824036862ED17D538B2B47551641D8145854DB,SAVED_FIXED_OUTPUT,HASH_VERIFIED_SUPPLEMENT_NOT_STRICT_FINAL
ODCR-D696,D02,310,20.398199854613175,0.8448949077784446,0.11325043439865112,0.12409406900405884,EC9076061A7B91C904E18CAC2839E4C47926522D55C193245C97C81D1EEEEF25,AA4E745F2A2E6E9D3D3FCAC3DDAC9E03F902B401EC845FC94C91294F2E599A04,38AC88932DB16420AE7C0C74BEFBDEB6F1750012A23B725185DCE2649316F53A,D696BBFA42DD1A840708B9C42E824036862ED17D538B2B47551641D8145854DB,SAVED_FIXED_OUTPUT,HASH_VERIFIED_SUPPLEMENT_NOT_STRICT_FINAL
ODCR-D696,D02,311,27.366222926899113,0.9461824714197746,0.04996655881404877,0.06509196758270264,3BB4AF4C18C7527634F8AE6FEFF8D6FF8BAE98C672863BAF5F8BA64B55B95C67,3486B3D9CA69B775D3D4E50A78F7060EFC3D17A6496A9B22475ED41E1D541A60,9E7FD2EDBAC4A789575EB10CE5F04D22093CD96379F4A101833973413BB10932,D696BBFA42DD1A840708B9C42E824036862ED17D538B2B47551641D8145854DB,SAVED_FIXED_OUTPUT,HASH_VERIFIED_SUPPLEMENT_NOT_STRICT_FINAL
ODCR-D696,D02,312,20.770180397918704,0.9184623609562209,0.06402256339788437,0.09489309787750244,E3F401423D87A9818E16628675207EF639BB9A6C175AE0165D6488ED7ACD938F,4AA7C78336467B9C9D97BE5635C60FEA8C16FAF36ABD2BFB3DC8EDF06B0F37BE,2FA9B2D9CC24D546FCCFCFB74D3518EBD91D0DFF041E2ECDD6CC98312948669B,D696BBFA42DD1A840708B9C42E824036862ED17D538B2B47551641D8145854DB,SAVED_FIXED_OUTPUT,HASH_VERIFIED_SUPPLEMENT_NOT_STRICT_FINAL
ODCR-D696,D02,313,28.177617415174684,0.9127767542730897,0.032502949237823486,0.051356732845306396,B942ADA547328295741426DDC2F1AED587DFFA282D64694A75C065BAFD411E3A,FBE3261F97F84A56661EF60136757C0E9C51AE04A54D4C9CCEF4938838525661,EFB886AC859F042D41C648A5B034800655D8E0E7F17E22FCD1A6CE4D74750A64,D696BBFA42DD1A840708B9C42E824036862ED17D538B2B47551641D8145854DB,SAVED_FIXED_OUTPUT,HASH_VERIFIED_SUPPLEMENT_NOT_STRICT_FINAL
ODCR-D696,D02,314,19.63332995887374,0.9021639152324372,0.04368286952376366,0.08041507005691528,83C2439EE4EFB2544CD036AA98D228B311301755246B22C2FA8C805D001BF94B,E321E84389CEF062E3EDCC2410DD3563E781FF80D73A5C69FB69EDBD19989FAA,6D5CBD15C0A9227F01B5418B70F93D8F8B48FBDCE8EABBCB6F36DA989A3F33BD,D696BBFA42DD1A840708B9C42E824036862ED17D538B2B47551641D8145854DB,SAVED_FIXED_OUTPUT,HASH_VERIFIED_SUPPLEMENT_NOT_STRICT_FINAL
ODCR-D696,D02,315,16.51213395364444,0.7237923430085438,0.13480165600776672,0.12337064743041992,6459FF057AE72EAB0C002EE011F9E31149459289E393CEFC6167E5059D522743,A0C4728EC0019AAC1340B814797CC1A0C6ADF818E4721F913F8BC9CDD4A01C45,115D3ECCF165C9A5E9C07AE3D9F9E0E2B2F675D4741E5AE64DC5D0DE644AAEB9,D696BBFA42DD1A840708B9C42E824036862ED17D538B2B47551641D8145854DB,SAVED_FIXED_OUTPUT,HASH_VERIFIED_SUPPLEMENT_NOT_STRICT_FINAL
ODCR-D696,D02,316,23.30608176212165,0.9234725412859316,0.050258614122867584,0.061984121799468994,48C6A20765D570B2AAC33441D9E5E8F8C7531241C292178963C38D31CA9EB858,F44C85CB1686BB59984FE65C9242D5EFAE8FC98C97F02ACEB66870C76D04AAC6,D2AC1702854AF1FA7BD7161C3B583F48F5F3E320BE5B367CC70F9FEEEDAB2E13,D696BBFA42DD1A840708B9C42E824036862ED17D538B2B47551641D8145854DB,SAVED_FIXED_OUTPUT,HASH_VERIFIED_SUPPLEMENT_NOT_STRICT_FINAL
ODCR-D696,D02,317,23.91507359088688,0.9431245377243781,0.05895964428782463,0.06963324546813965,E33A6B28C5A5EA972F5069D2036BA0C06877EF96852A03573691F7C10223D641,7361B0B664C6804EA452FB12ADAE3D66222FA43603C6D4CE243B253B803581DD,0241A40CF72B485B8FA639BAFF3D8595AAF33B9E16C3D72429BC7618317DCA9D,D696BBFA42DD1A840708B9C42E824036862ED17D538B2B47551641D8145854DB,SAVED_FIXED_OUTPUT,HASH_VERIFIED_SUPPLEMENT_NOT_STRICT_FINAL
ODCR-D696,D02,318,20.650230118291653,0.9317542043634995,0.08569170534610748,0.07993316650390625,8CA840C1D808356004C935C400EB1537F9BBCB49E562A8AFDD2D68566BDF3DC0,CBCFD74D2FCF5CC6D8F56FF7F06BE5717F38564CE62DC6309E6C875571BE77AF,3B66BA26EE6B963FEA4D27DFCA8C27CE187A48937C08F9B26375D0BF984159AB,D696BBFA42DD1A840708B9C42E824036862ED17D538B2B47551641D8145854DB,SAVED_FIXED_OUTPUT,HASH_VERIFIED_SUPPLEMENT_NOT_STRICT_FINAL
ODCR-D696,D02,319,23.233338084425675,0.9264634946409381,0.09996131807565689,0.11352813243865967,290D519F419E52FC3E54391AAACAB80CC391E85183D04D4A3BBE6BE935C3F8B2,64B7A904E999DA70A8617A000A893C71AE6E857CFCB55A8795B4A1B2BDBFA4DC,712A890E6FF621221BD72A6A639D9F0BC644D31C9B212E15AAEA41694D293D6F,D696BBFA42DD1A840708B9C42E824036862ED17D538B2B47551641D8145854DB,SAVED_FIXED_OUTPUT,HASH_VERIFIED_SUPPLEMENT_NOT_STRICT_FINAL
ODCR-D696,D02,320,24.781376512323924,0.936669273252591,0.045298054814338684,0.08397316932678223,9248FFFBB5A0EC1A71C2C3D4AE169FCF81AB118B1E52E4D432DC5F70CBBF5689,CB91DAADE4F24D52F8C2002D2488B0F1B9E7DAE29CB080DF4A926684624A2AC9,BDC71E83A55E73F84E50D183EFD1370E2D827F15CF2ADBD3156AE481020173F5,D696BBFA42DD1A840708B9C42E824036862ED17D538B2B47551641D8145854DB,SAVED_FIXED_OUTPUT,HASH_VERIFIED_SUPPLEMENT_NOT_STRICT_FINAL
ODCR-D696,D02,321,16.18752669841795,0.8337484372265869,0.1732727587223053,0.15820813179016113,D7D27EFEA6165AB06D8DCC018505C5329C677DB5F9DCDDC819ECBA8D937A3609,CBEBBDE2FB48CC4B52EB9A61A516461554EDBD69B40482E0BCC2E15B4DCA3231,AD0E7EAE391711F9A2A690B8F296D76E970684CEF7D4BA107D4BD8EC817BA2D5,D696BBFA42DD1A840708B9C42E824036862ED17D538B2B47551641D8145854DB,SAVED_FIXED_OUTPUT,HASH_VERIFIED_SUPPLEMENT_NOT_STRICT_FINAL
ODCR-D696,D02,322,25.74071226906319,0.9485038292907548,0.043180350214242935,0.06683099269866943,3CC76AF01D62AF7F41B0B651AA09CD9A156C9D048BABC7A64D6572857E5F686F,E4D802D54984C06C48C6B84ED8F916067EF71FFEDEC910D748E9670D6C4824E3,DC7C07EE6CEB8D5831D105246798444842206DA3CD0F4140DFC3B04893175740,D696BBFA42DD1A840708B9C42E824036862ED17D538B2B47551641D8145854DB,SAVED_FIXED_OUTPUT,HASH_VERIFIED_SUPPLEMENT_NOT_STRICT_FINAL
ODCR-D696,D02,323,26.330265071756898,0.9315456637047301,0.04958363249897957,0.08701807260513306,558C6D7B8B7A94089028A2513C292B74A8CDC84D89A833871A9CC3060566ACC6,D8B9A2FB1C76C630F318274E053C20139A92633F510E1AA2814F051562D7E259,DCE3A211A015732946622AD9EFD1705147DE109A9E828D47350125882E5ABB97,D696BBFA42DD1A840708B9C42E824036862ED17D538B2B47551641D8145854DB,SAVED_FIXED_OUTPUT,HASH_VERIFIED_SUPPLEMENT_NOT_STRICT_FINAL
ODCR-D696,D02,324,21.29608892656641,0.8850265567105078,0.07008910179138184,0.0637732744216919,61A756C26BC91D912A9ADA7DD5566BC83D4D679646FE8C553DCE30F9A649C2F7,42DC3355B16E0C693839315502710398AD902A23FF9870C361DDD3D567431C3F,D4150DC7F0191A2A1CE9F5E55922F6F6DED919FDE68273BAE385DBBFE03AC8EC,D696BBFA42DD1A840708B9C42E824036862ED17D538B2B47551641D8145854DB,SAVED_FIXED_OUTPUT,HASH_VERIFIED_SUPPLEMENT_NOT_STRICT_FINAL
ODCR-D696,D02,325,22.462776508238992,0.900769737153016,0.08957508951425552,0.11230641603469849,B3470F4A667363611196CCA765CCA493E929B6883F8BA65EC18E4877BDCD9432,EA4F5EFB26F1903112CBEA54FA913DFA1B41775ACD680C0A323AE9BBA1016EFD,135349C365537275FC6D3E551B90F2A7C93AF400EEDD9705E0B7C19AF5414763,D696BBFA42DD1A840708B9C42E824036862ED17D538B2B47551641D8145854DB,SAVED_FIXED_OUTPUT,HASH_VERIFIED_SUPPLEMENT_NOT_STRICT_FINAL
ODCR-D696,D02,326,23.884545630378238,0.925210592708718,0.07199867069721222,0.08010351657867432,25CE124898B80677C84C448E209760212380745C5FEA8D3421C3CCC320496D2B,A4CD316844ECDB42F4FC1EC0B49251B01A71247A828ADFE4A1902D48707D16F6,B56AAFDBFDA038F5424E51613F3308969EF817A6B45BA42320C0693E5245D52A,D696BBFA42DD1A840708B9C42E824036862ED17D538B2B47551641D8145854DB,SAVED_FIXED_OUTPUT,HASH_VERIFIED_SUPPLEMENT_NOT_STRICT_FINAL
ODCR-D696,D02,327,22.15458432437924,0.9228975302773056,0.09498179703950882,0.13193583488464355,0A9AB749C40DFEA8C708F5DADD86E8CB01D62DC2158E99B2A56C1AD234487A8F,C8C14F18615AE25CBE47927ABD8D53D0F564FEEB67D1DEFD65E76B51DC8A5D69,C135BCC6CA26FD85002F1A9CE2D0D4676E45A64CCE4CAB41AE0DCCCCC8DD8EB1,D696BBFA42DD1A840708B9C42E824036862ED17D538B2B47551641D8145854DB,SAVED_FIXED_OUTPUT,HASH_VERIFIED_SUPPLEMENT_NOT_STRICT_FINAL
ODCR-D696,D02,328,23.741543225763884,0.9016516068344402,0.11265889555215836,0.13545095920562744,F6830AE7CA42E6FB1A36D4FAA08D34AA913BD91BBEBBDC6C34508D3A141C2A99,11832E35F3D0F7F5BA1BEF8770420C13544B1E89F41389DDA51668E832172F11,ED36200DB107B729BD6A9402333733AABF9178CDB43B15EF0A0FC65BDF5C2B64,D696BBFA42DD1A840708B9C42E824036862ED17D538B2B47551641D8145854DB,SAVED_FIXED_OUTPUT,HASH_VERIFIED_SUPPLEMENT_NOT_STRICT_FINAL
ODCR-D696,D02,329,21.688117734308996,0.9321023387829638,0.07144109904766083,0.0920901894569397,85175E3A82B67E10897E59EBBF7E78AD45AF203D7319AEDE4CA4E0426B8565C6,2647FE4FF8B5A6EA651C84786DF7A432D289B339B02E9A099E7DEAF57D739D6C,A1CF923A95A3F815266D48AAFC64C9D77FFCC3DA3CC967FBEB7CA405F3D163CA,D696BBFA42DD1A840708B9C42E824036862ED17D538B2B47551641D8145854DB,SAVED_FIXED_OUTPUT,HASH_VERIFIED_SUPPLEMENT_NOT_STRICT_FINAL
ODCR-D696,D02,330,21.989482787845617,0.9366471717761619,0.06380420178174973,0.08064788579940796,BB44A6F742C820FAA3902BD6BE615E248BAC29CB235CCF0A7A5CE50467B69604,83003D06CD9E49A2C1704A09F135DD2C64529C553961B820EA1137262B089BBA,6BA571CEC35FC946A0812B79465A615452600B0FD07954045A8DD2C628FA678C,D696BBFA42DD1A840708B9C42E824036862ED17D538B2B47551641D8145854DB,SAVED_FIXED_OUTPUT,HASH_VERIFIED_SUPPLEMENT_NOT_STRICT_FINAL
ODCR-D696,D02,331,22.549129559250275,0.8925317441216812,0.10871609300374985,0.09824872016906738,846484F3CDE57D3134A458EF213B57FE74925CE4B1879FC9D8FDBAD73B0AB7F5,4612662F8DADB0D26297CEFA1263FFB3FCBF8537217CDC98D3B8021CBFCC3A46,F3D5C2DF6FF356EF942E9B077041C611A365EE15ADFA435CF1E5DF57CD63B7FC,D696BBFA42DD1A840708B9C42E824036862ED17D538B2B47551641D8145854DB,SAVED_FIXED_OUTPUT,HASH_VERIFIED_SUPPLEMENT_NOT_STRICT_FINAL
ODCR-D696,D02,332,23.17452403349315,0.8934707561656352,0.0799744576215744,0.08222270011901855,EEA4481A29DD641F7EEDF30CFCC882ED32D41291251219083BC716DE10F81662,36418BFCD4E014219A5F710358684CF988270E0CFE36EF9F9D477E6E2A059D95,7BAA95C46A59ABEE2A803530B332C362A49EF61D3592E3A1A1409AE268CD3AC5,D696BBFA42DD1A840708B9C42E824036862ED17D538B2B47551641D8145854DB,SAVED_FIXED_OUTPUT,HASH_VERIFIED_SUPPLEMENT_NOT_STRICT_FINAL
ODCR-D696,D02,333,20.489470147767758,0.8994981433509924,0.07141633331775665,0.09715926647186279,2198220C994B800FE74F07EA58198DA0786C41794E478F8EBF364FDC8A056902,DE3F96325F7125FD14C84558813DB1A1A54B5F1F06E3E5AC6D0EA7572455E1F9,BBBD24CECA9C08CF2C40F3BCA25CE20AA554CB1E3BE118654C8E664074D60590,D696BBFA42DD1A840708B9C42E824036862ED17D538B2B47551641D8145854DB,SAVED_FIXED_OUTPUT,HASH_VERIFIED_SUPPLEMENT_NOT_STRICT_FINAL
ODCR-D696,D02,334,25.08081275060782,0.9561503946889628,0.03752390667796135,0.06023252010345459,B29DDCFE2A5D57221FA30811C8D848168D14E6A0B849D0242F85B8331A2F4E8F,9C8489429A4219F7FD3532400FB801E17DFDBDE7E63D36542F97D78702056E9D,7B27D86A9CCBD187DD3EED2F5EBDAB9926806968B7B822184A3AC8179260DB81,D696BBFA42DD1A840708B9C42E824036862ED17D538B2B47551641D8145854DB,SAVED_FIXED_OUTPUT,HASH_VERIFIED_SUPPLEMENT_NOT_STRICT_FINAL
ODCR-D696,D02,335,16.678559724356006,0.8122252233804715,0.15577775239944458,0.18680119514465332,F5B568950A0F3DB99AFD9562CD18E79AF08DF601F1D3B6CC130A5ED5DA384183,00A5F6BB6EBE1A2A8561D2375D73572F66FAC7C039C528D7EDB36246FC736CD8,21E71A4A85000051920F31829FC21DE485821309B119C9C6736BACB67980A1BA,D696BBFA42DD1A840708B9C42E824036862ED17D538B2B47551641D8145854DB,SAVED_FIXED_OUTPUT,HASH_VERIFIED_SUPPLEMENT_NOT_STRICT_FINAL
ODCR-D696,D02,336,25.3615771637393,0.9098707407265757,0.08486003428697586,0.0953531265258789,761FE5CEEF264250C2461CE0D5F821C046D688A16013F4F78263C9BCF28F1F2E,453BF39A2315BE1EE97ADFAD503EAC6ED19A8574EB982197EBDCB688D5DD9CDB,989BE48765B033E3A336CE71DC29F328650CBF9E764E9F2478E42A60C0AA6D1F,D696BBFA42DD1A840708B9C42E824036862ED17D538B2B47551641D8145854DB,SAVED_FIXED_OUTPUT,HASH_VERIFIED_SUPPLEMENT_NOT_STRICT_FINAL
ODCR-D696,D02,337,25.31677768098691,0.8955127596789888,0.10303033888339996,0.11780703067779541,A4A4C25182A18FD79AB5880D0554AC5FF0988FD408F48E606849E5ADFB736CF6,D4E6EEF79FB64A53ABBCDAFF5C2735AF3B72AD07755308FF4E519F54104776AA,694DACE96FEF3F34F606F5B8D617E02AA06275840BB868B4DAF3BE3F42CD3432,D696BBFA42DD1A840708B9C42E824036862ED17D538B2B47551641D8145854DB,SAVED_FIXED_OUTPUT,HASH_VERIFIED_SUPPLEMENT_NOT_STRICT_FINAL
ODCR-D696,D02,338,29.28503465347419,0.9508330444453925,0.05438293144106865,0.07164055109024048,9A31B0878EFAFB2CC317982E62D706464DFF7AED1652BF5645B80FD089D3D79E,B769A36B72BBC22E4D935EE1A700051990000366D01B5F37F81E65245AC77DB9,E928AD01B1085D61BCF8BF392C59F8F31236E33406CE15C71EBF05872537913A,D696BBFA42DD1A840708B9C42E824036862ED17D538B2B47551641D8145854DB,SAVED_FIXED_OUTPUT,HASH_VERIFIED_SUPPLEMENT_NOT_STRICT_FINAL
ODCR-D696,D02,339,25.80047396553006,0.924669168868567,0.058964505791664124,0.06889843940734863,3DD78291027FC52C1F1019E9072EFFAD762CA0AC9B1B8381AB5B7D550CB424DB,E06DD3D00E1A0A16F2320C472B4E6E962D1A8CE9137E5AAA0396DFFCD66C863B,0EF555DDA8F34665641E2CA209544849FF8C6E49DDA86660362AA8EC56890454,D696BBFA42DD1A840708B9C42E824036862ED17D538B2B47551641D8145854DB,SAVED_FIXED_OUTPUT,HASH_VERIFIED_SUPPLEMENT_NOT_STRICT_FINAL
ODCR-D696,D02,340,24.173980462368498,0.8919571694385316,0.06025784835219383,0.07475423812866211,5D12B5E7AAF64B235DD2D1FC3A67D6EF4D7C33DC6F8E1ADD4EB3533D69DE4BA5,88EC8CA4966C97CE200A0D6D8841097EDD5FE71C89C7C800F02679D2A5F7A285,0F34F66C6790E4278132AAD372AE011AE5E7F011635B89D2EC48257722600803,D696BBFA42DD1A840708B9C42E824036862ED17D538B2B47551641D8145854DB,SAVED_FIXED_OUTPUT,HASH_VERIFIED_SUPPLEMENT_NOT_STRICT_FINAL
ODCR-D696,D02,341,24.400020384967135,0.9205000966297657,0.050727538764476776,0.07296192646026611,A8BE642D49C97CE71FBC22941810348CF7B7E26A0F6ACF46D5355785187F3D66,CDD271D86AC1A0F91E31B0AD93301BDE95C6B52C3D5CBB2C37E296E8914FFF63,5EC6A47433A4F83740CACF052DEA91828D4EE1E73D23D2DBFDD1F782823123B4,D696BBFA42DD1A840708B9C42E824036862ED17D538B2B47551641D8145854DB,SAVED_FIXED_OUTPUT,HASH_VERIFIED_SUPPLEMENT_NOT_STRICT_FINAL
ODCR-D696,D02,342,21.53278855373195,0.9046268257879673,0.09971720725297928,0.10638868808746338,EE326D7DE3CAB07C1D5BE3B8075412B6DAF1E78D5CAC545986F40F117F6CC080,585857B8D5E6A692F93A0612A8E6C855D945B5FC792FCD3AB935ABCB65460ED0,959B2ED4226FC2E66FB49FCFCAAD33FB3390EA9B511175AECBF2B19150B4D1B4,D696BBFA42DD1A840708B9C42E824036862ED17D538B2B47551641D8145854DB,SAVED_FIXED_OUTPUT,HASH_VERIFIED_SUPPLEMENT_NOT_STRICT_FINAL
ODCR-D696,D02,343,24.924338646600294,0.9049395682676632,0.08584229648113251,0.12741303443908691,2CBACDA0434FCD11D41919850ACA2B4EB3D46E082ABCF5F588C4384FEBE6C60F,3C8F298C8C763FF6FEBDE459F1B54E1B6AE66DF84EFDBD5E2934F1A6DECEC2E2,0BAA0BDE95202B2A51CD7DD5DAA3B2480F9933B43B2EECF0A9097803AC918653,D696BBFA42DD1A840708B9C42E824036862ED17D538B2B47551641D8145854DB,SAVED_FIXED_OUTPUT,HASH_VERIFIED_SUPPLEMENT_NOT_STRICT_FINAL
ODCR-D696,D02,344,19.52877331905923,0.8946065210233235,0.12243146449327469,0.13533228635787964,009626CF694C13F6B85C679F14128597AD7320822FD141119AA69FAC9BB0F40B,161EB9927C78D9731349B04AE3A389115B0539CCE0FD5F90A5837473501C2BD5,6E114BB861BCA91445EB24FC11DBC2F68895C6881E6FF896BD8E1637A643C6BB,D696BBFA42DD1A840708B9C42E824036862ED17D538B2B47551641D8145854DB,SAVED_FIXED_OUTPUT,HASH_VERIFIED_SUPPLEMENT_NOT_STRICT_FINAL
ODCR-D696,D02,345,17.179628204048154,0.8801849523511381,0.15931013226509094,0.16099143028259277,4FFE553474495617122DEC64B0C3F7B01E433CCFD07DE594D6A690D66F88AECA,9B2E5C31CF420E31F14E9566C74013C82CF549BA1E37DE692BC985A5760697C3,EC1D346AD6E6F94D354ED447ABC8C453A4741AECCF53EF9FB80FC0AA75C41EDC,D696BBFA42DD1A840708B9C42E824036862ED17D538B2B47551641D8145854DB,SAVED_FIXED_OUTPUT,HASH_VERIFIED_SUPPLEMENT_NOT_STRICT_FINAL
ODCR-D696,D02,346,28.251809701652842,0.952062456828465,0.06970508396625519,0.10786902904510498,675F4D608366C906514D283375F6CC522CCF50D2188A5F51CE5BF4B0614D3658,A09177CAA724DEF1F5AB19E453774F84925C74DAF3A5389E0D46C9013F3DD1DD,4D80AF8DCD91EEAF9A13E57309FF69DDAF45BB962EE87714F96171B6C3C6CD14,D696BBFA42DD1A840708B9C42E824036862ED17D538B2B47551641D8145854DB,SAVED_FIXED_OUTPUT,HASH_VERIFIED_SUPPLEMENT_NOT_STRICT_FINAL
ODCR-D696,D02,347,23.821639207808975,0.9087051357485708,0.05418345704674721,0.0660240650177002,BB02BF93F90B2C011FECDD6FFEC76E1F7AF3BAE4748565EA39C53419D097ADE5,8B49654A2C2DD0C9E4E040608000372A15F44710EADBFE79788567B02DDEF9DF,37FD2B34D97083E1FEA000A378C3CC24ECC96AF7F9C2E20E76DADA87C21928A6,D696BBFA42DD1A840708B9C42E824036862ED17D538B2B47551641D8145854DB,SAVED_FIXED_OUTPUT,HASH_VERIFIED_SUPPLEMENT_NOT_STRICT_FINAL
ODCR-D696,D02,348,22.24056555257157,0.9063737912250293,0.09043629467487335,0.08165925741195679,F9922CE8E2494FE2B120E8A7CCB5EBEAF44DEF05E8D8A7F74FDFCDCB299B0FC4,789C005973E66151E90D9451E5101E774A822778E4984CF81EFF36A8351B2070,F40A1FBD63A99E43407985784A24D64F0DD9AA9F75A656E10C487C3E8AC5611A,D696BBFA42DD1A840708B9C42E824036862ED17D538B2B47551641D8145854DB,SAVED_FIXED_OUTPUT,HASH_VERIFIED_SUPPLEMENT_NOT_STRICT_FINAL
ODCR-D696,D02,349,23.4875460264675,0.9336907258214352,0.05696048587560654,0.08598649501800537,25E4AEB65B1BE004A0CD9717EB14CE02BF6CFD15C677566A7FE5F52F0B5B7005,9153D0B7C8E05EDA5D777EC258D2CA3B0FD43C3175DC9381E748BAC8C0E4A02E,F2760C24986A1007FC49495DAF7D9D5963B9083F6F56848D9DB90AB1F1A6BF04,D696BBFA42DD1A840708B9C42E824036862ED17D538B2B47551641D8145854DB,SAVED_FIXED_OUTPUT,HASH_VERIFIED_SUPPLEMENT_NOT_STRICT_FINAL
ODCR-D696,D02,350,18.29359796190036,0.8823412034845419,0.12646572291851044,0.16174530982971191,3BE52A77C19773303F82173D6D5AF479C613D95EE3C794C8AAFFFFFFCF11E59B,20BC7491F2769B49A86FC79454817327743C5C2E500B8AF9ED81D56EABF90C5E,8C55B3892337AE0FADBD33343F723463E833746B898C7B98D795835D7E8E9141,D696BBFA42DD1A840708B9C42E824036862ED17D538B2B47551641D8145854DB,SAVED_FIXED_OUTPUT,HASH_VERIFIED_SUPPLEMENT_NOT_STRICT_FINAL
ODCR-D696,D02,351,19.70515429071105,0.8758258022294717,0.16318057477474213,0.17753887176513672,FBC8D03A3BA5C81FD51BBDD9FFEFC1DCCB52A64D8ECF12236DBDB9EA09E09690,6A2ADF4B8E5EA0138E368B7B9A50236F5DB77FA34392ADED69580E9045F790C1,04301502B7C62DFFDFF96339FC976B00DA15C177C6EF91CDDD59049A67A78E3D,D696BBFA42DD1A840708B9C42E824036862ED17D538B2B47551641D8145854DB,SAVED_FIXED_OUTPUT,HASH_VERIFIED_SUPPLEMENT_NOT_STRICT_FINAL
ODCR-D696,D02,352,20.961323481199322,0.9336539673162548,0.08536793291568756,0.09483909606933594,0FBD3D1289D3BFE9650E88ACD16E17DD78FBD17F2054249B17B09E191129757B,153A6BD38EAA435EAC85EE486A547C637CCCC17E767467C227041CA4D0D4F035,A129FFC1225623CE473B0D0ED214DB0B865C1A9B458E546D7DAC1552678258C6,D696BBFA42DD1A840708B9C42E824036862ED17D538B2B47551641D8145854DB,SAVED_FIXED_OUTPUT,HASH_VERIFIED_SUPPLEMENT_NOT_STRICT_FINAL
ODCR-D696,D02,353,25.013668480338268,0.9437380661580744,0.04674514755606651,0.07831615209579468,07B5E0F2DAE567036B68C1F5D7C3759E74ED5AC95A760B812A8E1FE28D62877D,376E9853566AFFB832D8FB183205FEA263FCCC4B7DB72CA95DD39A47A598803D,8E7F06AF223886F3B46CABC70C2235F997BFF4E269732E5CA839F0569CE48AC7,D696BBFA42DD1A840708B9C42E824036862ED17D538B2B47551641D8145854DB,SAVED_FIXED_OUTPUT,HASH_VERIFIED_SUPPLEMENT_NOT_STRICT_FINAL
ODCR-D696,D02,354,24.52521186668401,0.8128532448924656,0.141689270734787,0.13758069276809692,676D485D96E7D4A8457F3E273AA6AB130A69C308884F306695CEF5AEB6A84179,FAF7369946FF1C176969C4813A11251B58E003BD5250F51036EA976FBB0977C3,0B0AFAC262EC6A9D7D7A37844C48DA8466A8B7C897CFAA785ED697DFD64D2430,D696BBFA42DD1A840708B9C42E824036862ED17D538B2B47551641D8145854DB,SAVED_FIXED_OUTPUT,HASH_VERIFIED_SUPPLEMENT_NOT_STRICT_FINAL
ODCR-D696,D02,355,22.921461085051597,0.9103701166847542,0.08214020729064941,0.11085069179534912,B24A9DEFA2586B436E3FCB9DCA0B01D9FE137D6610C83A3BF5541A9BF54F9A82,6D342B41451D2E3A2612C210999D52AB02618D502D5D58D16EF0E2191E6C7B84,191CEAD7C44F9D2990967E09ACD5DA0BC3DBE11F2C16A46D664CC3FD453074AE,D696BBFA42DD1A840708B9C42E824036862ED17D538B2B47551641D8145854DB,SAVED_FIXED_OUTPUT,HASH_VERIFIED_SUPPLEMENT_NOT_STRICT_FINAL
ODCR-D696,D02,356,18.495605188858487,0.8488406351731377,0.10571721196174622,0.10795283317565918,7A4B66B9EEC23ACF692E14BA21691BD39AA431985485C2943C45EF3202610F1B,B5DB002B69CB8B32BB3858846D98202111F60FF6D5F3B2761ACB83D4986D1B22,1B75A245861E7B4455B19CD46B845458367CFDD9421D217EA2D0A8917B964FF0,D696BBFA42DD1A840708B9C42E824036862ED17D538B2B47551641D8145854DB,SAVED_FIXED_OUTPUT,HASH_VERIFIED_SUPPLEMENT_NOT_STRICT_FINAL
ODCR-D696,D02,357,27.927737820273105,0.9335252499866261,0.04331042990088463,0.05880427360534668,EABC01825D0D921C10E120909BDFDF8638597D68EDDB6C55115574DF6098C17F,ABD813E77B84164DCCA3397DFBFEFAE32132F2668FBA1C4DAE8E40960944E26D,27F2CAC902AE16A071F7D9DC5FCD196C37B4962D929DBC99F006E0E619942B71,D696BBFA42DD1A840708B9C42E824036862ED17D538B2B47551641D8145854DB,SAVED_FIXED_OUTPUT,HASH_VERIFIED_SUPPLEMENT_NOT_STRICT_FINAL
ODCR-D696,D02,358,23.328183706932467,0.9375708418185721,0.06446705758571625,0.10403436422348022,A11299E5F6F8976BA6539985763CEA1C8F1405CA7928ACE263E7DD76256BC46E,65CFA73BC9EE243AF611051C4C80D83C3646F5ABE1CE712E4F67AAC5B8024D4E,B850B3482F56003CE915FE5A7B7E43E920310EB72D9E5A83157B90F58CC1C3D7,D696BBFA42DD1A840708B9C42E824036862ED17D538B2B47551641D8145854DB,SAVED_FIXED_OUTPUT,HASH_VERIFIED_SUPPLEMENT_NOT_STRICT_FINAL
ODCR-D696,D02,359,23.13772983219518,0.9331334872943149,0.08919430524110794,0.07535767555236816,750C9F9F62633F04053BF2C530F8C5B79D0FD3080F73564BCEE5C102D11CB775,375423C2B55A611327C6E02275483E055B855E83BBB599BBEBE77A1A4B9CEF96,6B913E685A7BF26B5D22A992BBDFAEBA4609FC8A4FC3FBE914D5BC41AA712278,D696BBFA42DD1A840708B9C42E824036862ED17D538B2B47551641D8145854DB,SAVED_FIXED_OUTPUT,HASH_VERIFIED_SUPPLEMENT_NOT_STRICT_FINAL
ODCR-D696,D02,360,16.479031756308807,0.8284406105062256,0.11500757932662964,0.10585713386535645,D995D04BD25F298FB1F0DDE64458927D0AB29D7416BABCC19569D9F1FC18C529,75666BD5181904AD3E06982597A494FB7C0DC5E8E6C392D06BEFE4208B193077,E5BAF396C61B934E0168544477CF8B432DFEF5923AD77CCCD90179C179218C88,D696BBFA42DD1A840708B9C42E824036862ED17D538B2B47551641D8145854DB,SAVED_FIXED_OUTPUT,HASH_VERIFIED_SUPPLEMENT_NOT_STRICT_FINAL
ODCR-D696,D02,361,24.332438939291443,0.9340301954780363,0.07551238685846329,0.10353398323059082,A8167FECE68E435E7400B59D3B33421A25C0E6C9AEF206685F2419DFE8C653F8,C81B3B5F87F85384AD8DE677F7EBABB024C17704F8909C0BCDF92EC891881550,28BEABC73F2744945453A01D874DED70F4B2E4DF606D6927B3616A712FECA127,D696BBFA42DD1A840708B9C42E824036862ED17D538B2B47551641D8145854DB,SAVED_FIXED_OUTPUT,HASH_VERIFIED_SUPPLEMENT_NOT_STRICT_FINAL
ODCR-D696,D02,362,23.32949078079848,0.9211288540114481,0.07244031131267548,0.05780601501464844,EB3CC1E81A838FE7D4F93F529392A6BD928DDBC81C9535A732CE5512703A9DD8,D2C8A1F13E9B336566DB72F150D301A8F1639BF02850DB5FABCF72EFDF6EECD4,1F25CD3DC6FD9E53B1C327C587A2D06C54997F0F9D611FB1CDA62669F3CF8412,D696BBFA42DD1A840708B9C42E824036862ED17D538B2B47551641D8145854DB,SAVED_FIXED_OUTPUT,HASH_VERIFIED_SUPPLEMENT_NOT_STRICT_FINAL
ODCR-D696,D02,363,22.433654717752344,0.91839685452798,0.0708131343126297,0.08035129308700562,0EE7735DB16331A40024D26F51500E4E537D1D7C2C968BA183F9F682471BC439,042C298528A3409F2B30EBEFF113E39415C1AF2BC191236EBAD85A064EBAE122,BF6AB6FCB83E0936D562BE93ED74E77814E1F88873BB6CFA170540D09038AB15,D696BBFA42DD1A840708B9C42E824036862ED17D538B2B47551641D8145854DB,SAVED_FIXED_OUTPUT,HASH_VERIFIED_SUPPLEMENT_NOT_STRICT_FINAL
ODCR-D696,D02,364,21.416808297114933,0.9084447211551826,0.0802488923072815,0.08379971981048584,0B657C76BAA553E63CE8D87B749944AC2CDA2FC36BFFE33DC8CAA763D42A9E9C,B7D11DFE5FA193AB52AA64C5E9085A58D9C9F46EBF0ACC5E40EB15FA0ECC890E,C1BE284251236441721CD4F5E4F9544BDBB499F7699F9B0965CAC455D041F803,D696BBFA42DD1A840708B9C42E824036862ED17D538B2B47551641D8145854DB,SAVED_FIXED_OUTPUT,HASH_VERIFIED_SUPPLEMENT_NOT_STRICT_FINAL
ODCR-D696,D02,365,25.537804539366228,0.9126663161305081,0.0432666540145874,0.06884884834289551,08F17F574B89786E7EF24118B046D8D3F965F918AD81E4E2341616B6D4F8B43C,76991FEB796DAAC22729A6A3113CF6A5E5B1309D3928E1FDAB041FC6B4677D3C,4BB984DA9121BFA987ED838B6E48AA695141883B0B9A23E7B63C8C327FE6ED0A,D696BBFA42DD1A840708B9C42E824036862ED17D538B2B47551641D8145854DB,SAVED_FIXED_OUTPUT,HASH_VERIFIED_SUPPLEMENT_NOT_STRICT_FINAL
ODCR-D696,D02,366,28.752612079431326,0.9591596755284875,0.0398738831281662,0.026982247829437256,30F5EF782BA293E59B60F170979B6587F0769037E500FCB6621BF894FA159246,28C343F1D820A59DC9C4BA833EB5537CB98998D005AFFE1E25690633BC1CA06B,09B1E5901D215F6F6807E03300BD88F19DC2E24D8789A22D10E734E91B2820C9,D696BBFA42DD1A840708B9C42E824036862ED17D538B2B47551641D8145854DB,SAVED_FIXED_OUTPUT,HASH_VERIFIED_SUPPLEMENT_NOT_STRICT_FINAL
ODCR-D696,D02,367,25.724371066536925,0.9389884499869244,0.05127769708633423,0.049859702587127686,897D84C5FC7BFC8E051FC8ACD715239E8DB359379912E51B007873F910783AD6,4D2AF2B6B27AD626F7D885B3A6AEB86E51EA1E1477B4C776E8A00992FD48E2E0,F9DE427BCDF5AAC25354D1F441AB92585ADD421255C1D124A5D8C65179960439,D696BBFA42DD1A840708B9C42E824036862ED17D538B2B47551641D8145854DB,SAVED_FIXED_OUTPUT,HASH_VERIFIED_SUPPLEMENT_NOT_STRICT_FINAL
ODCR-D696,D02,368,16.802710347850876,0.7708256444387828,0.1424880474805832,0.10736602544784546,EC963D10045B80DC8D1E25FBA1AD000DC87502EE24DA9AFB5BA956C6D4AF3B03,2C992C1DB9BA62F0037D6F7577C864C329A9B08343554192D7791018DB427928,24522C908C7112A652D7C1BFE152D529E4D71F5978E16877EE79263BF3A1E65B,D696BBFA42DD1A840708B9C42E824036862ED17D538B2B47551641D8145854DB,SAVED_FIXED_OUTPUT,HASH_VERIFIED_SUPPLEMENT_NOT_STRICT_FINAL
ODCR-D696,D02,369,20.17635063784639,0.8321142362990644,0.09430801868438721,0.07201886177062988,6C8264D1FEF3DC0AEA990C8075CA873807FB8D06A86C6FF8F4FA810A22B877A9,03B2D2E08113B548F5ECE0636CE751AD7742A89B04847EDA2761B1276E86A8B0,C3D663E4C006168B63CB80DA41E5F70F41F9D2F1B6A38F29B1F7671DA0503838,D696BBFA42DD1A840708B9C42E824036862ED17D538B2B47551641D8145854DB,SAVED_FIXED_OUTPUT,HASH_VERIFIED_SUPPLEMENT_NOT_STRICT_FINAL
ODCR-D696,D02,370,19.152397969792176,0.8802538163503865,0.12918640673160553,0.09630650281906128,E68632AA5F8C3D09F1DEA1E9571C8ACD250F511BC0E301AD1A805161613296AD,00EBCD15A077D95D970FA63AFCD91D0251C878551744BA4DF9823040D3F42CC6,6847F3B7F8F9656F6B1225385FB74A2E35CC4E74CF9300E31DF1F7AB3FC7B078,D696BBFA42DD1A840708B9C42E824036862ED17D538B2B47551641D8145854DB,SAVED_FIXED_OUTPUT,HASH_VERIFIED_SUPPLEMENT_NOT_STRICT_FINAL
ODCR-D696,D02,371,19.27768806247641,0.8055959305797412,0.10283701121807098,0.10699522495269775,219669ED992182A91ECB11ACC8344093CCDAFDF60072A8C067030B16DD9156A2,C70194CB0F492EED679CB47FC129046B3206609B3CE4F5AFB902549C50A29477,312599FBD17475219F3A3F4421E38CF173FEA096C2286C0A0E1AAECAB6788361,D696BBFA42DD1A840708B9C42E824036862ED17D538B2B47551641D8145854DB,SAVED_FIXED_OUTPUT,HASH_VERIFIED_SUPPLEMENT_NOT_STRICT_FINAL
ODCR-D696,D02,372,20.020857119181372,0.8849906546627512,0.12412141263484955,0.07048779726028442,74FC5DABD2C12E977C9D11590A70C21706F1645F3715F506E3E563820AA39F02,F451C677CEAD069002F63B99812229924EEB1345BF1C836277BCB347455ED3B1,72AD286C694ED4A77B8574CE4EB07B8FE1FE7E1187F84B94C150C724D29F7688,D696BBFA42DD1A840708B9C42E824036862ED17D538B2B47551641D8145854DB,SAVED_FIXED_OUTPUT,HASH_VERIFIED_SUPPLEMENT_NOT_STRICT_FINAL
ODCR-D696,D02,373,25.043964192116064,0.9416747320105796,0.05180966854095459,0.05621296167373657,594C962F70C43643ABAB9E28FCADBE683A482F7C5176138C13CEA15163670182,A138412C06A2FFF2C56A5F933FFCFBBA738653FEF153B57931EF2975AAB71E84,B09EDF310148E557813E7BF488F19A55D7F92A4BFBEDE3122D29CA207CA7BA50,D696BBFA42DD1A840708B9C42E824036862ED17D538B2B47551641D8145854DB,SAVED_FIXED_OUTPUT,HASH_VERIFIED_SUPPLEMENT_NOT_STRICT_FINAL
ODCR-D696,D02,374,24.224093617186085,0.9311238530827414,0.05500691384077072,0.06240725517272949,4D71170FDEB06838B47AE5ECE652D3FDE03D9A56140FA8834DD1A2002D312813,D632F0B4049AA5702511B9681EB65000E3BB6B0715601A39AE8CC6D7AA91DD32,DA1D1ECA96E8E215448BEE131E10F35D1E2435642687078EE29D5601A9EEE6E9,D696BBFA42DD1A840708B9C42E824036862ED17D538B2B47551641D8145854DB,SAVED_FIXED_OUTPUT,HASH_VERIFIED_SUPPLEMENT_NOT_STRICT_FINAL
ODCR-D696,D02,375,24.94772088653317,0.9256393017222178,0.031872544437646866,0.057299256324768066,A9A1F27ED570BEB31831798E8099EF37E32AE8157452A2156FEA49E31AFFADF5,2EAAD95D4F327868CC5C07766A54FBB55C1ED4FC5A99F5D9D4E6AF07AECBCF61,3B778CE25651202C869CADEFBE53F6FFE020E65014E79BFC27C324624F088325,D696BBFA42DD1A840708B9C42E824036862ED17D538B2B47551641D8145854DB,SAVED_FIXED_OUTPUT,HASH_VERIFIED_SUPPLEMENT_NOT_STRICT_FINAL
ODCR-D696,D02,376,21.55325077298873,0.8440940996331806,0.10439710319042206,0.10323315858840942,FA5B8A227E6C5E383AB2569D0A7ED49E33AB043167D175892BD0F2A11A82C2E9,74C026A548ECEC0BEED4F3B0DB925D2FBBEF8EA4FE1132DE89B47E4CE427B610,48DA2D09D9643FC551EF3A9A5D187FD4AC19534D5EA90A9DA71BB304499C624E,D696BBFA42DD1A840708B9C42E824036862ED17D538B2B47551641D8145854DB,SAVED_FIXED_OUTPUT,HASH_VERIFIED_SUPPLEMENT_NOT_STRICT_FINAL
ODCR-D696,D02,377,17.22698949816623,0.8399379350986744,0.13867737352848053,0.11599850654602051,B8FB6823955B1AB7B29E21F6D5EA59D6D0FE695A2B0651D4491A4AD45E747CF1,6EEAE9995089095295C2CF7DA4657771C499034EE563E98E134C9CE46364D1CF,BE3C4B6037D82D9564211E67D88BE5C537CE4AD988AC42AAB335C926C12937E0,D696BBFA42DD1A840708B9C42E824036862ED17D538B2B47551641D8145854DB,SAVED_FIXED_OUTPUT,HASH_VERIFIED_SUPPLEMENT_NOT_STRICT_FINAL
ODCR-D696,D02,378,23.78880681626075,0.9460994114661524,0.04369958117604256,0.0837392807006836,BDE52EECDC5A339EC7CFCCCB08E7BF7F7F82EB172A7B9AF7A7D7AED80139239C,0147913ABFAF55DCEFF372BD3DA6A20F1C982C48E8CE34C1F6994E5586BC720E,A5B31E3CE1B991C6BF6C28AC977CA1BA338282166FCC95800CC173AD5F2E9D1C,D696BBFA42DD1A840708B9C42E824036862ED17D538B2B47551641D8145854DB,SAVED_FIXED_OUTPUT,HASH_VERIFIED_SUPPLEMENT_NOT_STRICT_FINAL
ODCR-D696,D02,379,26.69841420705759,0.9480891107079831,0.03274490684270859,0.04872316122055054,614584A3929404DCA064DE99C120B07D882B3579B88FE407CA0AEE1316D25CB6,3C9453D0D1397576E8DAAFE17EEB359505FD29EC095761C69116F27C94515E90,283546ED66099C0A0880613CB785F1B7E5DFCC3BA4B34688D6DF71A73DA173AA,D696BBFA42DD1A840708B9C42E824036862ED17D538B2B47551641D8145854DB,SAVED_FIXED_OUTPUT,HASH_VERIFIED_SUPPLEMENT_NOT_STRICT_FINAL
ODCR-D696,D02,380,17.550150080064032,0.8600512742470118,0.1135130301117897,0.07381296157836914,A09A915100F3773C53E73EBFA28A2792B0CC8444BF97B687FFCACE67891D34C0,0EA65EA443DF1B9CA17A16E8AE6A8E6370DE2405EAAB71B9DE15A0866B2E27D5,AE1ED75FEC2A7404D8EAAED8C05E5890F4A6486F04808AC17DDCE3A3DEF8D919,D696BBFA42DD1A840708B9C42E824036862ED17D538B2B47551641D8145854DB,SAVED_FIXED_OUTPUT,HASH_VERIFIED_SUPPLEMENT_NOT_STRICT_FINAL
ODCR-D696,D02,381,20.694839001995383,0.8647501211224246,0.08114068955183029,0.04578953981399536,E8A9E871CB65EECBE822125EBE0DBDED2188631BC177A50B7BF2503D9C53745D,B08070300ACA3BD3BBDBBA55B23C8DE901DD4A5DC4E5BCC41EA4BA5078160BB8,AA7F1D76590949DC2876357E84034BA9EE32011C26C5395B340AD56E32A9F2B3,D696BBFA42DD1A840708B9C42E824036862ED17D538B2B47551641D8145854DB,SAVED_FIXED_OUTPUT,HASH_VERIFIED_SUPPLEMENT_NOT_STRICT_FINAL
ODCR-D696,D02,382,23.632426332054347,0.9227878148627778,0.07661238312721252,0.06464707851409912,A1BFAE60C51FBCDCFEBD60B84E939B358F8707B3E73895ECD0EA73831AB228A9,A0BBCD65A3F2666143AD77E2AD33C450F8563BD46669D756884E59D32AFDF932,2BB6FB62EE297F530B6D34A6DF9F36581CE717E1E890273037EDBD5317C103FD,D696BBFA42DD1A840708B9C42E824036862ED17D538B2B47551641D8145854DB,SAVED_FIXED_OUTPUT,HASH_VERIFIED_SUPPLEMENT_NOT_STRICT_FINAL
ODCR-D696,D02,383,25.62898018345408,0.9324363591179812,0.0445890948176384,0.06650835275650024,4392F300DBED09D244240B000C43C75051DF678DF31AD252C62F29A0D3A6B3E8,6979F1BBB51F57DBD70DA100E74DB85CABEFFE49F8C136AF2D629708EA629285,DD3689125D83ECE31974FFE448F78E451F074DE80B435890BB5E15E645583EC0,D696BBFA42DD1A840708B9C42E824036862ED17D538B2B47551641D8145854DB,SAVED_FIXED_OUTPUT,HASH_VERIFIED_SUPPLEMENT_NOT_STRICT_FINAL
ODCR-D696,D02,384,22.244113652592095,0.8540657735572119,0.04417268559336662,0.05236572027206421,19473DD93742BA7A3D76E3935556D716C2405F3AD71B43788DCCE66E3E7A52D7,A10261EE27BA887D92B8B443A1AF69138AF34566C515CE2A333E9D87A396BF27,5B088C8CE87FC04FE3B950DD979D3A6016BA48359EF952303A630E76561395D9,D696BBFA42DD1A840708B9C42E824036862ED17D538B2B47551641D8145854DB,SAVED_FIXED_OUTPUT,HASH_VERIFIED_SUPPLEMENT_NOT_STRICT_FINAL
ODCR-D696,D02,385,24.30792379324723,0.9241854268400619,0.05736491084098816,0.1114046573638916,B23E5704F18DCBD30EB3033A70EF63762D5425128BD42D755F3F502195F24340,919C2B7438660AA13FD1217EE12C5A013D23205B2D9649F21B0A856D6AB22D41,7217503564145D8C7659A3FA1F9F3D6D9EC383F5D97248794B2EBF147C1FF321,D696BBFA42DD1A840708B9C42E824036862ED17D538B2B47551641D8145854DB,SAVED_FIXED_OUTPUT,HASH_VERIFIED_SUPPLEMENT_NOT_STRICT_FINAL
ODCR-D696,D02,386,21.924038699789467,0.8394435573301893,0.10442984849214554,0.09834611415863037,99D7C7AAE3DE12C2129DA6279DEF25BF55ECEB29221D08B41EA087F3503B6425,31A6DEA370A8C1591601C7E7C0589E64F07BB63AF0C15B3F854CFEA305C32E84,BD5C47BFCFF07893DBA61805C1C88E1C5DAD92AA25B7484899A0A6254E72A45A,D696BBFA42DD1A840708B9C42E824036862ED17D538B2B47551641D8145854DB,SAVED_FIXED_OUTPUT,HASH_VERIFIED_SUPPLEMENT_NOT_STRICT_FINAL
ODCR-D696,D02,387,23.02828053692555,0.9259431357470319,0.048448022454977036,0.06446725130081177,39E9EA9CA404F9B159273A86FD4578B0FB5E158175610A7D3F1FDFD79422F579,9ABFEBA2A5C8415161F0EEEA501B60D82A683A411401E3C08A204C5F2F966D2A,07F0533F30F7B1989A15410E0C2E652FB5235BB8E0808151F7D90800695566BE,D696BBFA42DD1A840708B9C42E824036862ED17D538B2B47551641D8145854DB,SAVED_FIXED_OUTPUT,HASH_VERIFIED_SUPPLEMENT_NOT_STRICT_FINAL
ODCR-D696,D02,388,20.6211781684317,0.855226772334713,0.12268821895122528,0.10726922750473022,BA078D7C0A0F0BE0347341CB765BC9175A99093645584656620CCEA2A494D6D7,3A9767AFD67767FA2DCEEF352E7DE51982E0732AF839A7FA25B997018A57D561,8C4F3409B5E1777F0BA1EB0FE10371D4B6B13D7BFBE8CF784A460EE70A493B0C,D696BBFA42DD1A840708B9C42E824036862ED17D538B2B47551641D8145854DB,SAVED_FIXED_OUTPUT,HASH_VERIFIED_SUPPLEMENT_NOT_STRICT_FINAL
ODCR-D696,D02,389,20.657210331651076,0.870253643413009,0.11759604513645172,0.1448153257369995,506D27F1CFC94EE638C0314BCDAE7ABF81C036FBC7A29DA65145A52846024E3A,A4BC1815DC3C86B067FA513BA49777A9FE40B2F93B427F90B0160CDF6A135751,6C353038052DD87C6F18DA565C5AB8F67617D3D78AC44653C0E9CBE0451A1AB5,D696BBFA42DD1A840708B9C42E824036862ED17D538B2B47551641D8145854DB,SAVED_FIXED_OUTPUT,HASH_VERIFIED_SUPPLEMENT_NOT_STRICT_FINAL
ODCR-D696,D02,390,22.16427299880912,0.881873981905072,0.05372443050146103,0.07899266481399536,FD42ADB4C12CB6A00354BF813C1390C4CE27DDF590649271B13F58211226BA55,2A5C75E3271DE647ABD2DC7B88EB40AAC5488589D4DFA3280EBB549BECAAD946,D73115801ED1A4DB175FE70B193B7907F1CB6FDDBA8D0F604CC3F06068CEFFA4,D696BBFA42DD1A840708B9C42E824036862ED17D538B2B47551641D8145854DB,SAVED_FIXED_OUTPUT,HASH_VERIFIED_SUPPLEMENT_NOT_STRICT_FINAL
ODCR-D696,D02,391,25.169478323175856,0.9349450989195355,0.10584228485822678,0.10549253225326538,643BBF94008DF1FDEBD09DA539E9ABB716543728E647851C5B8353BF2E9DB3D8,838A16DA167301E5873A9865943C6E1F6CB3106E7CDC5191757CE152E5359A96,F7371C789191D3767912F0907712D56700E6B99A3838AF30F63B0DA157D38E6C,D696BBFA42DD1A840708B9C42E824036862ED17D538B2B47551641D8145854DB,SAVED_FIXED_OUTPUT,HASH_VERIFIED_SUPPLEMENT_NOT_STRICT_FINAL
ODCR-D696,D02,392,25.125543468305995,0.9496289282245657,0.05348183959722519,0.06610023975372314,4B16F7B27FB1A94C3FD8C007A91B72E7CBBA942D2D81DE79E95B33429CE8AF20,13FEFAE3279DD4EB6BED85EA7A2FCF02BEC8DD76C8E6BF1A6E97A3BC51145609,C32A495D552615BF63A9373533CA9DB6DFEE617938A3B78E5523FCC930561EBD,D696BBFA42DD1A840708B9C42E824036862ED17D538B2B47551641D8145854DB,SAVED_FIXED_OUTPUT,HASH_VERIFIED_SUPPLEMENT_NOT_STRICT_FINAL
ODCR-D696,D02,393,22.716337671212887,0.9089267511983325,0.0823855996131897,0.06731808185577393,F065462B753388C26B36860FDA26364FA2D2AB6E4D43DA8B7FE9843C9ECB04B7,C6D40E8F023298289719C160AD7DED8C01BA068ABCFE2C55A6C7264285A38536,F779379BC95E54EE69B5F72BEC977515C7ABE3F61B34008273C9EC393D551A2B,D696BBFA42DD1A840708B9C42E824036862ED17D538B2B47551641D8145854DB,SAVED_FIXED_OUTPUT,HASH_VERIFIED_SUPPLEMENT_NOT_STRICT_FINAL
ODCR-D696,D02,394,20.53888533026901,0.8952134471435241,0.10787270963191986,0.06359994411468506,B95B32A320BF91DE323D917694C8646E5C906EF0FF66DCB76D9211015060C4C9,F0E48CE4E3B7ADD48D083CAFB09C910704C636B629A695086457E4EA088EA738,701ED57131F00504A3F6FD97A57ED60DCAF5055D92DF56989567546123E9661C,D696BBFA42DD1A840708B9C42E824036862ED17D538B2B47551641D8145854DB,SAVED_FIXED_OUTPUT,HASH_VERIFIED_SUPPLEMENT_NOT_STRICT_FINAL
ODCR-D696,D02,395,19.73567313614285,0.8871901428551666,0.09392169117927551,0.10683733224868774,36F820A5218843E8313838429EA7E2BDA16E9FA2B4F6B2A868897A71C72E0394,929DA8CDE5F1DCB21178038F7EE2979669B75DF646A954933D4720361E421F6D,E17DE743363948E40ED24E92ACEE0198789FC82999DF75B17941D8883AB5FD9D,D696BBFA42DD1A840708B9C42E824036862ED17D538B2B47551641D8145854DB,SAVED_FIXED_OUTPUT,HASH_VERIFIED_SUPPLEMENT_NOT_STRICT_FINAL
ODCR-D696,D02,396,22.757501169765323,0.9209095452217411,0.06487230211496353,0.08834075927734375,170C34FF761EACAE2181FBBF208F06FA0BE4D8785670FE35F410D915A086B507,25F60AFF6F912FF834A2DB12BC1988C63B4D6934980D6DEE392BC58E449A4594,08A7F63D518081F2CC8FF18C5F443FD41E284D6E8416E29A09FB5C2F2D563126,D696BBFA42DD1A840708B9C42E824036862ED17D538B2B47551641D8145854DB,SAVED_FIXED_OUTPUT,HASH_VERIFIED_SUPPLEMENT_NOT_STRICT_FINAL
ODCR-D696,D02,397,23.95649464692935,0.9423847351373444,0.04558032006025314,0.09183144569396973,254F574B03103EAD75F5C7F195E6E62126D82BC7F502DD3D2964B259E28DDF53,839C411F7BC360351F13C9ECBFC51D055B8B48B77E0F1634566E3E5D1128B86B,E7BFFEADDC2D3F5E6F116074408261171497376E5CC288CA5934B352B435F71B,D696BBFA42DD1A840708B9C42E824036862ED17D538B2B47551641D8145854DB,SAVED_FIXED_OUTPUT,HASH_VERIFIED_SUPPLEMENT_NOT_STRICT_FINAL
ODCR-D696,D02,398,19.538149022876482,0.7733479051292216,0.11037257313728333,0.10742324590682983,9674F1FCE51A48E8317D45336ABB6C74AB2A1AA24C99D6F2E6D46FA8DD41C7C8,2C6D5826D19E32AB73D570DB57361FFDF81B1B2E50F3A7D297FE76A0C9160AAF,524C014323505BE9B00508034F8DF7683B0E8CCFFADEEFD4DFB6A3A2342422C9,D696BBFA42DD1A840708B9C42E824036862ED17D538B2B47551641D8145854DB,SAVED_FIXED_OUTPUT,HASH_VERIFIED_SUPPLEMENT_NOT_STRICT_FINAL
ODCR-D696,D02,399,20.470830463308754,0.8690490107622129,0.12275508046150208,0.0705033540725708,3831BBDC145383DA84EBB14AE9D47E913586AA7326CFD87AA5BF3E458452FFE7,3BA7DD3633FADD897A31C4B2C0B336424E0480FB7FB755AB025027D4DCC06B6E,BC387C02B716590DFA3D27C91C027ABE96F4A25B8A34A176A7C5E34E639612CA,D696BBFA42DD1A840708B9C42E824036862ED17D538B2B47551641D8145854DB,SAVED_FIXED_OUTPUT,HASH_VERIFIED_SUPPLEMENT_NOT_STRICT_FINAL
ODCR-D696,D02,400,23.87833794185051,0.9541113981159978,0.044945262372493744,0.06613397598266602,53545ED14AD0894D0EB1FAB4C8DFB8A2E390EB9C3711216C4B8178E8DC61071A,9E48069F5A1349BF38AB53474ED325AD981DCC9BAB0289714D1A8CBD0F6942EF,58CEFBA89D9E282E259645213B32DFCC4A7890BCAAD1AF68843A5403A7FD2639,D696BBFA42DD1A840708B9C42E824036862ED17D538B2B47551641D8145854DB,SAVED_FIXED_OUTPUT,HASH_VERIFIED_SUPPLEMENT_NOT_STRICT_FINAL
ODCR-D696,D02,401,18.937951257649136,0.8258050413172301,0.10119786858558655,0.08156967163085938,F1F5BF734403F79738DC871B0925BB520822944BE99E77F1CB7B4A113403DC1F,AD862F700F58EF5A7407C73EC3D27C058BFAC2DA327A2D693CE75FE000F0C75E,5FA3480F892736455BAD9634E63A71E16ED3167DCDCF5DADDC3AB8B0EA9F90F3,D696BBFA42DD1A840708B9C42E824036862ED17D538B2B47551641D8145854DB,SAVED_FIXED_OUTPUT,HASH_VERIFIED_SUPPLEMENT_NOT_STRICT_FINAL
ODCR-D696,D02,402,16.419348649383558,0.8234922698632512,0.09988769143819809,0.0801917314529419,A02FE1A4C5A4D21E2293D48EEB39288FD8B2D72B5B82A565A077CD319764DDB4,210006A2EE6F5CAB9DEAFCC6563FCE88ED269D7B2F76DD3E9AD94C14FF167CA5,5F10D4817F9AB7A4D0C13D3211257DE3238DC1E1D4C912D067403075DF223215,D696BBFA42DD1A840708B9C42E824036862ED17D538B2B47551641D8145854DB,SAVED_FIXED_OUTPUT,HASH_VERIFIED_SUPPLEMENT_NOT_STRICT_FINAL
ODCR-D696,D02,403,24.45719848827236,0.9267738690393322,0.05964460223913193,0.04674232006072998,52280EEE7C9C1813B3715C151FBF35DA134794DC7758CA8D315E0758B222AF59,3827A632E2226820018D4948AA840A8B1F266916D8DD2DFEE601B6EC94FA224C,1632FC6A76B93D64FB46DB91A33D311AA7907F8CE25E28A1C95C15E628D5CFA6,D696BBFA42DD1A840708B9C42E824036862ED17D538B2B47551641D8145854DB,SAVED_FIXED_OUTPUT,HASH_VERIFIED_SUPPLEMENT_NOT_STRICT_FINAL
ODCR-D696,D02,404,27.83593023821104,0.9504381478230822,0.04677765816450119,0.05222666263580322,9FC035C5F04C7F280DD0BC2CAD2AFEB3E3F1A4300A01A89AC8388072994DA534,2BC2B8CDE32F9FB11F83D2BE649DC11A3BF1072CD12B821C7B276E255AEF5D18,C4B046E984FF5D63F3FB28C926A02BCB29834A3FE9FA744B680D21378CBA36C4,D696BBFA42DD1A840708B9C42E824036862ED17D538B2B47551641D8145854DB,SAVED_FIXED_OUTPUT,HASH_VERIFIED_SUPPLEMENT_NOT_STRICT_FINAL
ODCR-D696,D02,405,22.522152363833065,0.9176005241083046,0.0437101274728775,0.056776463985443115,45C6438C5991D55D45FBC42102E432EE9BF03F4F60E13AE9932CADE6042CBE86,E3C6B6D4B42E30E7F016C7B3C4809EBF214105BD14B439F8EB510AB16912B468,E808EDF0856CBDED2A360E2C0C47127F716965FD325D7DFF7DFD019C6ECA6E96,D696BBFA42DD1A840708B9C42E824036862ED17D538B2B47551641D8145854DB,SAVED_FIXED_OUTPUT,HASH_VERIFIED_SUPPLEMENT_NOT_STRICT_FINAL
ODCR-D696,D02,406,19.79942619656651,0.8386136987832082,0.15265387296676636,0.14569848775863647,FDF4BFAD9E27EE3B5A8C98BF302EC51BCABB58B31ED61B1E023287992A7A0E8D,1FB677508E66C09E8E54AE2159E01640B14E0F617732A834D2E7FCBE2FE890D1,B4E4EFC4CC09E4E3C9B13DE47A56C6B442069AD94313F904EE8999BFF6265031,D696BBFA42DD1A840708B9C42E824036862ED17D538B2B47551641D8145854DB,SAVED_FIXED_OUTPUT,HASH_VERIFIED_SUPPLEMENT_NOT_STRICT_FINAL
ODCR-D696,D02,407,23.972195722105596,0.9419716972468478,0.02323785051703453,0.037903547286987305,E8322BEF4A7ECAC15C5334381D00233B27F95B8A206E2805F4EE86205FC14F39,F49FF55772A83409F061E090EC95CFBFDCDEA7FD860DDB54940DD4A6577AC4C8,542CC0FDEDB5D4139A2C8064B8FEE4B3A5DEB4F8C3065A8D6B016ED0C0FDDE32,D696BBFA42DD1A840708B9C42E824036862ED17D538B2B47551641D8145854DB,SAVED_FIXED_OUTPUT,HASH_VERIFIED_SUPPLEMENT_NOT_STRICT_FINAL
ODCR-D696,D02,408,27.092332297704765,0.9524631573646071,0.04530023783445358,0.058174312114715576,6C755799A332663D9E782172EA4E8EE8FC48C8BF537FE3F69240C538741EFAA0,EFAFBA49AF2CB0D121B1F3B38926BB9D8A0EC8C452613640D38ABA49B09EDE77,1337712617B13BF4C5E8FC3F2C9D3C72CFC0036A447A791EE10D0F0195807EB2,D696BBFA42DD1A840708B9C42E824036862ED17D538B2B47551641D8145854DB,SAVED_FIXED_OUTPUT,HASH_VERIFIED_SUPPLEMENT_NOT_STRICT_FINAL
ODCR-D696,D02,409,20.71689774460273,0.8566313160890041,0.07648565620183945,0.11150157451629639,80937C7C0A539C19B7192F2CE7AA3AB09AF09795855252021BA820BA8CF8D139,C4331C589578F9AF32C73C2CE1B2E020E6BF5BC23493BEA217306BCC82AAFF16,87B76F79FB1FF14273B9F5B5E7D852258BE65983D46E77108456AE00939DAF15,D696BBFA42DD1A840708B9C42E824036862ED17D538B2B47551641D8145854DB,SAVED_FIXED_OUTPUT,HASH_VERIFIED_SUPPLEMENT_NOT_STRICT_FINAL
ODCR-D696,D02,410,24.54607039079552,0.8984594889684944,0.0697793960571289,0.07664060592651367,C7C1CF8D6EB167A1FB64B00ECDAB187CA98583AD4128980B8BC4F3780A2AA4B8,12373C98DB3A9842B96A89816DDBFBA05B4F3F014D804BC47D9A004252635FD8,FFB73B9C152F5DC5B5C77D95BEF9770A914216AD7CEA22C7D32E2CB5F63D5063,D696BBFA42DD1A840708B9C42E824036862ED17D538B2B47551641D8145854DB,SAVED_FIXED_OUTPUT,HASH_VERIFIED_SUPPLEMENT_NOT_STRICT_FINAL
ODCR-D696,D02,411,26.51230711063087,0.9350249854074709,0.10251027345657349,0.09857797622680664,B5D63B3C88F67859DF5B2AF59167C14A6BBFD7825FF6CCB08B19DAEE6C2E3090,65A4B6F85C357150476AA0703AB65F24F4F933EC6C34B64AEC2E9DACD82B5D51,41F7DF387217B68D73DA7EA2E9F3FD625F922B015DAE76BF284A26CAB0071DF6,D696BBFA42DD1A840708B9C42E824036862ED17D538B2B47551641D8145854DB,SAVED_FIXED_OUTPUT,HASH_VERIFIED_SUPPLEMENT_NOT_STRICT_FINAL
ODCR-D696,D02,412,26.18356421252587,0.9000735379782882,0.07184924185276031,0.1206812858581543,48B26F7DB9119D33BD2DEFD057D5AE742B6F59A140B7FB39733D70CC1CAF37ED,439A6AD69ED797980609FAF0487327985CF4E010B35E9AB6E9BF6787D024D10F,F80E572E38A1D002D70D56410A6039BC8468695595B09D905FBB6F9FDB014701,D696BBFA42DD1A840708B9C42E824036862ED17D538B2B47551641D8145854DB,SAVED_FIXED_OUTPUT,HASH_VERIFIED_SUPPLEMENT_NOT_STRICT_FINAL
ODCR-D696,D02,413,23.633979121412594,0.9092648814952335,0.06596438586711884,0.04447120428085327,4EF570CA44227DD7836D3B9C71E2CCE1DCF26990C7ABF794D581536FC359704D,D99E88B4ACA16E4F1892AD311E53F592BA8A428C76C8B1336F1AC190043A3816,8BFE499E4C0E71D5A34551F76511BD1725B1909EADC7392BBA164858DD5313D6,D696BBFA42DD1A840708B9C42E824036862ED17D538B2B47551641D8145854DB,SAVED_FIXED_OUTPUT,HASH_VERIFIED_SUPPLEMENT_NOT_STRICT_FINAL
ODCR-D696,D02,414,26.46847359512593,0.9401207584368265,0.048039812594652176,0.05797857046127319,CDAAF893C340B2B59129C1EE437FCA2350D4664C878F47364E4CC0F6CD6D37F1,9DA163F5821C54442295545CC32BD5B556728AE1E6167C92DFFA9D911599AB42,25DD818214DA162D3D83EA3156D1C28DE2DCF41AEC0E9CA4350EC303EB0C613E,D696BBFA42DD1A840708B9C42E824036862ED17D538B2B47551641D8145854DB,SAVED_FIXED_OUTPUT,HASH_VERIFIED_SUPPLEMENT_NOT_STRICT_FINAL
ODCR-D696,D02,415,23.087499824858753,0.8516404948399009,0.05753736197948456,0.054742395877838135,8FABAC9C221D616CBC401004BA40D1A063B1765D0DE887AE41BA160DB769A016,ED2FA9837DA18815618CC08DF0761B1E9FBAF81346074B92E4628302DF91B2BE,31DEED6F633A3A632766C3D28032AE309CA03B1E916ABA3EF752C9CAF6B900BF,D696BBFA42DD1A840708B9C42E824036862ED17D538B2B47551641D8145854DB,SAVED_FIXED_OUTPUT,HASH_VERIFIED_SUPPLEMENT_NOT_STRICT_FINAL
ODCR-D696,D02,416,26.559824153947286,0.9411732311143916,0.03633241727948189,0.038467586040496826,0B0CD961121C45B7FD186BA99D404923F1F159811D4E153C7792212F3E6A8A18,A861C59B1D440470B6AD2E2B035FFDE4E4E50F6B2C677567133D74CECCF32D46,F41D3382E56E8BF69972663FEE39FB99E3658D2F9E1DE42657AE9AD09976083F,D696BBFA42DD1A840708B9C42E824036862ED17D538B2B47551641D8145854DB,SAVED_FIXED_OUTPUT,HASH_VERIFIED_SUPPLEMENT_NOT_STRICT_FINAL
ODCR-D696,D02,417,23.74052632770995,0.8992248249623218,0.07980181276798248,0.0673406720161438,B8D845CF30E238114779436EF97F2270A20175BA4F3AD5D3E69C063F745C7D3E,8297BB8A0C2D431BE501C1898CDD760D26CBE81E1EC94651E61856173F216063,87C82C8635BB4558D82825A6B78EB4BD15DCE2468C7B3A5EB5BE35B5606B59A3,D696BBFA42DD1A840708B9C42E824036862ED17D538B2B47551641D8145854DB,SAVED_FIXED_OUTPUT,HASH_VERIFIED_SUPPLEMENT_NOT_STRICT_FINAL
ODCR-D696,D02,418,25.399802406221216,0.9337607609202214,0.03996124491095543,0.06363606452941895,773A3BAAD5AA793F3A0AAB80DFF2E3579ABE22CBF4FAED32CC917DA62C73CA5A,A2224A58097953C637E95759C4C5B045F059CBEC55728F7D8EE1933081FDBFF8,25F4A6F96E20BF0394317F4ADF60CBA70B1679193C854EE44439EB8985EA78B5,D696BBFA42DD1A840708B9C42E824036862ED17D538B2B47551641D8145854DB,SAVED_FIXED_OUTPUT,HASH_VERIFIED_SUPPLEMENT_NOT_STRICT_FINAL
ODCR-D696,D02,419,20.809033391298147,0.8719624846954562,0.08485795557498932,0.07601487636566162,816F53C49326455DBB8EBB825B9F49F76A1D405FA95190774ACEEEA9B80E8BF6,8B6C281FFFE8CA2F7D27F71A1F5CD88451834979F727E168A68A76CF7960A223,097740057FDC879FDADCBBA161B6522F4218DCA4CE6B517C30E5DB38CD41358C,D696BBFA42DD1A840708B9C42E824036862ED17D538B2B47551641D8145854DB,SAVED_FIXED_OUTPUT,HASH_VERIFIED_SUPPLEMENT_NOT_STRICT_FINAL
ODCR-D696,D02,420,25.545049725329868,0.9020966505867145,0.04123552516102791,0.04915350675582886,862CD82F2CAF6FF40CFCB4915119B5CA6884F01098E6CEA38B513703BD8E443D,1EF3D896A2E3F224AE3D77D5175846E9B97F0655C550C996FF5D9FF919802CA1,E0B798682975D5D34EADAB4F3D6953A2C4846AC1AA5413A811FEB9B82B748467,D696BBFA42DD1A840708B9C42E824036862ED17D538B2B47551641D8145854DB,SAVED_FIXED_OUTPUT,HASH_VERIFIED_SUPPLEMENT_NOT_STRICT_FINAL
ODCR-D696,D02,421,25.38821984294018,0.8826549068014332,0.07410398870706558,0.10010814666748047,1B210CAED603174D1A92D83383F4E9A9DAAD64C26D3DF306CDD558A7BBC7C1A3,838383970C3B2143FEE312225F6767EFE93CEEDD985AC15EB38E9007627155B1,5847E8731D23226BEA28C4AAC83AA14702C1432095E87806363D0DBA9FB91B66,D696BBFA42DD1A840708B9C42E824036862ED17D538B2B47551641D8145854DB,SAVED_FIXED_OUTPUT,HASH_VERIFIED_SUPPLEMENT_NOT_STRICT_FINAL
ODCR-D696,D02,422,23.14035593425639,0.9417195125131769,0.08585728704929352,0.07521259784698486,F6F776021791DFDD86BEDB43C063506642D1B2CD5A3733C0A619D61F74782401,D376B20DA064E1D8FCA16738E9D747348D724A31AC88D9BF758E4497067AA99A,E2CD301A161261B95A2A338ED96B774DAAC0356ED253DF22C3E0B266C0E9B896,D696BBFA42DD1A840708B9C42E824036862ED17D538B2B47551641D8145854DB,SAVED_FIXED_OUTPUT,HASH_VERIFIED_SUPPLEMENT_NOT_STRICT_FINAL
ODCR-D696,D02,423,26.928253446000895,0.9585404479026508,0.04154082387685776,0.07956647872924805,ADB43813D8BC999322EA60040C953835BEFF6A549FD32D46460D09B9FB02EA04,C993464DF9EBABB331F2927ED04947B59DB47D30AA90D7B07E24B6F40EE709C7,E916A0191BE1082E783378B0CFCCE56F9E63FFE137EA99FEB6A1C5169C99AE92,D696BBFA42DD1A840708B9C42E824036862ED17D538B2B47551641D8145854DB,SAVED_FIXED_OUTPUT,HASH_VERIFIED_SUPPLEMENT_NOT_STRICT_FINAL
ODCR-D696,D02,424,22.081977859511056,0.8709197758841686,0.068731889128685,0.0989946722984314,310D448CC07684D00D0D385B1291EB151921F7252F27844EE8E62F7573B1382B,9025AFCB929CFF1D87CB532AC12FB5AA815D81E2FABC886B1C820775AE626CCC,9AD1510A93997677D8F3DD32DED91B075265DF551A956582D35DC3456589D9B7,D696BBFA42DD1A840708B9C42E824036862ED17D538B2B47551641D8145854DB,SAVED_FIXED_OUTPUT,HASH_VERIFIED_SUPPLEMENT_NOT_STRICT_FINAL
ODCR-D696,D02,425,21.60516707290001,0.8718127027854597,0.058589354157447815,0.05990356206893921,436F96758189200C38BED62E70F0DC625388DD2AE51F29BDC17ECB8D94047BB6,A43B32E383CE4469976637B9C980B642F831B770C4F716E8906960E86C9DDA8A,4BB239F64CFAAC6C9B6BB6D6BEDB094F88DC022A870DB1A04E8BC0D2940FBBB9,D696BBFA42DD1A840708B9C42E824036862ED17D538B2B47551641D8145854DB,SAVED_FIXED_OUTPUT,HASH_VERIFIED_SUPPLEMENT_NOT_STRICT_FINAL
ODCR-D696,D02,426,22.51584602618014,0.9475488608201434,0.07534787803888321,0.06425106525421143,822DB5E92ABB09352358E7DBF9CF351A82AA00114A9289BEDC0D6532F85A50C2,16CDD2DD847AF89D323289B90A619F0BEA322EAD9BB344D740B757F9D7D8758E,6EF1C591B92C8A943665D057FECDFA564A75040E099EDB5BCD021386A49A628C,D696BBFA42DD1A840708B9C42E824036862ED17D538B2B47551641D8145854DB,SAVED_FIXED_OUTPUT,HASH_VERIFIED_SUPPLEMENT_NOT_STRICT_FINAL
ODCR-D696,D02,427,24.34657168349309,0.8940561236579158,0.08008178323507309,0.08820921182632446,26DB7F2ED11157476B5142E6E9AB37C32428BEE8D1F3C5DE42BA1DA6983F5253,00BC0215B9FC7E87AC23654D73BC72296988C17EDAB75FA07A1B34C079AB002E,AFEEE805D672D147A5E546FDE960335C2313CEB820582E4FB991415E975F7DE2,D696BBFA42DD1A840708B9C42E824036862ED17D538B2B47551641D8145854DB,SAVED_FIXED_OUTPUT,HASH_VERIFIED_SUPPLEMENT_NOT_STRICT_FINAL
ODCR-D696,D02,428,24.30269621691547,0.9057524824927025,0.05462804064154625,0.05455136299133301,A2048D7A4C654F844162FDE3EEC507856377B32EE0C1087F19BE1C49DC7A9161,3A7DC19928FCB793FE74E8C594C168FDC8274C3E53BDB03E4A61515879B0BBDC,17F68EEF7DA9F2B1DBFD8AC52F38E6341274ECB4F2EB338DEBCD8578EF9C0C6C,D696BBFA42DD1A840708B9C42E824036862ED17D538B2B47551641D8145854DB,SAVED_FIXED_OUTPUT,HASH_VERIFIED_SUPPLEMENT_NOT_STRICT_FINAL
ODCR-D696,D02,429,23.119358504424376,0.8846236463287139,0.06721528619527817,0.059523820877075195,EE45AAE6D1C3331B93A9130A732DBD338CE1695139A395C41A2DD6C37567670E,2EA1E24D078E6980864B5DF1F8AA725549F2DCBB4B33E8E2B1412913EC4ED327,2738D30629204C42EC8E20F3C7E47288CC9438522F1CB1E9003C77737B336359,D696BBFA42DD1A840708B9C42E824036862ED17D538B2B47551641D8145854DB,SAVED_FIXED_OUTPUT,HASH_VERIFIED_SUPPLEMENT_NOT_STRICT_FINAL
ODCR-D696,D02,430,23.460141315581602,0.9357226920081162,0.07197221368551254,0.0654914379119873,A42CFCC0B077C6EE9C0402201D0A04CF0EC115326FEA740D6BAD72BE25374061,AE60DA76255E63EAC47676CF4DB27AC94EB30FCC8FF4E9951B9D44732AC3257E,E4B68AD06C296BC91A48063A39423C322DEF73B87E0A4F2F6222EC975CC675C6,D696BBFA42DD1A840708B9C42E824036862ED17D538B2B47551641D8145854DB,SAVED_FIXED_OUTPUT,HASH_VERIFIED_SUPPLEMENT_NOT_STRICT_FINAL
ODCR-D696,D02,431,20.599773789199137,0.9105789675185573,0.08180207759141922,0.07317531108856201,75E3B753179A0B059D6AB424C9204CA9B03DCBDC1668C526B2E650F9B3FAC5A1,A1D5E9F27BA76338BBBEC694B1A55241B7C45CB0201180AA3888137BB3AD0C88,E256923756B8443BC0729C7E977490CC800F0F12565F80C1CCB38AD5E368092D,D696BBFA42DD1A840708B9C42E824036862ED17D538B2B47551641D8145854DB,SAVED_FIXED_OUTPUT,HASH_VERIFIED_SUPPLEMENT_NOT_STRICT_FINAL
ODCR-D696,D02,432,26.60997627947897,0.8989733016100571,0.045822497457265854,0.09689730405807495,D6C24FF0420097D701CE59141D0E09F7A7F1934F709D18E04F341560DEDED603,73780CC5C99197E929E7703E38E9172539FE10B4E06B5E735C329F269C00E3CF,EAF3DDABAC93B42791F1644E2C9C5E2FC9A7A4A2BAE0B8BE67F615359CF756D3,D696BBFA42DD1A840708B9C42E824036862ED17D538B2B47551641D8145854DB,SAVED_FIXED_OUTPUT,HASH_VERIFIED_SUPPLEMENT_NOT_STRICT_FINAL
ODCR-D696,D02,433,19.75351766827534,0.9380596151569369,0.09679737687110901,0.09480488300323486,6FD4A95ED9DECFAE0BF29668E1CFE1284DC16D6750382DB075D8B67817375EFE,8AC33476B28FD3DF00211FBDED66C192E3A042ECC1BDEBA4D43C8B9FAA97EF9B,755975F94333FE2C0C5456E13B223C59D5162710D03EF5F254C7405939A9AAB3,D696BBFA42DD1A840708B9C42E824036862ED17D538B2B47551641D8145854DB,SAVED_FIXED_OUTPUT,HASH_VERIFIED_SUPPLEMENT_NOT_STRICT_FINAL
ODCR-D696,D02,434,20.11044484446191,0.8702986504786562,0.0543501190841198,0.059370994567871094,352A7D52627F4968932DC983ACE3D04154FB621A9FD5831E75415E9C35DF2C3C,EDA562AB01297D101D17FB153CE3A0ACF18D49A3CC312A877B2D488675DE6AFE,AADE07BD0CC2F23EC9080A3DE6EB2F07598020194924971F888B71F37B697352,D696BBFA42DD1A840708B9C42E824036862ED17D538B2B47551641D8145854DB,SAVED_FIXED_OUTPUT,HASH_VERIFIED_SUPPLEMENT_NOT_STRICT_FINAL
ODCR-D696,D02,435,25.473288932979127,0.9114800230269625,0.04041507467627525,0.05738329887390137,628F748DEAE45009E06B208137C8A728DF499B2CF8FD41EDDEA4D980969B5301,F30F47B0AEC1737A5222346C0336A424C3853BED8B55E65604861F47FB72C1B8,D1C0B2B32CC56864C723CB8712B7FC8AF10C507E4ED52EE218670D950406CD34,D696BBFA42DD1A840708B9C42E824036862ED17D538B2B47551641D8145854DB,SAVED_FIXED_OUTPUT,HASH_VERIFIED_SUPPLEMENT_NOT_STRICT_FINAL
ODCR-D696,D02,436,27.079405882770278,0.9456693462138839,0.04256818816065788,0.05504429340362549,507B657BEA351884162DD9B5913E99B0722F59E949E8B13FB3F5901AB2397453,17A2A81D2E9280D1E19B98B2E627F951F45F6C7397AB5873F1DFF6E705C865B2,855BA2C858C6547AE615DE7CC4B2F48FA104BA950C7B6C945DB3EFADF59DBBDC,D696BBFA42DD1A840708B9C42E824036862ED17D538B2B47551641D8145854DB,SAVED_FIXED_OUTPUT,HASH_VERIFIED_SUPPLEMENT_NOT_STRICT_FINAL
ODCR-D696,D02,437,20.52393273901442,0.8136735843743576,0.12597976624965668,0.10109937191009521,E475DC5C8E5752F1219BED507749772C282437316488EC421C52F15CB8FC96E3,DCE442661607415EF1336F884A08EF42164F50923B55FB35D2FE2DF5AF2AFA9D,1D83B1C44D50174272418444AE0492A5AB30D7CB2A133F18E59B217EFDBAFA71,D696BBFA42DD1A840708B9C42E824036862ED17D538B2B47551641D8145854DB,SAVED_FIXED_OUTPUT,HASH_VERIFIED_SUPPLEMENT_NOT_STRICT_FINAL
ODCR-D696,D02,438,23.177498196409797,0.8940986746790262,0.05845490097999573,0.052480220794677734,76AC012EDDACEF45530431A586FD29FAAE23D1344443FFE4F03FDC3A4563C54F,A7F56C5F273B124DDD8B9C542F388E7486B5EF6C2117D9940EC252FCFB2EABE6,46442B965394C057A69E8E4BA5AF7286D553A5976D01B671A0C1346272EA76EE,D696BBFA42DD1A840708B9C42E824036862ED17D538B2B47551641D8145854DB,SAVED_FIXED_OUTPUT,HASH_VERIFIED_SUPPLEMENT_NOT_STRICT_FINAL
ODCR-D696,D02,439,17.296042380439715,0.8308637496978424,0.09231559187173843,0.07031905651092529,CF69915C32008B4A4276DB3DE77A442CEADE6EB30A7EFE81BE885121C8984C17,D9BB716956CEBC9B4CE1366A7D0E87EB7FDA41BE4355BF507A5A8A0A66A50151,C5104E7CBE4712F7A39B9F626A486A63A2DEEE51D6FF9B8A7B5A8837DAB9DABF,D696BBFA42DD1A840708B9C42E824036862ED17D538B2B47551641D8145854DB,SAVED_FIXED_OUTPUT,HASH_VERIFIED_SUPPLEMENT_NOT_STRICT_FINAL
ODCR-D696,D02,440,17.390414538945656,0.8138403172242811,0.07264429330825806,0.07350623607635498,893387CE6FF696F4273ADDDABF7D428545F8703D728DADDD9796A14627C2026E,9EAB532045C64E760EFFBD6B5B29B9C3AC879E59BCEA11197B33BEFCB7E1332B,E525C56C73501FAA4358949DF6B10D98E6E042FCF9547D646458B85F241FB6F9,D696BBFA42DD1A840708B9C42E824036862ED17D538B2B47551641D8145854DB,SAVED_FIXED_OUTPUT,HASH_VERIFIED_SUPPLEMENT_NOT_STRICT_FINAL
ODCR-D696,D02,441,21.876454493953858,0.9223151685764351,0.04743063077330589,0.07121402025222778,F2DD77557168699B67BF7A76298A748ACAD5EB00C65AE4067835C64214D4311C,3166E6A808906BAE281751089D12EE28D7865618435C9D138440DA9249093E12,1E5BA3AF830D51BEC5EFAF9417EC52E586652EAFD013880C09915506262893DB,D696BBFA42DD1A840708B9C42E824036862ED17D538B2B47551641D8145854DB,SAVED_FIXED_OUTPUT,HASH_VERIFIED_SUPPLEMENT_NOT_STRICT_FINAL
ODCR-D696,D02,442,23.785326191541444,0.8898346509907201,0.028293926268815994,0.043734073638916016,2868D9B165A498E41C2C3B0C458766FCBEA1A64725D413D05E215848F9380D4A,7F9943E1FD683C1F326C961D8B04A3BC3774AA2CBE3BEC9FFD85D00978FCC22A,8D1E0F10059ABE355A9B6C7834CEEC9B11AE1B613D57C9CB8FA3412B15FFB2C8,D696BBFA42DD1A840708B9C42E824036862ED17D538B2B47551641D8145854DB,SAVED_FIXED_OUTPUT,HASH_VERIFIED_SUPPLEMENT_NOT_STRICT_FINAL
ODCR-D696,D02,443,22.890143623532,0.8953751658772822,0.038263313472270966,0.059181809425354004,59C814438B3D1465315ECF5CABECB2137A0A60E02762BC88B408F43FBD52E777,87832756FFF2B55C53F19F0BC19CC8E90A923BA81C3FE4019904F7786A9C2E85,039E9814345C74295F8100B60AE5AA5D23CF30B2C0EBBC5FC17226CA66FB6632,D696BBFA42DD1A840708B9C42E824036862ED17D538B2B47551641D8145854DB,SAVED_FIXED_OUTPUT,HASH_VERIFIED_SUPPLEMENT_NOT_STRICT_FINAL
ODCR-D696,D02,444,24.008546583099285,0.9139741353462628,0.08907469362020493,0.06188386678695679,ED763032A0CB542AB70B965BA56FD8E8CC48D41D0CD3D69C196388BCAF9E9A53,C8C43796F29C7A7A62B582CFDCC5A27645F5D98FC7AB38674C414E7F9204D238,6C68C1C14EA242BE4C08E41F3E233AE71BCA5E64D0CFC4178A601DC5F76EF590,D696BBFA42DD1A840708B9C42E824036862ED17D538B2B47551641D8145854DB,SAVED_FIXED_OUTPUT,HASH_VERIFIED_SUPPLEMENT_NOT_STRICT_FINAL
ODCR-D696,D02,445,19.764172623136997,0.854485197825538,0.1016281247138977,0.12034463882446289,BE36DBD1BCA5107A4761CAD3C36EF0648A831502CACBBE3798AC3EE92D8E58AE,84BFFCBD5600DC9192D494FCDB3FD8EC77D5B079D53EF05175DDC93403C7FDDB,ED0AEE546F02E598B26676A28C8BC0E8B4F00C042A8D3510EA1AF3B260E5B478,D696BBFA42DD1A840708B9C42E824036862ED17D538B2B47551641D8145854DB,SAVED_FIXED_OUTPUT,HASH_VERIFIED_SUPPLEMENT_NOT_STRICT_FINAL
ODCR-D696,D02,446,23.017992093257913,0.9240437788931909,0.06785936653614044,0.07118088006973267,AD653C2B8378D4E506C7BAE914DA80852E099A41839AE9F966C1A4CF9F910D7F,C4267EC2AE543229A966D81381315FFE2188F360549EA1664DBF8636C8876825,9D49C8C6BAA4FCDFB4909CCE660A7C59D5CAEED2922BADDCD9AFC14D926B3675,D696BBFA42DD1A840708B9C42E824036862ED17D538B2B47551641D8145854DB,SAVED_FIXED_OUTPUT,HASH_VERIFIED_SUPPLEMENT_NOT_STRICT_FINAL
ODCR-D696,D02,447,25.066522498694866,0.881067375860661,0.050059668719768524,0.07450538873672485,B728E2B661F7E78EECC39BFA66EF633DFB0FF0D56E837182C853B6E96D20AC49,FB851D08E3F3A8AB6C4BD2D1C93AA4D6F7C009EC1988BDA04B2D362965ABB752,E0DD150ADD3303E8CAE27100B01B39269BA2B0EA1C48797800F39F52CDE47A53,D696BBFA42DD1A840708B9C42E824036862ED17D538B2B47551641D8145854DB,SAVED_FIXED_OUTPUT,HASH_VERIFIED_SUPPLEMENT_NOT_STRICT_FINAL
ODCR-D696,D02,448,25.67960869208313,0.9129179107666768,0.06966506689786911,0.061387836933135986,ADF4603629D2742976567E1268624E28FA0A590BA2D81993AAA691C42C4B0505,AA2163817AC3EB6169A7927CAE2F080D52ACE9F347B5DEC71C27D86BCA3486CE,3CD80EC0B79F2C403E7CA30306BF55465CE869C18152E4E53DABC0846303703E,D696BBFA42DD1A840708B9C42E824036862ED17D538B2B47551641D8145854DB,SAVED_FIXED_OUTPUT,HASH_VERIFIED_SUPPLEMENT_NOT_STRICT_FINAL
ODCR-D696,D02,449,19.795194568669903,0.8623316945488672,0.11427340656518936,0.09637129306793213,A05A89C260267F402B0A3D8E2B617309774CA231D5F7956B2B250728D62050B8,F2B1426138B258F62415E9F2BC31FC56CDE533190E3246F1347BE84B036BC7C5,B29CB2BF2866A8444519DF6151D1BA9866ADDC6811A7577A6781640F3F683938,D696BBFA42DD1A840708B9C42E824036862ED17D538B2B47551641D8145854DB,SAVED_FIXED_OUTPUT,HASH_VERIFIED_SUPPLEMENT_NOT_STRICT_FINAL
ODCR-D696,D02,450,17.15015898327313,0.7383487075014085,0.14352428913116455,0.11149483919143677,4BA5784B445900C2B9B7E6513D9B0A97DBA70B5D1489F8219DD44B56DDED2480,B9D5FFE989EE66751C21F1B2CB6A9BD87AC54F4B44855B7245898DCF45D3C143,1C25E64DD4B9D377E1220AB62C7B9630C96964DD3BC05147904FFEABB5A45646,D696BBFA42DD1A840708B9C42E824036862ED17D538B2B47551641D8145854DB,SAVED_FIXED_OUTPUT,HASH_VERIFIED_SUPPLEMENT_NOT_STRICT_FINAL
ODCR-D696,D02,451,21.802913280670957,0.8576248420476116,0.06461238861083984,0.05045539140701294,4DB18BB00E9EF8C076D2AE619DF754F6AE0B1879D1B22894810D2F055538910A,ECC34395AF24FA1B1BF618452BACF1EE43AC79A665FA69E1F6AC21FC8F503390,D29D89377D2980760AB0384958B4BB43192DFF8ED97250FFBA2636B1ACA17BD4,D696BBFA42DD1A840708B9C42E824036862ED17D538B2B47551641D8145854DB,SAVED_FIXED_OUTPUT,HASH_VERIFIED_SUPPLEMENT_NOT_STRICT_FINAL
ODCR-D696,D02,452,26.994596755803105,0.9599685777220087,0.0392095185816288,0.0672101378440857,546152188E813A7AACECF90F9BA72E11A9F8CF2B85C225293B7685DA46559118,26184C126D3AFE01BA56BB24FE345B05B8ED93CD814471AA228EEB265664F05F,13800821B4F80B7F142CB457EC75C7FD7279A7EF6B145E1449209B6EAE22D3EA,D696BBFA42DD1A840708B9C42E824036862ED17D538B2B47551641D8145854DB,SAVED_FIXED_OUTPUT,HASH_VERIFIED_SUPPLEMENT_NOT_STRICT_FINAL
ODCR-D696,D02,453,28.763383319765975,0.9477400447121779,0.02717692032456398,0.05230426788330078,A187C6B6B3685B6795171EA1EDBEED6D904C602C6C83DF3DB2C32BCE0245F603,2041A70D017BBF8700CF4DC48F2ECA1749582837E8758D6C82FBA7F38FC002FA,808FAC217A511CC5D7A40AE952D6ED4CEA5BDD16416C9FD12E74720159340C22,D696BBFA42DD1A840708B9C42E824036862ED17D538B2B47551641D8145854DB,SAVED_FIXED_OUTPUT,HASH_VERIFIED_SUPPLEMENT_NOT_STRICT_FINAL
ODCR-D696,D02,454,26.1906137359253,0.909650606461973,0.04690655693411827,0.07794690132141113,CD0139F6A7F93B1EA1F6572B0C0542262FED5A2B7B0FE8C66B797980408B0B27,036B17920EEC093B7EA0935A2774FB50E33A718C8D8350113E5C4F60C5D1FF1A,84FEB2F7BCA8B2B06E4A316A5AEC932B0CDF68D2F31134FDE2A74259B2BE8151,D696BBFA42DD1A840708B9C42E824036862ED17D538B2B47551641D8145854DB,SAVED_FIXED_OUTPUT,HASH_VERIFIED_SUPPLEMENT_NOT_STRICT_FINAL
ODCR-D696,D02,455,21.61003857453556,0.8904391772297289,0.05018150061368942,0.042968034744262695,8F7F29DFDB6EA02060E99336F4BBB6493ED03228A7A65125B78A48A11DFED300,FD81BDE891FE513CB21B71847D8E449A78F3F5F63AE6F80DB79C78255A23D85D,29484B41F3B2F751BC48CEF909311B6FD6FFA4C3835EAFFFC2BD965EAB69852C,D696BBFA42DD1A840708B9C42E824036862ED17D538B2B47551641D8145854DB,SAVED_FIXED_OUTPUT,HASH_VERIFIED_SUPPLEMENT_NOT_STRICT_FINAL
ODCR-D696,D02,456,23.265747432454255,0.8923332806844808,0.08795200288295746,0.09219038486480713,234BC4B8D1623A1A9237163E0F3CF8422672C9771839A41999B94FEB5E9DBC30,8EE5D720C6F7A2E90587F4B840192252D5EE1E7F779C1AB53853D9A02EFAD80D,14FFD538280D21FD27F8065E9BA6B3CD05763BF5CF5BF85CD4C0841BFBB13A70,D696BBFA42DD1A840708B9C42E824036862ED17D538B2B47551641D8145854DB,SAVED_FIXED_OUTPUT,HASH_VERIFIED_SUPPLEMENT_NOT_STRICT_FINAL
ODCR-D696,D02,457,21.3552712620752,0.9047019165623783,0.05734184756875038,0.054113924503326416,F391E5B37D2F5684D9BC7D44364685BF219D69365662758E8ACC140D2BDB25DB,395F253133FBA3F452CFCBF0E3D8847268E8E2E2F403763301DA31D54D9E166B,D073A4421DFC767A9A89429A919EF92EFD1E7575A306F3586F275D3A10F364B5,D696BBFA42DD1A840708B9C42E824036862ED17D538B2B47551641D8145854DB,SAVED_FIXED_OUTPUT,HASH_VERIFIED_SUPPLEMENT_NOT_STRICT_FINAL
ODCR-D696,D02,458,25.84715239857122,0.9527131688437843,0.07884787023067474,0.10154765844345093,82DE52A4C109B8B371A5A91FB69C3282C3B2252404FA34318D426CDDB5234CB8,2F26A61AD3E12D0FD1EE011A16DD8E78DC2A9A5FBAF6D61267A099500BC09716,B7A9CB6B1BD575C2422AA9BAF09B667891E8C6928C5D0F45B370AF1C1F7F9686,D696BBFA42DD1A840708B9C42E824036862ED17D538B2B47551641D8145854DB,SAVED_FIXED_OUTPUT,HASH_VERIFIED_SUPPLEMENT_NOT_STRICT_FINAL
ODCR-D696,D02,459,17.70523875222884,0.7962559303427531,0.14744141697883606,0.10443055629730225,315D8C81C0A5A2F449CFE1C56195F22424A2472B73B892E711336376CFA6CA15,F805BF7D0FF2FEFB4B4BB61A6728BC0579994579D995ECC7B7F51B967EC224A5,D72655362E101CAB908E1319D9D8CAB8D19381A2D77606C11A9751E8846CC90E,D696BBFA42DD1A840708B9C42E824036862ED17D538B2B47551641D8145854DB,SAVED_FIXED_OUTPUT,HASH_VERIFIED_SUPPLEMENT_NOT_STRICT_FINAL
ODCR-D696,D02,460,20.732659479625323,0.9032461510048267,0.10231954604387283,0.07153171300888062,79C548D39D7F1470D3681996EE3FE3EF7BF4C7EB2819B509B204B534C4C2E054,C2E05FF69359481AF2599B9DC9E4F271769FCDA5FC1CB37C0FDC52022EB2A3DA,3BFA912A0258B4E54B7EABEDB9AF87F0E863916174B9C260C47F8133F50FC1D8,D696BBFA42DD1A840708B9C42E824036862ED17D538B2B47551641D8145854DB,SAVED_FIXED_OUTPUT,HASH_VERIFIED_SUPPLEMENT_NOT_STRICT_FINAL
ODCR-D696,D02,461,21.00368173328885,0.8822309385153405,0.13304010033607483,0.10745149850845337,4A89A9757B17421329587CF25789488D60815DFB25E33FF73AC0D82590C8E4B4,77813E8124C141A4D72ECAAE24528DEA9C678E3A4D11B5537DD0C3A69DFB90C7,21D9184670F4E7A4D189EB00B8329639357FC31A87667A8ED3900452054B9110,D696BBFA42DD1A840708B9C42E824036862ED17D538B2B47551641D8145854DB,SAVED_FIXED_OUTPUT,HASH_VERIFIED_SUPPLEMENT_NOT_STRICT_FINAL
ODCR-D696,D02,462,22.2688997398593,0.9158446303934834,0.043979305773973465,0.0381084680557251,6CC2CBF5F3F07A7D6091DAA89265652D3160BB0124F4E5346C896AEC58A35DFF,B0D6547E5A4DEDFB3EB627EDEA45DED6C61A33B9FD41A7D61BBB123F7096A1D2,29E28C10F879DEE2620C2A5917F23B3A7382D55BD4519C0A1B1F761C87E2687B,D696BBFA42DD1A840708B9C42E824036862ED17D538B2B47551641D8145854DB,SAVED_FIXED_OUTPUT,HASH_VERIFIED_SUPPLEMENT_NOT_STRICT_FINAL
ODCR-D696,D02,463,23.622310327907527,0.9209720916185784,0.07663989067077637,0.07417607307434082,3DD8DF30EDABC07B39F1512B7D84F8995BD03DF4291D9823C4896A0BD2FA6C64,EDC58381A5BEBCDDE48785C539C8958536CCE8240C560DC2FF9A6B42EB45D2D2,037E66B4FD48ECD2D5B422F06E3ACE539BBEBF3B728EACAD2A967575E5A1A8A4,D696BBFA42DD1A840708B9C42E824036862ED17D538B2B47551641D8145854DB,SAVED_FIXED_OUTPUT,HASH_VERIFIED_SUPPLEMENT_NOT_STRICT_FINAL
ODCR-D696,D02,464,21.105042894121123,0.8832479606532133,0.09110811352729797,0.08395373821258545,1B310CBD93EE7475D5B4AD4826916D833A9679CAC379149B13EEB57E13737C65,C1D116E93A5683A15BDA9B4D8DD3C04A82FD83C265B2D5C074116AFCE86D3DD8,58D43DBA036DD50A584F2074A89B944A5C8A19610B5A0F8E307C882A67A9721B,D696BBFA42DD1A840708B9C42E824036862ED17D538B2B47551641D8145854DB,SAVED_FIXED_OUTPUT,HASH_VERIFIED_SUPPLEMENT_NOT_STRICT_FINAL
ODCR-D696,D02,465,20.252743233025274,0.8882329148440006,0.10964497178792953,0.12148880958557129,7B2C9841AD8DC8D69F87256323014D9FF70B95C63FBB7C376AA12B1B6058E6CB,FD10CB6D8FEE583C21343745B64FF0D4B32BE1151437B92443D4974614D82A3C,E6AED72351DF3899254BA8E204213C40163361078A0677A1C93C59E209BC6D96,D696BBFA42DD1A840708B9C42E824036862ED17D538B2B47551641D8145854DB,SAVED_FIXED_OUTPUT,HASH_VERIFIED_SUPPLEMENT_NOT_STRICT_FINAL
ODCR-D696,D02,466,23.00491808667114,0.9161157024257932,0.08642151206731796,0.09633511304855347,D4773493CF8AF0B0D0480061A030F7A4BE32FA2478C6C39C269AAE84671C3E25,B33B9FED8C13909ADCCE6D22EAA7B9A653DD272E8DD3A2E9BA873ECB36AFB063,55BC8FFBA55F996D1E2D6F576BFCB1BC294FFC77208E5FF6F9AAD757BCD6D7A7,D696BBFA42DD1A840708B9C42E824036862ED17D538B2B47551641D8145854DB,SAVED_FIXED_OUTPUT,HASH_VERIFIED_SUPPLEMENT_NOT_STRICT_FINAL
ODCR-D696,D02,467,23.430606665757328,0.9313861651157543,0.0809880718588829,0.07540792226791382,D62F7F1BD23D6AB15A20BD7B1A1CBED1E3134E30D69FDC3BA4F50AE40129B1CE,56FC8D8D4197C664D894210AD15E70C6FD0691E65865467C04AE80F4AE3859CB,63F7B83007F8FDB7512E3912BA0B4FC4B97895C216C83F48E02AEED2322D0079,D696BBFA42DD1A840708B9C42E824036862ED17D538B2B47551641D8145854DB,SAVED_FIXED_OUTPUT,HASH_VERIFIED_SUPPLEMENT_NOT_STRICT_FINAL
ODCR-D696,D02,468,23.650136339109,0.9369208344381819,0.0546378418803215,0.08487248420715332,95DC53F71582C4D740944E0DD4075391057BA822CBA8753FBC3E9E3E6FF05019,7A5DF36BF4AA7EBD02E7A6D464D018A5EFA80DC0DFD1212F4C482CAC4E968183,31BF01C595F1536E7DFE12BEACA2235F0BA815986F978A4E9F75499F65A06CEB,D696BBFA42DD1A840708B9C42E824036862ED17D538B2B47551641D8145854DB,SAVED_FIXED_OUTPUT,HASH_VERIFIED_SUPPLEMENT_NOT_STRICT_FINAL
ODCR-D696,D02,469,26.981171442719706,0.9625622534408707,0.03244724124670029,0.04191422462463379,2FE0DE3DA2F177F7F53F147B6AD1DC79A7E75E38A791C8CF6B870A0C64E1031F,F269D5E934506698ECEE09C56B7E593D5917AD3BF4EAC8D7052F31FE4772CFD3,900CB9A90A78AD873753ED2C1257A6190F5FEFD9E74352AB2D272C6DE71BE454,D696BBFA42DD1A840708B9C42E824036862ED17D538B2B47551641D8145854DB,SAVED_FIXED_OUTPUT,HASH_VERIFIED_SUPPLEMENT_NOT_STRICT_FINAL
ODCR-D696,D02,470,22.25335247998183,0.9079472505200655,0.07468722015619278,0.07113206386566162,D51A8AA7AFB09CD4E7D27806A1723ACC93BD7736A9B47A1EC66AA6042E51FA1D,A51E49D7ECB35EA74147A565EE6EEF2778D1855EA65A73E6DE42705A27B39B21,7B50E01481FB3C13A72F076862759D1722DF3690173F0771A3041F9EC83BDECE,D696BBFA42DD1A840708B9C42E824036862ED17D538B2B47551641D8145854DB,SAVED_FIXED_OUTPUT,HASH_VERIFIED_SUPPLEMENT_NOT_STRICT_FINAL
ODCR-D696,D02,471,17.308469791392625,0.8655297667768999,0.11970842629671097,0.07846295833587646,AA2A8A2A72E45022A9A0E8CC013427852A67DAB0349F5C100D1EAAFDD629BA19,0F9585E46B77028A3A2AF646DBCD6138235E05B043D6DEC43F61398E3782DF34,2EC1431539334ED756129A03AC91FA72D63C68E16B8ABC50E06D01CEF52401F6,D696BBFA42DD1A840708B9C42E824036862ED17D538B2B47551641D8145854DB,SAVED_FIXED_OUTPUT,HASH_VERIFIED_SUPPLEMENT_NOT_STRICT_FINAL
ODCR-D696,D02,472,22.63671414563465,0.9277080857190666,0.07265829294919968,0.08381789922714233,9DA52A5D83B6AB5AF5E5D0C93D4893C427AC0CE7CB2563CCFFFC480A5CC991B2,6A63C17D325F29CAE4009D77E98C3043C629A27CCDF5B4F35A442C8E36DACB82,56F75D7D4B89B28BF9F87525BE49BFBFA7F41A8A9832188D1E0E5C9F9FA8B80B,D696BBFA42DD1A840708B9C42E824036862ED17D538B2B47551641D8145854DB,SAVED_FIXED_OUTPUT,HASH_VERIFIED_SUPPLEMENT_NOT_STRICT_FINAL
ODCR-D696,D02,473,22.604355669535785,0.9350765959297805,0.08713924884796143,0.08346474170684814,AF5314673ECFD187AA9942944F1A8226A9E874D03CC4BD9EDA1F2CDE23C61B47,42C688EF8E10E9777456A95A0B69A4F26AC7E654ECA93D8F8520FF4D9BD94D5F,D2A4FCA45916075B29925E7E3E84F6A623D47B90706BE0FE40BB2FECA9F74BDC,D696BBFA42DD1A840708B9C42E824036862ED17D538B2B47551641D8145854DB,SAVED_FIXED_OUTPUT,HASH_VERIFIED_SUPPLEMENT_NOT_STRICT_FINAL
ODCR-D696,D02,474,27.799630265634306,0.9641493200661326,0.04589584097266197,0.09951245784759521,5044554CA9DB79204DF08A76485C44A58B662D816C11A838A4945DB7FF21CD68,B9FF5C4385E06CC9C44CC9510205D5D188EA30AE3264AFCD7EED32A0A066DCCF,3975C4790C105E35B60E704034511A917A8887065CB94EB5E6FC1FBD618794E0,D696BBFA42DD1A840708B9C42E824036862ED17D538B2B47551641D8145854DB,SAVED_FIXED_OUTPUT,HASH_VERIFIED_SUPPLEMENT_NOT_STRICT_FINAL
ODCR-D696,D02,475,22.904755621079143,0.9250913590501105,0.09461866319179535,0.10301852226257324,B852BBAFC1D2008577839C384A20EFDAB418AF58123E5142F391E9E05E3B7DF7,B9298C881A7C1C82C74F8FAB81F892770667D14E56168CA5D18CE1BF7BF7D1CB,FC4F75E63DBFD403AEA625AF7A21247AFB0C3292996B7AB794CA56C80284CB65,D696BBFA42DD1A840708B9C42E824036862ED17D538B2B47551641D8145854DB,SAVED_FIXED_OUTPUT,HASH_VERIFIED_SUPPLEMENT_NOT_STRICT_FINAL
ODCR-D696,D02,476,22.164417640903437,0.9180131302801128,0.07050172984600067,0.07272803783416748,D21DF0EF4B1DCD248F885C28E772705EBF06B4EC250046D8935C6E7BCCFDBEEE,4E764C6599245F3BE7F3BE57E27E09E3C528A1162DDE249591C28D4C1CC119C7,09EF1020ABE96851AF9EF86548F4ED677B4ED4A28CCE558C60521867BCD16EF5,D696BBFA42DD1A840708B9C42E824036862ED17D538B2B47551641D8145854DB,SAVED_FIXED_OUTPUT,HASH_VERIFIED_SUPPLEMENT_NOT_STRICT_FINAL
ODCR-D696,D02,477,18.092228262292018,0.8650224432206867,0.14834871888160706,0.1432805061340332,32F8B853AED888078884B16F4806E165633DCFEC9E311E96F4DB19EF63B7A293,0746A8C6C94FECB27D6796BD534E170B6859AE7D74E2F8CC72B19C699FA661A3,62466D1AB331582DD470D88D2684421F49200A6CB8B4ECFD1D32ADEB7B53291C,D696BBFA42DD1A840708B9C42E824036862ED17D538B2B47551641D8145854DB,SAVED_FIXED_OUTPUT,HASH_VERIFIED_SUPPLEMENT_NOT_STRICT_FINAL
ODCR-D696,D02,478,18.251302970200474,0.866982517440511,0.11931531131267548,0.09369951486587524,68C0B820F8D13FCEC362F1B66369DED368533002DD64948BE8E98F38C1B3F670,7EBBDADE56DFBCADA45EF7106F42BD9ECC6B6B80AE34866E11719E781BD61251,3E42F36FB5713AD86EBB04A7621B0D0C18DBC26A1BC7EC6B0A78596137C635CA,D696BBFA42DD1A840708B9C42E824036862ED17D538B2B47551641D8145854DB,SAVED_FIXED_OUTPUT,HASH_VERIFIED_SUPPLEMENT_NOT_STRICT_FINAL
ODCR-D696,D02,479,21.439495379436934,0.9195877367194315,0.06459268182516098,0.08453691005706787,31F4901E538AE8DE4D637082D0CC9E5838CE9685B4736DDBB1DF57BCCE04369A,FC3116846DCCC3DD73257EFCFB1368BEA5D4A5D4D4642C4AB60CC6B2577C3EF4,C4EE44B6912DE42A10EE2049A4FE088DE7312A79561C79FA440C3182E4AE1707,D696BBFA42DD1A840708B9C42E824036862ED17D538B2B47551641D8145854DB,SAVED_FIXED_OUTPUT,HASH_VERIFIED_SUPPLEMENT_NOT_STRICT_FINAL
ODCR-D696,D02,480,21.537830771334768,0.9249389412637612,0.07594679296016693,0.08670973777770996,989FAC0A3AD1A662E999BE2F5A6AB7FD865E07C1BA69C0F6D2FFF8E0813A904A,CAECABA30DCA0932F25502A161F284BE1D920FE23E5478A6A3E424A82E4692EC,B5767F7D21F8DFC7C198774841B6EA0DB32DF2F7DBAD8ECBD3E4EDDBB911A921,D696BBFA42DD1A840708B9C42E824036862ED17D538B2B47551641D8145854DB,SAVED_FIXED_OUTPUT,HASH_VERIFIED_SUPPLEMENT_NOT_STRICT_FINAL
ODCR-D696,D02,481,20.816069733932444,0.8929146202325476,0.08697111159563065,0.060071587562561035,0EEC300E71C0F5286E95F17F9E52526259EB9A1395A5A492CED0AF3B07674691,3AC38E0D7203FFA8CDAA9185F8A5E9EAF929E50FD95E7C73AEFA4C8C1F11719A,BD234B3D61AC1E902C149C45BA0EC53CE4858DADDE3E95666324119B9F3C2343,D696BBFA42DD1A840708B9C42E824036862ED17D538B2B47551641D8145854DB,SAVED_FIXED_OUTPUT,HASH_VERIFIED_SUPPLEMENT_NOT_STRICT_FINAL
ODCR-D696,D02,482,18.077513906174406,0.8774512709140078,0.13751737773418427,0.07339602708816528,5C3CD46BBB8622938FB0E23330E95E725D9ED06AFD688A497C9A1459E57FB2EA,7F76C0B2CCDFEA44182E192756D537384C51E78BC9AD0FF0C54F2551DB29FFD1,CB20593EEC35053365D23D5664971AA44BE45B2EE60A9EBBF45CCA0B76EC07E1,D696BBFA42DD1A840708B9C42E824036862ED17D538B2B47551641D8145854DB,SAVED_FIXED_OUTPUT,HASH_VERIFIED_SUPPLEMENT_NOT_STRICT_FINAL
ODCR-D696,D02,483,23.763603053626227,0.9366336174965418,0.03843303397297859,0.05383580923080444,36A847762B5CFBB11C473BBF4E04295D4DE3F312DCB8F717A3EB34F1DC6DA8D1,2E270D25E80B76CE51173DC0CCA010223BDECBC4BD5DC2B69AD642AC137B987B,36CDD4B260A627EB684F781BC8D424B7AEFC1627CA75CEB03BBC49E8DEE70D1B,D696BBFA42DD1A840708B9C42E824036862ED17D538B2B47551641D8145854DB,SAVED_FIXED_OUTPUT,HASH_VERIFIED_SUPPLEMENT_NOT_STRICT_FINAL
ODCR-D696,D02,484,21.274448294292366,0.8801497877431596,0.07934098690748215,0.09035766124725342,6713D2357A3169F98DE7585F5270A58B12FA7D443EF3063F3496D8FC47F29902,1B9B9517BDE47DA168130B3E88D77A34387E00D346B98D25FF282A47BC6FC3BF,2A283C1F461C13657CE4DEDDA24468C52761501E1D5348FEABB994540A7B023E,D696BBFA42DD1A840708B9C42E824036862ED17D538B2B47551641D8145854DB,SAVED_FIXED_OUTPUT,HASH_VERIFIED_SUPPLEMENT_NOT_STRICT_FINAL
ODCR-D696,D02,485,26.29947110776882,0.9730952542044986,0.04893869161605835,0.042373061180114746,9F2BE82D6B526BC7068F7D7F902282E82DDF47F76F1D50D4CC316F95FA8C6C92,B4447EAAE9A7CCA0813AAA5E2809F3B231C58ECAF123FE2E4F66506784BB0460,371CCA3C5C35D8CF36BDAC07D32792F739A3D90A81CBEA6376FE254B157BB56C,D696BBFA42DD1A840708B9C42E824036862ED17D538B2B47551641D8145854DB,SAVED_FIXED_OUTPUT,HASH_VERIFIED_SUPPLEMENT_NOT_STRICT_FINAL
ODCR-D696,D02,486,17.791945637060103,0.8184539525968647,0.11044321954250336,0.08731532096862793,69C083EA683478C5BE2EAE70FF7E7580AB8BCF97C3AB63069F89E0C436D99B06,1B339AAF98E612071FACAE3C81457BBE8788C137A75B87B1CF94461971BB0347,E500DF53F6F84A1DF7B673CA0133769AD2A28FE4DFF9471249546EE6559A4C96,D696BBFA42DD1A840708B9C42E824036862ED17D538B2B47551641D8145854DB,SAVED_FIXED_OUTPUT,HASH_VERIFIED_SUPPLEMENT_NOT_STRICT_FINAL
ODCR-D696,D02,487,25.284939602839977,0.9422158492843665,0.0233001746237278,0.054274559020996094,EAFFA4BABBF3D8584C452BC9850DC54C7E0D687FE4DF76653BCEB09A6049FE83,17524DE739D792140133C65FF7F290691CE53C6B91EE1E52D6C8AA8FCE2A88D1,031A61AE05BAB51BF1A2797BEC5AE66F2E195ADF521CD117FC5F366C30958802,D696BBFA42DD1A840708B9C42E824036862ED17D538B2B47551641D8145854DB,SAVED_FIXED_OUTPUT,HASH_VERIFIED_SUPPLEMENT_NOT_STRICT_FINAL
ODCR-D696,D02,488,22.22980510187726,0.9235491092007854,0.08443549275398254,0.08712923526763916,304D9C04C9094F44C78F93AD6AD7C511DFBCA66F2E9EC1C2D722B4CFCFDB022F,38DE00B6B7544B6DDEB963BF72CA2B79D60371E1A05DE5C18D6B1FC44C000F7D,28AC25CCC66F838158F64EEC9F338628F35E127E4006228D2FB633BCAC4A965F,D696BBFA42DD1A840708B9C42E824036862ED17D538B2B47551641D8145854DB,SAVED_FIXED_OUTPUT,HASH_VERIFIED_SUPPLEMENT_NOT_STRICT_FINAL
ODCR-D696,D02,489,22.097420828792206,0.888010406092569,0.0876471996307373,0.10096067190170288,31DE489229585BEF07C137BCC7B1D492155381136E394A980CBED21911905C35,ED483A29AEE9CAA74CBACBA4153C4E509A85A8580EDDE6CF0AB126147A2328A3,4BF9E2B0596C4124C8140AD5562D2E6A13389820DB5C6D0CA11D3661C3CF015C,D696BBFA42DD1A840708B9C42E824036862ED17D538B2B47551641D8145854DB,SAVED_FIXED_OUTPUT,HASH_VERIFIED_SUPPLEMENT_NOT_STRICT_FINAL
ODCR-D696,D02,490,22.406348351197494,0.8902702070976803,0.0912122055888176,0.10598146915435791,2D355D49E136AECB55EC1C4BB1B702259B8F5F8ADAA8A1EE5B97118A6DB198D0,1F165544049A6DD94820B8572C99082BDBCB070141F5CE11B0F3CB0750AC671B,9ED692F387893C6230C935448F1C51817FDDB920240E6909FFC80F8793998192,D696BBFA42DD1A840708B9C42E824036862ED17D538B2B47551641D8145854DB,SAVED_FIXED_OUTPUT,HASH_VERIFIED_SUPPLEMENT_NOT_STRICT_FINAL
ODCR-D696,D02,491,23.939741279805126,0.901222648863413,0.04582827538251877,0.07568478584289551,16E50C50D9007D4E0F65F679E4DE342474A1DC4B4D75237F8B1A2FE15C62CF26,7C00A5B192ED8C48A3FF28133A81416689A335EC662B3FDDC88524913D23D7E6,1CD0BFA1EAFD30E32F059157C3194F9D6CB3D9217D8A417E2C80818D77535467,D696BBFA42DD1A840708B9C42E824036862ED17D538B2B47551641D8145854DB,SAVED_FIXED_OUTPUT,HASH_VERIFIED_SUPPLEMENT_NOT_STRICT_FINAL
ODCR-D696,D02,492,21.801628409933475,0.9274844111084581,0.04696511849761009,0.058444082736968994,31D44F209FAF416F64ADD675F3B751CE121C3C91F17B647F5D0381F4BD9320BC,DF1AC63EA06FCCE42F1BB47A4814D653712C0D39F3CB4BF5BCCD45C6CDDBDA36,8643A3132739DE8DE3F070854C785A1C9BAA05F257C88EA6F0508D431BA23DAD,D696BBFA42DD1A840708B9C42E824036862ED17D538B2B47551641D8145854DB,SAVED_FIXED_OUTPUT,HASH_VERIFIED_SUPPLEMENT_NOT_STRICT_FINAL
ODCR-D696,D02,493,25.640702318493393,0.9488661065573066,0.04067905992269516,0.05414515733718872,2F392F09494D0156E57635450D7EA8B4763DB6A144194B9CF4AD330FBCD2D5C0,6593458157A1246EE3EACF3B145F63D12AF2B4284CFA7F47A36744D91E4D85F7,4BC5DFD17623F18443E8316CD8550B0A653728387CEFC42B7D0AB4DD40CC9D0C,D696BBFA42DD1A840708B9C42E824036862ED17D538B2B47551641D8145854DB,SAVED_FIXED_OUTPUT,HASH_VERIFIED_SUPPLEMENT_NOT_STRICT_FINAL
ODCR-D696,D02,494,27.170309502989202,0.9052881653543944,0.03381380811333656,0.1159745454788208,D3711BB85BA44D0CA18C77C01A168384A5A4F7EB7490FB8C67E5E653F80F3A3A,FB02E53260F0494CE57033A3E9A00479783BF3109DF4B3589857CD133FC3F502,9256DBFCC1886061F40065B27C8E3A3E44236F35F88085049B9D87DC0E0FD8A5,D696BBFA42DD1A840708B9C42E824036862ED17D538B2B47551641D8145854DB,SAVED_FIXED_OUTPUT,HASH_VERIFIED_SUPPLEMENT_NOT_STRICT_FINAL
ODCR-D696,D02,495,16.545872568085997,0.8227070052954981,0.14929050207138062,0.15241557359695435,27BEC5B5F2B2A6AE77F1C383AF7FE2B7206EDD81A981B7C559D856F16F3CA03F,6F14307544042E198CC600A33539D66FFD8109D15FEFF395CEEBEFBD14EBFE64,98651D8D07733DE25020B27633D2DE990356B5C41873E9D816F78E9C2219DB0E,D696BBFA42DD1A840708B9C42E824036862ED17D538B2B47551641D8145854DB,SAVED_FIXED_OUTPUT,HASH_VERIFIED_SUPPLEMENT_NOT_STRICT_FINAL
ODCR-D696,D02,496,19.94324878333571,0.8659991669226711,0.10390515625476837,0.07520651817321777,911C575B83F7DB8C70AA1BBB59FD88B3A36AC108B44D245D8B277C980254F2F1,007195B6E11266EFCC46CB1E7929E55612B1A7E5BC6AA11B3AFBACE5E1590DC0,604D7C66A151203DD3DA13E503E5CCA51C60D0FFF2735B342BA3E92D87C1F44B,D696BBFA42DD1A840708B9C42E824036862ED17D538B2B47551641D8145854DB,SAVED_FIXED_OUTPUT,HASH_VERIFIED_SUPPLEMENT_NOT_STRICT_FINAL
ODCR-D696,D02,497,22.966009576073205,0.916480913890986,0.04922691360116005,0.07679957151412964,D65D6E6B4CD342F6069FA28EE4074AF3450511DA911980F560FB28CAD2B03CE1,0B481EA728FF5126DD2C516A6C8C7954E9E47B73B364AFA79EA83915103ED783,BF9467A3A485ED5DB1070819EB0A37522885E00AF9C2E7510D4C4898622C8387,D696BBFA42DD1A840708B9C42E824036862ED17D538B2B47551641D8145854DB,SAVED_FIXED_OUTPUT,HASH_VERIFIED_SUPPLEMENT_NOT_STRICT_FINAL
ODCR-D696,D02,498,19.77822176603813,0.8764204891081189,0.14352481067180634,0.15714722871780396,3C7989BCD5294C230DCE88EEDCC0909AB87635D929145A5CC3200D2A493C2A4F,7034D78E8B4FA849F95F50EBEC1A81B6C9E3A9539E7B1C29D274016D057D7C5A,6411A38A5FA90D30E12830A0DEB13FD525B0B0BDE7A75167E3A074D64EBBC7B2,D696BBFA42DD1A840708B9C42E824036862ED17D538B2B47551641D8145854DB,SAVED_FIXED_OUTPUT,HASH_VERIFIED_SUPPLEMENT_NOT_STRICT_FINAL
ODCR-D696,D02,499,25.741104056821715,0.906985643581673,0.10878261178731918,0.11152201890945435,62548D17F84B4205FBBFD0259F1613DEBD1A3B7EB961DA309473F16DCE22D95D,56BCFD881F443CC2117A1EB238128E3EACAE48EAF577C4BD9620C1820E4C55DC,C2DFA9488A9641321A02887162BD34759613956D38F7A7B356E06440917461E0,D696BBFA42DD1A840708B9C42E824036862ED17D538B2B47551641D8145854DB,SAVED_FIXED_OUTPUT,HASH_VERIFIED_SUPPLEMENT_NOT_STRICT_FINAL
ODCR-D696,D02,500,25.059974801794652,0.9103075694135733,0.07068955153226852,0.06539636850357056,EA8C9F6E898352E433954CE414EB98FC595AAC2FCF66E25520791D27789B8D02,402191B4B11775D87AB0D2324CF7ED5CEE3C1917C98F51C6502343D0FA254E9F,ECCA1F75E0C681323D960E2EBB4F17A65690616636512FE577C87D11CF4A2006,D696BBFA42DD1A840708B9C42E824036862ED17D538B2B47551641D8145854DB,SAVED_FIXED_OUTPUT,HASH_VERIFIED_SUPPLEMENT_NOT_STRICT_FINAL
