method_id,dataset_id,pair_key,PSNR,SSIM_Gaussian11,input_sha256,gt_sha256,output_sha256,checkpoint_sha256,evidence_status
ODCR-D696,D01,3,21.75475487889805,0.857469615263717,17FDE2A494365FBACF8ED43EAAD97031498DA5B35EDAD4944381B063808CE26D,0855DCABAB1E842DCD02DA5EB1E1D93AA722EAF405CC81F929C41144A3F0119E,0D99F1F717DD047A0EC3FDF2B87A5C2A488EAD89552B9F139841580032D4E10D,D696BBFA42DD1A840708B9C42E824036862ED17D538B2B47551641D8145854DB,HASH_VERIFIED_DESCRIPTIVE_MEASUREMENT
ODCR-D696,D01,4,20.758336556965425,0.8480277851840766,261C58D30BEF388B6B4AFA8A998D4DB2B715F5F59E28247D17EEFF182EF8B136,0855DCABAB1E842DCD02DA5EB1E1D93AA722EAF405CC81F929C41144A3F0119E,86C6F553C1DC24664EE66A3D26B7C4B847CA00D590547D497C01C2F5CD528696,D696BBFA42DD1A840708B9C42E824036862ED17D538B2B47551641D8145854DB,HASH_VERIFIED_DESCRIPTIVE_MEASUREMENT
ODCR-D696,D01,5,19.75598564417183,0.8361712164402727,1D10EC34521876A44F13C179AD428C15118B58A596DBC20A3367899F163DE74E,0855DCABAB1E842DCD02DA5EB1E1D93AA722EAF405CC81F929C41144A3F0119E,A8C637B708ADB6F561C5BB3B8B73052005449C6B586DC10385497C14B1DC50FD,D696BBFA42DD1A840708B9C42E824036862ED17D538B2B47551641D8145854DB,HASH_VERIFIED_DESCRIPTIVE_MEASUREMENT
ODCR-D696,D01,8,16.56983096434988,0.7820294715231677,434014F7727A335C3CE8D5AB4E39EE00529BFB2C656E0D48EBA4FE8EB9F17A06,0855DCABAB1E842DCD02DA5EB1E1D93AA722EAF405CC81F929C41144A3F0119E,1B7FEF517D70C3E2841553DFE74FEB995B1A3CA02C409528D375C79854381285,D696BBFA42DD1A840708B9C42E824036862ED17D538B2B47551641D8145854DB,HASH_VERIFIED_DESCRIPTIVE_MEASUREMENT
ODCR-D696,D01,14,23.897935425843663,0.8768272827798554,4A269A71C305E446180A2FD4EA45782B5A95C69F1F440C4F8C0573BFBDD4EB97,E3876BA4457DDCA60DCE6B98AF795A40B36BF7D23B8DCE26304AF76501AAF8E4,3D630688E8863F23B1535EB9FD31B17827E0DD8587B6806DF40AE3B05D9D3C28,D696BBFA42DD1A840708B9C42E824036862ED17D538B2B47551641D8145854DB,HASH_VERIFIED_DESCRIPTIVE_MEASUREMENT
ODCR-D696,D01,16,21.485223106646426,0.8630025938258461,1EA8CB1C3B1EDE323F7C59D441453180F98500DEA940863ADB408B679056D187,E3876BA4457DDCA60DCE6B98AF795A40B36BF7D23B8DCE26304AF76501AAF8E4,C8AE6DF4055BCF15A805A0BC42FB23E182E4F17A71BFC741B88B8D777DB97938,D696BBFA42DD1A840708B9C42E824036862ED17D538B2B47551641D8145854DB,HASH_VERIFIED_DESCRIPTIVE_MEASUREMENT
ODCR-D696,D01,18,19.334740226667574,0.8475610640442793,2C5DF7435FFDAB4254D911CE9CA822FA3705EBDC027C6E5E1255398200A17261,E3876BA4457DDCA60DCE6B98AF795A40B36BF7D23B8DCE26304AF76501AAF8E4,92570905D9FF59C9A09E9C9100BAA95F47516CA8046593BABDC532A5CDFCC66E,D696BBFA42DD1A840708B9C42E824036862ED17D538B2B47551641D8145854DB,HASH_VERIFIED_DESCRIPTIVE_MEASUREMENT
ODCR-D696,D01,20,17.56613008400992,0.8233859633745407,174DDEF31577B070F7701E7656AA4294863842CE01ACCCC3D0B14518645D89B1,E3876BA4457DDCA60DCE6B98AF795A40B36BF7D23B8DCE26304AF76501AAF8E4,55B8E2A03052E0EB294AD404AA583ABD843BDF5B8CCB4C556695537D4422BFDC,D696BBFA42DD1A840708B9C42E824036862ED17D538B2B47551641D8145854DB,HASH_VERIFIED_DESCRIPTIVE_MEASUREMENT
ODCR-D696,D01,25,19.9181010000494,0.8232891360979169,8BA69BA932369861360FBF0E0FC6F7D32169C661A3BDD6899FAA9F719A286AE7,588BB0F7C154C9129F54F28E36CA18455CFDDF89D1BEC2A9D198F90C8D0332AA,E29E12D770A0660F2EB4724A46DFF3AD27CF8B02C8662FA302FA5ECF7E3B6C24,D696BBFA42DD1A840708B9C42E824036862ED17D538B2B47551641D8145854DB,HASH_VERIFIED_DESCRIPTIVE_MEASUREMENT
ODCR-D696,D01,26,19.059395534760064,0.8149689629906235,E1A029D8CE43CE41AF78289F1687826BD1FEDFA8DCCA20FCD42CC497110D2E07,588BB0F7C154C9129F54F28E36CA18455CFDDF89D1BEC2A9D198F90C8D0332AA,68E835F6A9CBDD00D6A9320FE9705563FA07995E8D2E40491FDA654EF2D25908,D696BBFA42DD1A840708B9C42E824036862ED17D538B2B47551641D8145854DB,HASH_VERIFIED_DESCRIPTIVE_MEASUREMENT
ODCR-D696,D01,28,17.646138949280402,0.7986642149292368,FC38FC9C9EBCBBFB813AD7FB58770250456CA3457B6572C883178481294DC14F,588BB0F7C154C9129F54F28E36CA18455CFDDF89D1BEC2A9D198F90C8D0332AA,51AB260BD42E1ACAF5616771B77901617293F814BB0658FD8ECEE4EE8BC36B2A,D696BBFA42DD1A840708B9C42E824036862ED17D538B2B47551641D8145854DB,HASH_VERIFIED_DESCRIPTIVE_MEASUREMENT
ODCR-D696,D01,30,16.513096669079555,0.7858109590044181,FCBC366F2DCCB39697564EE00E78A06F164930A6B8DFBD0C31F059BEE83B8A11,588BB0F7C154C9129F54F28E36CA18455CFDDF89D1BEC2A9D198F90C8D0332AA,20BAE55DA7CA25F3E7EF81F1C4FE3006BD6415F2D0200F857298F107FA71127D,D696BBFA42DD1A840708B9C42E824036862ED17D538B2B47551641D8145854DB,HASH_VERIFIED_DESCRIPTIVE_MEASUREMENT
ODCR-D696,D01,31,24.26499846616708,0.8482007638374084,E53BE0B1FFAE6AFEAFD56607B59DAE77EA82DC0A3B73302278EED722AB2954F7,92E35BFFD2441A54C0F1ECBC24DEAD05F60CB94A79EE6ED108BA301E0184E765,38F8BBA40267D05F74D7E08FD620BC7878345930C1CA889DCAF89A4DA75F9200,D696BBFA42DD1A840708B9C42E824036862ED17D538B2B47551641D8145854DB,HASH_VERIFIED_DESCRIPTIVE_MEASUREMENT
ODCR-D696,D01,32,14.906752284131528,0.6961837084620631,DA371AD773D8AC7EBF9F1D5F4D3CA8BC8E332E0786ACC7C51E8A97F4E15952C0,92E35BFFD2441A54C0F1ECBC24DEAD05F60CB94A79EE6ED108BA301E0184E765,FDA8FF790953DCFDEFFA6F3FA0635159FF6F4C93F6B98970871FF6B517153887,D696BBFA42DD1A840708B9C42E824036862ED17D538B2B47551641D8145854DB,HASH_VERIFIED_DESCRIPTIVE_MEASUREMENT
ODCR-D696,D01,33,22.76928195473188,0.8139508966726182,96ABB2C06B38D85C6B49FC3F77AEE820E69C4FAEEEED836E7C682C4B81BE7C96,92E35BFFD2441A54C0F1ECBC24DEAD05F60CB94A79EE6ED108BA301E0184E765,C87E287B5E06BB3FC1DDF3D1B9C66F4A8A91ECFB806DF68DAD071EE0C7EE876F,D696BBFA42DD1A840708B9C42E824036862ED17D538B2B47551641D8145854DB,HASH_VERIFIED_DESCRIPTIVE_MEASUREMENT
ODCR-D696,D01,37,18.018243155987324,0.7364702904341124,82409469D1DE37DD5775E401F2E42BDBDE7730A651CD0336F22E7CE9D5B7007B,92E35BFFD2441A54C0F1ECBC24DEAD05F60CB94A79EE6ED108BA301E0184E765,4DBBE1305533DAE2810116D6A0F1D48A4A84F1E9CD869C072408768FCD6A10BA,D696BBFA42DD1A840708B9C42E824036862ED17D538B2B47551641D8145854DB,HASH_VERIFIED_DESCRIPTIVE_MEASUREMENT
ODCR-D696,D01,45,20.636174652527007,0.8725447353059104,711AC20947E0575D4B812CC7FA1D2A705401CEDCDB9CBE1972445A8F4422D5D3,A750414FCDCDDAB93D097778383679E1A85981017502E0321A572DD0F757030B,7954DC7A32F93F8225FCF5701F69A0E8198D4BABD68AA266B8164E088BB2A3FD,D696BBFA42DD1A840708B9C42E824036862ED17D538B2B47551641D8145854DB,HASH_VERIFIED_DESCRIPTIVE_MEASUREMENT
ODCR-D696,D01,46,19.73297505472032,0.8658537854461078,0DF4908B76382DEC858B3BA671F40F211916C58BA30F6F3CE590AFBA10A5E4B7,A750414FCDCDDAB93D097778383679E1A85981017502E0321A572DD0F757030B,AF99BEDDD65F9847940864F9E23207024DF8ECEF889A2B03C016E3F3CD158EF3,D696BBFA42DD1A840708B9C42E824036862ED17D538B2B47551641D8145854DB,HASH_VERIFIED_DESCRIPTIVE_MEASUREMENT
ODCR-D696,D01,47,18.913934677620972,0.8597376570925674,4FF5DE50AC01B137C7B227C612A7F6571EAE89857BC6B26E43CC0F4DF22B713A,A750414FCDCDDAB93D097778383679E1A85981017502E0321A572DD0F757030B,24AFB69BDCCBA56AAC4381C9F967177E39AD5AC76F6B474ED49C41321A7C404D,D696BBFA42DD1A840708B9C42E824036862ED17D538B2B47551641D8145854DB,HASH_VERIFIED_DESCRIPTIVE_MEASUREMENT
ODCR-D696,D01,48,18.170976565674287,0.8537880179864438,ECAA67C2E562EF2EC8E0AC578A8CD99FBC525738650CC599F6A695B71920ED68,A750414FCDCDDAB93D097778383679E1A85981017502E0321A572DD0F757030B,F24B0124DC0AE1DA8D3572151081C834F5BF4F9DD04D01B3050FC2EB853A1E96,D696BBFA42DD1A840708B9C42E824036862ED17D538B2B47551641D8145854DB,HASH_VERIFIED_DESCRIPTIVE_MEASUREMENT
ODCR-D696,D01,53,22.212826261010218,0.9037155497064292,D60E5AD769306F7A9705F45C304C05881D3866125A8E4C488EED86DEC16D3342,7C3AE59B63D30B65743FC443F2F0DECA88CEED51DBEB1B3E2DADB2BE604B273B,6088E2F1F9A034F54AD01EE8D16368E2492381B9ED3B83AC00A86463E6145C6F,D696BBFA42DD1A840708B9C42E824036862ED17D538B2B47551641D8145854DB,HASH_VERIFIED_DESCRIPTIVE_MEASUREMENT
ODCR-D696,D01,54,21.079528959198868,0.9000847097216301,8977CC3C6DEB6022229ADD83E3E8BD826805B19672894BF0A023F27B11152668,7C3AE59B63D30B65743FC443F2F0DECA88CEED51DBEB1B3E2DADB2BE604B273B,28D396BC13DA74A2A54D3CD0E746C7F403A8D97EAD715AF19B0DFC42FAEAB7B4,D696BBFA42DD1A840708B9C42E824036862ED17D538B2B47551641D8145854DB,HASH_VERIFIED_DESCRIPTIVE_MEASUREMENT
ODCR-D696,D01,59,16.939728476024747,0.876540557002414,AEEF1E526C668F04E4B3A18AC7A2DB10E1D8395F0233ACC3CCD1C2E62E009052,7C3AE59B63D30B65743FC443F2F0DECA88CEED51DBEB1B3E2DADB2BE604B273B,9C19020420851174F5979B6E9A88695C862097D5EE90CACFBA9C43923E6AE2C3,D696BBFA42DD1A840708B9C42E824036862ED17D538B2B47551641D8145854DB,HASH_VERIFIED_DESCRIPTIVE_MEASUREMENT
ODCR-D696,D01,60,16.27854823481837,0.8715779521798251,0E99A1A7A000EB27AA91FD1BE634272FC4505A5139342390C8D31FDADDD11648,7C3AE59B63D30B65743FC443F2F0DECA88CEED51DBEB1B3E2DADB2BE604B273B,ED0D229409436D6B8C40F20C07E64D73FFFA2CAFC4DD8777F48973A8E0FFC92A,D696BBFA42DD1A840708B9C42E824036862ED17D538B2B47551641D8145854DB,HASH_VERIFIED_DESCRIPTIVE_MEASUREMENT
ODCR-D696,D01,62,15.437595671685603,0.83429716934915,D7778F886E7AC00BA9BE696B9021B6B00B8D76B88D69DBF6396FA058D639A7F0,B7099CC043405DFEC5107DE5047FB545E62598D81985DDB3B01C90E9B3498609,44F6C4A23593E21385D01CAC717DF4B7F67FE5A8A704CA12A261B7C4B10602A3,D696BBFA42DD1A840708B9C42E824036862ED17D538B2B47551641D8145854DB,HASH_VERIFIED_DESCRIPTIVE_MEASUREMENT
ODCR-D696,D01,64,21.337967724377602,0.8645587721386283,EA7975B487CF8F643A83F3FED5D5DE372ECD1AEFD09C01A724C30C02B8E48601,B7099CC043405DFEC5107DE5047FB545E62598D81985DDB3B01C90E9B3498609,29FD303FD02EEFA17F8F76138AC47AA0D3B03BA0702F85A6FF7774D3F0943248,D696BBFA42DD1A840708B9C42E824036862ED17D538B2B47551641D8145854DB,HASH_VERIFIED_DESCRIPTIVE_MEASUREMENT
ODCR-D696,D01,67,18.494930394498276,0.8522970069495593,155A164D373DB45F86D8E329FFEA30FC858C17F60DCB3002EF47190D91CA8C41,B7099CC043405DFEC5107DE5047FB545E62598D81985DDB3B01C90E9B3498609,1C6DB1CEFF963F810DD8E68EB0B1A5122639915A14A52D47D2FA74A2C8E5CDA2,D696BBFA42DD1A840708B9C42E824036862ED17D538B2B47551641D8145854DB,HASH_VERIFIED_DESCRIPTIVE_MEASUREMENT
ODCR-D696,D01,68,17.61043616288137,0.8481413810986699,25D675AC287DAC6E32EC4D0801579242F1D1BEC71D99C0893667475D41D1799E,B7099CC043405DFEC5107DE5047FB545E62598D81985DDB3B01C90E9B3498609,6DB391BB1F4EB49D41AB031C8DBE74F11552BA0298CC200AA6FA23F7B38A7C55,D696BBFA42DD1A840708B9C42E824036862ED17D538B2B47551641D8145854DB,HASH_VERIFIED_DESCRIPTIVE_MEASUREMENT
ODCR-D696,D01,71,22.84185079037178,0.8995583328286934,3E3B48E12224D1382BB36A4465DAD9B03E020AB771F7FDCBCA99F04C08ED900F,B079C243F844177BAE8D233E48D93AF41BB27EB665B23C348C2957880D1E1049,666FE9005C05B5A070ACED5454497D01AE9EB637A7EF938FF271E1217619096C,D696BBFA42DD1A840708B9C42E824036862ED17D538B2B47551641D8145854DB,HASH_VERIFIED_DESCRIPTIVE_MEASUREMENT
ODCR-D696,D01,73,22.84987792978494,0.9028585936085749,D72BA9A35EF8937191AA495962E6EE76705169B5B76D5911A2D71F6635AB83B8,B079C243F844177BAE8D233E48D93AF41BB27EB665B23C348C2957880D1E1049,AC811359709328699AFF3CF22CFB5DB69534361DC12B0735C5988E652D5CE86C,D696BBFA42DD1A840708B9C42E824036862ED17D538B2B47551641D8145854DB,HASH_VERIFIED_DESCRIPTIVE_MEASUREMENT
ODCR-D696,D01,74,22.533144283225894,0.9039820896312635,7EAACE3145DAE24101DF50EB9468A966BE3BFAE20A7FA9D0043BE36DED00F553,B079C243F844177BAE8D233E48D93AF41BB27EB665B23C348C2957880D1E1049,76AA237B5C77B479E771DE273F225753B6A691DCE7244010C20C515BC52AB565,D696BBFA42DD1A840708B9C42E824036862ED17D538B2B47551641D8145854DB,HASH_VERIFIED_DESCRIPTIVE_MEASUREMENT
ODCR-D696,D01,79,18.791505157449137,0.8856025401539641,6823F384D3532EFCDB42C224D5855B5BD86287AE7A927D6745F3D93E42F384C1,B079C243F844177BAE8D233E48D93AF41BB27EB665B23C348C2957880D1E1049,608B6C006B499FE482FC0A2C85D31966F5BA3A7B3A327B97E080983340D38F60,D696BBFA42DD1A840708B9C42E824036862ED17D538B2B47551641D8145854DB,HASH_VERIFIED_DESCRIPTIVE_MEASUREMENT
ODCR-D696,D01,81,19.571943495604117,0.8610679340137731,7E06BED98BDD46ED5A8A7CE5D831BA59F0519306BB1517DB3085F7EA285846EA,01CE266E4F9404D903B91C6F7124CDF7F6E0DF00029F30F2843E88455C12EB71,267FF87D62066F73DFD602C64654F953A331CAA588D136A49347EAF6CE961C95,D696BBFA42DD1A840708B9C42E824036862ED17D538B2B47551641D8145854DB,HASH_VERIFIED_DESCRIPTIVE_MEASUREMENT
ODCR-D696,D01,85,19.064990393380313,0.8576690584035923,1B61D3244866EE63C47271756ECDBE8CBCC9E3FC663CB41E09F38CEE574EC71E,01CE266E4F9404D903B91C6F7124CDF7F6E0DF00029F30F2843E88455C12EB71,F16D12E73B9F0E7FD2781752351FFDD9A8F111E243F477C3DEE0722E1AF57FFC,D696BBFA42DD1A840708B9C42E824036862ED17D538B2B47551641D8145854DB,HASH_VERIFIED_DESCRIPTIVE_MEASUREMENT
ODCR-D696,D01,88,18.01142051177527,0.8461710528475054,05E70490D63212D2FFFC61365532A4956A9FB634A45C6D80A251CA9F1D599FE7,01CE266E4F9404D903B91C6F7124CDF7F6E0DF00029F30F2843E88455C12EB71,AA2E5E4A834D3E9C4ADA8C66C8153563A99010B5B1C6AB881696C9EA6EC3BD79,D696BBFA42DD1A840708B9C42E824036862ED17D538B2B47551641D8145854DB,HASH_VERIFIED_DESCRIPTIVE_MEASUREMENT
ODCR-D696,D01,89,17.64109421978118,0.8417124008405995,068195642A3A64FDA3EAF114DEF73F800C76E5EC9762117D617E29FFD78F6EDC,01CE266E4F9404D903B91C6F7124CDF7F6E0DF00029F30F2843E88455C12EB71,6909B616059187DACFB3AF44085F58DF8047C32820D854CFD807FE6AD6FE17C0,D696BBFA42DD1A840708B9C42E824036862ED17D538B2B47551641D8145854DB,HASH_VERIFIED_DESCRIPTIVE_MEASUREMENT
ODCR-D696,D01,91,21.658490416154343,0.869082451692675,ADD959C02AAC1AF8AA69A2057E4661A3EFA67595CC7141F018EBFB8F97CE6E12,0B185009EC6A1C364B1E0B3991A8CB08336A50A355FF60AC56306435463E3A71,60D79533AA748700E5981EFF5D72936150B538E883323446D2ED8957E22DEB65,D696BBFA42DD1A840708B9C42E824036862ED17D538B2B47551641D8145854DB,HASH_VERIFIED_DESCRIPTIVE_MEASUREMENT
ODCR-D696,D01,93,21.0115924146889,0.8677017725999111,3F4F3FF5EAEBF71440E90000F79C5C069FB1099B754D953F107FC264F92A66AB,0B185009EC6A1C364B1E0B3991A8CB08336A50A355FF60AC56306435463E3A71,7D7BFB33BA8D8C6F5401C9170719ABD1954BD84A5377C80C8F99604020EEF6CD,D696BBFA42DD1A840708B9C42E824036862ED17D538B2B47551641D8145854DB,HASH_VERIFIED_DESCRIPTIVE_MEASUREMENT
ODCR-D696,D01,96,18.727392466220685,0.8559641481338853,84C5AF0B61EEA24A85E849AA935172795C2E5BF3D5441D25AFE99371D63C6126,0B185009EC6A1C364B1E0B3991A8CB08336A50A355FF60AC56306435463E3A71,078BBC6C445BAB2D9C48C07AE36351B511B2211DCA2A8BE733F308DFBF81EF6E,D696BBFA42DD1A840708B9C42E824036862ED17D538B2B47551641D8145854DB,HASH_VERIFIED_DESCRIPTIVE_MEASUREMENT
ODCR-D696,D01,97,17.996457794553418,0.8488599231880795,DEF10D06DE25F4673A4BB832287D1CC91877337C5EE0B8FF544B767B43182877,0B185009EC6A1C364B1E0B3991A8CB08336A50A355FF60AC56306435463E3A71,65D04CFC73EC13BACB8CEA03D6542E6CC9F539FB43135BDF558AE8BD5F2D3460,D696BBFA42DD1A840708B9C42E824036862ED17D538B2B47551641D8145854DB,HASH_VERIFIED_DESCRIPTIVE_MEASUREMENT
ODCR-D696,D01,104,22.220408490627534,0.9069417508426022,EA45CB66462E26352246A35170C6045B3EFED5429C9327A5B2F5A32F811A3E3C,400E6AC0553E48CDE32B2D4F3431D759208F178176B541DC07096FCC46B4A236,CC7FCB165006154B2E2F3E987152D36E8C9044BDE3106C5E300117C3F2AAE291,D696BBFA42DD1A840708B9C42E824036862ED17D538B2B47551641D8145854DB,HASH_VERIFIED_DESCRIPTIVE_MEASUREMENT
ODCR-D696,D01,106,20.33894118916132,0.8994763525814383,F44A13F63B0E92F157EA1A0EFBF5269CE6F2C80B9AD5C2B2D1BF0B6D728AD453,400E6AC0553E48CDE32B2D4F3431D759208F178176B541DC07096FCC46B4A236,EDE71C271707570486179CF75EC9D9B0E6FEC5F7EB8E3137A8992D1EFDAB30B7,D696BBFA42DD1A840708B9C42E824036862ED17D538B2B47551641D8145854DB,HASH_VERIFIED_DESCRIPTIVE_MEASUREMENT
ODCR-D696,D01,107,19.192287950349904,0.8933314348157296,9EF3CBCCD92582F5A49738ED5C265A2E318B2133236C7FB0C1A0D95136F74048,400E6AC0553E48CDE32B2D4F3431D759208F178176B541DC07096FCC46B4A236,56322A04305FDAA5A926B1D8E4BC50515C0C1ADBB778984E91CBCB1F985CFB49,D696BBFA42DD1A840708B9C42E824036862ED17D538B2B47551641D8145854DB,HASH_VERIFIED_DESCRIPTIVE_MEASUREMENT
ODCR-D696,D01,109,17.402138284140257,0.8812934203323791,7978667AD3FFAFBBE87EA0461D2B7B7D24C8CA67602760570052276566191E3E,400E6AC0553E48CDE32B2D4F3431D759208F178176B541DC07096FCC46B4A236,8E488C3BBA426C3126249A7157562B9C51549382E1B04ED65698DFA3B1BF43F7,D696BBFA42DD1A840708B9C42E824036862ED17D538B2B47551641D8145854DB,HASH_VERIFIED_DESCRIPTIVE_MEASUREMENT
ODCR-D696,D01,111,25.479581922578987,0.9028845685860499,094AE678F8DD9C871D5359F5FC605460484FA8E106AF3883DF48D3F6345AD9AC,3F55AD485D8A0AF662AF700C7418068B9ED63BFE23CF13EA8D7562B6B025314C,6AD61B2FC6E9DD7E462322C407C489B3DECA509C10FE0AA5F97BB3C29D6D5E15,D696BBFA42DD1A840708B9C42E824036862ED17D538B2B47551641D8145854DB,HASH_VERIFIED_DESCRIPTIVE_MEASUREMENT
ODCR-D696,D01,115,22.148579726042815,0.8777064862729795,CC5289A94AFD416808E0E33D86C99F384E1CDD5B777F170AAACE207F9EF9CB2F,3F55AD485D8A0AF662AF700C7418068B9ED63BFE23CF13EA8D7562B6B025314C,2143CBE1D2E08AB5CDB652EBCF4AB1BEBD30D591D7AFF7EAF10DE23C86EBFECE,D696BBFA42DD1A840708B9C42E824036862ED17D538B2B47551641D8145854DB,HASH_VERIFIED_DESCRIPTIVE_MEASUREMENT
ODCR-D696,D01,117,19.78400344695023,0.850113187238995,9015C55E52BD464060A6BF9F9A70FC47941C6ED02481D2DFA79B3C8BDBC5D30E,3F55AD485D8A0AF662AF700C7418068B9ED63BFE23CF13EA8D7562B6B025314C,F97FC244CD5BBA051A9777B538B87A3F82E138201FB892CEF8ECAFA69CBFAF8C,D696BBFA42DD1A840708B9C42E824036862ED17D538B2B47551641D8145854DB,HASH_VERIFIED_DESCRIPTIVE_MEASUREMENT
ODCR-D696,D01,119,18.173320452211172,0.8254199292649766,42E463A2C085C946D5497B51BE856CBAE14BC0AE2146F6804F0EFC038E83DBF1,3F55AD485D8A0AF662AF700C7418068B9ED63BFE23CF13EA8D7562B6B025314C,DF3048126CFA5B8BF3AD4DDC87F9496A9593380D6989E968886DB2C86B9C9A0E,D696BBFA42DD1A840708B9C42E824036862ED17D538B2B47551641D8145854DB,HASH_VERIFIED_DESCRIPTIVE_MEASUREMENT
ODCR-D696,D01,121,20.991764784441894,0.8570334292501848,C304DB480DAED427DDB5B71AE44E3B3BF235D4FDFC7553D2D7C82E95FDC51BE0,E80999C65E748D86DF5D73552BCCE16EC5C05A003AFD298CC535CBE84DBB9045,474713D3DBC5CA76A3C0F9800D0DF41C9124DEC004AC4A99EF42919EC69CE12D,D696BBFA42DD1A840708B9C42E824036862ED17D538B2B47551641D8145854DB,HASH_VERIFIED_DESCRIPTIVE_MEASUREMENT
ODCR-D696,D01,124,20.570537274133645,0.8502683338864324,B66F3DBC37BE5874879F2C02CBC56C35F77C9911F7BCB504B7E4D9CDD020864E,E80999C65E748D86DF5D73552BCCE16EC5C05A003AFD298CC535CBE84DBB9045,1CCAE99B38988FA53C976B42A9C9B62CFBD4C0AD3257F8B824A4F5E26B1EC5F6,D696BBFA42DD1A840708B9C42E824036862ED17D538B2B47551641D8145854DB,HASH_VERIFIED_DESCRIPTIVE_MEASUREMENT
ODCR-D696,D01,126,19.39772318533036,0.8444124736708201,670B29CCC357E80ADB0AB37B3860453E98609BA0E6A0A37F6F5B11E8174C2C28,E80999C65E748D86DF5D73552BCCE16EC5C05A003AFD298CC535CBE84DBB9045,BFDF072E1B166ACCF51D0F5F6FB0A09C3B87259D1B573CCFE7BE26D5821C2F70,D696BBFA42DD1A840708B9C42E824036862ED17D538B2B47551641D8145854DB,HASH_VERIFIED_DESCRIPTIVE_MEASUREMENT
ODCR-D696,D01,129,16.889224878305917,0.8266320681347251,315BED3755B9E0E8C815223B33ACA49DEB5BC29E457FBA7445085A82E9E3D7DD,E80999C65E748D86DF5D73552BCCE16EC5C05A003AFD298CC535CBE84DBB9045,17FBE44FA3DE6B1D17349DEA94A96E37927554C167070E5629D3ECD275F200DA,D696BBFA42DD1A840708B9C42E824036862ED17D538B2B47551641D8145854DB,HASH_VERIFIED_DESCRIPTIVE_MEASUREMENT
ODCR-D696,D01,133,20.21921289191736,0.862555125855347,D06211963EED00E7D6CCE72BFDAFFC6088A08FE48DA227C878DCC3ACD882FDB7,8512E9C73E66DEE436F2DDDD277E0ACF758DF21FCD3D957E92BE6EE9EC7BF436,D8650E53CA28AE3F04EC3BB35B0D30963675DD1A0E09F9DBD75C114CC3660632,D696BBFA42DD1A840708B9C42E824036862ED17D538B2B47551641D8145854DB,HASH_VERIFIED_DESCRIPTIVE_MEASUREMENT
ODCR-D696,D01,134,18.851297997600994,0.8442434539898634,185369F06DAD6638154CB98E8D00E8FE2A0A615160D0B7C873E8758EAB4D3B17,8512E9C73E66DEE436F2DDDD277E0ACF758DF21FCD3D957E92BE6EE9EC7BF436,068477A8B3A9FE37CAB5D0CA76C93AE27CF55D8E550A0C5D0F380728CA7F7544,D696BBFA42DD1A840708B9C42E824036862ED17D538B2B47551641D8145854DB,HASH_VERIFIED_DESCRIPTIVE_MEASUREMENT
ODCR-D696,D01,138,15.16345555013938,0.7649044286785199,0B3FD1E324B402226713F06EBE2F2D62B210DB6F861A0F741E95ACBC01EF9249,8512E9C73E66DEE436F2DDDD277E0ACF758DF21FCD3D957E92BE6EE9EC7BF436,9D3DC06619B11636C05C7463D5084493CC5591AC14CB1303293AABC41F9F5B36,D696BBFA42DD1A840708B9C42E824036862ED17D538B2B47551641D8145854DB,HASH_VERIFIED_DESCRIPTIVE_MEASUREMENT
ODCR-D696,D01,139,14.30033126583557,0.7458704387720886,0807F515588CE32908D697617235EDE86680072383BBDCB97A3F693756B2EEC1,8512E9C73E66DEE436F2DDDD277E0ACF758DF21FCD3D957E92BE6EE9EC7BF436,D7C0397CD2C6D22A8079F1052DDFD44064FB8BE018130FDE0D42E2FBB5F1F765,D696BBFA42DD1A840708B9C42E824036862ED17D538B2B47551641D8145854DB,HASH_VERIFIED_DESCRIPTIVE_MEASUREMENT
ODCR-D696,D01,141,22.744792068742367,0.8457701407868686,BC9CA08CF25CD68B11FB0C4727A0AB206EF2670518B51165432592D3E18493B6,1ECC8D01E2FF252B1961DA2EF953FC4EE6F5C5B7FE9D991C02F8A2B888B2D904,5965EA0EFD762FF8C8248D76781461EC6A1ACCB090651B10627560B94B5219F0,D696BBFA42DD1A840708B9C42E824036862ED17D538B2B47551641D8145854DB,HASH_VERIFIED_DESCRIPTIVE_MEASUREMENT
ODCR-D696,D01,145,19.726273846793866,0.7973868675567034,F7EA28A5CB496775C668BBD4C4B4F5BE16E5BA9D3EEBD91648E79A6B8295C795,1ECC8D01E2FF252B1961DA2EF953FC4EE6F5C5B7FE9D991C02F8A2B888B2D904,323F9995BE2E0209AAEB4C8EAF940C584041252D93768BEC070C6B6AC06E0D1E,D696BBFA42DD1A840708B9C42E824036862ED17D538B2B47551641D8145854DB,HASH_VERIFIED_DESCRIPTIVE_MEASUREMENT
ODCR-D696,D01,147,17.628021721095216,0.7607019190822046,353F953BEC06AF802B28C015546A0EB1F9A5A8794930D30944183077CC5C528A,1ECC8D01E2FF252B1961DA2EF953FC4EE6F5C5B7FE9D991C02F8A2B888B2D904,358B2A16590F7E37A9E93C08ACD8F843D94097E89847B549DDA18580DC534649,D696BBFA42DD1A840708B9C42E824036862ED17D538B2B47551641D8145854DB,HASH_VERIFIED_DESCRIPTIVE_MEASUREMENT
ODCR-D696,D01,149,15.855498217727753,0.7228006580510064,8FF5E60031C4CDC041C42011EAD35ABB323F7AD9A275A7986D694A89A4D3F2C0,1ECC8D01E2FF252B1961DA2EF953FC4EE6F5C5B7FE9D991C02F8A2B888B2D904,BB4495FD69F0A1253362C14C4440A9D9C50E5CF9E62E6840DE87E2EC64F4ADE5,D696BBFA42DD1A840708B9C42E824036862ED17D538B2B47551641D8145854DB,HASH_VERIFIED_DESCRIPTIVE_MEASUREMENT
ODCR-D696,D01,153,21.80697715757233,0.9081707499905373,943836142871E7FE37F25C22AC395504F171C3B0DA2C15BAD370B597CED734BA,50136F6D72D60BFF03F62FB4133CA7BD6C77341EEDCBF7E8DA9A7DADB6D475FE,6EEB4F6BC16C1A7F3919B773C93FBFCE9B226D492BD4E5240E4A87D9A0F6BBAB,D696BBFA42DD1A840708B9C42E824036862ED17D538B2B47551641D8145854DB,HASH_VERIFIED_DESCRIPTIVE_MEASUREMENT
ODCR-D696,D01,155,18.53368481225125,0.8886950383219082,CACD60A22AC777810ABD229B36EEB6268538F0D04578C1C56D7C67F524D753E9,50136F6D72D60BFF03F62FB4133CA7BD6C77341EEDCBF7E8DA9A7DADB6D475FE,C03546CCD2CD2C920F28B7FD5EE9A60E8AF2AE904BE21FEEF928615661564075,D696BBFA42DD1A840708B9C42E824036862ED17D538B2B47551641D8145854DB,HASH_VERIFIED_DESCRIPTIVE_MEASUREMENT
ODCR-D696,D01,156,17.230750192882198,0.8760433572190638,6AC261B059C424C8131624A3E6FF926D8041C02E5ECED61E6BA6020BCCFC742B,50136F6D72D60BFF03F62FB4133CA7BD6C77341EEDCBF7E8DA9A7DADB6D475FE,D8F7AE1EE48CA93042EA03D246F1F48B9D28C37210E03A8EF8C9E3C0C8E06A17,D696BBFA42DD1A840708B9C42E824036862ED17D538B2B47551641D8145854DB,HASH_VERIFIED_DESCRIPTIVE_MEASUREMENT
ODCR-D696,D01,157,16.081893686420567,0.8613637957608908,D1B08628243B796807799EF49D5872B7505A8093258EA57E5BB49B141F44E8B0,50136F6D72D60BFF03F62FB4133CA7BD6C77341EEDCBF7E8DA9A7DADB6D475FE,6CFE2D7091DE3CAF2E41ACCF93089D4175F2E536A0084494D5CCF549366CB299,D696BBFA42DD1A840708B9C42E824036862ED17D538B2B47551641D8145854DB,HASH_VERIFIED_DESCRIPTIVE_MEASUREMENT
ODCR-D696,D01,162,18.098444463076845,0.8844958867995777,A392E296BED3C1B84D214146B64307197C506B9712F77DBF9C96F841144B96B4,CE0D605DF0E3E2DF1CDAE7E7BF82F55BB0FE84614131DA4A46AFB020B287587E,C9B9A4113D476C89166E9A9A709ED183901DC8250B5AB864FCCBF52F1D42A4BF,D696BBFA42DD1A840708B9C42E824036862ED17D538B2B47551641D8145854DB,HASH_VERIFIED_DESCRIPTIVE_MEASUREMENT
ODCR-D696,D01,164,23.042351516602004,0.9157899563130859,D114273AB4AE71BBFAFEC422FC25AA5F731B4A2BF8887828B20CB6DC91809A90,CE0D605DF0E3E2DF1CDAE7E7BF82F55BB0FE84614131DA4A46AFB020B287587E,E35A24528589DEDC0C155C9FD186964627559697660B6DF95561576660636AA6,D696BBFA42DD1A840708B9C42E824036862ED17D538B2B47551641D8145854DB,HASH_VERIFIED_DESCRIPTIVE_MEASUREMENT
ODCR-D696,D01,165,22.63888962586619,0.912825446473394,270A53FF0839C01530775113A48ABB59F841BAFA956737D92085782224190E3C,CE0D605DF0E3E2DF1CDAE7E7BF82F55BB0FE84614131DA4A46AFB020B287587E,7CE9B7498DA8F397CBC4F4B7921842C73778687255FD74039FD0C99150A17E99,D696BBFA42DD1A840708B9C42E824036862ED17D538B2B47551641D8145854DB,HASH_VERIFIED_DESCRIPTIVE_MEASUREMENT
ODCR-D696,D01,168,20.54635522438044,0.8997109203989827,3DCC154D04954AD333ECE6FA35014B4D5141078D49664BFBC79C4AB745F26792,CE0D605DF0E3E2DF1CDAE7E7BF82F55BB0FE84614131DA4A46AFB020B287587E,8090288D9AA704DB854D15DE861206645B9027001D804C6C554CCCF5BA3B1BA3,D696BBFA42DD1A840708B9C42E824036862ED17D538B2B47551641D8145854DB,HASH_VERIFIED_DESCRIPTIVE_MEASUREMENT
ODCR-D696,D01,173,21.02064627472035,0.8921900637614183,9F5AED201C8E781D0D762ABE72543CA988463261C26BE659CA41CE366D6FD164,331500800A96965750971D6634AAD27450D7545A8FFF7B0B7DA2686D9658128B,1DC31F1A4C2C6FA930F56728FD01219CC70F0254B0760E2BCB46D6DA76130C8D,D696BBFA42DD1A840708B9C42E824036862ED17D538B2B47551641D8145854DB,HASH_VERIFIED_DESCRIPTIVE_MEASUREMENT
ODCR-D696,D01,174,19.86537196386561,0.8812792558091337,C42FB9118ED569A6210A103770AA12D1DB207AC32BA86624453EBA1B534D2D92,331500800A96965750971D6634AAD27450D7545A8FFF7B0B7DA2686D9658128B,CAF747CF5A0C3A523966A40E4F5E0D21C01BD2ED6BED1757A6018986ACDE2980,D696BBFA42DD1A840708B9C42E824036862ED17D538B2B47551641D8145854DB,HASH_VERIFIED_DESCRIPTIVE_MEASUREMENT
ODCR-D696,D01,177,17.087340289880476,0.8425553821408248,06CD0BD5523C2B9C9CA049CEB45DE67E863646E289CFB89EAC912BE5EF7B1685,331500800A96965750971D6634AAD27450D7545A8FFF7B0B7DA2686D9658128B,12A5F9F61845C4CAE8180C62E5C61F5A6CCDFF4ADB61D4FA42F4386706A0A32D,D696BBFA42DD1A840708B9C42E824036862ED17D538B2B47551641D8145854DB,HASH_VERIFIED_DESCRIPTIVE_MEASUREMENT
ODCR-D696,D01,180,14.995140455926121,0.8067962080279236,1F97CA7AB6DD80389627F5E8E3F1F4EE0E6E0644ECC9BD77165424936C5C4992,331500800A96965750971D6634AAD27450D7545A8FFF7B0B7DA2686D9658128B,8ED88165D9FEC70746E109817FF42BF8A21A0075603070116F4D4A0F3AE45B58,D696BBFA42DD1A840708B9C42E824036862ED17D538B2B47551641D8145854DB,HASH_VERIFIED_DESCRIPTIVE_MEASUREMENT
ODCR-D696,D01,182,16.341686744544994,0.8207239479661307,ECD9818289E693CE82E6F86906F5D8A7524925D99BCC4AF4F263537924DBE04C,F05C354E0E2F99304B8E0760F072DEF0E9F569824739D9A42E9FBB8C9B03D9BB,62B933503370E6E7EAC1402930224E59CDF92BCE03752DE7F2B390BE46F0B2A2,D696BBFA42DD1A840708B9C42E824036862ED17D538B2B47551641D8145854DB,HASH_VERIFIED_DESCRIPTIVE_MEASUREMENT
ODCR-D696,D01,184,22.40134215755519,0.8839547590626559,99F2DFE2AEF94C9C0E25ED52134B40934E589BD3E59386AAF28258C907C1BA5F,F05C354E0E2F99304B8E0760F072DEF0E9F569824739D9A42E9FBB8C9B03D9BB,1B116F22B0483EEB32150407D42B3F272B843FD96FE600DB4115A2317B4CDCDD,D696BBFA42DD1A840708B9C42E824036862ED17D538B2B47551641D8145854DB,HASH_VERIFIED_DESCRIPTIVE_MEASUREMENT
ODCR-D696,D01,186,20.480350841724224,0.8736499431542976,82AFA0E22EA8066E01113DF6B20CCDB7F4857654DD206C24B92815CA144E036D,F05C354E0E2F99304B8E0760F072DEF0E9F569824739D9A42E9FBB8C9B03D9BB,F9F3E005055B62F96917B68F27ABC6AABF9528FAEE060E4A890926A67E3BE56A,D696BBFA42DD1A840708B9C42E824036862ED17D538B2B47551641D8145854DB,HASH_VERIFIED_DESCRIPTIVE_MEASUREMENT
ODCR-D696,D01,187,19.560069256704253,0.8651746812679351,60F5AB8B75C51E00E8DC243C5EC682BC778761DFD8CF65D823CE9E15D981BD0F,F05C354E0E2F99304B8E0760F072DEF0E9F569824739D9A42E9FBB8C9B03D9BB,2E454F94B95FF72297B62D96FD364494CE5759DCF109FC17D9C3A7B24C406FCD,D696BBFA42DD1A840708B9C42E824036862ED17D538B2B47551641D8145854DB,HASH_VERIFIED_DESCRIPTIVE_MEASUREMENT
ODCR-D696,D01,191,23.345478043409944,0.8935206592511181,26A26EE5A7EFE45FBCDF369B1E4D80D16EB1D97AA883A0AD2AEC308D1AFEB89C,B22CCFE447BB90275543FDA40DFFC13345F3F73F47EC4D967EA9424F62722133,533F3322BB28539D16A2B28A95CF011871119814E4F394314F8767B3A4ECF100,D696BBFA42DD1A840708B9C42E824036862ED17D538B2B47551641D8145854DB,HASH_VERIFIED_DESCRIPTIVE_MEASUREMENT
ODCR-D696,D01,192,15.511060909878417,0.8227595790757168,95F5EE7E37880C3C7C2D3F45361A7307B1FC8ACAF47DC1AE73713774772BD62B,B22CCFE447BB90275543FDA40DFFC13345F3F73F47EC4D967EA9424F62722133,0F36039D7ECA9DE4CA619AFB8B72EF87907C126C9FB79717D9BB5D684B15FD5E,D696BBFA42DD1A840708B9C42E824036862ED17D538B2B47551641D8145854DB,HASH_VERIFIED_DESCRIPTIVE_MEASUREMENT
ODCR-D696,D01,194,21.298483557958434,0.8828995713814564,BAAAAAA100A701F62E7B939ECDA1923A212E4F2F9D87675625C4642E8011C970,B22CCFE447BB90275543FDA40DFFC13345F3F73F47EC4D967EA9424F62722133,D32D2E9880AF6976D1361037750E039C08EF688E316E22E10713538F9FFEB714,D696BBFA42DD1A840708B9C42E824036862ED17D538B2B47551641D8145854DB,HASH_VERIFIED_DESCRIPTIVE_MEASUREMENT
ODCR-D696,D01,198,17.632028441088064,0.8529813437278292,10D25F835AA8DEB2FECDA7BD6B3FD6FB9A330FCD867953EFFEEE8DB99C0E3A0D,B22CCFE447BB90275543FDA40DFFC13345F3F73F47EC4D967EA9424F62722133,55B8177D761EA36C378184E0429770A8454F4222567D32D3978F2AE913E73E66,D696BBFA42DD1A840708B9C42E824036862ED17D538B2B47551641D8145854DB,HASH_VERIFIED_DESCRIPTIVE_MEASUREMENT
ODCR-D696,D01,201,22.348701360971344,0.866496951123726,C221178358614C371954ECC3C2E27ED45554B408AE5E4CC230BCFC24BAE7F920,2417C044806940120E2943F071F607B19EECC620F23BDB5ABC7441AB1162389F,1B55E73CF1169A86344A501A4555AA124C61F73282E9AA34AFE43FF1C69423F9,D696BBFA42DD1A840708B9C42E824036862ED17D538B2B47551641D8145854DB,HASH_VERIFIED_DESCRIPTIVE_MEASUREMENT
ODCR-D696,D01,204,20.43750567033223,0.8505469159709297,B5FDF9E6D5E0CB3C6E7BF41F1AD52025C7B2612E24F6A2184467705F9C4E6AC7,2417C044806940120E2943F071F607B19EECC620F23BDB5ABC7441AB1162389F,2B31106C9282E94A6D1BBE18D7942474C54179A9859CAE3783A5636F27077FFF,D696BBFA42DD1A840708B9C42E824036862ED17D538B2B47551641D8145854DB,HASH_VERIFIED_DESCRIPTIVE_MEASUREMENT
ODCR-D696,D01,206,18.802874022925764,0.8296758843250615,381F82E6868E8FB132290B7C77F641AB2537028CD3AB367C32CAC69817BB3097,2417C044806940120E2943F071F607B19EECC620F23BDB5ABC7441AB1162389F,2FBB2527213DEAF6D278EE9A7A265296659A23FE9B77632F3B2858236BA20391,D696BBFA42DD1A840708B9C42E824036862ED17D538B2B47551641D8145854DB,HASH_VERIFIED_DESCRIPTIVE_MEASUREMENT
ODCR-D696,D01,210,15.333843875552757,0.7706116871746845,A72F260D81C7B58BFC4F6C8F5DB0D7F31CCCDD0689AD5B0486E70FB788045529,2417C044806940120E2943F071F607B19EECC620F23BDB5ABC7441AB1162389F,3E77BAF304432F4EC397EFFDC3FC8D30DC002756FBEF299832F3112F4D6409EA,D696BBFA42DD1A840708B9C42E824036862ED17D538B2B47551641D8145854DB,HASH_VERIFIED_DESCRIPTIVE_MEASUREMENT
ODCR-D696,D01,215,21.442502627970292,0.8745567192577556,A26F37FA4A4398551989728F3AB39920D962DC3D0451B59B3F05E43F5419821A,C0BB5591ECCF6B19B6BEB59EA0A46781D89CDD55142D43AAE85930C5C2C95F12,EAF8392D33C26E6550CABFB977E648F27B83EED78903931B13EB03CB348F6372,D696BBFA42DD1A840708B9C42E824036862ED17D538B2B47551641D8145854DB,HASH_VERIFIED_DESCRIPTIVE_MEASUREMENT
ODCR-D696,D01,216,20.43823204489029,0.8645529433164082,2470D0445BB803A9F7DDE42A8A826BEC9F945FCC23D70F86211A060353C2CCFB,C0BB5591ECCF6B19B6BEB59EA0A46781D89CDD55142D43AAE85930C5C2C95F12,2544094C38AC976455B9DF7116700573CF9FFF0AF174F2A99D79664B64127942,D696BBFA42DD1A840708B9C42E824036862ED17D538B2B47551641D8145854DB,HASH_VERIFIED_DESCRIPTIVE_MEASUREMENT
ODCR-D696,D01,217,19.55427799216607,0.8549356333519952,9F5103352BF90849431D7F1B2905D16545F95E2708E300462A89252B9466F06B,C0BB5591ECCF6B19B6BEB59EA0A46781D89CDD55142D43AAE85930C5C2C95F12,75E2A1467FBA349B89A2880963690D4E4D348705D9A23B31A28AD6EB8578DA4A,D696BBFA42DD1A840708B9C42E824036862ED17D538B2B47551641D8145854DB,HASH_VERIFIED_DESCRIPTIVE_MEASUREMENT
ODCR-D696,D01,219,18.011711158707193,0.834936498659575,B7AB2C0ED43257C174206CB080B4EE38A1AD3676CF21DCA2A26ACC8C08274F34,C0BB5591ECCF6B19B6BEB59EA0A46781D89CDD55142D43AAE85930C5C2C95F12,A48290E5A6FB72A6F9DFBD9E45F5709C815187C08B50A7275ACEFEFE3286499E,D696BBFA42DD1A840708B9C42E824036862ED17D538B2B47551641D8145854DB,HASH_VERIFIED_DESCRIPTIVE_MEASUREMENT
ODCR-D696,D01,222,13.747390914834623,0.7151806501156298,899563E916B3D758FF8358438937FF05E047C270F11C270E87C07E2E413092D4,333B8C671AC8F7FF4AC56BEEA2E1E137D12C89AE7439FDB95E1BCE29BEEB8164,C1DE822D2EC994F96424F507A1DDF1850A5DD1488EACFA90FE390F9843570E91,D696BBFA42DD1A840708B9C42E824036862ED17D538B2B47551641D8145854DB,HASH_VERIFIED_DESCRIPTIVE_MEASUREMENT
ODCR-D696,D01,228,15.625990747451485,0.7477951631859933,06298221AE2C1D86EB7ABC27FA4716174600467409D48C3C0D990414F383ED28,333B8C671AC8F7FF4AC56BEEA2E1E137D12C89AE7439FDB95E1BCE29BEEB8164,C048B2EC7B7BE5694BD57FEC6F3F9BF3054D38EB5D6E0445C370050E4C7BFC5E,D696BBFA42DD1A840708B9C42E824036862ED17D538B2B47551641D8145854DB,HASH_VERIFIED_DESCRIPTIVE_MEASUREMENT
ODCR-D696,D01,229,14.882745605337238,0.7363422199656317,53EBE90EE83B63C333529354895714E6F8F0735D89C0AC63965FA06B9A821D35,333B8C671AC8F7FF4AC56BEEA2E1E137D12C89AE7439FDB95E1BCE29BEEB8164,3B725B5857FD65A5C3760F987745D414B0D0C771DADA4A760C73889B35BEE86F,D696BBFA42DD1A840708B9C42E824036862ED17D538B2B47551641D8145854DB,HASH_VERIFIED_DESCRIPTIVE_MEASUREMENT
ODCR-D696,D01,230,14.262465303156954,0.726013605506394,52C33890E60467161A84921AEA1A9DB57E140D5557900A45D521D52D100559D4,333B8C671AC8F7FF4AC56BEEA2E1E137D12C89AE7439FDB95E1BCE29BEEB8164,52961C57C2D54EF831A33EEC13F7C3BEA6BECADC6898004B84DA5CBAB9FD2B46,D696BBFA42DD1A840708B9C42E824036862ED17D538B2B47551641D8145854DB,HASH_VERIFIED_DESCRIPTIVE_MEASUREMENT
ODCR-D696,D01,231,22.565407700596968,0.8218493208644636,5FC3395F6009E077EBE831D5920465328FA162031A74E80DEFFD659AF80242B9,E7EEA4EED154E46791643BCB0F799A3CE45585E77B876D909D5DBEE13B37A0BA,8344E7CDB67E1AD54B2BA948726567E7CEAEEDC785E7868505DB9BA6F94D189B,D696BBFA42DD1A840708B9C42E824036862ED17D538B2B47551641D8145854DB,HASH_VERIFIED_DESCRIPTIVE_MEASUREMENT
ODCR-D696,D01,232,11.655553107044563,0.6516481588874168,8D4AC0035B660108D2ABBEC4805E18A5913958ED9FABD25FD609899A73A5B33E,E7EEA4EED154E46791643BCB0F799A3CE45585E77B876D909D5DBEE13B37A0BA,36DEA5E3A71EF54A405D75D74AF485844F4D39A62C09A3D44B28ADEAC024892D,D696BBFA42DD1A840708B9C42E824036862ED17D538B2B47551641D8145854DB,HASH_VERIFIED_DESCRIPTIVE_MEASUREMENT
ODCR-D696,D01,234,18.9562361343503,0.7727771388312851,6A653E53DF42A23348E9C2A10E73A05A341D5D4075A2302060A5C0C1C081286D,E7EEA4EED154E46791643BCB0F799A3CE45585E77B876D909D5DBEE13B37A0BA,3D7084AA34E13569BC5E41003BACC887A3A614A45853723F6DC8BD01E7F78D50,D696BBFA42DD1A840708B9C42E824036862ED17D538B2B47551641D8145854DB,HASH_VERIFIED_DESCRIPTIVE_MEASUREMENT
ODCR-D696,D01,237,14.490350360241457,0.7019176820978137,0D15CF479DA5C45419EF3689D5B8AFAA95319DECDA5B7A11E446091754AF8547,E7EEA4EED154E46791643BCB0F799A3CE45585E77B876D909D5DBEE13B37A0BA,BD788590E4322CB9A4FB425E2A78CC8CE9D266F1BB34976B48475968656AB930,D696BBFA42DD1A840708B9C42E824036862ED17D538B2B47551641D8145854DB,HASH_VERIFIED_DESCRIPTIVE_MEASUREMENT
ODCR-D696,D01,242,12.979022984068118,0.7536153499330135,00B100C1E5A4C218BA26899BB828D8566861EF7CF9FA23441AF11E9CDAA87EB8,3313486C3DBFE3CCEA46BF042A0A8C84F826E6EB1FB67AD0C8A1C8B8A676395B,34F086B3CBDC3C568629971E9E60E143B3C3A8500B0651923372C27B586307D7,D696BBFA42DD1A840708B9C42E824036862ED17D538B2B47551641D8145854DB,HASH_VERIFIED_DESCRIPTIVE_MEASUREMENT
ODCR-D696,D01,246,16.559289965612727,0.8222770808690208,DEA514A19A2995800ED2D24BF2BBE2FCCD8FBC8B533BEE72302ECB074EF79A0B,3313486C3DBFE3CCEA46BF042A0A8C84F826E6EB1FB67AD0C8A1C8B8A676395B,940B30AD75D7C03BF19D58B5ECBC160FD307E316FA841CABEA8144801E781E07,D696BBFA42DD1A840708B9C42E824036862ED17D538B2B47551641D8145854DB,HASH_VERIFIED_DESCRIPTIVE_MEASUREMENT
ODCR-D696,D01,249,14.154950721705596,0.7782240938439933,4160C008D51D59E595751C2A158189C46F6597B4901F5617CD6DECCE297BCCDB,3313486C3DBFE3CCEA46BF042A0A8C84F826E6EB1FB67AD0C8A1C8B8A676395B,D55010D9FE323EF34984AE180C093261ABB840C412BE4F3F76A172332ECD106B,D696BBFA42DD1A840708B9C42E824036862ED17D538B2B47551641D8145854DB,HASH_VERIFIED_DESCRIPTIVE_MEASUREMENT
ODCR-D696,D01,250,13.536195425192597,0.7651742794179269,22979850B811A79EB937D03EBAB717BBF5E01B4AE2A979CA79F6229B58725907,3313486C3DBFE3CCEA46BF042A0A8C84F826E6EB1FB67AD0C8A1C8B8A676395B,BC36C6D8D3527BE873E08C317F3CDCBB63E6408C82D70D9D59EEADCF4F453A18,D696BBFA42DD1A840708B9C42E824036862ED17D538B2B47551641D8145854DB,HASH_VERIFIED_DESCRIPTIVE_MEASUREMENT
ODCR-D696,D01,252,13.052247927806997,0.6831357371383189,6EA4475A184BCF457F37F632F420DABFFE9AB973996CF5F4F85237C86FEB8407,A0772C67E38DB0795D92F115C6B698C73C9B45A2104A4C7A697DE51311C3840D,048C0721C669A365A5F798AD25279BA36D61B5361ADCB5B2EF6FCA446B6E3B0B,D696BBFA42DD1A840708B9C42E824036862ED17D538B2B47551641D8145854DB,HASH_VERIFIED_DESCRIPTIVE_MEASUREMENT
ODCR-D696,D01,253,20.70065952495645,0.8202707823619318,C0C23D24C504AC35018896F2B1444508F2C81C5AA3513655734A4A417BC8AC5D,A0772C67E38DB0795D92F115C6B698C73C9B45A2104A4C7A697DE51311C3840D,D746FA7293DE742A75EDE352389D6C1E307BCCFBB188E7A3CA287EA95CBFE42D,D696BBFA42DD1A840708B9C42E824036862ED17D538B2B47551641D8145854DB,HASH_VERIFIED_DESCRIPTIVE_MEASUREMENT
ODCR-D696,D01,254,19.516160674002133,0.8018434158125435,917A2BE76900F0789C100C0FF1C48EA304479231EE15D96CED4FB2B758CBAA04,A0772C67E38DB0795D92F115C6B698C73C9B45A2104A4C7A697DE51311C3840D,C76B3BC2114F11C918A1318F39CCB70DB8A810BF5B5608E85BEE5814C3274C34,D696BBFA42DD1A840708B9C42E824036862ED17D538B2B47551641D8145854DB,HASH_VERIFIED_DESCRIPTIVE_MEASUREMENT
ODCR-D696,D01,259,14.848678133006075,0.7171129501067574,6E9AB1D969C568683D7FB3BB5A1F28EEE63EC5577BD5A2CB09C264AC6D89ADD9,A0772C67E38DB0795D92F115C6B698C73C9B45A2104A4C7A697DE51311C3840D,C8876FDB1AF65D03C992F105FD1E75E956F42DDE30337AF44A66F3428630E87D,D696BBFA42DD1A840708B9C42E824036862ED17D538B2B47551641D8145854DB,HASH_VERIFIED_DESCRIPTIVE_MEASUREMENT
ODCR-D696,D01,262,14.368766222911038,0.7319929126366512,9659CB4537B61AC9BBC30705BD1E31D51966DB481DD5730C549665ECBF7874D6,0C48376232058D92984B2D78698180B712F48D48ACCCAEF0C479EA4CF378D3B6,25C77BFEC39F2EF6E429C04308584D1E577BDE3A15D9212A4DBDBE889B2A84EE,D696BBFA42DD1A840708B9C42E824036862ED17D538B2B47551641D8145854DB,HASH_VERIFIED_DESCRIPTIVE_MEASUREMENT
ODCR-D696,D01,265,19.250200574244644,0.8004328674024328,9C7953D4AE7981E18DB40E85EA62AFEA6F275B9B434D18914B4246A55E4E7817,0C48376232058D92984B2D78698180B712F48D48ACCCAEF0C479EA4CF378D3B6,CAF72B0835A454D7E1495DD924991348CC3F3B7E9244563673C1F4BF50310F98,D696BBFA42DD1A840708B9C42E824036862ED17D538B2B47551641D8145854DB,HASH_VERIFIED_DESCRIPTIVE_MEASUREMENT
ODCR-D696,D01,266,18.149252270801117,0.7870774947669211,02CA75CC1DFC24241D22F4D6A96438ADD5E007A5739BE2D324998456C2F36AE4,0C48376232058D92984B2D78698180B712F48D48ACCCAEF0C479EA4CF378D3B6,684EFDA420AF21494ED3926587F72C2C76FE2050FEB538759E3818889D05AF72,D696BBFA42DD1A840708B9C42E824036862ED17D538B2B47551641D8145854DB,HASH_VERIFIED_DESCRIPTIVE_MEASUREMENT
ODCR-D696,D01,270,14.979907348948693,0.7435742575296916,1F9D652E94C71CC86EA0B0134A375EB82D76B96A41783D9DE915656D9A8A68B3,0C48376232058D92984B2D78698180B712F48D48ACCCAEF0C479EA4CF378D3B6,76503AC77037AD386F9E1B5B89C7C0A5698B5BF274F28F239CDA097AC13B8327,D696BBFA42DD1A840708B9C42E824036862ED17D538B2B47551641D8145854DB,HASH_VERIFIED_DESCRIPTIVE_MEASUREMENT
ODCR-D696,D01,273,21.559832598515,0.8568056898788576,0B5BB7F9E7C6CCC7711B5147302E8CCDDA9B04E2AA9F7ACD628E6333AB2ECA18,173D4D0775550CBE3479F80128687238C749D4A0D9FF8E25C28573D2FDDAA448,FF1D6302BF7C2839E6978B98EED5217AC01169C1662492B22D0C0C63F19748C2,D696BBFA42DD1A840708B9C42E824036862ED17D538B2B47551641D8145854DB,HASH_VERIFIED_DESCRIPTIVE_MEASUREMENT
ODCR-D696,D01,274,21.76294994086778,0.8520642324350255,74EE1D224794F905EDEA764CF5394E4DB01ED0E59C1E0D22D9450F15B9CB31C4,173D4D0775550CBE3479F80128687238C749D4A0D9FF8E25C28573D2FDDAA448,C9365196ABC6D9B131B2BEA77FAE2A88B6C338A2F721CDAA6C8424254B841D94,D696BBFA42DD1A840708B9C42E824036862ED17D538B2B47551641D8145854DB,HASH_VERIFIED_DESCRIPTIVE_MEASUREMENT
ODCR-D696,D01,275,21.640616423922843,0.8467064402795635,C8D3CE143E9FCFE6FA8783C03EB67D94909941BEFDC9E5EEBF480FC4BCC2750C,173D4D0775550CBE3479F80128687238C749D4A0D9FF8E25C28573D2FDDAA448,5ECA7824BB8E146F92A460EE63E808DE26846904CBF868358991453CBCC88324,D696BBFA42DD1A840708B9C42E824036862ED17D538B2B47551641D8145854DB,HASH_VERIFIED_DESCRIPTIVE_MEASUREMENT
ODCR-D696,D01,280,18.787443016749783,0.8066249920543958,D61D1F011280749455915034D75186F2C4FD3333AD73BAA53044946713D95FB3,173D4D0775550CBE3479F80128687238C749D4A0D9FF8E25C28573D2FDDAA448,31B85EC4416CD7E99BC6B78E4743636104EDD2DED9D6B7802E6C58D824FBCB6B,D696BBFA42DD1A840708B9C42E824036862ED17D538B2B47551641D8145854DB,HASH_VERIFIED_DESCRIPTIVE_MEASUREMENT
ODCR-D696,D01,283,21.825374206789444,0.8180035848267545,359751A0CD1D2D3C16D1FC98FC97A97E4743D784431670BA22A234B3D1710CCF,7B1770E76EC635E8F06EED5D174CC9848CE8A6B3B97AED212B5BBF7BFC8652BF,BEA9D95B956E16EB6318231DC92B4AEC97997AE612B8FB8BCE9F1EC9D357F415,D696BBFA42DD1A840708B9C42E824036862ED17D538B2B47551641D8145854DB,HASH_VERIFIED_DESCRIPTIVE_MEASUREMENT
ODCR-D696,D01,284,20.82506613454388,0.8052098120003278,6CAA8DEE9F2FB135174AA815BE2B034F5E68AF4CE8E8E6158378ED221C547CC7,7B1770E76EC635E8F06EED5D174CC9848CE8A6B3B97AED212B5BBF7BFC8652BF,560269E8053E459BD330ED12D845920121E94B326ABC6F079E82FB872C73C51B,D696BBFA42DD1A840708B9C42E824036862ED17D538B2B47551641D8145854DB,HASH_VERIFIED_DESCRIPTIVE_MEASUREMENT
ODCR-D696,D01,285,19.8268699725685,0.7924634475333573,7FDAA2FA5FA121463530C0BD450F23C5E14B6C1E49899B6E87D78DEA4FFCFDBB,7B1770E76EC635E8F06EED5D174CC9848CE8A6B3B97AED212B5BBF7BFC8652BF,1C73008AD738687B8E4B01D53D0B70935FA8BB73CE00ECDA6AC33BA3554B92B9,D696BBFA42DD1A840708B9C42E824036862ED17D538B2B47551641D8145854DB,HASH_VERIFIED_DESCRIPTIVE_MEASUREMENT
ODCR-D696,D01,287,18.020193653674482,0.7697991120872388,46042022DF520CF703D50545834B6BF74E54FC5F1C26A178AD504B0071F248C8,7B1770E76EC635E8F06EED5D174CC9848CE8A6B3B97AED212B5BBF7BFC8652BF,A0AF4CAACB7BC49FEF80ADAF8E3CB81074770A9FA61CD228FDD61AEF64CDDF1E,D696BBFA42DD1A840708B9C42E824036862ED17D538B2B47551641D8145854DB,HASH_VERIFIED_DESCRIPTIVE_MEASUREMENT
ODCR-D696,D01,291,21.575790404056793,0.7969712517410263,B8257C62B1722E8B957541AD2B6CB513AA1D9B550124A0155A83C53FE5442D06,A3121B538E849548348753F4CED0233ABDC1482E87B2C0E9186899B18E31CB17,FA765AE3A87F286936B5BEE8E06FEB53BFEEB2FFAA2B0FA57F4C0C98FAF458FD,D696BBFA42DD1A840708B9C42E824036862ED17D538B2B47551641D8145854DB,HASH_VERIFIED_DESCRIPTIVE_MEASUREMENT
ODCR-D696,D01,292,11.782909947567195,0.6196142775831636,31A532948A3775E90333F4ED8002B691AEDD3E76E1F458F9EF55327BFB4FE14C,A3121B538E849548348753F4CED0233ABDC1482E87B2C0E9186899B18E31CB17,A64452AA8DD252D68E110998095EA09D40ED20B061A43504CCCB1C952B391888,D696BBFA42DD1A840708B9C42E824036862ED17D538B2B47551641D8145854DB,HASH_VERIFIED_DESCRIPTIVE_MEASUREMENT
ODCR-D696,D01,295,18.164124730702948,0.7344757662447711,F5E5118E3AD64D8AAD7C84D27DFAEB1D4236836ABE5D37D9A120F1D84E7F9009,A3121B538E849548348753F4CED0233ABDC1482E87B2C0E9186899B18E31CB17,3A969435F27608ACC434A75C0FA0AEA9F4D506912CC95F254A4636D86F292152,D696BBFA42DD1A840708B9C42E824036862ED17D538B2B47551641D8145854DB,HASH_VERIFIED_DESCRIPTIVE_MEASUREMENT
ODCR-D696,D01,300,12.786295108823628,0.6363401602716153,0B49FE69AC26008FA9394078A0D1AD18FE0A125908E8441033419ACF1D4F066D,A3121B538E849548348753F4CED0233ABDC1482E87B2C0E9186899B18E31CB17,0032045B9A7F5E574B204ACB4EDB3CD411E5ADD424ADDB7236FD9EF269C54913,D696BBFA42DD1A840708B9C42E824036862ED17D538B2B47551641D8145854DB,HASH_VERIFIED_DESCRIPTIVE_MEASUREMENT
ODCR-D696,D01,301,23.608371834370004,0.841644531888559,CCDB70963981BE962ACFF5B44BE96DC3C67970C210C17AC4AB5DD885765EDC16,CD852CCCDF619407E0223F96F9479583C9F47EB4205AFA545F830ADA1A0B5907,5A24ED659007B2C13E473D779F36E0C17A9849B38AB6E7BFF1F1F1CE81D75431,D696BBFA42DD1A840708B9C42E824036862ED17D538B2B47551641D8145854DB,HASH_VERIFIED_DESCRIPTIVE_MEASUREMENT
ODCR-D696,D01,306,17.0598473469965,0.6927194393791609,D1E315ABE9174BECB1BB12B8FF7499AAE6FE2EA25054F28A8469A7F9579546CA,CD852CCCDF619407E0223F96F9479583C9F47EB4205AFA545F830ADA1A0B5907,7D41FE40D00D23181F61D42855A1E5A752CD922C236E35DD83A4493314AEF001,D696BBFA42DD1A840708B9C42E824036862ED17D538B2B47551641D8145854DB,HASH_VERIFIED_DESCRIPTIVE_MEASUREMENT
ODCR-D696,D01,307,15.97540568587176,0.6680232048519498,A2F9D925D88617861F344A9CE4D6496F1E945A259445676DB3A13E144E96011F,CD852CCCDF619407E0223F96F9479583C9F47EB4205AFA545F830ADA1A0B5907,FA9460F556318A5773D6E48470E046002C966A1CE344CB0B709FD11C6FC756C3,D696BBFA42DD1A840708B9C42E824036862ED17D538B2B47551641D8145854DB,HASH_VERIFIED_DESCRIPTIVE_MEASUREMENT
ODCR-D696,D01,309,14.276933607422906,0.6363816417621871,B14F1ED38AE48EC499EF199A60CB123A6790B747B07A5BC2E734E1DF4550E425,CD852CCCDF619407E0223F96F9479583C9F47EB4205AFA545F830ADA1A0B5907,B0F7F27FD800023AFA2D62ABD276210AC2B3D250A366CC115FBB0B74D200A173,D696BBFA42DD1A840708B9C42E824036862ED17D538B2B47551641D8145854DB,HASH_VERIFIED_DESCRIPTIVE_MEASUREMENT
ODCR-D696,D01,311,23.657133558315163,0.8425817224929194,0F68332E590116957AAB7C5FF2071456A655C0069F28948CFE951DFDDF236AFD,CEDF20389F3EF58F0606CDAC4C18B39C02BDE6E4A4A9E18DED5D08284B70A63D,A8C780B92EF1DC0F0C2FF32A008825464F9C5DD2920F8369C3303C9C523832E5,D696BBFA42DD1A840708B9C42E824036862ED17D538B2B47551641D8145854DB,HASH_VERIFIED_DESCRIPTIVE_MEASUREMENT
ODCR-D696,D01,314,21.14219406764928,0.8183868006110955,80B2F249E957298DDA89B61C1B0AC03F7CD7C7D5A08316B5E36518A46ECBFFDA,CEDF20389F3EF58F0606CDAC4C18B39C02BDE6E4A4A9E18DED5D08284B70A63D,8E5B8ED90D173A22D30A5354AC5D275FF2A458BF8B0F7403E2B03AD8AFDF1D20,D696BBFA42DD1A840708B9C42E824036862ED17D538B2B47551641D8145854DB,HASH_VERIFIED_DESCRIPTIVE_MEASUREMENT
ODCR-D696,D01,316,18.97388961889969,0.7934569898321505,4084F7355AD55FC0C94F96288E798712FFFD7A1387A37DDB5D7BEC9C0788A4B9,CEDF20389F3EF58F0606CDAC4C18B39C02BDE6E4A4A9E18DED5D08284B70A63D,AD39F536276D176199F5C385BC8C95650F1D40B0A6D4EF9EBC36186A8F5CCBC1,D696BBFA42DD1A840708B9C42E824036862ED17D538B2B47551641D8145854DB,HASH_VERIFIED_DESCRIPTIVE_MEASUREMENT
ODCR-D696,D01,318,17.033548919431137,0.7582968795811964,D1CC5EBAC6FE7C47B18FCDB3B2817EEA2AAC408231C66A1280DB6440D9997FD3,CEDF20389F3EF58F0606CDAC4C18B39C02BDE6E4A4A9E18DED5D08284B70A63D,A1F37BCF8994275229BE77D83130A7A2E887F007C683B842FBC127F8EDF6CF6B,D696BBFA42DD1A840708B9C42E824036862ED17D538B2B47551641D8145854DB,HASH_VERIFIED_DESCRIPTIVE_MEASUREMENT
ODCR-D696,D01,323,23.46021758687933,0.844875814649321,51BC94802AFC1C496471ACFB70CEBB09E6A04B47B1FF9DBC1FE0D26A57658DF9,D7A22E56D62C4B9489A9454B593076075EADC8FA04E44B4AB1979B48A0773751,D697540941A47F1CB5F998D97A525CE18C0A1FEED89AE25667DF178E26BC1703,D696BBFA42DD1A840708B9C42E824036862ED17D538B2B47551641D8145854DB,HASH_VERIFIED_DESCRIPTIVE_MEASUREMENT
ODCR-D696,D01,326,19.504939837640645,0.8207866163479772,AC8E5AD3AB95E909FB900295CD98A350054589E991059381E03EDF67CE434DF5,D7A22E56D62C4B9489A9454B593076075EADC8FA04E44B4AB1979B48A0773751,ABCC69D6CAA6B1C16130D887ADD13947966ED0405218512E2A63C4ED44C71895,D696BBFA42DD1A840708B9C42E824036862ED17D538B2B47551641D8145854DB,HASH_VERIFIED_DESCRIPTIVE_MEASUREMENT
ODCR-D696,D01,328,17.456399799996326,0.7925639707905906,FA8C4BD664A2F25A4D0E9967BA92D5CA2626B70F3EDCCAF32F161C9A8D721188,D7A22E56D62C4B9489A9454B593076075EADC8FA04E44B4AB1979B48A0773751,4AF25B18819F7CBF67A43EDB37F2B05DC4312C2FB3BA58064BCAA5E44D379F57,D696BBFA42DD1A840708B9C42E824036862ED17D538B2B47551641D8145854DB,HASH_VERIFIED_DESCRIPTIVE_MEASUREMENT
ODCR-D696,D01,329,16.66980578236579,0.7798635080708026,C992E273C7BFC5434FC8EEB85FE3EC82CF4D0864133D5ADED07EC6ECD6AF5139,D7A22E56D62C4B9489A9454B593076075EADC8FA04E44B4AB1979B48A0773751,8FABD4A8ABF946D4DA0F93715B22BD85DA7854BDC286D5A763014592B8108EE4,D696BBFA42DD1A840708B9C42E824036862ED17D538B2B47551641D8145854DB,HASH_VERIFIED_DESCRIPTIVE_MEASUREMENT
ODCR-D696,D01,331,22.901782371032905,0.8619030204176555,6FC498F644C51566BA1C6F88E902092DF9B3EA7BE0BFBF736F77303C65B3F5D7,ECF9EA63E724BCA318CBED83C696F44A3C2B626B56773089807A35B96B907F07,E8F669AF62FD8EB3DB8CFF144BB0C6F34227B19A80C585BFB3C0A2FDCEDB74CA,D696BBFA42DD1A840708B9C42E824036862ED17D538B2B47551641D8145854DB,HASH_VERIFIED_DESCRIPTIVE_MEASUREMENT
ODCR-D696,D01,332,14.613408418934688,0.7390709098881402,0D032B885E4C8C3A3AB159925FF735777EEF91CF4B37B69A82FF68E6FDDA62C8,ECF9EA63E724BCA318CBED83C696F44A3C2B626B56773089807A35B96B907F07,E98B8C3FC6D269C3D3B4D6C863DC77C95506BCF50FBB24756C3831C1B9D62989,D696BBFA42DD1A840708B9C42E824036862ED17D538B2B47551641D8145854DB,HASH_VERIFIED_DESCRIPTIVE_MEASUREMENT
ODCR-D696,D01,333,21.684772661023707,0.8557878604955796,7E7EFA0E5D219832DECF6226D94CED635254804CC314D8C708E793F53807D039,ECF9EA63E724BCA318CBED83C696F44A3C2B626B56773089807A35B96B907F07,C552A1EBF6048157F7C051C0FFA68A37EAC61E033615A3E59DC1C0845EC6374C,D696BBFA42DD1A840708B9C42E824036862ED17D538B2B47551641D8145854DB,HASH_VERIFIED_DESCRIPTIVE_MEASUREMENT
ODCR-D696,D01,335,19.39901510029025,0.8364027428405917,A6F73A89C9BCA7B13A96E9195D174A7136E3EB946E54701F420B5416A08D973C,ECF9EA63E724BCA318CBED83C696F44A3C2B626B56773089807A35B96B907F07,5814578342F03F98D6D6B18A60B6391E8198522CCBCF9E0787D84EEEB5E363FB,D696BBFA42DD1A840708B9C42E824036862ED17D538B2B47551641D8145854DB,HASH_VERIFIED_DESCRIPTIVE_MEASUREMENT
ODCR-D696,D01,342,13.57219014494998,0.8272635312241055,379EFC0C745976EA2E65F9E14B10C727418B9A8FD8445CC567B375670FFA5FB5,BCE31BD4C30DD403A56E07068DED0085DA6DF213386EF7E9248AB87670B530CE,6B5770D213C49948DE08E1B8B01E94A16986B4885604122A27730982FE88F43B,D696BBFA42DD1A840708B9C42E824036862ED17D538B2B47551641D8145854DB,HASH_VERIFIED_DESCRIPTIVE_MEASUREMENT
ODCR-D696,D01,343,19.536638737139064,0.9122579030485163,39CC3A6E445AC6BA19C4383DB0A7FDEDC86BB7E6E563BF50E061815191D0A217,BCE31BD4C30DD403A56E07068DED0085DA6DF213386EF7E9248AB87670B530CE,81918A0AFC4F25BFE18A4FE480DD961E1AC861A12306B97DCAE762FFC8229FB7,D696BBFA42DD1A840708B9C42E824036862ED17D538B2B47551641D8145854DB,HASH_VERIFIED_DESCRIPTIVE_MEASUREMENT
ODCR-D696,D01,344,18.414956522604907,0.900578103666836,EC8BA33F38E12ACFA31468B985DD3F035FE07732C4D3038B39112CCAC009EB6D,BCE31BD4C30DD403A56E07068DED0085DA6DF213386EF7E9248AB87670B530CE,8DBEBCF1D0C458EE0BCEE933ED7D248C01A3B7268B09A889A5CC0AE44F979CAA,D696BBFA42DD1A840708B9C42E824036862ED17D538B2B47551641D8145854DB,HASH_VERIFIED_DESCRIPTIVE_MEASUREMENT
ODCR-D696,D01,345,17.467334997516836,0.8894661888910944,19ED93C91331F1BF9AAEFF4676A226CC621F4FB5EE37275BBB5D005D79E2EE6E,BCE31BD4C30DD403A56E07068DED0085DA6DF213386EF7E9248AB87670B530CE,0DD61BBB69F0397D1C40A279EB60AD1CA6B8F0225589D4739C9E5CF5B64E1472,D696BBFA42DD1A840708B9C42E824036862ED17D538B2B47551641D8145854DB,HASH_VERIFIED_DESCRIPTIVE_MEASUREMENT
ODCR-D696,D01,351,22.92914979593315,0.9012349157346389,A691BD9B81B61C8E371AB0A108004A45F7FFC8C36A4BC2EC0A57313C8D3AF254,A9B2F750E1B5C755F06701BBDB8E840D09EC49A5C3D5898FA332C954FB82119B,23B3593E333B1F442520CAC28620E2BD973CF1B0F63DFA079963A465FA4A9A98,D696BBFA42DD1A840708B9C42E824036862ED17D538B2B47551641D8145854DB,HASH_VERIFIED_DESCRIPTIVE_MEASUREMENT
ODCR-D696,D01,356,19.037132113842514,0.8487406578926859,97546F187171D58AB29AB03B82A65186BC882B5B8C3C07470D905E36BDEA7E1D,A9B2F750E1B5C755F06701BBDB8E840D09EC49A5C3D5898FA332C954FB82119B,EEC08C3485CE82EB82FC9E4786F926457169BF6CAA4AB43190C7AE74B1FE5E6A,D696BBFA42DD1A840708B9C42E824036862ED17D538B2B47551641D8145854DB,HASH_VERIFIED_DESCRIPTIVE_MEASUREMENT
ODCR-D696,D01,357,18.436497215573038,0.8406641085652339,F444368161B27D133EA8ECE7072A6FACC647EE95135420AC127D28488DB1064C,A9B2F750E1B5C755F06701BBDB8E840D09EC49A5C3D5898FA332C954FB82119B,621A512CB7E087C0ABC520D66A025CD310B32A3A590CCB7697ACBB147E19F072,D696BBFA42DD1A840708B9C42E824036862ED17D538B2B47551641D8145854DB,HASH_VERIFIED_DESCRIPTIVE_MEASUREMENT
ODCR-D696,D01,358,17.828219869297367,0.8322834162043872,2949F72635DAA3C242ADECB74F604345A133256DA6E8A3A1B2820A238530539E,A9B2F750E1B5C755F06701BBDB8E840D09EC49A5C3D5898FA332C954FB82119B,5478495E0D3D9720D7043DA74DF59E96EBEC869417663F1D5896565D4F4BDB94,D696BBFA42DD1A840708B9C42E824036862ED17D538B2B47551641D8145854DB,HASH_VERIFIED_DESCRIPTIVE_MEASUREMENT
ODCR-D696,D01,361,25.319262516888102,0.9480270688709798,9F0F422DDBB3F61455904809340DFF41344B23E1ADF25BBA1C6806A438824221,5769F280C40FF18C8BDA6B69FCE62C4D6F4103D5F730F1EE24AC859500E60A8B,51FE4B1E775D7305960A22A650C7E6A3F6FCA788A185C4D4A6F37467833847FC,D696BBFA42DD1A840708B9C42E824036862ED17D538B2B47551641D8145854DB,HASH_VERIFIED_DESCRIPTIVE_MEASUREMENT
ODCR-D696,D01,364,22.509826775440693,0.9354121008970738,14710F3BC8B67844FFDC7330D509CFDA0704F40DD9706BC4AC0FF8E2DD8996B9,5769F280C40FF18C8BDA6B69FCE62C4D6F4103D5F730F1EE24AC859500E60A8B,909B350696D3215CB3179F0B2CD267F8F86AEBEC6DFE4FDAECB5F904062C4A70,D696BBFA42DD1A840708B9C42E824036862ED17D538B2B47551641D8145854DB,HASH_VERIFIED_DESCRIPTIVE_MEASUREMENT
ODCR-D696,D01,365,21.32537109280993,0.9268696834247258,018E13D4FD47571132AAAD24D261257CC0A3FDB54B4D2FECF788714B4B847E7C,5769F280C40FF18C8BDA6B69FCE62C4D6F4103D5F730F1EE24AC859500E60A8B,CB47D0A6AAF447225B3F2359542CC68B32A8DA573DC5663DD74D29F2A3B9F377,D696BBFA42DD1A840708B9C42E824036862ED17D538B2B47551641D8145854DB,HASH_VERIFIED_DESCRIPTIVE_MEASUREMENT
ODCR-D696,D01,368,18.451348289883484,0.8971442902126245,3F899DA5C989F8381A623B3338AFB569C76720777602BC7A172B6DC4C405B43B,5769F280C40FF18C8BDA6B69FCE62C4D6F4103D5F730F1EE24AC859500E60A8B,25FF302F198B4AD3132F59E1BD784A772B7C94CFA5B72EF045EDCED9400F4CF2,D696BBFA42DD1A840708B9C42E824036862ED17D538B2B47551641D8145854DB,HASH_VERIFIED_DESCRIPTIVE_MEASUREMENT
ODCR-D696,D01,372,12.82126315550782,0.7703064910632925,A79CE5E55EB4DDDC38EF40299D068C172813133E095527FD51B18CE8CF0B79FD,5B4C03474FE120027C7484F7E0FE0B06273E043674476793BECC1EC769780E70,5340799F4DCDAA48410498CB6A657271E567CA0DDB90A559440BB96B5C9A5AB6,D696BBFA42DD1A840708B9C42E824036862ED17D538B2B47551641D8145854DB,HASH_VERIFIED_DESCRIPTIVE_MEASUREMENT
ODCR-D696,D01,374,19.12985216703714,0.8616418551328607,AC5974BF7831927814028234EFEB3157CC83EA7491F70BC93D1EC7DE192ED773,5B4C03474FE120027C7484F7E0FE0B06273E043674476793BECC1EC769780E70,0CDDDCA3937A430D907B6D694C980E7942B33B891CA10EE6CFE2141DC20E8052,D696BBFA42DD1A840708B9C42E824036862ED17D538B2B47551641D8145854DB,HASH_VERIFIED_DESCRIPTIVE_MEASUREMENT
ODCR-D696,D01,376,16.750490825230965,0.8344542419375224,6A9AAE072DD12B98C76F1749308B7D863978EF98B8DF373765EAAB5E5D7F8BD5,5B4C03474FE120027C7484F7E0FE0B06273E043674476793BECC1EC769780E70,4CA8B7F73A2E9ADF242F814A817705A9B14E7B22A1F7375DE4A4E11699C997C3,D696BBFA42DD1A840708B9C42E824036862ED17D538B2B47551641D8145854DB,HASH_VERIFIED_DESCRIPTIVE_MEASUREMENT
ODCR-D696,D01,380,13.502347491946514,0.7835063149000954,08178EE2649C1C0D7773D40D54B2153C615C8D25CFF010AF8117B9291D4191D1,5B4C03474FE120027C7484F7E0FE0B06273E043674476793BECC1EC769780E70,719417063BECBAFC993F8EC548E9C656ED22B0E9111BD8C2E27A610BE2747536,D696BBFA42DD1A840708B9C42E824036862ED17D538B2B47551641D8145854DB,HASH_VERIFIED_DESCRIPTIVE_MEASUREMENT
ODCR-D696,D01,383,23.852356039386798,0.8494645541423919,311E60715E1018D75A0864E5BAEC1763F4153B5537B33AC6B29EC743D4D29C84,E5D677CF00123752E9F027FD1A2404766FC0EE4D1B77D5826AAFCBAE1A1845D8,2187337B52401849D1175CA527ED0BDE078003FA06B1DD48EC735157EE54C472,D696BBFA42DD1A840708B9C42E824036862ED17D538B2B47551641D8145854DB,HASH_VERIFIED_DESCRIPTIVE_MEASUREMENT
ODCR-D696,D01,384,22.737143691353324,0.8335955403217908,02434E0E97F1DCD3ED7AA172AE75C0BC50716261583742F09542E6B2CBCF7BA3,E5D677CF00123752E9F027FD1A2404766FC0EE4D1B77D5826AAFCBAE1A1845D8,4748D8BCA3ACBD2AAC2DC5CDF2F2F0AE6641AFAADD1C835A4FAE4571F4C76ECB,D696BBFA42DD1A840708B9C42E824036862ED17D538B2B47551641D8145854DB,HASH_VERIFIED_DESCRIPTIVE_MEASUREMENT
ODCR-D696,D01,386,19.916848874283772,0.798544647620956,50EDA9097A8F7B4EAF837749B695CDADBDE7750CC1D9CE4740FA3B50F4926043,E5D677CF00123752E9F027FD1A2404766FC0EE4D1B77D5826AAFCBAE1A1845D8,4D32BC3B832269D48CDBBCAE4AA358FD82646CA3538A9C6ED7976F814DDA7706,D696BBFA42DD1A840708B9C42E824036862ED17D538B2B47551641D8145854DB,HASH_VERIFIED_DESCRIPTIVE_MEASUREMENT
ODCR-D696,D01,389,16.87326478766954,0.754448144225834,795F07FFA285B7F75ADC413C60B9998CD700F0F1114A4D87CF2D152C31DCFB73,E5D677CF00123752E9F027FD1A2404766FC0EE4D1B77D5826AAFCBAE1A1845D8,894A25A485D18C8C4F9D36A4145AC8E8F1BBB0D6C01B9FEF862FC2EE002216A0,D696BBFA42DD1A840708B9C42E824036862ED17D538B2B47551641D8145854DB,HASH_VERIFIED_DESCRIPTIVE_MEASUREMENT
ODCR-D696,D01,392,15.56687681600704,0.8647621319392641,0DF7F0327E0759C65F567E486D0AF5A2D277DCD789868248D31C5B1C73F6F4EE,C88EC895B13ABF50D3BA91D7C23D38E7B9B87752F78ED63EC030B3F62621462A,D6A526D194FE50C764DEBAD3638DD06347E3853BD139DB1925D92DEA664ACBC7,D696BBFA42DD1A840708B9C42E824036862ED17D538B2B47551641D8145854DB,HASH_VERIFIED_DESCRIPTIVE_MEASUREMENT
ODCR-D696,D01,394,22.919663409865656,0.9108124613244738,3DF369C103410BC5809107B3B5903F1A48FE989EBA104C8DB4EF777BA5604B5C,C88EC895B13ABF50D3BA91D7C23D38E7B9B87752F78ED63EC030B3F62621462A,A3E4B0BF37C2A0EB7E68E14FF08CC8E7D065BF677BD2B9C92BA50CCAE779CC63,D696BBFA42DD1A840708B9C42E824036862ED17D538B2B47551641D8145854DB,HASH_VERIFIED_DESCRIPTIVE_MEASUREMENT
ODCR-D696,D01,398,17.828583899632473,0.8859626251557704,7F8BDA849642B8734E42A3E199775368BF181CF9D297F8885C65D7F067F549DF,C88EC895B13ABF50D3BA91D7C23D38E7B9B87752F78ED63EC030B3F62621462A,DEC269A18DCB13907A87D4177BC4FC174EC0397EFD4F45D2EC79D866C652258B,D696BBFA42DD1A840708B9C42E824036862ED17D538B2B47551641D8145854DB,HASH_VERIFIED_DESCRIPTIVE_MEASUREMENT
ODCR-D696,D01,400,16.236795150359377,0.8717774342288114,8BBFD2CDFD352BE22F0ECE5F0029A31C7F06953C900E188826230F4DF20A66F4,C88EC895B13ABF50D3BA91D7C23D38E7B9B87752F78ED63EC030B3F62621462A,32F137BF177DCB640E037104AFBF56B58AA18D67A99BB296741F0864E27D4764,D696BBFA42DD1A840708B9C42E824036862ED17D538B2B47551641D8145854DB,HASH_VERIFIED_DESCRIPTIVE_MEASUREMENT
ODCR-D696,D01,402,10.601741235066967,0.7585829765548038,39D1014290F6ACA4B3B151B941412B0EEA97B6C8CC8B06656A0DCC48EEBC2171,E6A4F41A7F8438BF89365CDCF818768EFC9E2E4F4AC7726B78C36434140C5A3B,6B94855FE3CA13E4EEB3EEB5641BAB56B715E4A3FF632048E8526F18BC2D4C80,D696BBFA42DD1A840708B9C42E824036862ED17D538B2B47551641D8145854DB,HASH_VERIFIED_DESCRIPTIVE_MEASUREMENT
ODCR-D696,D01,403,17.2509491802098,0.875455256607237,EDB2677DB481B6984F6465A7C6EDE10ED81CB5DC22BB52086671B606B19F9358,E6A4F41A7F8438BF89365CDCF818768EFC9E2E4F4AC7726B78C36434140C5A3B,5D93B71AA543ED007B85DC43B51F8D432AE659E5453603134EDCCB8373BFC698,D696BBFA42DD1A840708B9C42E824036862ED17D538B2B47551641D8145854DB,HASH_VERIFIED_DESCRIPTIVE_MEASUREMENT
ODCR-D696,D01,407,13.193838110686507,0.8134567394325782,9F65AE1A26FA9E3F54801EF3992177F80693155A36EC982E2D17245EF255034E,E6A4F41A7F8438BF89365CDCF818768EFC9E2E4F4AC7726B78C36434140C5A3B,B20E21962ABA986DC0AB901A19DA0938EF51A44938C91B00B9C7F8EC5998DF6E,D696BBFA42DD1A840708B9C42E824036862ED17D538B2B47551641D8145854DB,HASH_VERIFIED_DESCRIPTIVE_MEASUREMENT
ODCR-D696,D01,408,12.474716271446589,0.7995004725813678,CE562F38614019340562FF560476E24643C59BA7F7FE90E8357A13000A7C3BFB,E6A4F41A7F8438BF89365CDCF818768EFC9E2E4F4AC7726B78C36434140C5A3B,D410CADE12752C4B2541CF43092DDA72D3E264B76E55D4524A80DB006BCDA5C1,D696BBFA42DD1A840708B9C42E824036862ED17D538B2B47551641D8145854DB,HASH_VERIFIED_DESCRIPTIVE_MEASUREMENT
ODCR-D696,D01,416,20.501496521962412,0.8437709612524728,DFC7D304EE5F2F16139D2BDAADD35711D31B7A8B38E32197885F68193175F261,F2D17D07A5FA0D20144E9E875608CB545A676499620F4447D0D923C430317005,E453F505804C385BF712589F16E92B58C44C416CD6FA232179FD38791550B8F8,D696BBFA42DD1A840708B9C42E824036862ED17D538B2B47551641D8145854DB,HASH_VERIFIED_DESCRIPTIVE_MEASUREMENT
ODCR-D696,D01,417,19.49846646970267,0.8344999633609205,21FC12A228350D1677D35BA76D53DAC1F7A94207873F7F5163FB972EBD692BFE,F2D17D07A5FA0D20144E9E875608CB545A676499620F4447D0D923C430317005,90BB207D963798341A8BA4E82BD1E9B3BB49B9CED74C1F23AD121DB6EC71F714,D696BBFA42DD1A840708B9C42E824036862ED17D538B2B47551641D8145854DB,HASH_VERIFIED_DESCRIPTIVE_MEASUREMENT
ODCR-D696,D01,419,17.790218049215557,0.8171349427280142,E9CF76F9CFDD3B2C41B90A4BC839295D57A0D6641F21FED3825726407F4F2A99,F2D17D07A5FA0D20144E9E875608CB545A676499620F4447D0D923C430317005,88250D638C02C492BE389C4BFA1822B0E73C70BC2C142860C9594E54545FD622,D696BBFA42DD1A840708B9C42E824036862ED17D538B2B47551641D8145854DB,HASH_VERIFIED_DESCRIPTIVE_MEASUREMENT
ODCR-D696,D01,420,17.05651773068964,0.8078124518948139,10E8123F0E6C7E854E34AB11BBF92DFB5316F27189D83F64007D20D2510C4DC4,F2D17D07A5FA0D20144E9E875608CB545A676499620F4447D0D923C430317005,73898EB95618E7ACBA8F212BFB85C05B1891BFAA4A7D76F536F6694929CD78FA,D696BBFA42DD1A840708B9C42E824036862ED17D538B2B47551641D8145854DB,HASH_VERIFIED_DESCRIPTIVE_MEASUREMENT
ODCR-D696,D01,422,13.238504042744964,0.735423512041946,649FED0AAF898C7E039191D2E3748C93C25A6E344FF640754970CC2214619B9F,AA6F454097840D2C0AA03EB1725204FF658CC03F6C992FE9D2F4F89D5F39DCF8,08A8EE6819A8CDA48C6B5FF3AD533B1E194B8B60688061291E3873C77DE9CCDB,D696BBFA42DD1A840708B9C42E824036862ED17D538B2B47551641D8145854DB,HASH_VERIFIED_DESCRIPTIVE_MEASUREMENT
ODCR-D696,D01,426,17.14672547123473,0.8011233276234258,C3898F3BDE2F1593B3291CE8B00ABC9268F832CEF24FD1C20EB1D6EFA3CB581A,AA6F454097840D2C0AA03EB1725204FF658CC03F6C992FE9D2F4F89D5F39DCF8,6A3469F4D1BA4803284055BDBE59FD47BD7963817D096CCB7B3B55EB17EB767D,D696BBFA42DD1A840708B9C42E824036862ED17D538B2B47551641D8145854DB,HASH_VERIFIED_DESCRIPTIVE_MEASUREMENT
ODCR-D696,D01,427,16.261899422597985,0.787240079779607,5BBAB4E102CE33189FD81AE31ACD3851A90AD4B944ED4E4C063EE70EFE3A7A9B,AA6F454097840D2C0AA03EB1725204FF658CC03F6C992FE9D2F4F89D5F39DCF8,51AAFD63B69F0314A1D26347CFF80F5C291A6C89ED4ED70C348C1680F3CB86B6,D696BBFA42DD1A840708B9C42E824036862ED17D538B2B47551641D8145854DB,HASH_VERIFIED_DESCRIPTIVE_MEASUREMENT
ODCR-D696,D01,429,14.659655138977028,0.7611591666519283,FC12D75A7751A8F895161C4E9E873280C680BA26C47EF000CE3E3B4016E8881B,AA6F454097840D2C0AA03EB1725204FF658CC03F6C992FE9D2F4F89D5F39DCF8,7824FBB24BD3D27303E01730ECE38F6C87C297A2B9E0387E6C8C90E706FD6062,D696BBFA42DD1A840708B9C42E824036862ED17D538B2B47551641D8145854DB,HASH_VERIFIED_DESCRIPTIVE_MEASUREMENT
ODCR-D696,D01,431,23.744311113200453,0.8838811159457917,E079DAC8ED46F2C078D2E46D8F56390516A74D82915B1034882E6A61D8B35175,A1F9C7671DBCB24D4B6377A84ADC8ADE24C7731A98F47AFB7B9A97060538F2F9,FBF81ABED221326F30173C7188C7F3ABD96E7F350B9BF173F71737FBD5C20485,D696BBFA42DD1A840708B9C42E824036862ED17D538B2B47551641D8145854DB,HASH_VERIFIED_DESCRIPTIVE_MEASUREMENT
ODCR-D696,D01,432,16.663066773818226,0.8561210293586736,C5A5EF239FCA990CBDEB8C6AE5A92A8C3E1020C41ADD4F5C003DF10A7C74FA01,A1F9C7671DBCB24D4B6377A84ADC8ADE24C7731A98F47AFB7B9A97060538F2F9,C235DDE614DB25DFAA5EE4685006421BC873DD832DA52B89E48FC3703A244BAF,D696BBFA42DD1A840708B9C42E824036862ED17D538B2B47551641D8145854DB,HASH_VERIFIED_DESCRIPTIVE_MEASUREMENT
ODCR-D696,D01,433,23.564949939753564,0.8775932252757542,81E52BDCA3A979BD8F769138375DCB6305374198E3D2F8B3649AC2C6A143A370,A1F9C7671DBCB24D4B6377A84ADC8ADE24C7731A98F47AFB7B9A97060538F2F9,FE89439429F622E2F8DFBA674614DB2FC95A9A65045329EBCBCAD621EAAA20A7,D696BBFA42DD1A840708B9C42E824036862ED17D538B2B47551641D8145854DB,HASH_VERIFIED_DESCRIPTIVE_MEASUREMENT
ODCR-D696,D01,439,18.196856903695426,0.8653589461775985,4D2EA89834BDC05C64DE3BE167865C2C8C6A525E9E077E87A84D73218DFB9254,A1F9C7671DBCB24D4B6377A84ADC8ADE24C7731A98F47AFB7B9A97060538F2F9,8A54016E831A8D3D88CC348AEC64E05FFAF9CDD21699FFACC8FFD102CC639860,D696BBFA42DD1A840708B9C42E824036862ED17D538B2B47551641D8145854DB,HASH_VERIFIED_DESCRIPTIVE_MEASUREMENT
ODCR-D696,D01,442,14.025961602889014,0.6811331150941969,779CF181E6EA14D639C1CE68575B07632E78F8C5E5E599461181723C1974157C,A972B984E837BCFF50EB8D6E1E4B4E6F9F981F4144EE8F4E7282288E4D558E72,C8E564464AF1923C8AC4A113F00C2DB2AD012A19AE8CC5317EE1CB72E832AA64,D696BBFA42DD1A840708B9C42E824036862ED17D538B2B47551641D8145854DB,HASH_VERIFIED_DESCRIPTIVE_MEASUREMENT
ODCR-D696,D01,443,19.795392318754544,0.7952692337395071,164EA48C02B0C706CE69BDEFA128FC2770B7D65ECBC9FE4BD118DFB8E4B659B6,A972B984E837BCFF50EB8D6E1E4B4E6F9F981F4144EE8F4E7282288E4D558E72,DC537E3221B8907F359FE9C71AB6B2FF787E0444C282AB4DEE4C7CA213BAE793,D696BBFA42DD1A840708B9C42E824036862ED17D538B2B47551641D8145854DB,HASH_VERIFIED_DESCRIPTIVE_MEASUREMENT
ODCR-D696,D01,445,17.270521995670848,0.7468535472823001,B398DA1BBF3088529BE4CAE3771DA74D1ECE2C6E4C999FE8485510EC9B209782,A972B984E837BCFF50EB8D6E1E4B4E6F9F981F4144EE8F4E7282288E4D558E72,765D8B8DF3BA7EF9E26C24070859E229C0004834EBB18C89A0D923C026D531FA,D696BBFA42DD1A840708B9C42E824036862ED17D538B2B47551641D8145854DB,HASH_VERIFIED_DESCRIPTIVE_MEASUREMENT
ODCR-D696,D01,448,15.180470721682289,0.7107544437885532,8340306361BE9FCF48B4298E2F9FF9F49974552256643FD13E4DF8B212A54702,A972B984E837BCFF50EB8D6E1E4B4E6F9F981F4144EE8F4E7282288E4D558E72,1E8312A61980847C9576C1C2758DD93A3B7BC7D3F8442669A35A15478B710320,D696BBFA42DD1A840708B9C42E824036862ED17D538B2B47551641D8145854DB,HASH_VERIFIED_DESCRIPTIVE_MEASUREMENT
ODCR-D696,D01,454,19.656187412603245,0.8559986343887345,D919E134CF5B0503FBBED839CF5E74D5C9C6F9355DF8F6467940AA4A02694520,2F6057F547522670799D6BD8BD43E56A443FA584FD8C89AFFB12C2A69B7DDC9A,341E1AD774F3516C60DED088B80FCC7E34C933A90EAF65335105867A08FBA869,D696BBFA42DD1A840708B9C42E824036862ED17D538B2B47551641D8145854DB,HASH_VERIFIED_DESCRIPTIVE_MEASUREMENT
ODCR-D696,D01,458,15.879551611197154,0.8088542973519948,FA985F914D062B5CAE56FAF4274BD9CF40B01C5D038ED0F5AF50F66EB3DFCDD0,2F6057F547522670799D6BD8BD43E56A443FA584FD8C89AFFB12C2A69B7DDC9A,ABD064A56D8374CE845438E11953211484BDB141403AB80B9994EC960A802519,D696BBFA42DD1A840708B9C42E824036862ED17D538B2B47551641D8145854DB,HASH_VERIFIED_DESCRIPTIVE_MEASUREMENT
ODCR-D696,D01,459,15.213957948814592,0.797409300131987,0A35EDCA25410E12FF7A14E04F5530E03B11D84CC0F80FABA25829E6C33FE0F6,2F6057F547522670799D6BD8BD43E56A443FA584FD8C89AFFB12C2A69B7DDC9A,A60255A35F3C74A78CC06536AA7047D97F118A0EFDA47FA671C93C9C8FA6FCF2,D696BBFA42DD1A840708B9C42E824036862ED17D538B2B47551641D8145854DB,HASH_VERIFIED_DESCRIPTIVE_MEASUREMENT
ODCR-D696,D01,460,14.619568799355601,0.786288166437311,D8B807FBFBA671828AF7830C77A5982370CFEF6688D93BB02CD4C580379D01DF,2F6057F547522670799D6BD8BD43E56A443FA584FD8C89AFFB12C2A69B7DDC9A,3EC29037B600984D9A0411A7F7915C65FE3A0805F2629040976BD2957922125A,D696BBFA42DD1A840708B9C42E824036862ED17D538B2B47551641D8145854DB,HASH_VERIFIED_DESCRIPTIVE_MEASUREMENT
ODCR-D696,D01,462,14.9334147727476,0.7843989626986358,59DAFE2CD5DAE5D3A5AF672AD436C8C38CDDEA0C3A19DD3220DC9C486E15E18C,25DBAAEC9AAE83C6EE2DD234375B827F969A6A417015DFE96BFD753E1154F30D,E3ACCD76C9C64DF09AABA31548F2A7B08BF88BBDA039FADEA96738C3858D476D,D696BBFA42DD1A840708B9C42E824036862ED17D538B2B47551641D8145854DB,HASH_VERIFIED_DESCRIPTIVE_MEASUREMENT
ODCR-D696,D01,464,20.14369189668081,0.8624872363573791,4D21D668716682655B074338DFBCF5411937A4D78BAC1BF2A6E5191A368291D2,25DBAAEC9AAE83C6EE2DD234375B827F969A6A417015DFE96BFD753E1154F30D,6DDC6AFCC1CB2AED470C1DEAC8ADE78AC6AB9B194B28F6047837C9CE4DC2BCAA,D696BBFA42DD1A840708B9C42E824036862ED17D538B2B47551641D8145854DB,HASH_VERIFIED_DESCRIPTIVE_MEASUREMENT
ODCR-D696,D01,469,16.02585413947186,0.8084634312800549,B9D01D876BB0902417A5E6FE730F04B0EC88F6741AE88BB2AA5BD4FCC6DEEACE,25DBAAEC9AAE83C6EE2DD234375B827F969A6A417015DFE96BFD753E1154F30D,55EE780DA6C11531F4603847BD0DA905F8214933A72A7C8B4333E0943265CD63,D696BBFA42DD1A840708B9C42E824036862ED17D538B2B47551641D8145854DB,HASH_VERIFIED_DESCRIPTIVE_MEASUREMENT
ODCR-D696,D01,470,15.470159670105907,0.7970555727269663,4CE55F50CE8D93503D8CE5F24B764DF22F8E74816F79E984A68D6682C69BB2A1,25DBAAEC9AAE83C6EE2DD234375B827F969A6A417015DFE96BFD753E1154F30D,10EDA2315C15320CBBD74881813ADD7C4C4C454BB0E80A84C1B4A80D64FF7AC0,D696BBFA42DD1A840708B9C42E824036862ED17D538B2B47551641D8145854DB,HASH_VERIFIED_DESCRIPTIVE_MEASUREMENT
ODCR-D696,D01,472,13.885233414909056,0.7465219257089627,8952DD9CCA707EC922B685415D8F08D26C250B6368F9411AC0C4E2232B64CEC6,031E6C7A2B62F744E1E24CF53F8736F1AF54B3A2E0E196EFC970FD808199ADA1,BD9AA5E768214B67713BAC7B4E23AE7C25D3D1C656DAD2C768637201F28A988C,D696BBFA42DD1A840708B9C42E824036862ED17D538B2B47551641D8145854DB,HASH_VERIFIED_DESCRIPTIVE_MEASUREMENT
ODCR-D696,D01,478,15.695492214394802,0.7875800941959986,124D86F2A825222AFB49D4E98D3CA1DFDA13D47D3295445DD0509873B0B5BD4B,031E6C7A2B62F744E1E24CF53F8736F1AF54B3A2E0E196EFC970FD808199ADA1,98439E2003C8629533155A0729666FE8E5CE1E0DD1920EDF74170B4BAF343ADA,D696BBFA42DD1A840708B9C42E824036862ED17D538B2B47551641D8145854DB,HASH_VERIFIED_DESCRIPTIVE_MEASUREMENT
ODCR-D696,D01,479,15.040352326125216,0.7734545295679531,47AB2C00EF693E013E33F6A66BB377B015781F1879462EB1FD2D53A91FAED96F,031E6C7A2B62F744E1E24CF53F8736F1AF54B3A2E0E196EFC970FD808199ADA1,CC415F08B9B41783762950281ECABBD2C0A3F67DA4772699C452E2B331951EC1,D696BBFA42DD1A840708B9C42E824036862ED17D538B2B47551641D8145854DB,HASH_VERIFIED_DESCRIPTIVE_MEASUREMENT
ODCR-D696,D01,480,14.444551568267274,0.7592028000210322,17C9F866F724B31C573FABEC18932403D56861A274D8DD3545BDC0F691D5BA65,031E6C7A2B62F744E1E24CF53F8736F1AF54B3A2E0E196EFC970FD808199ADA1,2067083C8D2812F1E31EDD7270EC46173EE7293BDEC4A0C74BD430CEA1E91DC3,D696BBFA42DD1A840708B9C42E824036862ED17D538B2B47551641D8145854DB,HASH_VERIFIED_DESCRIPTIVE_MEASUREMENT
ODCR-D696,D01,482,14.74874885113511,0.7589595842490825,F0E8A208E9167F03CFAD3DDE60AD98EAABDEEF9B91F9A0E130055EFC9E7D9A46,04E0D4A4C5D4B7BDF18A97EE9EFF05D4D30DED9E5E199DAA715A2C7615A5485D,1437173B5365F86ADEBCEBF537301FCBC030B5739924436EDDDF37D939354CD3,D696BBFA42DD1A840708B9C42E824036862ED17D538B2B47551641D8145854DB,HASH_VERIFIED_DESCRIPTIVE_MEASUREMENT
ODCR-D696,D01,485,19.548020539836937,0.8313728510173374,A9638965E397D30F6ABEEEB49760F25F05204ABDE44881DA3AABA9437292E8B5,04E0D4A4C5D4B7BDF18A97EE9EFF05D4D30DED9E5E199DAA715A2C7615A5485D,3C67141A512651C9408B6903DF95DB5C11483F683F25CCABDB3E202C6BF17EDE,D696BBFA42DD1A840708B9C42E824036862ED17D538B2B47551641D8145854DB,HASH_VERIFIED_DESCRIPTIVE_MEASUREMENT
ODCR-D696,D01,487,17.70030177112612,0.8112632936575843,4D2BA0C64CF6B38C44B39E786AC3E9AAAE9AA5775F3E546C11AD88A4B589748F,04E0D4A4C5D4B7BDF18A97EE9EFF05D4D30DED9E5E199DAA715A2C7615A5485D,FA866D14BD39AF241B006B8F0C2567410C1155A03B9F6A8F87395BEC60129895,D696BBFA42DD1A840708B9C42E824036862ED17D538B2B47551641D8145854DB,HASH_VERIFIED_DESCRIPTIVE_MEASUREMENT
ODCR-D696,D01,490,15.398183375606965,0.7722981064016555,A5F60E7BC09067C62881EBD56A4D1283E64D8BBAC5DCC77639B7EB8CC08E2B16,04E0D4A4C5D4B7BDF18A97EE9EFF05D4D30DED9E5E199DAA715A2C7615A5485D,E0E1E52CBB1DEF87765B3BA8C3954D98819653774ADB9E9B402001A8F8E7E882,D696BBFA42DD1A840708B9C42E824036862ED17D538B2B47551641D8145854DB,HASH_VERIFIED_DESCRIPTIVE_MEASUREMENT
ODCR-D696,D01,493,21.443508422081194,0.8537640371727818,2A40BE31E7A05E3A3249B7F4571FCF0A587F02613980531DCE0FE65DF26DDECF,D5C022E56C5FB20600D5981BBC20F4014E785056C8ED332BB6149560CDE63AFD,98BCD22E666786D477272BCEAF5CDE929667F49BECA8539C7753F53D916EC364,D696BBFA42DD1A840708B9C42E824036862ED17D538B2B47551641D8145854DB,HASH_VERIFIED_DESCRIPTIVE_MEASUREMENT
ODCR-D696,D01,494,20.329831117298298,0.8455487774323268,0EDFB39790614271817C079C02DDBF400D590F88376A4AC43C797DDBACC4A894,D5C022E56C5FB20600D5981BBC20F4014E785056C8ED332BB6149560CDE63AFD,99D88A7E59DAD7B9D6FD7150749143DC9689FC9E6E0D5E50B0BEAEF451BED3E6,D696BBFA42DD1A840708B9C42E824036862ED17D538B2B47551641D8145854DB,HASH_VERIFIED_DESCRIPTIVE_MEASUREMENT
ODCR-D696,D01,497,17.51685156488849,0.8162467473986922,B25252462A3271FE6FA4657C9B8006D3DBD3FEF8F58C831131D808C31EDE6107,D5C022E56C5FB20600D5981BBC20F4014E785056C8ED332BB6149560CDE63AFD,C4FD630FF159FF479F7D01ED470D37AE0BE1B29611CC8425C8E577DC6A18FD3B,D696BBFA42DD1A840708B9C42E824036862ED17D538B2B47551641D8145854DB,HASH_VERIFIED_DESCRIPTIVE_MEASUREMENT
ODCR-D696,D01,499,16.006742158721252,0.7943145251282359,751E537B8E2FD09D26D855091F695F071CF07AD3EE70B1C16898519B287F0EAD,D5C022E56C5FB20600D5981BBC20F4014E785056C8ED332BB6149560CDE63AFD,F59FFBE269FB0105DD9AE0D72290D885FB275F9701F938375B1741242B53ABBB,D696BBFA42DD1A840708B9C42E824036862ED17D538B2B47551641D8145854DB,HASH_VERIFIED_DESCRIPTIVE_MEASUREMENT
ODCR-D696,D02,4,24.38510339436837,0.9522391114816603,0D19F9075B62DAE2A8DBDAC512F35FE61C14B7B929833B0C8BD8FCAFB654E3B3,91C5CFBBD6614799E257334A286235C565F7C15F8B64E0699A433EC5AFC08972,5F7B8B5D2D78386A636E4C95623F958B0D10487686FC2417345FE6D3DB21EC1B,D696BBFA42DD1A840708B9C42E824036862ED17D538B2B47551641D8145854DB,HASH_VERIFIED_DESCRIPTIVE_MEASUREMENT
ODCR-D696,D02,12,23.508332169838916,0.8912234651762295,FFB9B34B040E62E543957AA2D5512F60A15DE78D04980EA82D58D982B95F8905,100E3E2CA46EAFFEF756E8C2F4FEB202BD1FBECBF4654972AFD507E72EF48FCA,91536E7E8AAE4606E54A748B5AD787353CCD43A14D933C0110E8354ADD6690D8,D696BBFA42DD1A840708B9C42E824036862ED17D538B2B47551641D8145854DB,HASH_VERIFIED_DESCRIPTIVE_MEASUREMENT
ODCR-D696,D02,13,24.674944744290812,0.9459587511010789,874E4EFE3C978F88345249565E78344613DEE0E96CE6EE2FD1F2844B62F9C1FA,3D2A445577F67ADA2C0801493D162CEADC1D3B050865E075700338A8E558FF75,E9C2C9BF032E324C25DFEF7938026AA2BC0AEE9000E61785E49F15432354DA57,D696BBFA42DD1A840708B9C42E824036862ED17D538B2B47551641D8145854DB,HASH_VERIFIED_DESCRIPTIVE_MEASUREMENT
ODCR-D696,D02,16,17.321258216545807,0.8680404315741512,363254E1FA4D863E049D71FB22CABCFBA48E65517C33C5D81C44F40EAA204F65,5D4CA9FBD22B07147A0ED000B45B69857D92BD84009CEB688A5586265BE78A82,5D8AF269FD6DD693E506E881700B9289189F66408177D223DE2B553E54AB365A,D696BBFA42DD1A840708B9C42E824036862ED17D538B2B47551641D8145854DB,HASH_VERIFIED_DESCRIPTIVE_MEASUREMENT
ODCR-D696,D02,18,26.861578760054332,0.8414121114382156,870D2A72269249557119BB9685F2CE8BE7E440646D89F021D0C969194A8C11AD,10E3155BC38546B659D7AB25FB0061F405E6A32250CC7034D62924E2EB1DDC3A,80F3068CDDD66FFC7EA573EFD901382C90F595015ED1081F97BEFEAC672AF993,D696BBFA42DD1A840708B9C42E824036862ED17D538B2B47551641D8145854DB,HASH_VERIFIED_DESCRIPTIVE_MEASUREMENT
ODCR-D696,D02,20,25.102741629492044,0.9418670006867803,CBEAAA3E1776B33196CD43F2801F16BDA9D50B94E467522365CA8C09364EEE51,F9A75E82285B671F22FACC6076EDE95C558CCCE580C1186EC53FCC654B5E6FF6,4B491AE6F7232AD7884EE8A6977FA920F2569F69D71B3B35F72A08802F467138,D696BBFA42DD1A840708B9C42E824036862ED17D538B2B47551641D8145854DB,HASH_VERIFIED_DESCRIPTIVE_MEASUREMENT
ODCR-D696,D02,27,24.793383856906033,0.9617518806149574,513F4A67FA03FA537D9D90FE0C23FBF93B95A89C76318AE39A70FC80DA1C2DA2,B35AA9ECE5877FFB542DAB488675309D7147951926F547470273BABEEC170C3F,C262625D72AFF3D6A03D03EA2C44D2018B491A24A73F85ABCF96E059C414C010,D696BBFA42DD1A840708B9C42E824036862ED17D538B2B47551641D8145854DB,HASH_VERIFIED_DESCRIPTIVE_MEASUREMENT
ODCR-D696,D02,28,24.190679260632,0.9276823591995024,F7142CBD00CF59CA3F13D03613D784EBBFB3CBE15453487EE3CC9A1CA4BD8C7C,673134C3ACAB65861F1A2CE11D6201A152D83B96DA045A95CB8FC2CA5AA6DBAA,0EC6358B117DC153FE4DC7C39AE49C400AB3F725BAF2A798A8F5D7F4D428313C,D696BBFA42DD1A840708B9C42E824036862ED17D538B2B47551641D8145854DB,HASH_VERIFIED_DESCRIPTIVE_MEASUREMENT
ODCR-D696,D02,30,25.1846605184182,0.903057848854179,8A6AC4CD41DAEED67582DB1D57553A7C2D0C18DBA781CBE17EA485C86D5C8429,21254A8D8D99153589C52B5B694F42A1EF182C82EB1D9EC4550A9B496A55E096,9832B4BDCBF054A70568D1C5BA7C9A522218B1CE34E4E05804128423672FCCD4,D696BBFA42DD1A840708B9C42E824036862ED17D538B2B47551641D8145854DB,HASH_VERIFIED_DESCRIPTIVE_MEASUREMENT
ODCR-D696,D02,35,20.549440574902476,0.8720740563791863,CC7E039549A650FA8AD448DF27FBBA6D9ED3A640377AE22D280FB971562CD772,CDE6A8E6D0C9A1CCDB30643A7C962619C7C35AD89DCF0F57988F0C118D572515,0DEC22886B8222EA519845961F30A8E25011BF4F9254FF70E70C32DAE0536D46,D696BBFA42DD1A840708B9C42E824036862ED17D538B2B47551641D8145854DB,HASH_VERIFIED_DESCRIPTIVE_MEASUREMENT
ODCR-D696,D02,36,23.95224095636168,0.9167373766439687,A1F1D1E018CA8C86E161C36AB0783AB18EDAF2F9BA19ACE6F9DE895D5E38B326,C2239A5A47FF5B7890FCC7CE2B79C0A3666206EB8772E09F8D8DFE8946EAA629,4A723E0C5576E65EEB907D5283823E7E61D5FCD472B4F42643D3C3993BC787E1,D696BBFA42DD1A840708B9C42E824036862ED17D538B2B47551641D8145854DB,HASH_VERIFIED_DESCRIPTIVE_MEASUREMENT
ODCR-D696,D02,40,19.72665252004759,0.8813785758250826,08C9DB4E010FB168224AD3AA317E7577EFA5D7891263C849425FF1856079368A,3AF92FD2C92659367D9E4A94F867D6D816B972EABCC7C03CAE1593B77BA7D542,02A9CE15AC6249E3EE87F77884F76781370743D9EA3C00BC28E52E73E6ED0341,D696BBFA42DD1A840708B9C42E824036862ED17D538B2B47551641D8145854DB,HASH_VERIFIED_DESCRIPTIVE_MEASUREMENT
ODCR-D696,D02,41,20.73354145651255,0.9371820318103893,A56B84461FCB0E26C4803F08E3A1CB9D48B3E546BE4176DE1F2B90637B50AD9E,5C6E32D118F684CCE9B3EEDCCACF97AD8369AD96EC877721CF2D450B10F57FEF,883BFA8910F0F42DD27A6BBD30394BAADBD27CFDE146B84D272804BC38380935,D696BBFA42DD1A840708B9C42E824036862ED17D538B2B47551641D8145854DB,HASH_VERIFIED_DESCRIPTIVE_MEASUREMENT
ODCR-D696,D02,42,20.012250194108255,0.8622191911840966,ACEBE5F88BEE1979E8A5874156CE201D3E56BCADB0C2413460A5F40558EBE230,7A82994824F80E7B607179BA86BC13DFF643F7585E440B278F1135B1765A45F0,1DC2E396CE85D06F38F4D8D29E52A9E781D8FF9752C0E933F93944EB1335BE21,D696BBFA42DD1A840708B9C42E824036862ED17D538B2B47551641D8145854DB,HASH_VERIFIED_DESCRIPTIVE_MEASUREMENT
ODCR-D696,D02,45,19.887023718947727,0.835655550795031,3EA29BA3D97AA3FAC564EFA20CA428068DBA2936F1E896EBC8876A86B10DB2BE,965F32512E69EBCD04FBA4AEA23298FBEC1858B8B6D5372CFCC534A24120F2D9,589855960E158AC8CC62AA704829645E1D0BF8FF9DDFCE1EB182A4DCD6FE3CE9,D696BBFA42DD1A840708B9C42E824036862ED17D538B2B47551641D8145854DB,HASH_VERIFIED_DESCRIPTIVE_MEASUREMENT
ODCR-D696,D02,52,27.059350802333626,0.9392249114551307,119DA83D9562396E1575FCC19F59E4D1D49E394228A52E59546367CD8862A089,EA8D0C71C193E6400C92A6287E68ACEA4B379FC8B8D387FB32EB86BD0B0AE7C4,A0C37B6A1F139146CB7CB26F6271DDC56ECC0042D9A6EA88042EAA6625CAAD87,D696BBFA42DD1A840708B9C42E824036862ED17D538B2B47551641D8145854DB,HASH_VERIFIED_DESCRIPTIVE_MEASUREMENT
ODCR-D696,D02,57,23.85546211475367,0.8568971532868636,B13C36B7276B4E9943A7930DE0D62A3E4B0A27B83E7C93811FBAFA61FC4B43BC,A1B54466CA4B1DD74B303EB0C0EA500565A09684B45BE857A6FABC12C35D0165,7FEF2FB50367A20C1205F039E78C48195D9F6DAB48EB5EC55EA81F81E334DB87,D696BBFA42DD1A840708B9C42E824036862ED17D538B2B47551641D8145854DB,HASH_VERIFIED_DESCRIPTIVE_MEASUREMENT
ODCR-D696,D02,63,20.282173156610867,0.9206020219054651,1E9DD28112A3643D801098BBF0D47974837BFD9B45CA7B034EC54D9E1192D6FC,ABAC2D576DABFC8A8778C0346E17CD25448B6F6D9FD5E9E2FBB327AE609A0F87,C0C7EBD3939742ED3DE8D597BB4F7047FFCE65C9CE5D7AFD4C97D8149B950305,D696BBFA42DD1A840708B9C42E824036862ED17D538B2B47551641D8145854DB,HASH_VERIFIED_DESCRIPTIVE_MEASUREMENT
ODCR-D696,D02,66,21.788583213214217,0.9147062637710519,FB29818914700754D22A7EB58AA471FCB8ACF3CF327A199609768A2E29E9BA50,7967A4FDBA549BD2EDB1D505D57900C924F1D5145D927BE0A6E7C1E5D8CACF13,8299E2815B94E4CEB9F06C2B1F502A90A9F7CA114E24862CC5931565D14A6721,D696BBFA42DD1A840708B9C42E824036862ED17D538B2B47551641D8145854DB,HASH_VERIFIED_DESCRIPTIVE_MEASUREMENT
ODCR-D696,D02,70,25.017691344826673,0.930425193577515,38EE67CD0B33307503F0EA6F31BDFBA21A059A16B9A795FE6DBCC0D5E8128039,1377547965898DFE500A6C4F206053E2B717936E2116D8E5EC35FDBAE3179F41,2724EC20FFB0CEE1CB8BC1E08FA4D5A5400B37E8E161E98059BF12C5FBE1CDF8,D696BBFA42DD1A840708B9C42E824036862ED17D538B2B47551641D8145854DB,HASH_VERIFIED_DESCRIPTIVE_MEASUREMENT
ODCR-D696,D02,71,24.03348540082131,0.8901285774150717,3E2D4527F9D332719A7650C10873E1A4A900EA240C709999D2FB065114D6A358,D671B41B8932CF3C4B9E3C426FDDBB5629CC10CF9C95613C5AAAECE9B91E80A1,13ED3E77145E43446D4D732A02FC26657DB77DE586BD45341DAE292204F42F38,D696BBFA42DD1A840708B9C42E824036862ED17D538B2B47551641D8145854DB,HASH_VERIFIED_DESCRIPTIVE_MEASUREMENT
ODCR-D696,D02,73,19.793741165628308,0.8866483611909134,5AFB34AC98CCD939A677B822E5FF9AADC0CA91272676FE4723DD053277343126,D2ECEC90ACFA6C2269F3C0936D08ABD9BD47F4275DDF6E2789FA973039830FF6,FADDEF0E8944564176FA7F8273647DB5CC6A2E40014F103FC29725604F7D8992,D696BBFA42DD1A840708B9C42E824036862ED17D538B2B47551641D8145854DB,HASH_VERIFIED_DESCRIPTIVE_MEASUREMENT
ODCR-D696,D02,77,22.744630170776382,0.9165258657066998,80F1827877C1AF461FD1AEB2D568139EF8B35807FFD903A0A7B03B806C92F795,00E629A575C9A2BB296EC62748C669499C21EDD99385D86AEFB704F5DA56E8E7,C88C643782304E443D369F3E55E9D9EC5D2F1E4ECF90BFD10F1A4D745128F803,D696BBFA42DD1A840708B9C42E824036862ED17D538B2B47551641D8145854DB,HASH_VERIFIED_DESCRIPTIVE_MEASUREMENT
ODCR-D696,D02,84,27.436871187769796,0.9312926141582647,D54B74E33C22A6D08C89DD9A738D132894EC6A54ED71796E1EF3F802B2363991,AD68A23DF057187D7E136AD3CD1C19914B26CE06C843C80BEE244CAA5E7C7BAF,E39FD25BD4FE651FD4D0B6FE42255101FCCA71F5A593503802F110B30239D275,D696BBFA42DD1A840708B9C42E824036862ED17D538B2B47551641D8145854DB,HASH_VERIFIED_DESCRIPTIVE_MEASUREMENT
ODCR-D696,D02,93,27.685274755708853,0.9557285509845226,373CDA6C6D7B50EE41375E1BC8FE316392CBDE4BF663BF6226A3B61E830E4CDE,F94B6A54971226F1BB7A55F76A30509D8C25524E5D09D5152E470D15340AD6DF,3AE6F898D45A8EAE57C51C622BFB2C3AE026588C637E7995CB2E072AA53D4943,D696BBFA42DD1A840708B9C42E824036862ED17D538B2B47551641D8145854DB,HASH_VERIFIED_DESCRIPTIVE_MEASUREMENT
ODCR-D696,D02,97,27.40337699648441,0.9366107286314289,EE592A267D7A4874B696C94F7F333BD4105DFE48952C33817BA9A99E5D97AA34,569399437F74BD5EF7931CB6F37A8796565DA083AC4B2123546AF1BBAF80EA94,659F3FA0C93F03A2C9B8A44B548BBBD4FF1D449FA1A33E974C613A8E6B7F7E79,D696BBFA42DD1A840708B9C42E824036862ED17D538B2B47551641D8145854DB,HASH_VERIFIED_DESCRIPTIVE_MEASUREMENT
ODCR-D696,D02,100,19.69197103093364,0.8846339939710465,F1E72428753AE2FA344372C655E7A7492071FFA2C048519BF7B78D03BB159D57,74CA63431126D94F247E5460657D5DCEE95691899C4B61F24F4A4329DBD5D778,E39431CC57D59ECF9E88AB3A078A1120FF7A657BBA10EAE170AB7B407BA9FD50,D696BBFA42DD1A840708B9C42E824036862ED17D538B2B47551641D8145854DB,HASH_VERIFIED_DESCRIPTIVE_MEASUREMENT
ODCR-D696,D02,101,21.73105304890036,0.9347401314068788,189121F9556802AF1552F40C4B1CC69F90334D4647B89F2694DA8B5CD396C861,62E78758ABF97E6E32778C518579EC0D558ACC05BD1E3CA4D5B0B8FEB12D2321,36922A10B483B22296D9CC60506736B71AA941CDEFC2D7A68C03817AF9BD078B,D696BBFA42DD1A840708B9C42E824036862ED17D538B2B47551641D8145854DB,HASH_VERIFIED_DESCRIPTIVE_MEASUREMENT
ODCR-D696,D02,102,28.31603907669612,0.952142930165547,07991AB575134A0C4F0340A9DBC25F27519618AC1BA0032ED6944FA765C9938E,36F74875E7F1B20A7F0A653AB5A29E78DCB808C257F9E35687912E79883E5F31,BC077217D84848A8DFB3F9A044659E830C6ED1484F5BC9A275D3F8B4540D6A80,D696BBFA42DD1A840708B9C42E824036862ED17D538B2B47551641D8145854DB,HASH_VERIFIED_DESCRIPTIVE_MEASUREMENT
ODCR-D696,D02,103,22.17298068917262,0.9265520674284654,15D051F175D5BCBAAF756E88A2DC6584467BDE28C30247D1F6DCD03ACF5A5960,66C76449EAFD2653A2430E261C948D3448A796CDC2FB03E6844172A830E4172F,16E2B221DFC75037964A86556F90624A0C2D47E8153F191504424775DEF6692D,D696BBFA42DD1A840708B9C42E824036862ED17D538B2B47551641D8145854DB,HASH_VERIFIED_DESCRIPTIVE_MEASUREMENT
ODCR-D696,D02,107,25.76548177375016,0.943795409589971,55CFEAF411ABE9870455F8E93A6F30D3B72942FB00F8A0B4E11CF6178EE1DF7B,3F567C7CD8EB33B56CB9F0EE5E15207D1C5390FBF6676C0F57DCAA131BEFABDF,AB2AD99AF776CDDDE78DED9052DFAEA30BE7871E7797679DC5A7B934B8C0EFC7,D696BBFA42DD1A840708B9C42E824036862ED17D538B2B47551641D8145854DB,HASH_VERIFIED_DESCRIPTIVE_MEASUREMENT
ODCR-D696,D02,109,24.755843393695063,0.8979678394878082,367AFCF4D16BDE58340E7BF84A0E385FD0CF2AA00E43AD88F457E7472AA7F4DD,D0E13335A91A73031E39F31B92409108CE929C74B31D7E2A8304211F4EC7C6B0,12D1EDCB2975A0C8D1B49501B8C7A8D03C64143C2C3DD5B7C42B5C6A5C0A6DAD,D696BBFA42DD1A840708B9C42E824036862ED17D538B2B47551641D8145854DB,HASH_VERIFIED_DESCRIPTIVE_MEASUREMENT
ODCR-D696,D02,110,21.607222666425578,0.8819744208495811,BCCBE97F149169BA2B135386AAFEDB7DD9D8BD415F2B8B12770BF1438555DD51,3F6FD0A90D7AE210DF011BE27F53B346D7B36953B2C9220230C1E5C326E6D025,F082BDFF1F5CA7375DCE6DE71A9D01D87F2772BEEDC397AECF2725D83B38B255,D696BBFA42DD1A840708B9C42E824036862ED17D538B2B47551641D8145854DB,HASH_VERIFIED_DESCRIPTIVE_MEASUREMENT
ODCR-D696,D02,111,18.884102363779196,0.8802751605724658,7F7872905FDD958BCA83183E0123794A472126A8ECFC19CE5A22550F6984447E,E1CCFB15A5E0034EA541429667FA6C6CF2A2717CC56C21A5B78593CD9464633F,AAD1E2E20F9C59B389B855CF1AFDF6EE1AC026B3A371B48D7BF096DDC7709218,D696BBFA42DD1A840708B9C42E824036862ED17D538B2B47551641D8145854DB,HASH_VERIFIED_DESCRIPTIVE_MEASUREMENT
ODCR-D696,D02,115,26.98056486840455,0.9447630131909994,AECBE0351C120B3E4E9BE6EA3BA7B417A6E8FD4C05A61A799A06DFDDF064567D,8EBD96FCFA8FAE12C6C0712DC4A2163F4F57DC9BB753CB5444DC23FB12158BD5,362F4D02157193CD6F0FD583C6ECF36E63EEA8B2B84992EDD515D28A09F58A05,D696BBFA42DD1A840708B9C42E824036862ED17D538B2B47551641D8145854DB,HASH_VERIFIED_DESCRIPTIVE_MEASUREMENT
ODCR-D696,D02,117,22.294278417485472,0.9061824446532524,F1E4191476D21711528BF823B4A82D4E9783A758C09273CB714A588E2EC45F50,13E2449079462C4E03E6527E3B0635EC6B89475BB105C090743FA9DE6D785D6F,45750E0CCE6AF47901339ECA320C7CC64AAA3A577960EE773121A67074D738D4,D696BBFA42DD1A840708B9C42E824036862ED17D538B2B47551641D8145854DB,HASH_VERIFIED_DESCRIPTIVE_MEASUREMENT
ODCR-D696,D02,118,22.68435910529897,0.9261997289757443,145CBF099E68477D7D0A0C37AB4EAF0F95D5BF3E584840ECF57252FE3A04E071,DD3A3535E952420650B68073804A79ADBDB6C5435E84B6CC4783A109F00835AD,873FBCCCAF8AF111893EC284065CE1B9E16A2089B8BA45B033598C2250F9887E,D696BBFA42DD1A840708B9C42E824036862ED17D538B2B47551641D8145854DB,HASH_VERIFIED_DESCRIPTIVE_MEASUREMENT
ODCR-D696,D02,119,25.887526881340165,0.9435889894068582,8B3208EFD9A7FD61B1783891CC79EA60F3E073F928AAADCC3C3DA27566EC93FF,D5BA2521EB3CB8A8E5D9ADE6E55BF743A18F1574BA0450147773F521E9E61D21,DD3E409E7240828ECC75BE4310726711FAB55291DDAA3AB3D8748503270DD745,D696BBFA42DD1A840708B9C42E824036862ED17D538B2B47551641D8145854DB,HASH_VERIFIED_DESCRIPTIVE_MEASUREMENT
ODCR-D696,D02,122,24.240595761318616,0.9088494044187808,0DF6B3BF210A05D3DB5DF0F44267BF47E1E398A8ADF78529BC697C4265BAAF4A,F6D774F536C963CBEB95D98579AADB3217C54407AAD819F0A898C087736001A4,BF3FBB2A07864463762C9C69C2E2C20A24CFDD08339A0B40598A0C783350D9BD,D696BBFA42DD1A840708B9C42E824036862ED17D538B2B47551641D8145854DB,HASH_VERIFIED_DESCRIPTIVE_MEASUREMENT
ODCR-D696,D02,123,17.23420590599957,0.8189945693486318,CFE44596831B9D21E48409F43B0E2AD1B21D56DC416B833356CC1223C6BD90D9,E9A378A069876A8593C5EBC560D3BE0D088BF17BF3D15B837E0CBBA4DD9DBFFC,54C7F91AC18D6AB74DF75071EEA7AD35660217518A8646C43FE55F1BF943AFF0,D696BBFA42DD1A840708B9C42E824036862ED17D538B2B47551641D8145854DB,HASH_VERIFIED_DESCRIPTIVE_MEASUREMENT
ODCR-D696,D02,133,21.104364553350955,0.8713775051568314,3A91917C7C24F1AE0047B21211E787D9ACF713FCA87EA387FD251D2557484228,7E8C30F458295802C0F340B76E5477EA68E0740964CB240067C1FE3241FAF1CF,187D8562D8A976A0B47623C718FE42AD543548A979193755801A92F64669CAC7,D696BBFA42DD1A840708B9C42E824036862ED17D538B2B47551641D8145854DB,HASH_VERIFIED_DESCRIPTIVE_MEASUREMENT
ODCR-D696,D02,134,23.53129528705885,0.9420971857403768,F616B83024BD217C0758144084C202C406792A958276EF244328085519871147,EEA4A67AA8CE0DD616AFFA10CD9DFFC10D243BB0DDEDF5209834C4F4484F3D6C,61CA5DDC20B758B6E4EB181AF62523C7F6824ED46E21C93AEF90E9448AA7D81B,D696BBFA42DD1A840708B9C42E824036862ED17D538B2B47551641D8145854DB,HASH_VERIFIED_DESCRIPTIVE_MEASUREMENT
ODCR-D696,D02,137,21.25347362018679,0.9093877335845946,14939E9D824DC708EEE4CDF2DA6045CF30917068711515AD2925B6F089DA3926,2AE3D92490E31BC9773B24CBCABDC5AE962D642A454E843D08E5C623C1460882,2A85EEB0F3E8235C136EFA142533B3D722F9F553BC578460436CAE9351FCDF52,D696BBFA42DD1A840708B9C42E824036862ED17D538B2B47551641D8145854DB,HASH_VERIFIED_DESCRIPTIVE_MEASUREMENT
ODCR-D696,D02,139,23.295448470656833,0.9034829218421846,49ADA147856B8FF25E0D832D1030184F3A0AD70E5587389B8E1439FD8D8CC199,14BE732434C4D7618A404A15DE814AB75A88DE61765EB585376BBAB1C829306E,69831D5C9975F50EC1EC6A4A4AF41A45EEEDF32E70FD4F81BE5EB4FEE4F84B45,D696BBFA42DD1A840708B9C42E824036862ED17D538B2B47551641D8145854DB,HASH_VERIFIED_DESCRIPTIVE_MEASUREMENT
ODCR-D696,D02,140,24.057957616372416,0.9391922648819623,7F6D015699B267BAF74E27B3FB1D363277AE320FADAA7AE06A02CA320F4F1A27,F9039B3D6DAEB8A064BAF1D9711B56BE8EFAF8E2341009E07F7397E45D3CD97D,0C5E7D5953FD946EDF895612894D98347BA4F8337D6A90347E8C3630BC4023E4,D696BBFA42DD1A840708B9C42E824036862ED17D538B2B47551641D8145854DB,HASH_VERIFIED_DESCRIPTIVE_MEASUREMENT
ODCR-D696,D02,141,24.053049063443666,0.9183160639456754,BEEF91DAF58AE0A0F0AF6B70072718456E061ACE48C044000ECED48C48198EEB,C00869550A4930D27AE04B772360E1CC52705BB2CD22A0141FB9682057F4BCCA,B31FA23DF3BCEAA104341595E5FD44FC078A311AE60F0F90BC0B7D7279F98664,D696BBFA42DD1A840708B9C42E824036862ED17D538B2B47551641D8145854DB,HASH_VERIFIED_DESCRIPTIVE_MEASUREMENT
ODCR-D696,D02,143,20.60710196637721,0.8607641004284114,672ABEBF23E49473ACC5EFA381E25A8D3285EA2771D168FD568FA8C5582ECE17,5B3B027EC79EE89961C12E4B70F15161B69F161F3877ADE5D738A641F84EE422,0CAABE83D30CEEA6169B6D2D1359819B1F1790B58DB0C8C2E7C4D85F1D7A35C3,D696BBFA42DD1A840708B9C42E824036862ED17D538B2B47551641D8145854DB,HASH_VERIFIED_DESCRIPTIVE_MEASUREMENT
ODCR-D696,D02,144,19.967118219678362,0.8193063341337007,FCE31EB05B9409B7EFB40DF4830EEE20C1D2460272148D2712DFD40BC0FB16CA,573174813E046B22CA20C748C1780A617256062D040A2E304A70A59B9C6456C0,914213D00504B4B4D1779AB163D2A3793299DB51DFC0EFD472D996E7E778AC0D,D696BBFA42DD1A840708B9C42E824036862ED17D538B2B47551641D8145854DB,HASH_VERIFIED_DESCRIPTIVE_MEASUREMENT
ODCR-D696,D02,150,26.02816221897823,0.9472602972400831,9E32FD1DC882A92906D3E819E0365E67E21F7D8658AF9382D1CD230FD156B449,9A2E146395E33101BA36CFEEAAE4FD5533016D56CE2F12BB0E9E65D9D0CF114C,4EE3D0A2DD547DE79A715FAF5BCC5A831808765ADAB6CE81DA748BBCF86DC706,D696BBFA42DD1A840708B9C42E824036862ED17D538B2B47551641D8145854DB,HASH_VERIFIED_DESCRIPTIVE_MEASUREMENT
ODCR-D696,D02,152,24.333900308837602,0.9448250499737824,EC4E5B1995CBF019C67A7997CBBA5A30C212E8934CF3C78F78CB71EF8582BE32,5DBCED16217E3FCF76556A10503F9618E8B024F2CF060C11F453F000A86277C8,4B901FA3CFD76F3569A47728CBF77F478293BC8A6DEEB69520288B5EA041611A,D696BBFA42DD1A840708B9C42E824036862ED17D538B2B47551641D8145854DB,HASH_VERIFIED_DESCRIPTIVE_MEASUREMENT
ODCR-D696,D02,156,24.326718511551846,0.965392615192045,3DC1A380AB0549F7D7430E65E4F6F2F3000474573021ABFA7F20B929669989CD,326FE4A91BF82266B56B10FB326D7A3E97610B4ABAF7127B640E53238FC07083,D65416EAB3782BBA0A5F67FCA3BA141A755CF4A3EEA82588657F62239A68E653,D696BBFA42DD1A840708B9C42E824036862ED17D538B2B47551641D8145854DB,HASH_VERIFIED_DESCRIPTIVE_MEASUREMENT
ODCR-D696,D02,157,23.103447764730195,0.9238995869271219,7F79EFA7FFD2615DECA64AD6A598FD5C7F82549DBEE898CC01DE3CBA8AC2356A,7D6AC724879798394C7FDA3B60EE1343C2E51BAB3C078B489E36CB6E603F017F,74CA4F2BA1745AFAE837119DE29EB3D000B7191C19AB0D0B7A42EA9CA0AF338C,D696BBFA42DD1A840708B9C42E824036862ED17D538B2B47551641D8145854DB,HASH_VERIFIED_DESCRIPTIVE_MEASUREMENT
ODCR-D696,D02,158,23.53044304793501,0.915173995505152,8FE25C2984376060D3788922FB7B90062D8F3C3705E268F78C44646FF3DCA315,493976260058A362A8D2AA3CDB5C7475EC6A8AE705617A9D1EE011F95C9867B8,64FDD85CED6B86DC6F8AB113C4815C652141166904AA25972B83531E0B788C42,D696BBFA42DD1A840708B9C42E824036862ED17D538B2B47551641D8145854DB,HASH_VERIFIED_DESCRIPTIVE_MEASUREMENT
ODCR-D696,D02,159,21.147841414915565,0.8991912216827321,64930ABC50B64A85E720A6002A2EA97FC4A4F8FFA4073B01EA15D64981AA0670,AFBE23342CE1C2A37F103FE0DA56530A670C0E0EDE9B1F5C5510BA5FFD01C71E,108783DAB3DE0F789D56253AAB12AF5B53CEC1E29A0C13456DA254232C0108A4,D696BBFA42DD1A840708B9C42E824036862ED17D538B2B47551641D8145854DB,HASH_VERIFIED_DESCRIPTIVE_MEASUREMENT
ODCR-D696,D02,160,21.59835556534499,0.8448477160957099,E24E87B1AC7310A912E23FCC1E54845968539DE72DBB008732065B1CDEBB47BC,6BFDCA07DE27CFED12221EB89B9B03AEB5C7BF947736CE3B8E1DB20A7AEF13AA,F9BFAA7C7D04B3D2384014FBEB6AB074FF39E4937384A6636D3AA56BFCD670DD,D696BBFA42DD1A840708B9C42E824036862ED17D538B2B47551641D8145854DB,HASH_VERIFIED_DESCRIPTIVE_MEASUREMENT
ODCR-D696,D02,165,23.20276989396744,0.9023280172450626,30AE760A2448F083D3ECB0C872C84A2EC2D5C508670E8697CBB2899CE95884F8,D4037DA1705753EF4B5E658570B872457CD0AD65AFBDAE893EFC7A9095F9DDA9,4FFBDA506B8424C534185822ACBA8789049B62F7ED61FAF7E218F48A7F9D079C,D696BBFA42DD1A840708B9C42E824036862ED17D538B2B47551641D8145854DB,HASH_VERIFIED_DESCRIPTIVE_MEASUREMENT
ODCR-D696,D02,168,22.225589862664634,0.8943644937759698,F4F3C61536D87A5CE39E2FC60CAE5A1ECE5329A6DEE9EA6ED9F44D50A3AEAB8B,C145B0834AC39DBC473079A584C6A357528E39E73FF43527F89AEF5AF7A4C721,860977E581D58A7514780CBBEC9DAD2A53CDD3366FE2427E328FF1C97C435AE5,D696BBFA42DD1A840708B9C42E824036862ED17D538B2B47551641D8145854DB,HASH_VERIFIED_DESCRIPTIVE_MEASUREMENT
ODCR-D696,D02,169,24.787311469378427,0.9145317250756758,05A0EB9458F8E26CEFD76A85900FB11268ED5CD886C58E7683250CE9EB3DB6B7,91E4619196EC51513BB7E84B92D61A644F0906249507F4054A39FAD1451EF465,CA4957D5DE87B74161EFFD5169CE07C7135C64BF69D2CBDE6475ACAE87957C67,D696BBFA42DD1A840708B9C42E824036862ED17D538B2B47551641D8145854DB,HASH_VERIFIED_DESCRIPTIVE_MEASUREMENT
ODCR-D696,D02,171,26.036716472326034,0.9644202076057405,9679522A88CB4604D7DDE828A09B7729D2EE0BE519104C87D1212DAC05925859,F53275F46AD1008468D2E930F684F1EE421BD42EDA6FF4185C2F1832BB2C6604,011521B6C90ADB8CCB1FDB7CDABFFD444167C031D89878170637AEA6D3FBDEA5,D696BBFA42DD1A840708B9C42E824036862ED17D538B2B47551641D8145854DB,HASH_VERIFIED_DESCRIPTIVE_MEASUREMENT
ODCR-D696,D02,172,19.405449506321215,0.8868114578404382,C862866DBF1A1EF858CC98441B95BCA55AA3C745EC9D710E1AA59714141F3599,9C515FE5FF7669F1D58A2F4C0B3882C58E96D311EF2EED851766678B4AE20F50,2257C36F002265628D432D39E84212E624C16D71DD305710CD82B25C0EC09434,D696BBFA42DD1A840708B9C42E824036862ED17D538B2B47551641D8145854DB,HASH_VERIFIED_DESCRIPTIVE_MEASUREMENT
ODCR-D696,D02,177,23.821113282982886,0.9107230027475209,E1E42CA805550F98208CE079082027A86643D172B660A29C5A981F2D38D0EB26,02493DDADB5E599393AA0888FA001DE175DB97AA3EEBEC7EAC38C52E8312E60B,9A0332BA5CF507669CEFAAE8FBD2B96EBD26453B4081311B9B52CA883B70EEF7,D696BBFA42DD1A840708B9C42E824036862ED17D538B2B47551641D8145854DB,HASH_VERIFIED_DESCRIPTIVE_MEASUREMENT
ODCR-D696,D02,179,17.671401235225762,0.8690780007127152,805F7FDB8AC16088DE165A9117782ACCF80D41754C7F9883B36F0B60697A99EE,01DB40A59786731C958E55D4E4BDF7B8EE5D990CBBF5761F8559B2AAD99BE771,0EB80CCB5573FDE6A8CE0B50CE8B5E4F555510F4BDBF81D2FAAFCBA3AADA13CC,D696BBFA42DD1A840708B9C42E824036862ED17D538B2B47551641D8145854DB,HASH_VERIFIED_DESCRIPTIVE_MEASUREMENT
ODCR-D696,D02,181,20.46636003664975,0.874792157548088,8F62C4B75D6C919BC702BC5EF224FC1F06B514169DDD71C43410E403853933FE,82EE966E845D313BAACBC231CA72F73E19D6B499A8C52265C908BDB344EF8D39,5227AA1ACD36D362B072D18FEC006240C3FD033A7EE85C34D62EB65A6BCE182B,D696BBFA42DD1A840708B9C42E824036862ED17D538B2B47551641D8145854DB,HASH_VERIFIED_DESCRIPTIVE_MEASUREMENT
ODCR-D696,D02,186,24.073487919412,0.9107260280768027,7750AE5B1DAD399069B1B5089E411F19701E72FCCC1B4EAF27156B030F398BA3,E81BD9B6F05B5B396F1AC4C408156F5DFEAE0DE24F4E8F18534361E7E2E4389E,6BBE2D0B842D31DBAC2BBE6D8ECE044F341BA7B8423718A30E23641C6F57F62E,D696BBFA42DD1A840708B9C42E824036862ED17D538B2B47551641D8145854DB,HASH_VERIFIED_DESCRIPTIVE_MEASUREMENT
ODCR-D696,D02,187,22.14300175001575,0.9184916778640599,1C534963652460634C758472D255469236DD29EA81FF9049FACC46CDCA6FEEBF,EA644726DE09E9D74208AEC37EEBD650164E842F3918AD6E70BDE78404CA4507,1D5DB3EA9C0395DE687A5BB8018A3805CA94EF9EF2463E0D6FAB3EADA2CAE1C8,D696BBFA42DD1A840708B9C42E824036862ED17D538B2B47551641D8145854DB,HASH_VERIFIED_DESCRIPTIVE_MEASUREMENT
ODCR-D696,D02,188,17.694456309963346,0.7492971755679338,0C56D93C8E2C52EB5DD4F666A45AD14AA00622FF012E4E07104C6B3A1C8A9DCF,5DC0BC42A12C3FC1D6AD01EDC0FB8C709A192874B4EBA47723E51BD4287BF364,D704BF3AA3BE8BE3E9864A479DF774838F1326CD6C9340964D486FE6947A7A98,D696BBFA42DD1A840708B9C42E824036862ED17D538B2B47551641D8145854DB,HASH_VERIFIED_DESCRIPTIVE_MEASUREMENT
ODCR-D696,D02,190,21.473546101286907,0.8952863316293188,56F0316CB467763C5CD02F7F62863B60E72465215D69E301FC788C342B1DE5A1,41B96443C83D10E61B0B2E4EDEF4C832470E092111F8673364AFFAB8AD4B22EC,B2C49818F5D5E577A42F00F54AEEA1C879DA3E128089A13E4B9A9A7CA419BCAA,D696BBFA42DD1A840708B9C42E824036862ED17D538B2B47551641D8145854DB,HASH_VERIFIED_DESCRIPTIVE_MEASUREMENT
ODCR-D696,D02,199,21.48045328167222,0.9270578261383869,ED1E8998B5F6EFB472742052A27BE1693B7CD80B87009523080E9AD4AF9A9AF2,CDB209EDB6A7C903865AAA63170CB94C44249CE5747F1A622DA9954321A83133,AE59FBDCAB64214CE4092A606DFA91FD18DA5DDEF5EBDDDF2DEAB7D2A45102B5,D696BBFA42DD1A840708B9C42E824036862ED17D538B2B47551641D8145854DB,HASH_VERIFIED_DESCRIPTIVE_MEASUREMENT
ODCR-D696,D02,204,19.3230243002713,0.8744027958521524,6526B80E220DC24317F841A664E5031A3ED2527D13BB118ED6BEDE81C1C2C0C7,00CB4CEA544119056735127C0DD6AEC52CB888ACC511E1CBAACD14B010532C71,67CC2B35541C923C34E4C084D8F6A949578B77DB45F9B4DE6BC8C91245844761,D696BBFA42DD1A840708B9C42E824036862ED17D538B2B47551641D8145854DB,HASH_VERIFIED_DESCRIPTIVE_MEASUREMENT
ODCR-D696,D02,205,23.63814925029835,0.9097073273311082,BF60E03ED45F3BD6F454D963C895E451982736D681E3E2DF5CC809D1CE66D79F,87583E8E5BEF3B4725136B5D0F8560BD13C00A412FF0B7761448AFC08602BA78,60A6DA6116BC96F789CE1EE756A5D1DC0E3847F9C062ABAAB00212DE50D30DC4,D696BBFA42DD1A840708B9C42E824036862ED17D538B2B47551641D8145854DB,HASH_VERIFIED_DESCRIPTIVE_MEASUREMENT
ODCR-D696,D02,207,22.67468726379216,0.9003301072352389,EB7688FACD1F8A5A4D1DB83138E28CB6110B0781FF85C50C2C9310918A6BE1E8,9243AE6BBA49CE8AA3970D5F60CE6DE6ECB0A731ED548515022ACF58F720249E,E7FCF0EB838DB8D214769B04850618ED0832DEB06AF390DAEE43215C0D656BDB,D696BBFA42DD1A840708B9C42E824036862ED17D538B2B47551641D8145854DB,HASH_VERIFIED_DESCRIPTIVE_MEASUREMENT
ODCR-D696,D02,208,26.343716981610346,0.952360697786533,E695D8870F356EA7056E5FB0AB8C1CBD39FDF52D45EA5FCA870DC7D2CE01496C,536AFF8E904F5856FA9F5B7F7462413037C516F225F5DE79A9E46EE1F6BB4FD3,74E18FC1300DC30434AC84A7DEEBAB7F21313062BEE6CE09F6A5109493701270,D696BBFA42DD1A840708B9C42E824036862ED17D538B2B47551641D8145854DB,HASH_VERIFIED_DESCRIPTIVE_MEASUREMENT
ODCR-D696,D02,212,23.653636844317237,0.9268584167842059,F6A7F5522DBEAFC7346CFE7B9F2AF9111376BBD7E9DE2019CA8E1B048B8B8D13,B7EDD38274C4AF9CBA914BF03243D5376EB0F6E6D6360F6EE8A6887D87EFE038,79DE310E3806E9B790F51C03E94633F1AE48F6636F9451029B200E318CF09A04,D696BBFA42DD1A840708B9C42E824036862ED17D538B2B47551641D8145854DB,HASH_VERIFIED_DESCRIPTIVE_MEASUREMENT
ODCR-D696,D02,213,29.948214117195896,0.9588600172826193,9A990BD1E1A5087D6DB9993AF1069D2DFD1D36279C14D6B5478EA508F65EF5CE,285579F6E7646A9D03036373C37DC8EF9AA3ED52836A7203871C12DEAEC3AE32,1D367666C45F6ACE094D544F463828EBC326DC13983D2F80D109BD20B5D6101F,D696BBFA42DD1A840708B9C42E824036862ED17D538B2B47551641D8145854DB,HASH_VERIFIED_DESCRIPTIVE_MEASUREMENT
ODCR-D696,D02,217,26.24698562249875,0.9631297397000899,6C93E3100CD0B590F7B17B8B1B19A2607584AC9C48A87B8F1ACAD53DD7131EF4,CB74B11D590AA4A601C4856B0843E08CC1F2333937B5D539F261C4D2AF0E63A9,CF86159F7F62D7998C503F84091A6D252F375185131EED30DB20C85B85569C8C,D696BBFA42DD1A840708B9C42E824036862ED17D538B2B47551641D8145854DB,HASH_VERIFIED_DESCRIPTIVE_MEASUREMENT
ODCR-D696,D02,219,22.69683822026701,0.9195299594960087,5DD6628F4E9B8F3B9819D40B3EBCB2318393D330BBFB531719D2CBFF0D3B50D7,6D769FE86DD668472F73C554B382BA3531E59BF42873F0AD90A89231D42367B5,1C16B3B59787E44DFFD1CA5ECBE550D053C6A1D311DC07461B9095E05A6BB015,D696BBFA42DD1A840708B9C42E824036862ED17D538B2B47551641D8145854DB,HASH_VERIFIED_DESCRIPTIVE_MEASUREMENT
ODCR-D696,D02,220,18.246568330638006,0.8589425814370872,9E5F3631433DB4700979249BBD8D874CC20028269FEEF6EE3C707E9A5EC81858,F96C39B91D2375C28C2099A50B3554334E94D594D736F63E425671C562BA0D88,79B7148A007A0A73E3B5130FB0DE4411EC78421F4D387A62DC55DB416DE775C8,D696BBFA42DD1A840708B9C42E824036862ED17D538B2B47551641D8145854DB,HASH_VERIFIED_DESCRIPTIVE_MEASUREMENT
ODCR-D696,D02,222,24.856573043952004,0.8970429583340666,D10357E4BB2B96A752AA21AAB88D2CDA16FB5746FBF54877FC0F172366FE3EB5,56386432508A95BC3EA97C5A236AE0F5FAB0D362C27EC85FC9E6936EF36DDFF2,1A5C2D0A078AB6C78F839ACD74A16F9CBB297B02F1E8E7979A9A6194E0601AA6,D696BBFA42DD1A840708B9C42E824036862ED17D538B2B47551641D8145854DB,HASH_VERIFIED_DESCRIPTIVE_MEASUREMENT
ODCR-D696,D02,223,22.683958242342715,0.9283466678679672,806649BB40C625B55CDA37DCB2A49442E2360E5B4F21D0DBA06DFB313E60F6CB,189BF798E4CE7A75C5FE5FDA1AD2FC216A996D2484619CBB8AF68FF9C1725AD0,74C1CE5CA6409028AAB89D351A4D3C202FA064D0E92CA1D0A4FE2A86AC329FE3,D696BBFA42DD1A840708B9C42E824036862ED17D538B2B47551641D8145854DB,HASH_VERIFIED_DESCRIPTIVE_MEASUREMENT
ODCR-D696,D02,229,25.361834687933445,0.948114654240833,C28F5DAF184CB3A21643FDA506B642484AC643F21E7645444D542030654814CD,76BA0279B042C252EC97E238FF21D95F3EA417ECBB028E53AF8CEA37839DD576,56CF3A75FC3CD0142A93D353A01C9FECA9DF14A1772340A2870A82338B4586B9,D696BBFA42DD1A840708B9C42E824036862ED17D538B2B47551641D8145854DB,HASH_VERIFIED_DESCRIPTIVE_MEASUREMENT
ODCR-D696,D02,230,29.70513967776348,0.9570819233738518,BC2C1DC6641669B6E79953B706BBBFCEA2D675521E75D4BB04DBFEC87DAFD9F5,A24F17F4BEAD2C99B79A341B184F4CF83F0B7D7BF7C5F729E9DFD5C595107029,70699B1FB4A939C11D9CA5F21E716C91854E535CA7C705860836B20F7D5CF126,D696BBFA42DD1A840708B9C42E824036862ED17D538B2B47551641D8145854DB,HASH_VERIFIED_DESCRIPTIVE_MEASUREMENT
ODCR-D696,D02,231,24.55797520524908,0.9464080160545788,CDB05BE6CD34FD2F1CAFD3CE38654C21CAE7ED662BE4009B2668576476F925EF,298EC0F9601F135B676CAD61E6C0E6A3EF3D1D77AB1D8EAB0627269AC96CF796,FECDD69B596CD518E1666B877802DD911C47FBD5E42BEB47193633C59D9717C1,D696BBFA42DD1A840708B9C42E824036862ED17D538B2B47551641D8145854DB,HASH_VERIFIED_DESCRIPTIVE_MEASUREMENT
ODCR-D696,D02,234,20.908581475963466,0.8974341009343263,80245CB0649F05958312B01684E68B11B7B85A8BDBE6CB0F60F57FA056A11801,AEFDB249C93D172171EB68CD6DE20253D5A882FD720A5A6051754863C79D8A5E,91B6E47F7C8A60CF51E0A0FAEF5D65A6FA98201C69CED4CB543F81F325B9E519,D696BBFA42DD1A840708B9C42E824036862ED17D538B2B47551641D8145854DB,HASH_VERIFIED_DESCRIPTIVE_MEASUREMENT
ODCR-D696,D02,236,18.064954813875172,0.8780075190318856,38A36E07F1E55F4194E0BAB98CD19CF2D23179111B6164AA2AD23158740692B5,E655A345E46724CA8D8A9FD974362D4BC4AA6EE5965F0513A73B5B94F0E8FB7E,26DA84A51B585298FBB40D7A2318A13C31544CA2FF109E730246A41CFCAAA4C0,D696BBFA42DD1A840708B9C42E824036862ED17D538B2B47551641D8145854DB,HASH_VERIFIED_DESCRIPTIVE_MEASUREMENT
ODCR-D696,D02,237,25.755426049180077,0.912856407342194,CF05B2DFF3064A3F891FBA86E475A173978D6C840A64E2B45FCDC2537113B027,C677DC011C12DB7AE4DBC9152B143EFCE145B9FD184C982DF9D9E3F5367B3321,6AA59366A06D2ACE946C27781A94BD2101F463D48EF31CEE62EFC1EF488354AA,D696BBFA42DD1A840708B9C42E824036862ED17D538B2B47551641D8145854DB,HASH_VERIFIED_DESCRIPTIVE_MEASUREMENT
ODCR-D696,D02,240,25.667977494140665,0.9473240371937214,694F77DC34102118CAFFF72B72D58190D1F352288A8A1F3D301DF199F2395E96,A14A3CA342813BBEF53CDAD7337EA9C1A21A37F73555D93708E1CA11F81EAC17,4ECCDD9E4380C4D96BBC4484118811D157262AEC4E3BE5BE8FEAA6F03307F26D,D696BBFA42DD1A840708B9C42E824036862ED17D538B2B47551641D8145854DB,HASH_VERIFIED_DESCRIPTIVE_MEASUREMENT
ODCR-D696,D02,243,22.567577711571246,0.916942460626584,2F89F2E9B177FBD3420843ECAA37D12E0DD4D27BB072073B47EFEC81FA8D34C8,3C0EE05CF56AB3A8023FD667AC536CEC6754EE9F20CD1B9B750A7D6583D7BF1B,0D9248B9D51A1DECCC4DDA4BA5D0326372AC9EF280B18657034F18BFC3C93389,D696BBFA42DD1A840708B9C42E824036862ED17D538B2B47551641D8145854DB,HASH_VERIFIED_DESCRIPTIVE_MEASUREMENT
ODCR-D696,D02,247,22.481377690656874,0.9475077285759995,983C0268524B016051D3DE6F8836AABD8BEFE851832CDB46E9AF1B8ED507B007,00F6E2221AFEB19C1C1FD31B7A9C1AB1617747A4F43494B220A69374A6B8FD11,646EC8CE7095A6B8BCAC1D9EDAEF657610A499C6B717668202D24AE219132100,D696BBFA42DD1A840708B9C42E824036862ED17D538B2B47551641D8145854DB,HASH_VERIFIED_DESCRIPTIVE_MEASUREMENT
ODCR-D696,D02,248,26.938638354612433,0.9558864492159107,E7135F56BF92D2F2B60F5D0C60BA2CEDCDA95448584C155DD3AD1F80AF4AB335,EC7BFA3EB6BF5611F678975F238209835707EAAC64AC4147C61C2791FC0F5369,F167F2CC73C169A0CA0237FF876DC5DAB9BE582D1FB7CEB941E53B685DB778C6,D696BBFA42DD1A840708B9C42E824036862ED17D538B2B47551641D8145854DB,HASH_VERIFIED_DESCRIPTIVE_MEASUREMENT
ODCR-D696,D02,250,23.26431777364762,0.9034287430792066,2E68791FF5F8DC11F63C3EB7AF2DB2698843CB4D02A4832925A4616AB143B74D,97472DC3A1E7C1EDAB624961D0F88F0B59E2853335CCE18DACBB0DA8E4C09D6C,E9433338A59E652DABCD816BC27EC3F9DFE3AACFFBFEB30B8202F25DDE99D47B,D696BBFA42DD1A840708B9C42E824036862ED17D538B2B47551641D8145854DB,HASH_VERIFIED_DESCRIPTIVE_MEASUREMENT
ODCR-D696,D02,254,25.8561273280818,0.9451908761741329,C9E1639506A3B89FD6D0A4ACD32747F358EDAD87C947EA552349284FBCEB9B16,254D68959A5C2E654414117AE52CD336F38AD7DAAB3ADD903D5C589DEC4342E0,F4D1B41487981B1977D254D198BB15B6B4C47E5FA4BD453D38895AE878D0E50D,D696BBFA42DD1A840708B9C42E824036862ED17D538B2B47551641D8145854DB,HASH_VERIFIED_DESCRIPTIVE_MEASUREMENT
ODCR-D696,D02,257,22.53592785390903,0.9201098935177447,A7B541D9CBBB153E9A2579FA250F1834226865837BB8CC38CAA8E4F526F8AAAF,055C491893CF1F1C0E6EB0C70076E3C49081E62BE77DB8A976039A0DDD898D73,9C62386DFF55550A3A4F193F56A1E54E1B53977ED83303C7438CF3EFA293FB42,D696BBFA42DD1A840708B9C42E824036862ED17D538B2B47551641D8145854DB,HASH_VERIFIED_DESCRIPTIVE_MEASUREMENT
ODCR-D696,D02,259,24.279991593333822,0.9510575233051598,57653491CA59A92FA72A901659AE63CF1B58BB3EBCD75512DF6C5CA8DD4883FB,3681064649C1FF73ADB003D62A5FADFC770902B768C451BBEBAF3875132CC7E4,B331431E85933F90411471D5FC9012525F7E8A7A177B53816078B88F7DB9519F,D696BBFA42DD1A840708B9C42E824036862ED17D538B2B47551641D8145854DB,HASH_VERIFIED_DESCRIPTIVE_MEASUREMENT
ODCR-D696,D02,261,18.951234038194727,0.8609779830696369,03F099CAD0F08944F4274FC982B98CFF75F9C48DB83BAC17C0EAB9F51A874C05,5D704E586A9069674B54D2EDE5E686C200AB2CCD4E357D80C7F108EE61830CF7,01648C8A57C81C890B7BF68C42AF8F8A220BEDFC04E8B98CD87B53249F74C397,D696BBFA42DD1A840708B9C42E824036862ED17D538B2B47551641D8145854DB,HASH_VERIFIED_DESCRIPTIVE_MEASUREMENT
ODCR-D696,D02,262,22.152436046678016,0.9292195414002139,9521401DE89D19846F9326C575EEAD9E14E7393CE3BC73DF1D9202DFB75DC1FB,ED94700929E845F0CBC8DAF0F3545190F14B27488B9EDBE7FD6238ED8FE4853E,03AB10319F836B6BE4CF7B7CE2B8037F1EE9D29964EA3DCFDA38140E71CB83C6,D696BBFA42DD1A840708B9C42E824036862ED17D538B2B47551641D8145854DB,HASH_VERIFIED_DESCRIPTIVE_MEASUREMENT
ODCR-D696,D02,263,24.156408365625772,0.934149761919465,9963E9909233ABB092B700F8400EE5003352B33DD6483CDF1ED581A9A95DEBDC,FCCC4F9AB30A41849F53D853573CB987A09AE72D806214056EFE928AD635D78E,E9C2ADC8D2325BDA18F96743DD029A9512EB173B91FEF9B39AA6241EF8806DFD,D696BBFA42DD1A840708B9C42E824036862ED17D538B2B47551641D8145854DB,HASH_VERIFIED_DESCRIPTIVE_MEASUREMENT
ODCR-D696,D02,264,27.04449089807177,0.9237825034424629,2F3BEA2BD162E423A32789E04CABE93AE420A46CF3A3B39C6CA1B967BE99D5D3,534406EE336781484BA14C67C45B35293A3100668601E14C4F1BEC94CEBF5671,FACBE8C7F5B3273DB52EE5C0ED386A77AB7B1DEDCAD4E660869688C35C128445,D696BBFA42DD1A840708B9C42E824036862ED17D538B2B47551641D8145854DB,HASH_VERIFIED_DESCRIPTIVE_MEASUREMENT
ODCR-D696,D02,265,24.1123166630463,0.9099963277458137,F7617047BEFC5A148CB16D31EF63799AFEE030202875A10BD9F7FF4B10A1AD66,8E58C5EE4420FA32150AEE22F96EC777BD5C5CCAE4DD022588454AA6120E6A00,796E449F770CE5798A9C85460D0114F304A8A62B067C96CC3000106DEC1D919B,D696BBFA42DD1A840708B9C42E824036862ED17D538B2B47551641D8145854DB,HASH_VERIFIED_DESCRIPTIVE_MEASUREMENT
ODCR-D696,D02,267,25.25437954654374,0.9089806794241029,62E867F7E028EA1EEA73FB8C880DDBF0E81D2CBE2985F99F99CBA304CCC52BC5,19F502A593184B98BABB81EEDD3043ADF90C77509F837BC8D7EFC5B266A195B0,ED07820E98F8B25A6F7281418A5900CE56403B010C1131C5B48161E2D0943D02,D696BBFA42DD1A840708B9C42E824036862ED17D538B2B47551641D8145854DB,HASH_VERIFIED_DESCRIPTIVE_MEASUREMENT
ODCR-D696,D02,271,24.25567491175039,0.9475988013223443,BF6CDEDD35488DDB2886C84A61B798BACCB11C5CFEDBB141BD0A92789B265082,5D2EF6D4F3D8E2C784171016AA3D6AA846B121E2222A4082E460ADDB67778B60,C35305EC37FD67E912380F6A49C6EC55E1CDC69F0C1E831062BA7DD26B7D64D2,D696BBFA42DD1A840708B9C42E824036862ED17D538B2B47551641D8145854DB,HASH_VERIFIED_DESCRIPTIVE_MEASUREMENT
ODCR-D696,D02,272,19.163354775749905,0.8900378959785072,6A58AFB21898E058E9E4812A407611D1C8D39B80A130713089741C0713BE8FF5,5ED7D175C2723B02C41E3B9C3E34DC60379996CF708BF36D96FB07E376027038,F879E04CF924C54E59CD49D7B5E9B3E216B6BF817C4E4E6C0F72DF37CBB1B1A0,D696BBFA42DD1A840708B9C42E824036862ED17D538B2B47551641D8145854DB,HASH_VERIFIED_DESCRIPTIVE_MEASUREMENT
ODCR-D696,D02,273,21.705858213425394,0.8963984608807319,4E5934DD315544F0FED6E8A0FA33C166E79994648CFD2B4744733EE6988794B0,3ACE85759B796F3CA5F8C6A63954BBB41FB764D32F579D8E1FD4668DED9630F9,48C8B079FA446E9E923DBB64B5EF10C892AF5669965890C925B90FBABACD7DC5,D696BBFA42DD1A840708B9C42E824036862ED17D538B2B47551641D8145854DB,HASH_VERIFIED_DESCRIPTIVE_MEASUREMENT
ODCR-D696,D02,274,24.588341099235535,0.9317622266842503,CF236E2CC4A1058D483911D55311A23C4B79F4ECF86412D0A536D5716336996A,003FCBB0B73BCA6453A9098F488DD14F42AC46B685AC8D954EFDD4493FB2439A,3BA8237C235A2B55C66758B1878C421B39BE03010186155CA2753D75DB10B85C,D696BBFA42DD1A840708B9C42E824036862ED17D538B2B47551641D8145854DB,HASH_VERIFIED_DESCRIPTIVE_MEASUREMENT
ODCR-D696,D02,279,23.25075758238985,0.9223862392718646,FDE8A7098FBF87EBD61FE6835C0483475DAE3B202824C19F2699E170C3EE4AFD,46D902A445C28E9A9DDEC97549A169C55A4AEDEEFE639F08C66931B5F5B0B423,ADC271DFDD24094EC08DE009B184D03ECBBA2B9DD56853F32CC07B8FE5307C30,D696BBFA42DD1A840708B9C42E824036862ED17D538B2B47551641D8145854DB,HASH_VERIFIED_DESCRIPTIVE_MEASUREMENT
ODCR-D696,D02,280,17.534634778337693,0.864487514547092,C98A26F693CB2FDDCE71101DD5BEFCDCA57E01247DCA9F1C7AA3FBB6C0192A5E,7A153A488C72EA76B89DA96356498453A6BD375596BB8AB528E7CD6242350A3B,049F97EFF50FB2511EDF2BA21CFDC037B8A000719CAC87B94FFE635F6CF5AC91,D696BBFA42DD1A840708B9C42E824036862ED17D538B2B47551641D8145854DB,HASH_VERIFIED_DESCRIPTIVE_MEASUREMENT
ODCR-D696,D02,282,20.954943449830058,0.9085111188521967,1FF0472B177E657275D1F9B070FBECD21C7AFD2B3DA22688A29FFFCFE56AD6D9,F10AC126CB3EA8F3D51FC957F48DDD9AC4D9B55126189D7A892E25C069AE211F,64C4DD9912790BC1E35CF891E42F3E91AC21732C253B53ACFAF2A256CEF090CC,D696BBFA42DD1A840708B9C42E824036862ED17D538B2B47551641D8145854DB,HASH_VERIFIED_DESCRIPTIVE_MEASUREMENT
ODCR-D696,D02,285,22.979612845141403,0.9238480329895724,15E35022F2E2258123CC3A3A3AE6F8A54DD78DAC9B3F60CD915485DC24C27BD2,58C08EFA7C34A61A85CAB4498A1C5CD01564F93EF5ED11DA081BA86F483EB116,CB90EBC36887A5E433F6CC645B6DAAE3EB69FDC57B4D3A4336C4385AB15717F2,D696BBFA42DD1A840708B9C42E824036862ED17D538B2B47551641D8145854DB,HASH_VERIFIED_DESCRIPTIVE_MEASUREMENT
ODCR-D696,D02,287,23.56943291343378,0.9133245515456784,7617B985B3CCC6427855CDFBE4A2081C15A493896443E4932ABD13248D9E1400,ECB9D3F5138771A01A25C1E97821847CD4A94C1A7CA1D39FAEEB8D4519643C76,A4315186A31805A43DA5FC74AF05E45F1A72F02789ABC90D5774977CEFC49E67,D696BBFA42DD1A840708B9C42E824036862ED17D538B2B47551641D8145854DB,HASH_VERIFIED_DESCRIPTIVE_MEASUREMENT
ODCR-D696,D02,289,23.016702846145915,0.9302529266837971,8FA7750CCE02AB3E9CAEFC8D921221B663BA210080F2523E0255960A545D52BF,D0801DDBB03D438261CFFEDF6C36B40D2A940AA3323C6F4E16720B28BCE239EE,D7EB7A49F1D9E43C79550694B38A1FAB5AE6A54FB1B1BE861CB68B694AC92222,D696BBFA42DD1A840708B9C42E824036862ED17D538B2B47551641D8145854DB,HASH_VERIFIED_DESCRIPTIVE_MEASUREMENT
ODCR-D696,D02,290,25.10609021250644,0.8880859508426188,A477569857C9E24AB2C30D7A2678D8CAAE91B3B7F92866C6E04DFF95A8BEC363,4BF246EEA3C18C30BE8950F3DF7EE5BD81600CE7C38FD18B152D701FD1D1F673,62DCA032F301126DF2916426A6CDE2B1B27B5B47FBF2F7C75027BBF7304D88B2,D696BBFA42DD1A840708B9C42E824036862ED17D538B2B47551641D8145854DB,HASH_VERIFIED_DESCRIPTIVE_MEASUREMENT
ODCR-D696,D02,297,24.995554225067043,0.9360262690080003,69D9E7E6B81BBF7019C76E2DC114BFFE4AA395A50BEDAE349B70C840AC71BAC9,3538F0D2C0600A1C50157F80A110C9562F877B03C6CD16A64D31225A25285E19,C25872557C38B9D29E9AD38E5A33FCB0B7013A7FF6C149CB084D7EA060BB5C6E,D696BBFA42DD1A840708B9C42E824036862ED17D538B2B47551641D8145854DB,HASH_VERIFIED_DESCRIPTIVE_MEASUREMENT
ODCR-D696,D02,298,29.013605291980408,0.9544899793804246,51A15307BC7118009E4E7D61605942B381FDF76A683C0FABFF2127F875F14A78,C94D5513A8FB7E25EC2D8BC210093710E6FF6A69E89C8521AFB6B885A385E73B,7355CBE839CE42AEB2AC274803BFB2AA11732B3A374C0F11051ADF2874369576,D696BBFA42DD1A840708B9C42E824036862ED17D538B2B47551641D8145854DB,HASH_VERIFIED_DESCRIPTIVE_MEASUREMENT
ODCR-D696,D02,299,25.883265940695303,0.9492490339743839,2E23DDD3FD692BBE8026937C8E6F83A280823834862676022E56C4D369AA3DB9,853E014D8837D0879EA4AEEDCE508784E3973ED37EB9BDAEC0D638A86642729E,99B5C7292C2E27FFB046B9EF8CC39BBE39E4419C8C18F1ECA33417A892C5E833,D696BBFA42DD1A840708B9C42E824036862ED17D538B2B47551641D8145854DB,HASH_VERIFIED_DESCRIPTIVE_MEASUREMENT
ODCR-D696,D02,300,19.79965823662904,0.887849047090728,3DB9B0FD7D0F1E78903DC2F11AF560B6AD11961CAAED7ECF52D26F3D1E1D1AB9,9195209B12D9B49388CDDC6915E7D3CCC1CDCDA01CE5884F643886EC20375FFB,FC2D4A38F1533256568DDE6CE2C1DC0D7D8F921176FF083103EB34513B6CFEA9,D696BBFA42DD1A840708B9C42E824036862ED17D538B2B47551641D8145854DB,HASH_VERIFIED_DESCRIPTIVE_MEASUREMENT
ODCR-D696,D02,301,22.030641793952547,0.878429000325979,14A267038E350487709DDECB0547AEBBD94F2A8C1408B456DC3B7E74B1150FC2,82DC70610FDA2AD704AECAF83E69BF5F93A13B43181D779AE129F70CE89907C7,3EE54341FE94F4D14D4C04B3D982D27AD851103BA0098B0BA60AA4B2AA9E0821,D696BBFA42DD1A840708B9C42E824036862ED17D538B2B47551641D8145854DB,HASH_VERIFIED_DESCRIPTIVE_MEASUREMENT
ODCR-D696,D02,303,24.619336794574043,0.9600960171289611,12ADC7924D7234923A9399AA1FF6DC9751E7F7179E5B5EEDB2D2B014169CF452,17CE16863ACA5DD10BEB814ED27D5CA705CB7D2B26E4078F5A0DCA5CBF6AE15F,2927CB151CCCAF84E9F601A0886EAB787CE6F66360AB4C70E885B7410FA2E539,D696BBFA42DD1A840708B9C42E824036862ED17D538B2B47551641D8145854DB,HASH_VERIFIED_DESCRIPTIVE_MEASUREMENT
ODCR-D696,D02,305,24.635424269915625,0.9415660180440182,8839D26BD5E716FA8FF1B386E8F6645EB95DABC8FD2B8876F190ADE6170F6868,45814B1AB4305456FA3C68227C3451DCA7AAAA11D4D3D09FB2A84441ECB76FC7,C133F9A1AC16569CB6AB8D769BBBF91E0F443FDCB34650957F72F25F8549DBE6,D696BBFA42DD1A840708B9C42E824036862ED17D538B2B47551641D8145854DB,HASH_VERIFIED_DESCRIPTIVE_MEASUREMENT
ODCR-D696,D02,306,23.196135847507495,0.8946196691909701,69121D24C62C5A5F4540A7CAC563A63D4727E370004A7D1C19191F534BA1C412,765BD7595DD2148FE303A8EED5E2D61C4EE026057844F9426B3CDF69635FBA47,6F2F7087EA10432E62B6ABEB03E0E849C186280E4395DC18A6802ABAF9C3DAD5,D696BBFA42DD1A840708B9C42E824036862ED17D538B2B47551641D8145854DB,HASH_VERIFIED_DESCRIPTIVE_MEASUREMENT
ODCR-D696,D02,307,22.99465866001555,0.9035296629291748,A8ED9FEBE061975DF30265A33CA33D23CF657F0AA354AC18009B545F2387A873,0182636B3D4BBDE0631BB5834AC9237554E1AB5D2EEE6C21043D376644D1A5D0,D20B88E8930049972C4D6391A40FCEAA5847A4B33D8F7AFCB58592BE06D77279,D696BBFA42DD1A840708B9C42E824036862ED17D538B2B47551641D8145854DB,HASH_VERIFIED_DESCRIPTIVE_MEASUREMENT
ODCR-D696,D02,309,22.402890726123946,0.8967873432061207,5CF5F1175497C5765CBFEBAC75F54330A635F7924526C36613D6BEB1D843D1DF,B38D409E25762D088BC1BE1DDE923987C0C879ED04648302358424C02CB7E932,A076EEF8002BBD026345FB935BCB074FF853334453AAC578D42619CA24D58666,D696BBFA42DD1A840708B9C42E824036862ED17D538B2B47551641D8145854DB,HASH_VERIFIED_DESCRIPTIVE_MEASUREMENT
ODCR-D696,D02,312,20.770180397918704,0.9184623609562209,E3F401423D87A9818E16628675207EF639BB9A6C175AE0165D6488ED7ACD938F,4AA7C78336467B9C9D97BE5635C60FEA8C16FAF36ABD2BFB3DC8EDF06B0F37BE,2FA9B2D9CC24D546FCCFCFB74D3518EBD91D0DFF041E2ECDD6CC98312948669B,D696BBFA42DD1A840708B9C42E824036862ED17D538B2B47551641D8145854DB,HASH_VERIFIED_DESCRIPTIVE_MEASUREMENT
ODCR-D696,D02,313,28.177617415174684,0.9127767542730897,B942ADA547328295741426DDC2F1AED587DFFA282D64694A75C065BAFD411E3A,FBE3261F97F84A56661EF60136757C0E9C51AE04A54D4C9CCEF4938838525661,EFB886AC859F042D41C648A5B034800655D8E0E7F17E22FCD1A6CE4D74750A64,D696BBFA42DD1A840708B9C42E824036862ED17D538B2B47551641D8145854DB,HASH_VERIFIED_DESCRIPTIVE_MEASUREMENT
ODCR-D696,D02,315,16.51213395364444,0.7237923430085438,6459FF057AE72EAB0C002EE011F9E31149459289E393CEFC6167E5059D522743,A0C4728EC0019AAC1340B814797CC1A0C6ADF818E4721F913F8BC9CDD4A01C45,115D3ECCF165C9A5E9C07AE3D9F9E0E2B2F675D4741E5AE64DC5D0DE644AAEB9,D696BBFA42DD1A840708B9C42E824036862ED17D538B2B47551641D8145854DB,HASH_VERIFIED_DESCRIPTIVE_MEASUREMENT
ODCR-D696,D02,316,23.30608176212165,0.9234725412859316,48C6A20765D570B2AAC33441D9E5E8F8C7531241C292178963C38D31CA9EB858,F44C85CB1686BB59984FE65C9242D5EFAE8FC98C97F02ACEB66870C76D04AAC6,D2AC1702854AF1FA7BD7161C3B583F48F5F3E320BE5B367CC70F9FEEEDAB2E13,D696BBFA42DD1A840708B9C42E824036862ED17D538B2B47551641D8145854DB,HASH_VERIFIED_DESCRIPTIVE_MEASUREMENT
ODCR-D696,D02,320,24.781376512323924,0.936669273252591,9248FFFBB5A0EC1A71C2C3D4AE169FCF81AB118B1E52E4D432DC5F70CBBF5689,CB91DAADE4F24D52F8C2002D2488B0F1B9E7DAE29CB080DF4A926684624A2AC9,BDC71E83A55E73F84E50D183EFD1370E2D827F15CF2ADBD3156AE481020173F5,D696BBFA42DD1A840708B9C42E824036862ED17D538B2B47551641D8145854DB,HASH_VERIFIED_DESCRIPTIVE_MEASUREMENT
ODCR-D696,D02,325,22.462776508238992,0.900769737153016,B3470F4A667363611196CCA765CCA493E929B6883F8BA65EC18E4877BDCD9432,EA4F5EFB26F1903112CBEA54FA913DFA1B41775ACD680C0A323AE9BBA1016EFD,135349C365537275FC6D3E551B90F2A7C93AF400EEDD9705E0B7C19AF5414763,D696BBFA42DD1A840708B9C42E824036862ED17D538B2B47551641D8145854DB,HASH_VERIFIED_DESCRIPTIVE_MEASUREMENT
ODCR-D696,D02,327,22.15458432437924,0.9228975302773056,0A9AB749C40DFEA8C708F5DADD86E8CB01D62DC2158E99B2A56C1AD234487A8F,C8C14F18615AE25CBE47927ABD8D53D0F564FEEB67D1DEFD65E76B51DC8A5D69,C135BCC6CA26FD85002F1A9CE2D0D4676E45A64CCE4CAB41AE0DCCCCC8DD8EB1,D696BBFA42DD1A840708B9C42E824036862ED17D538B2B47551641D8145854DB,HASH_VERIFIED_DESCRIPTIVE_MEASUREMENT
ODCR-D696,D02,328,23.741543225763884,0.9016516068344402,F6830AE7CA42E6FB1A36D4FAA08D34AA913BD91BBEBBDC6C34508D3A141C2A99,11832E35F3D0F7F5BA1BEF8770420C13544B1E89F41389DDA51668E832172F11,ED36200DB107B729BD6A9402333733AABF9178CDB43B15EF0A0FC65BDF5C2B64,D696BBFA42DD1A840708B9C42E824036862ED17D538B2B47551641D8145854DB,HASH_VERIFIED_DESCRIPTIVE_MEASUREMENT
ODCR-D696,D02,335,16.678559724356006,0.8122252233804715,F5B568950A0F3DB99AFD9562CD18E79AF08DF601F1D3B6CC130A5ED5DA384183,00A5F6BB6EBE1A2A8561D2375D73572F66FAC7C039C528D7EDB36246FC736CD8,21E71A4A85000051920F31829FC21DE485821309B119C9C6736BACB67980A1BA,D696BBFA42DD1A840708B9C42E824036862ED17D538B2B47551641D8145854DB,HASH_VERIFIED_DESCRIPTIVE_MEASUREMENT
ODCR-D696,D02,337,25.31677768098691,0.8955127596789888,A4A4C25182A18FD79AB5880D0554AC5FF0988FD408F48E606849E5ADFB736CF6,D4E6EEF79FB64A53ABBCDAFF5C2735AF3B72AD07755308FF4E519F54104776AA,694DACE96FEF3F34F606F5B8D617E02AA06275840BB868B4DAF3BE3F42CD3432,D696BBFA42DD1A840708B9C42E824036862ED17D538B2B47551641D8145854DB,HASH_VERIFIED_DESCRIPTIVE_MEASUREMENT
ODCR-D696,D02,339,25.80047396553006,0.924669168868567,3DD78291027FC52C1F1019E9072EFFAD762CA0AC9B1B8381AB5B7D550CB424DB,E06DD3D00E1A0A16F2320C472B4E6E962D1A8CE9137E5AAA0396DFFCD66C863B,0EF555DDA8F34665641E2CA209544849FF8C6E49DDA86660362AA8EC56890454,D696BBFA42DD1A840708B9C42E824036862ED17D538B2B47551641D8145854DB,HASH_VERIFIED_DESCRIPTIVE_MEASUREMENT
ODCR-D696,D02,342,21.53278855373195,0.9046268257879673,EE326D7DE3CAB07C1D5BE3B8075412B6DAF1E78D5CAC545986F40F117F6CC080,585857B8D5E6A692F93A0612A8E6C855D945B5FC792FCD3AB935ABCB65460ED0,959B2ED4226FC2E66FB49FCFCAAD33FB3390EA9B511175AECBF2B19150B4D1B4,D696BBFA42DD1A840708B9C42E824036862ED17D538B2B47551641D8145854DB,HASH_VERIFIED_DESCRIPTIVE_MEASUREMENT
ODCR-D696,D02,346,28.251809701652842,0.952062456828465,675F4D608366C906514D283375F6CC522CCF50D2188A5F51CE5BF4B0614D3658,A09177CAA724DEF1F5AB19E453774F84925C74DAF3A5389E0D46C9013F3DD1DD,4D80AF8DCD91EEAF9A13E57309FF69DDAF45BB962EE87714F96171B6C3C6CD14,D696BBFA42DD1A840708B9C42E824036862ED17D538B2B47551641D8145854DB,HASH_VERIFIED_DESCRIPTIVE_MEASUREMENT
ODCR-D696,D02,347,23.821639207808975,0.9087051357485708,BB02BF93F90B2C011FECDD6FFEC76E1F7AF3BAE4748565EA39C53419D097ADE5,8B49654A2C2DD0C9E4E040608000372A15F44710EADBFE79788567B02DDEF9DF,37FD2B34D97083E1FEA000A378C3CC24ECC96AF7F9C2E20E76DADA87C21928A6,D696BBFA42DD1A840708B9C42E824036862ED17D538B2B47551641D8145854DB,HASH_VERIFIED_DESCRIPTIVE_MEASUREMENT
ODCR-D696,D02,348,22.24056555257157,0.9063737912250293,F9922CE8E2494FE2B120E8A7CCB5EBEAF44DEF05E8D8A7F74FDFCDCB299B0FC4,789C005973E66151E90D9451E5101E774A822778E4984CF81EFF36A8351B2070,F40A1FBD63A99E43407985784A24D64F0DD9AA9F75A656E10C487C3E8AC5611A,D696BBFA42DD1A840708B9C42E824036862ED17D538B2B47551641D8145854DB,HASH_VERIFIED_DESCRIPTIVE_MEASUREMENT
ODCR-D696,D02,357,27.927737820273105,0.9335252499866261,EABC01825D0D921C10E120909BDFDF8638597D68EDDB6C55115574DF6098C17F,ABD813E77B84164DCCA3397DFBFEFAE32132F2668FBA1C4DAE8E40960944E26D,27F2CAC902AE16A071F7D9DC5FCD196C37B4962D929DBC99F006E0E619942B71,D696BBFA42DD1A840708B9C42E824036862ED17D538B2B47551641D8145854DB,HASH_VERIFIED_DESCRIPTIVE_MEASUREMENT
ODCR-D696,D02,359,23.13772983219518,0.9331334872943149,750C9F9F62633F04053BF2C530F8C5B79D0FD3080F73564BCEE5C102D11CB775,375423C2B55A611327C6E02275483E055B855E83BBB599BBEBE77A1A4B9CEF96,6B913E685A7BF26B5D22A992BBDFAEBA4609FC8A4FC3FBE914D5BC41AA712278,D696BBFA42DD1A840708B9C42E824036862ED17D538B2B47551641D8145854DB,HASH_VERIFIED_DESCRIPTIVE_MEASUREMENT
ODCR-D696,D02,360,16.479031756308807,0.8284406105062256,D995D04BD25F298FB1F0DDE64458927D0AB29D7416BABCC19569D9F1FC18C529,75666BD5181904AD3E06982597A494FB7C0DC5E8E6C392D06BEFE4208B193077,E5BAF396C61B934E0168544477CF8B432DFEF5923AD77CCCD90179C179218C88,D696BBFA42DD1A840708B9C42E824036862ED17D538B2B47551641D8145854DB,HASH_VERIFIED_DESCRIPTIVE_MEASUREMENT
ODCR-D696,D02,361,24.332438939291443,0.9340301954780363,A8167FECE68E435E7400B59D3B33421A25C0E6C9AEF206685F2419DFE8C653F8,C81B3B5F87F85384AD8DE677F7EBABB024C17704F8909C0BCDF92EC891881550,28BEABC73F2744945453A01D874DED70F4B2E4DF606D6927B3616A712FECA127,D696BBFA42DD1A840708B9C42E824036862ED17D538B2B47551641D8145854DB,HASH_VERIFIED_DESCRIPTIVE_MEASUREMENT
ODCR-D696,D02,362,23.32949078079848,0.9211288540114481,EB3CC1E81A838FE7D4F93F529392A6BD928DDBC81C9535A732CE5512703A9DD8,D2C8A1F13E9B336566DB72F150D301A8F1639BF02850DB5FABCF72EFDF6EECD4,1F25CD3DC6FD9E53B1C327C587A2D06C54997F0F9D611FB1CDA62669F3CF8412,D696BBFA42DD1A840708B9C42E824036862ED17D538B2B47551641D8145854DB,HASH_VERIFIED_DESCRIPTIVE_MEASUREMENT
ODCR-D696,D02,363,22.433654717752344,0.91839685452798,0EE7735DB16331A40024D26F51500E4E537D1D7C2C968BA183F9F682471BC439,042C298528A3409F2B30EBEFF113E39415C1AF2BC191236EBAD85A064EBAE122,BF6AB6FCB83E0936D562BE93ED74E77814E1F88873BB6CFA170540D09038AB15,D696BBFA42DD1A840708B9C42E824036862ED17D538B2B47551641D8145854DB,HASH_VERIFIED_DESCRIPTIVE_MEASUREMENT
ODCR-D696,D02,365,25.537804539366228,0.9126663161305081,08F17F574B89786E7EF24118B046D8D3F965F918AD81E4E2341616B6D4F8B43C,76991FEB796DAAC22729A6A3113CF6A5E5B1309D3928E1FDAB041FC6B4677D3C,4BB984DA9121BFA987ED838B6E48AA695141883B0B9A23E7B63C8C327FE6ED0A,D696BBFA42DD1A840708B9C42E824036862ED17D538B2B47551641D8145854DB,HASH_VERIFIED_DESCRIPTIVE_MEASUREMENT
ODCR-D696,D02,369,20.17635063784639,0.8321142362990644,6C8264D1FEF3DC0AEA990C8075CA873807FB8D06A86C6FF8F4FA810A22B877A9,03B2D2E08113B548F5ECE0636CE751AD7742A89B04847EDA2761B1276E86A8B0,C3D663E4C006168B63CB80DA41E5F70F41F9D2F1B6A38F29B1F7671DA0503838,D696BBFA42DD1A840708B9C42E824036862ED17D538B2B47551641D8145854DB,HASH_VERIFIED_DESCRIPTIVE_MEASUREMENT
ODCR-D696,D02,370,19.152397969792176,0.8802538163503865,E68632AA5F8C3D09F1DEA1E9571C8ACD250F511BC0E301AD1A805161613296AD,00EBCD15A077D95D970FA63AFCD91D0251C878551744BA4DF9823040D3F42CC6,6847F3B7F8F9656F6B1225385FB74A2E35CC4E74CF9300E31DF1F7AB3FC7B078,D696BBFA42DD1A840708B9C42E824036862ED17D538B2B47551641D8145854DB,HASH_VERIFIED_DESCRIPTIVE_MEASUREMENT
ODCR-D696,D02,373,25.043964192116064,0.9416747320105796,594C962F70C43643ABAB9E28FCADBE683A482F7C5176138C13CEA15163670182,A138412C06A2FFF2C56A5F933FFCFBBA738653FEF153B57931EF2975AAB71E84,B09EDF310148E557813E7BF488F19A55D7F92A4BFBEDE3122D29CA207CA7BA50,D696BBFA42DD1A840708B9C42E824036862ED17D538B2B47551641D8145854DB,HASH_VERIFIED_DESCRIPTIVE_MEASUREMENT
ODCR-D696,D02,376,21.55325077298873,0.8440940996331806,FA5B8A227E6C5E383AB2569D0A7ED49E33AB043167D175892BD0F2A11A82C2E9,74C026A548ECEC0BEED4F3B0DB925D2FBBEF8EA4FE1132DE89B47E4CE427B610,48DA2D09D9643FC551EF3A9A5D187FD4AC19534D5EA90A9DA71BB304499C624E,D696BBFA42DD1A840708B9C42E824036862ED17D538B2B47551641D8145854DB,HASH_VERIFIED_DESCRIPTIVE_MEASUREMENT
ODCR-D696,D02,377,17.22698949816623,0.8399379350986744,B8FB6823955B1AB7B29E21F6D5EA59D6D0FE695A2B0651D4491A4AD45E747CF1,6EEAE9995089095295C2CF7DA4657771C499034EE563E98E134C9CE46364D1CF,BE3C4B6037D82D9564211E67D88BE5C537CE4AD988AC42AAB335C926C12937E0,D696BBFA42DD1A840708B9C42E824036862ED17D538B2B47551641D8145854DB,HASH_VERIFIED_DESCRIPTIVE_MEASUREMENT
ODCR-D696,D02,378,23.78880681626075,0.9460994114661524,BDE52EECDC5A339EC7CFCCCB08E7BF7F7F82EB172A7B9AF7A7D7AED80139239C,0147913ABFAF55DCEFF372BD3DA6A20F1C982C48E8CE34C1F6994E5586BC720E,A5B31E3CE1B991C6BF6C28AC977CA1BA338282166FCC95800CC173AD5F2E9D1C,D696BBFA42DD1A840708B9C42E824036862ED17D538B2B47551641D8145854DB,HASH_VERIFIED_DESCRIPTIVE_MEASUREMENT
ODCR-D696,D02,379,26.69841420705759,0.9480891107079831,614584A3929404DCA064DE99C120B07D882B3579B88FE407CA0AEE1316D25CB6,3C9453D0D1397576E8DAAFE17EEB359505FD29EC095761C69116F27C94515E90,283546ED66099C0A0880613CB785F1B7E5DFCC3BA4B34688D6DF71A73DA173AA,D696BBFA42DD1A840708B9C42E824036862ED17D538B2B47551641D8145854DB,HASH_VERIFIED_DESCRIPTIVE_MEASUREMENT
ODCR-D696,D02,383,25.62898018345408,0.9324363591179812,4392F300DBED09D244240B000C43C75051DF678DF31AD252C62F29A0D3A6B3E8,6979F1BBB51F57DBD70DA100E74DB85CABEFFE49F8C136AF2D629708EA629285,DD3689125D83ECE31974FFE448F78E451F074DE80B435890BB5E15E645583EC0,D696BBFA42DD1A840708B9C42E824036862ED17D538B2B47551641D8145854DB,HASH_VERIFIED_DESCRIPTIVE_MEASUREMENT
ODCR-D696,D02,384,22.244113652592095,0.8540657735572119,19473DD93742BA7A3D76E3935556D716C2405F3AD71B43788DCCE66E3E7A52D7,A10261EE27BA887D92B8B443A1AF69138AF34566C515CE2A333E9D87A396BF27,5B088C8CE87FC04FE3B950DD979D3A6016BA48359EF952303A630E76561395D9,D696BBFA42DD1A840708B9C42E824036862ED17D538B2B47551641D8145854DB,HASH_VERIFIED_DESCRIPTIVE_MEASUREMENT
ODCR-D696,D02,385,24.30792379324723,0.9241854268400619,B23E5704F18DCBD30EB3033A70EF63762D5425128BD42D755F3F502195F24340,919C2B7438660AA13FD1217EE12C5A013D23205B2D9649F21B0A856D6AB22D41,7217503564145D8C7659A3FA1F9F3D6D9EC383F5D97248794B2EBF147C1FF321,D696BBFA42DD1A840708B9C42E824036862ED17D538B2B47551641D8145854DB,HASH_VERIFIED_DESCRIPTIVE_MEASUREMENT
ODCR-D696,D02,389,20.657210331651076,0.870253643413009,506D27F1CFC94EE638C0314BCDAE7ABF81C036FBC7A29DA65145A52846024E3A,A4BC1815DC3C86B067FA513BA49777A9FE40B2F93B427F90B0160CDF6A135751,6C353038052DD87C6F18DA565C5AB8F67617D3D78AC44653C0E9CBE0451A1AB5,D696BBFA42DD1A840708B9C42E824036862ED17D538B2B47551641D8145854DB,HASH_VERIFIED_DESCRIPTIVE_MEASUREMENT
ODCR-D696,D02,390,22.16427299880912,0.881873981905072,FD42ADB4C12CB6A00354BF813C1390C4CE27DDF590649271B13F58211226BA55,2A5C75E3271DE647ABD2DC7B88EB40AAC5488589D4DFA3280EBB549BECAAD946,D73115801ED1A4DB175FE70B193B7907F1CB6FDDBA8D0F604CC3F06068CEFFA4,D696BBFA42DD1A840708B9C42E824036862ED17D538B2B47551641D8145854DB,HASH_VERIFIED_DESCRIPTIVE_MEASUREMENT
ODCR-D696,D02,392,25.125543468305995,0.9496289282245657,4B16F7B27FB1A94C3FD8C007A91B72E7CBBA942D2D81DE79E95B33429CE8AF20,13FEFAE3279DD4EB6BED85EA7A2FCF02BEC8DD76C8E6BF1A6E97A3BC51145609,C32A495D552615BF63A9373533CA9DB6DFEE617938A3B78E5523FCC930561EBD,D696BBFA42DD1A840708B9C42E824036862ED17D538B2B47551641D8145854DB,HASH_VERIFIED_DESCRIPTIVE_MEASUREMENT
ODCR-D696,D02,394,20.53888533026901,0.8952134471435241,B95B32A320BF91DE323D917694C8646E5C906EF0FF66DCB76D9211015060C4C9,F0E48CE4E3B7ADD48D083CAFB09C910704C636B629A695086457E4EA088EA738,701ED57131F00504A3F6FD97A57ED60DCAF5055D92DF56989567546123E9661C,D696BBFA42DD1A840708B9C42E824036862ED17D538B2B47551641D8145854DB,HASH_VERIFIED_DESCRIPTIVE_MEASUREMENT
ODCR-D696,D02,396,22.757501169765323,0.9209095452217411,170C34FF761EACAE2181FBBF208F06FA0BE4D8785670FE35F410D915A086B507,25F60AFF6F912FF834A2DB12BC1988C63B4D6934980D6DEE392BC58E449A4594,08A7F63D518081F2CC8FF18C5F443FD41E284D6E8416E29A09FB5C2F2D563126,D696BBFA42DD1A840708B9C42E824036862ED17D538B2B47551641D8145854DB,HASH_VERIFIED_DESCRIPTIVE_MEASUREMENT
ODCR-D696,D02,401,18.937951257649136,0.8258050413172301,F1F5BF734403F79738DC871B0925BB520822944BE99E77F1CB7B4A113403DC1F,AD862F700F58EF5A7407C73EC3D27C058BFAC2DA327A2D693CE75FE000F0C75E,5FA3480F892736455BAD9634E63A71E16ED3167DCDCF5DADDC3AB8B0EA9F90F3,D696BBFA42DD1A840708B9C42E824036862ED17D538B2B47551641D8145854DB,HASH_VERIFIED_DESCRIPTIVE_MEASUREMENT
ODCR-D696,D02,403,24.45719848827236,0.9267738690393322,52280EEE7C9C1813B3715C151FBF35DA134794DC7758CA8D315E0758B222AF59,3827A632E2226820018D4948AA840A8B1F266916D8DD2DFEE601B6EC94FA224C,1632FC6A76B93D64FB46DB91A33D311AA7907F8CE25E28A1C95C15E628D5CFA6,D696BBFA42DD1A840708B9C42E824036862ED17D538B2B47551641D8145854DB,HASH_VERIFIED_DESCRIPTIVE_MEASUREMENT
ODCR-D696,D02,405,22.522152363833065,0.9176005241083046,45C6438C5991D55D45FBC42102E432EE9BF03F4F60E13AE9932CADE6042CBE86,E3C6B6D4B42E30E7F016C7B3C4809EBF214105BD14B439F8EB510AB16912B468,E808EDF0856CBDED2A360E2C0C47127F716965FD325D7DFF7DFD019C6ECA6E96,D696BBFA42DD1A840708B9C42E824036862ED17D538B2B47551641D8145854DB,HASH_VERIFIED_DESCRIPTIVE_MEASUREMENT
ODCR-D696,D02,407,23.972195722105596,0.9419716972468478,E8322BEF4A7ECAC15C5334381D00233B27F95B8A206E2805F4EE86205FC14F39,F49FF55772A83409F061E090EC95CFBFDCDEA7FD860DDB54940DD4A6577AC4C8,542CC0FDEDB5D4139A2C8064B8FEE4B3A5DEB4F8C3065A8D6B016ED0C0FDDE32,D696BBFA42DD1A840708B9C42E824036862ED17D538B2B47551641D8145854DB,HASH_VERIFIED_DESCRIPTIVE_MEASUREMENT
ODCR-D696,D02,411,26.51230711063087,0.9350249854074709,B5D63B3C88F67859DF5B2AF59167C14A6BBFD7825FF6CCB08B19DAEE6C2E3090,65A4B6F85C357150476AA0703AB65F24F4F933EC6C34B64AEC2E9DACD82B5D51,41F7DF387217B68D73DA7EA2E9F3FD625F922B015DAE76BF284A26CAB0071DF6,D696BBFA42DD1A840708B9C42E824036862ED17D538B2B47551641D8145854DB,HASH_VERIFIED_DESCRIPTIVE_MEASUREMENT
ODCR-D696,D02,412,26.18356421252587,0.9000735379782882,48B26F7DB9119D33BD2DEFD057D5AE742B6F59A140B7FB39733D70CC1CAF37ED,439A6AD69ED797980609FAF0487327985CF4E010B35E9AB6E9BF6787D024D10F,F80E572E38A1D002D70D56410A6039BC8468695595B09D905FBB6F9FDB014701,D696BBFA42DD1A840708B9C42E824036862ED17D538B2B47551641D8145854DB,HASH_VERIFIED_DESCRIPTIVE_MEASUREMENT
ODCR-D696,D02,413,23.633979121412594,0.9092648814952335,4EF570CA44227DD7836D3B9C71E2CCE1DCF26990C7ABF794D581536FC359704D,D99E88B4ACA16E4F1892AD311E53F592BA8A428C76C8B1336F1AC190043A3816,8BFE499E4C0E71D5A34551F76511BD1725B1909EADC7392BBA164858DD5313D6,D696BBFA42DD1A840708B9C42E824036862ED17D538B2B47551641D8145854DB,HASH_VERIFIED_DESCRIPTIVE_MEASUREMENT
ODCR-D696,D02,414,26.46847359512593,0.9401207584368265,CDAAF893C340B2B59129C1EE437FCA2350D4664C878F47364E4CC0F6CD6D37F1,9DA163F5821C54442295545CC32BD5B556728AE1E6167C92DFFA9D911599AB42,25DD818214DA162D3D83EA3156D1C28DE2DCF41AEC0E9CA4350EC303EB0C613E,D696BBFA42DD1A840708B9C42E824036862ED17D538B2B47551641D8145854DB,HASH_VERIFIED_DESCRIPTIVE_MEASUREMENT
ODCR-D696,D02,421,25.38821984294018,0.8826549068014332,1B210CAED603174D1A92D83383F4E9A9DAAD64C26D3DF306CDD558A7BBC7C1A3,838383970C3B2143FEE312225F6767EFE93CEEDD985AC15EB38E9007627155B1,5847E8731D23226BEA28C4AAC83AA14702C1432095E87806363D0DBA9FB91B66,D696BBFA42DD1A840708B9C42E824036862ED17D538B2B47551641D8145854DB,HASH_VERIFIED_DESCRIPTIVE_MEASUREMENT
ODCR-D696,D02,423,26.928253446000895,0.9585404479026508,ADB43813D8BC999322EA60040C953835BEFF6A549FD32D46460D09B9FB02EA04,C993464DF9EBABB331F2927ED04947B59DB47D30AA90D7B07E24B6F40EE709C7,E916A0191BE1082E783378B0CFCCE56F9E63FFE137EA99FEB6A1C5169C99AE92,D696BBFA42DD1A840708B9C42E824036862ED17D538B2B47551641D8145854DB,HASH_VERIFIED_DESCRIPTIVE_MEASUREMENT
ODCR-D696,D02,426,22.51584602618014,0.9475488608201434,822DB5E92ABB09352358E7DBF9CF351A82AA00114A9289BEDC0D6532F85A50C2,16CDD2DD847AF89D323289B90A619F0BEA322EAD9BB344D740B757F9D7D8758E,6EF1C591B92C8A943665D057FECDFA564A75040E099EDB5BCD021386A49A628C,D696BBFA42DD1A840708B9C42E824036862ED17D538B2B47551641D8145854DB,HASH_VERIFIED_DESCRIPTIVE_MEASUREMENT
ODCR-D696,D02,429,23.119358504424376,0.8846236463287139,EE45AAE6D1C3331B93A9130A732DBD338CE1695139A395C41A2DD6C37567670E,2EA1E24D078E6980864B5DF1F8AA725549F2DCBB4B33E8E2B1412913EC4ED327,2738D30629204C42EC8E20F3C7E47288CC9438522F1CB1E9003C77737B336359,D696BBFA42DD1A840708B9C42E824036862ED17D538B2B47551641D8145854DB,HASH_VERIFIED_DESCRIPTIVE_MEASUREMENT
ODCR-D696,D02,430,23.460141315581602,0.9357226920081162,A42CFCC0B077C6EE9C0402201D0A04CF0EC115326FEA740D6BAD72BE25374061,AE60DA76255E63EAC47676CF4DB27AC94EB30FCC8FF4E9951B9D44732AC3257E,E4B68AD06C296BC91A48063A39423C322DEF73B87E0A4F2F6222EC975CC675C6,D696BBFA42DD1A840708B9C42E824036862ED17D538B2B47551641D8145854DB,HASH_VERIFIED_DESCRIPTIVE_MEASUREMENT
ODCR-D696,D02,431,20.599773789199137,0.9105789675185573,75E3B753179A0B059D6AB424C9204CA9B03DCBDC1668C526B2E650F9B3FAC5A1,A1D5E9F27BA76338BBBEC694B1A55241B7C45CB0201180AA3888137BB3AD0C88,E256923756B8443BC0729C7E977490CC800F0F12565F80C1CCB38AD5E368092D,D696BBFA42DD1A840708B9C42E824036862ED17D538B2B47551641D8145854DB,HASH_VERIFIED_DESCRIPTIVE_MEASUREMENT
ODCR-D696,D02,436,27.079405882770278,0.9456693462138839,507B657BEA351884162DD9B5913E99B0722F59E949E8B13FB3F5901AB2397453,17A2A81D2E9280D1E19B98B2E627F951F45F6C7397AB5873F1DFF6E705C865B2,855BA2C858C6547AE615DE7CC4B2F48FA104BA950C7B6C945DB3EFADF59DBBDC,D696BBFA42DD1A840708B9C42E824036862ED17D538B2B47551641D8145854DB,HASH_VERIFIED_DESCRIPTIVE_MEASUREMENT
ODCR-D696,D02,439,17.296042380439715,0.8308637496978424,CF69915C32008B4A4276DB3DE77A442CEADE6EB30A7EFE81BE885121C8984C17,D9BB716956CEBC9B4CE1366A7D0E87EB7FDA41BE4355BF507A5A8A0A66A50151,C5104E7CBE4712F7A39B9F626A486A63A2DEEE51D6FF9B8A7B5A8837DAB9DABF,D696BBFA42DD1A840708B9C42E824036862ED17D538B2B47551641D8145854DB,HASH_VERIFIED_DESCRIPTIVE_MEASUREMENT
ODCR-D696,D02,442,23.785326191541444,0.8898346509907201,2868D9B165A498E41C2C3B0C458766FCBEA1A64725D413D05E215848F9380D4A,7F9943E1FD683C1F326C961D8B04A3BC3774AA2CBE3BEC9FFD85D00978FCC22A,8D1E0F10059ABE355A9B6C7834CEEC9B11AE1B613D57C9CB8FA3412B15FFB2C8,D696BBFA42DD1A840708B9C42E824036862ED17D538B2B47551641D8145854DB,HASH_VERIFIED_DESCRIPTIVE_MEASUREMENT
ODCR-D696,D02,444,24.008546583099285,0.9139741353462628,ED763032A0CB542AB70B965BA56FD8E8CC48D41D0CD3D69C196388BCAF9E9A53,C8C43796F29C7A7A62B582CFDCC5A27645F5D98FC7AB38674C414E7F9204D238,6C68C1C14EA242BE4C08E41F3E233AE71BCA5E64D0CFC4178A601DC5F76EF590,D696BBFA42DD1A840708B9C42E824036862ED17D538B2B47551641D8145854DB,HASH_VERIFIED_DESCRIPTIVE_MEASUREMENT
ODCR-D696,D02,447,25.066522498694866,0.881067375860661,B728E2B661F7E78EECC39BFA66EF633DFB0FF0D56E837182C853B6E96D20AC49,FB851D08E3F3A8AB6C4BD2D1C93AA4D6F7C009EC1988BDA04B2D362965ABB752,E0DD150ADD3303E8CAE27100B01B39269BA2B0EA1C48797800F39F52CDE47A53,D696BBFA42DD1A840708B9C42E824036862ED17D538B2B47551641D8145854DB,HASH_VERIFIED_DESCRIPTIVE_MEASUREMENT
ODCR-D696,D02,448,25.67960869208313,0.9129179107666768,ADF4603629D2742976567E1268624E28FA0A590BA2D81993AAA691C42C4B0505,AA2163817AC3EB6169A7927CAE2F080D52ACE9F347B5DEC71C27D86BCA3486CE,3CD80EC0B79F2C403E7CA30306BF55465CE869C18152E4E53DABC0846303703E,D696BBFA42DD1A840708B9C42E824036862ED17D538B2B47551641D8145854DB,HASH_VERIFIED_DESCRIPTIVE_MEASUREMENT
ODCR-D696,D02,449,19.795194568669903,0.8623316945488672,A05A89C260267F402B0A3D8E2B617309774CA231D5F7956B2B250728D62050B8,F2B1426138B258F62415E9F2BC31FC56CDE533190E3246F1347BE84B036BC7C5,B29CB2BF2866A8444519DF6151D1BA9866ADDC6811A7577A6781640F3F683938,D696BBFA42DD1A840708B9C42E824036862ED17D538B2B47551641D8145854DB,HASH_VERIFIED_DESCRIPTIVE_MEASUREMENT
ODCR-D696,D02,456,23.265747432454255,0.8923332806844808,234BC4B8D1623A1A9237163E0F3CF8422672C9771839A41999B94FEB5E9DBC30,8EE5D720C6F7A2E90587F4B840192252D5EE1E7F779C1AB53853D9A02EFAD80D,14FFD538280D21FD27F8065E9BA6B3CD05763BF5CF5BF85CD4C0841BFBB13A70,D696BBFA42DD1A840708B9C42E824036862ED17D538B2B47551641D8145854DB,HASH_VERIFIED_DESCRIPTIVE_MEASUREMENT
ODCR-D696,D02,459,17.70523875222884,0.7962559303427531,315D8C81C0A5A2F449CFE1C56195F22424A2472B73B892E711336376CFA6CA15,F805BF7D0FF2FEFB4B4BB61A6728BC0579994579D995ECC7B7F51B967EC224A5,D72655362E101CAB908E1319D9D8CAB8D19381A2D77606C11A9751E8846CC90E,D696BBFA42DD1A840708B9C42E824036862ED17D538B2B47551641D8145854DB,HASH_VERIFIED_DESCRIPTIVE_MEASUREMENT
ODCR-D696,D02,461,21.00368173328885,0.8822309385153405,4A89A9757B17421329587CF25789488D60815DFB25E33FF73AC0D82590C8E4B4,77813E8124C141A4D72ECAAE24528DEA9C678E3A4D11B5537DD0C3A69DFB90C7,21D9184670F4E7A4D189EB00B8329639357FC31A87667A8ED3900452054B9110,D696BBFA42DD1A840708B9C42E824036862ED17D538B2B47551641D8145854DB,HASH_VERIFIED_DESCRIPTIVE_MEASUREMENT
ODCR-D696,D02,465,20.252743233025274,0.8882329148440006,7B2C9841AD8DC8D69F87256323014D9FF70B95C63FBB7C376AA12B1B6058E6CB,FD10CB6D8FEE583C21343745B64FF0D4B32BE1151437B92443D4974614D82A3C,E6AED72351DF3899254BA8E204213C40163361078A0677A1C93C59E209BC6D96,D696BBFA42DD1A840708B9C42E824036862ED17D538B2B47551641D8145854DB,HASH_VERIFIED_DESCRIPTIVE_MEASUREMENT
ODCR-D696,D02,466,23.00491808667114,0.9161157024257932,D4773493CF8AF0B0D0480061A030F7A4BE32FA2478C6C39C269AAE84671C3E25,B33B9FED8C13909ADCCE6D22EAA7B9A653DD272E8DD3A2E9BA873ECB36AFB063,55BC8FFBA55F996D1E2D6F576BFCB1BC294FFC77208E5FF6F9AAD757BCD6D7A7,D696BBFA42DD1A840708B9C42E824036862ED17D538B2B47551641D8145854DB,HASH_VERIFIED_DESCRIPTIVE_MEASUREMENT
ODCR-D696,D02,469,26.981171442719706,0.9625622534408707,2FE0DE3DA2F177F7F53F147B6AD1DC79A7E75E38A791C8CF6B870A0C64E1031F,F269D5E934506698ECEE09C56B7E593D5917AD3BF4EAC8D7052F31FE4772CFD3,900CB9A90A78AD873753ED2C1257A6190F5FEFD9E74352AB2D272C6DE71BE454,D696BBFA42DD1A840708B9C42E824036862ED17D538B2B47551641D8145854DB,HASH_VERIFIED_DESCRIPTIVE_MEASUREMENT
ODCR-D696,D02,470,22.25335247998183,0.9079472505200655,D51A8AA7AFB09CD4E7D27806A1723ACC93BD7736A9B47A1EC66AA6042E51FA1D,A51E49D7ECB35EA74147A565EE6EEF2778D1855EA65A73E6DE42705A27B39B21,7B50E01481FB3C13A72F076862759D1722DF3690173F0771A3041F9EC83BDECE,D696BBFA42DD1A840708B9C42E824036862ED17D538B2B47551641D8145854DB,HASH_VERIFIED_DESCRIPTIVE_MEASUREMENT
ODCR-D696,D02,471,17.308469791392625,0.8655297667768999,AA2A8A2A72E45022A9A0E8CC013427852A67DAB0349F5C100D1EAAFDD629BA19,0F9585E46B77028A3A2AF646DBCD6138235E05B043D6DEC43F61398E3782DF34,2EC1431539334ED756129A03AC91FA72D63C68E16B8ABC50E06D01CEF52401F6,D696BBFA42DD1A840708B9C42E824036862ED17D538B2B47551641D8145854DB,HASH_VERIFIED_DESCRIPTIVE_MEASUREMENT
ODCR-D696,D02,472,22.63671414563465,0.9277080857190666,9DA52A5D83B6AB5AF5E5D0C93D4893C427AC0CE7CB2563CCFFFC480A5CC991B2,6A63C17D325F29CAE4009D77E98C3043C629A27CCDF5B4F35A442C8E36DACB82,56F75D7D4B89B28BF9F87525BE49BFBFA7F41A8A9832188D1E0E5C9F9FA8B80B,D696BBFA42DD1A840708B9C42E824036862ED17D538B2B47551641D8145854DB,HASH_VERIFIED_DESCRIPTIVE_MEASUREMENT
ODCR-D696,D02,479,21.439495379436934,0.9195877367194315,31F4901E538AE8DE4D637082D0CC9E5838CE9685B4736DDBB1DF57BCCE04369A,FC3116846DCCC3DD73257EFCFB1368BEA5D4A5D4D4642C4AB60CC6B2577C3EF4,C4EE44B6912DE42A10EE2049A4FE088DE7312A79561C79FA440C3182E4AE1707,D696BBFA42DD1A840708B9C42E824036862ED17D538B2B47551641D8145854DB,HASH_VERIFIED_DESCRIPTIVE_MEASUREMENT
ODCR-D696,D02,481,20.816069733932444,0.8929146202325476,0EEC300E71C0F5286E95F17F9E52526259EB9A1395A5A492CED0AF3B07674691,3AC38E0D7203FFA8CDAA9185F8A5E9EAF929E50FD95E7C73AEFA4C8C1F11719A,BD234B3D61AC1E902C149C45BA0EC53CE4858DADDE3E95666324119B9F3C2343,D696BBFA42DD1A840708B9C42E824036862ED17D538B2B47551641D8145854DB,HASH_VERIFIED_DESCRIPTIVE_MEASUREMENT
ODCR-D696,D02,483,23.763603053626227,0.9366336174965418,36A847762B5CFBB11C473BBF4E04295D4DE3F312DCB8F717A3EB34F1DC6DA8D1,2E270D25E80B76CE51173DC0CCA010223BDECBC4BD5DC2B69AD642AC137B987B,36CDD4B260A627EB684F781BC8D424B7AEFC1627CA75CEB03BBC49E8DEE70D1B,D696BBFA42DD1A840708B9C42E824036862ED17D538B2B47551641D8145854DB,HASH_VERIFIED_DESCRIPTIVE_MEASUREMENT
ODCR-D696,D02,485,26.29947110776882,0.9730952542044986,9F2BE82D6B526BC7068F7D7F902282E82DDF47F76F1D50D4CC316F95FA8C6C92,B4447EAAE9A7CCA0813AAA5E2809F3B231C58ECAF123FE2E4F66506784BB0460,371CCA3C5C35D8CF36BDAC07D32792F739A3D90A81CBEA6376FE254B157BB56C,D696BBFA42DD1A840708B9C42E824036862ED17D538B2B47551641D8145854DB,HASH_VERIFIED_DESCRIPTIVE_MEASUREMENT
ODCR-D696,D02,487,25.284939602839977,0.9422158492843665,EAFFA4BABBF3D8584C452BC9850DC54C7E0D687FE4DF76653BCEB09A6049FE83,17524DE739D792140133C65FF7F290691CE53C6B91EE1E52D6C8AA8FCE2A88D1,031A61AE05BAB51BF1A2797BEC5AE66F2E195ADF521CD117FC5F366C30958802,D696BBFA42DD1A840708B9C42E824036862ED17D538B2B47551641D8145854DB,HASH_VERIFIED_DESCRIPTIVE_MEASUREMENT
ODCR-D696,D02,488,22.22980510187726,0.9235491092007854,304D9C04C9094F44C78F93AD6AD7C511DFBCA66F2E9EC1C2D722B4CFCFDB022F,38DE00B6B7544B6DDEB963BF72CA2B79D60371E1A05DE5C18D6B1FC44C000F7D,28AC25CCC66F838158F64EEC9F338628F35E127E4006228D2FB633BCAC4A965F,D696BBFA42DD1A840708B9C42E824036862ED17D538B2B47551641D8145854DB,HASH_VERIFIED_DESCRIPTIVE_MEASUREMENT
ODCR-D696,D02,490,22.406348351197494,0.8902702070976803,2D355D49E136AECB55EC1C4BB1B702259B8F5F8ADAA8A1EE5B97118A6DB198D0,1F165544049A6DD94820B8572C99082BDBCB070141F5CE11B0F3CB0750AC671B,9ED692F387893C6230C935448F1C51817FDDB920240E6909FFC80F8793998192,D696BBFA42DD1A840708B9C42E824036862ED17D538B2B47551641D8145854DB,HASH_VERIFIED_DESCRIPTIVE_MEASUREMENT
ODCR-D696,D02,491,23.939741279805126,0.901222648863413,16E50C50D9007D4E0F65F679E4DE342474A1DC4B4D75237F8B1A2FE15C62CF26,7C00A5B192ED8C48A3FF28133A81416689A335EC662B3FDDC88524913D23D7E6,1CD0BFA1EAFD30E32F059157C3194F9D6CB3D9217D8A417E2C80818D77535467,D696BBFA42DD1A840708B9C42E824036862ED17D538B2B47551641D8145854DB,HASH_VERIFIED_DESCRIPTIVE_MEASUREMENT
ODCR-D696,D02,492,21.801628409933475,0.9274844111084581,31D44F209FAF416F64ADD675F3B751CE121C3C91F17B647F5D0381F4BD9320BC,DF1AC63EA06FCCE42F1BB47A4814D653712C0D39F3CB4BF5BCCD45C6CDDBDA36,8643A3132739DE8DE3F070854C785A1C9BAA05F257C88EA6F0508D431BA23DAD,D696BBFA42DD1A840708B9C42E824036862ED17D538B2B47551641D8145854DB,HASH_VERIFIED_DESCRIPTIVE_MEASUREMENT
ODCR-D696,D02,493,25.640702318493393,0.9488661065573066,2F392F09494D0156E57635450D7EA8B4763DB6A144194B9CF4AD330FBCD2D5C0,6593458157A1246EE3EACF3B145F63D12AF2B4284CFA7F47A36744D91E4D85F7,4BC5DFD17623F18443E8316CD8550B0A653728387CEFC42B7D0AB4DD40CC9D0C,D696BBFA42DD1A840708B9C42E824036862ED17D538B2B47551641D8145854DB,HASH_VERIFIED_DESCRIPTIVE_MEASUREMENT
ODCR-D696,D02,494,27.170309502989202,0.9052881653543944,D3711BB85BA44D0CA18C77C01A168384A5A4F7EB7490FB8C67E5E653F80F3A3A,FB02E53260F0494CE57033A3E9A00479783BF3109DF4B3589857CD133FC3F502,9256DBFCC1886061F40065B27C8E3A3E44236F35F88085049B9D87DC0E0FD8A5,D696BBFA42DD1A840708B9C42E824036862ED17D538B2B47551641D8145854DB,HASH_VERIFIED_DESCRIPTIVE_MEASUREMENT
ODCR-D696,D02,496,19.94324878333571,0.8659991669226711,911C575B83F7DB8C70AA1BBB59FD88B3A36AC108B44D245D8B277C980254F2F1,007195B6E11266EFCC46CB1E7929E55612B1A7E5BC6AA11B3AFBACE5E1590DC0,604D7C66A151203DD3DA13E503E5CCA51C60D0FFF2735B342BA3E92D87C1F44B,D696BBFA42DD1A840708B9C42E824036862ED17D538B2B47551641D8145854DB,HASH_VERIFIED_DESCRIPTIVE_MEASUREMENT
ODCR-D696,D02,497,22.966009576073205,0.916480913890986,D65D6E6B4CD342F6069FA28EE4074AF3450511DA911980F560FB28CAD2B03CE1,0B481EA728FF5126DD2C516A6C8C7954E9E47B73B364AFA79EA83915103ED783,BF9467A3A485ED5DB1070819EB0A37522885E00AF9C2E7510D4C4898622C8387,D696BBFA42DD1A840708B9C42E824036862ED17D538B2B47551641D8145854DB,HASH_VERIFIED_DESCRIPTIVE_MEASUREMENT
